cnpj;data_coleta;produto;valor_venda
00345721000133;2026-01-02;DIESEL S10;5.99
00345721000133;2026-01-02;GASOLINA;6.39
05349237000104;2026-01-02;GASOLINA;6.59
05349237000104;2026-01-02;GASOLINA ADITIVADA;6.59
05609081000145;2026-01-02;DIESEL;5.89
05609081000145;2026-01-02;GASOLINA;6.59
09369995000137;2026-01-02;ETANOL;4.79
09369995000137;2026-01-02;GASOLINA;6.39
09369995000137;2026-01-02;GNV;4.49
10223356000148;2026-01-02;DIESEL;5.89
10223356000148;2026-01-02;GASOLINA;6.59
10223356000148;2026-01-02;GASOLINA ADITIVADA;6.59
10331576000195;2026-01-02;DIESEL;5.99
10331576000195;2026-01-02;GASOLINA;6.59
10331576000195;2026-01-02;GASOLINA ADITIVADA;6.59
13602147000101;2026-01-02;DIESEL S10;5.99
13602147000101;2026-01-02;GASOLINA;6.59
14509900000173;2026-01-02;ETANOL;4.49
14509900000173;2026-01-02;GASOLINA;6.59
27303411000102;2026-01-02;DIESEL;5.99
27303411000102;2026-01-02;DIESEL S10;6.09
27303411000102;2026-01-02;ETANOL;4.99
27303411000102;2026-01-02;GASOLINA;6.59
27303411000102;2026-01-02;GASOLINA ADITIVADA;6.69
27303411000374;2026-01-02;DIESEL;5.87
27303411000374;2026-01-02;GASOLINA;6.59
27303411000374;2026-01-02;GASOLINA ADITIVADA;6.69
27664597000710;2026-01-02;ETANOL;4.49
27664597000710;2026-01-02;GASOLINA;6.39
27664597000710;2026-01-02;GASOLINA ADITIVADA;6.39
29937036000188;2026-01-02;DIESEL S10;6.09
29937036000188;2026-01-02;ETANOL;4.89
29937036000188;2026-01-02;GASOLINA;6.39
29937036000188;2026-01-02;GASOLINA ADITIVADA;6.39
30578975000162;2026-01-02;DIESEL;5.89
30578975000162;2026-01-02;GASOLINA;6.59
30578975000162;2026-01-02;GASOLINA ADITIVADA;6.59
30690682000172;2026-01-02;DIESEL S10;6.49
30690682000172;2026-01-02;ETANOL;4.99
30690682000172;2026-01-02;GASOLINA;6.69
30690682000172;2026-01-02;GASOLINA ADITIVADA;6.69
37361618000197;2026-01-02;ETANOL;4.49
37361618000197;2026-01-02;GASOLINA;6.59
37361618000197;2026-01-02;GASOLINA ADITIVADA;6.59
47674687000104;2026-01-02;DIESEL S10;5.95
47674687000104;2026-01-02;ETANOL;4.45
47674687000104;2026-01-02;GASOLINA;6.35
07470392000100;2026-01-05;DIESEL;5.99
07470392000100;2026-01-05;ETANOL;4.58
07470392000100;2026-01-05;GASOLINA;6.29
07470392000100;2026-01-05;GASOLINA ADITIVADA;6.59
10197775000152;2026-01-05;DIESEL S10;5.99
10197775000152;2026-01-05;ETANOL;4.49
10197775000152;2026-01-05;GASOLINA;6.29
10197775000152;2026-01-05;GASOLINA ADITIVADA;6.29
17375525000104;2026-01-05;DIESEL S10;5.88
17375525000104;2026-01-05;ETANOL;4.49
17375525000104;2026-01-05;GASOLINA;6.29
17375525000104;2026-01-05;GASOLINA ADITIVADA;6.49
00762780000298;2026-01-06;DIESEL S10;5.99
00762780000298;2026-01-06;GASOLINA;6.69
00762780000298;2026-01-06;GASOLINA ADITIVADA;6.79
01514752000133;2026-01-06;ETANOL;4.39
01514752000133;2026-01-06;GASOLINA;6.05
01514752000133;2026-01-06;GASOLINA ADITIVADA;6.25
01823633000162;2026-01-06;DIESEL;5.79
01823633000162;2026-01-06;DIESEL S10;5.89
01823633000162;2026-01-06;ETANOL;4.49
01823633000162;2026-01-06;GASOLINA;6.29
01823633000162;2026-01-06;GASOLINA ADITIVADA;6.49
04228463000166;2026-01-06;DIESEL S10;5.99
04228463000166;2026-01-06;ETANOL;4.49
04228463000166;2026-01-06;GASOLINA;6.29
04228463000166;2026-01-06;GASOLINA ADITIVADA;6.29
04361389000151;2026-01-06;DIESEL;5.89
04361389000151;2026-01-06;DIESEL S10;5.99
04361389000151;2026-01-06;ETANOL;4.59
04361389000151;2026-01-06;GASOLINA;6.29
04361389000232;2026-01-06;DIESEL S10;5.99
04361389000232;2026-01-06;ETANOL;4.68
04361389000232;2026-01-06;GASOLINA;6.29
04361389000232;2026-01-06;GASOLINA ADITIVADA;6.49
04960337000100;2026-01-06;ETANOL;4.35
04960337000100;2026-01-06;GASOLINA;6.05
04960337000100;2026-01-06;GASOLINA ADITIVADA;6.05
04994796000104;2026-01-06;GASOLINA;6.29
04994796000104;2026-01-06;GASOLINA ADITIVADA;6.44
05393247000139;2026-01-06;DIESEL S10;5.99
05393247000139;2026-01-06;ETANOL;4.68
05393247000139;2026-01-06;GASOLINA;6.29
05393247000139;2026-01-06;GASOLINA ADITIVADA;6.49
05738923000169;2026-01-06;DIESEL;5.89
05738923000169;2026-01-06;ETANOL;4.49
05738923000169;2026-01-06;GASOLINA;6.29
05738923000169;2026-01-06;GASOLINA ADITIVADA;6.69
07571908000102;2026-01-06;GASOLINA;6.29
07571908000102;2026-01-06;GASOLINA ADITIVADA;6.59
07830414000197;2026-01-06;DIESEL;5.89
07830414000197;2026-01-06;ETANOL;4.87
07830414000197;2026-01-06;GASOLINA;6.29
07830414000197;2026-01-06;GASOLINA ADITIVADA;6.64
08788618000170;2026-01-06;ETANOL;4.59
08788618000170;2026-01-06;GASOLINA;6.29
08788618000170;2026-01-06;GASOLINA ADITIVADA;6.59
08788618000170;2026-01-06;GNV;4.09
11222333000343;2026-01-06;DIESEL S10;5.89
11222333000343;2026-01-06;ETANOL;4.39
11222333000343;2026-01-06;GASOLINA;6.05
11222333000343;2026-01-06;GASOLINA ADITIVADA;6.05
11222333000424;2026-01-06;DIESEL S10;5.99
11222333000424;2026-01-06;ETANOL;4.59
11222333000424;2026-01-06;GASOLINA;6.24
11222333000424;2026-01-06;GASOLINA ADITIVADA;6.44
11942147000117;2026-01-06;DIESEL S10;5.99
11942147000117;2026-01-06;ETANOL;4.45
11942147000117;2026-01-06;GASOLINA;6.05
11942147000117;2026-01-06;GASOLINA ADITIVADA;6.25
12535572000154;2026-01-06;DIESEL S10;5.95
12535572000154;2026-01-06;ETANOL;4.69
12535572000154;2026-01-06;GASOLINA;6.29
12535572000154;2026-01-06;GASOLINA ADITIVADA;6.39
14806977000105;2026-01-06;ETANOL;4.69
14806977000105;2026-01-06;GASOLINA;6.29
14806977000105;2026-01-06;GASOLINA ADITIVADA;6.49
16577742000114;2026-01-06;GASOLINA;6.07
16577742000114;2026-01-06;GASOLINA ADITIVADA;6.27
22356015000120;2026-01-06;DIESEL;5.89
22356015000120;2026-01-06;DIESEL S10;5.99
22356015000120;2026-01-06;ETANOL;4.49
22356015000120;2026-01-06;GASOLINA;6.29
22356015000120;2026-01-06;GASOLINA ADITIVADA;6.49
22356015000120;2026-01-06;GNV;4.09
26980450000181;2026-01-06;ETANOL;4.89
26980450000181;2026-01-06;GASOLINA;6.29
26980450000181;2026-01-06;GASOLINA ADITIVADA;6.49
27066273000276;2026-01-06;ETANOL;4.39
27066273000276;2026-01-06;GASOLINA;6.05
27066273000276;2026-01-06;GASOLINA ADITIVADA;6.05
27493675000176;2026-01-06;DIESEL S10;6.38
27493675000176;2026-01-06;ETANOL;4.88
27493675000176;2026-01-06;GASOLINA;6.58
27493675000176;2026-01-06;GASOLINA ADITIVADA;6.58
27664597000630;2026-01-06;DIESEL S10;6.19
27664597000630;2026-01-06;GASOLINA;6.59
27664597000982;2026-01-06;DIESEL;6.09
27664597000982;2026-01-06;DIESEL S10;6.19
27664597000982;2026-01-06;ETANOL;4.69
27664597000982;2026-01-06;GASOLINA;6.59
27734094000189;2026-01-06;DIESEL S10;6.39
27734094000189;2026-01-06;ETANOL;4.99
27734094000189;2026-01-06;GASOLINA;6.29
27734094000189;2026-01-06;GASOLINA ADITIVADA;6.64
28059632000140;2026-01-06;DIESEL;6.09
28059632000140;2026-01-06;DIESEL S10;6.09
28059632000140;2026-01-06;GASOLINA;6.29
28059632000140;2026-01-06;GASOLINA ADITIVADA;6.69
28413219000131;2026-01-06;GASOLINA;6.29
28413219000131;2026-01-06;GASOLINA ADITIVADA;6.59
31465040000132;2026-01-06;DIESEL S10;5.99
31465040000132;2026-01-06;ETANOL;4.68
31465040000132;2026-01-06;GASOLINA;6.29
31465040000132;2026-01-06;GASOLINA ADITIVADA;6.59
47674687000104;2026-01-06;DIESEL S10;5.95
47674687000104;2026-01-06;ETANOL;4.45
47674687000104;2026-01-06;GASOLINA;6.35
00580488000173;2026-01-07;DIESEL;5.99
00580488000173;2026-01-07;DIESEL S10;5.99
00580488000173;2026-01-07;ETANOL;4.65
00580488000173;2026-01-07;GASOLINA;6.25
00580488000173;2026-01-07;GASOLINA ADITIVADA;6.39
01496517000186;2026-01-07;DIESEL S10;6.19
01496517000186;2026-01-07;ETANOL;4.89
01496517000186;2026-01-07;GASOLINA;6.29
01496517000186;2026-01-07;GASOLINA ADITIVADA;6.49
01557127000179;2026-01-07;GASOLINA;6.39
01557127000179;2026-01-07;GASOLINA ADITIVADA;6.69
02582857000192;2026-01-07;ETANOL;4.59
02582857000192;2026-01-07;GASOLINA;6.19
02582857000192;2026-01-07;GASOLINA ADITIVADA;6.19
04145589001149;2026-01-07;DIESEL S10;5.95
04145589001149;2026-01-07;ETANOL;4.59
04145589001149;2026-01-07;GASOLINA;6.29
04145589001149;2026-01-07;GASOLINA ADITIVADA;6.49
04850382000101;2026-01-07;GASOLINA;6.29
04850382000101;2026-01-07;GASOLINA ADITIVADA;6.49
04850382000101;2026-01-07;GNV;4.09
05609081000145;2026-01-07;DIESEL;5.99
05609081000145;2026-01-07;GASOLINA;6.59
05892261000187;2026-01-07;DIESEL;6.19
05892261000187;2026-01-07;DIESEL S10;6.29
05892261000187;2026-01-07;GASOLINA;6.19
05892261000187;2026-01-07;GASOLINA ADITIVADA;6.29
06073382000160;2026-01-07;DIESEL S10;5.89
06073382000160;2026-01-07;ETANOL;4.43
06073382000160;2026-01-07;GASOLINA;6.15
09167931000153;2026-01-07;DIESEL S10;6.09
09167931000153;2026-01-07;ETANOL;4.59
09167931000153;2026-01-07;GASOLINA;6.39
09167931000153;2026-01-07;GASOLINA ADITIVADA;6.69
09369995000137;2026-01-07;ETANOL;4.79
09369995000137;2026-01-07;GASOLINA;6.59
09369995000137;2026-01-07;GNV;4.49
10223356000148;2026-01-07;DIESEL;5.99
10223356000148;2026-01-07;GASOLINA;6.59
10223356000148;2026-01-07;GASOLINA ADITIVADA;6.59
10331576000195;2026-01-07;DIESEL;5.99
10331576000195;2026-01-07;GASOLINA;6.59
10331576000195;2026-01-07;GASOLINA ADITIVADA;6.59
10569345000114;2026-01-07;DIESEL S10;5.99
10569345000114;2026-01-07;GASOLINA;6.19
10569345000114;2026-01-07;GASOLINA ADITIVADA;6.49
11222333000181;2026-01-07;DIESEL;5.9
11222333000181;2026-01-07;DIESEL S10;5.97
11222333000181;2026-01-07;ETANOL;4.65
11222333000181;2026-01-07;GASOLINA;6.19
11222333000181;2026-01-07;GASOLINA ADITIVADA;6.19
11222333000181;2026-01-07;GNV;4.09
11222333000505;2026-01-07;DIESEL S10;5.99
11222333000505;2026-01-07;ETANOL;4.59
11222333000505;2026-01-07;GASOLINA;6.19
11222333000505;2026-01-07;GASOLINA ADITIVADA;6.19
11222333000505;2026-01-07;GNV;4.09
13602147000101;2026-01-07;DIESEL S10;6.09
13602147000101;2026-01-07;GASOLINA;6.59
13814642000176;2026-01-07;DIESEL S10;6.09
13814642000176;2026-01-07;ETANOL;4.69
13814642000176;2026-01-07;GASOLINA;6.15
13814642000176;2026-01-07;GASOLINA ADITIVADA;6.55
14509900000173;2026-01-07;ETANOL;4.59
14509900000173;2026-01-07;GASOLINA;6.59
15010530000198;2026-01-07;DIESEL S10;6.09
15010530000198;2026-01-07;ETANOL;4.72
15010530000198;2026-01-07;GASOLINA;6.29
15010530000198;2026-01-07;GASOLINA ADITIVADA;6.69
15226314000184;2026-01-07;ETANOL;4.49
15226314000184;2026-01-07;GASOLINA;6.19
23314250000100;2026-01-07;DIESEL S10;5.85
23314250000100;2026-01-07;ETANOL;4.43
23314250000100;2026-01-07;GASOLINA;6.25
24145665000151;2026-01-07;DIESEL S10;5.99
24145665000151;2026-01-07;ETANOL;4.59
24145665000151;2026-01-07;GASOLINA;6.19
27016518000170;2026-01-07;DIESEL;5.99
27016518000170;2026-01-07;DIESEL S10;6.09
27016518000170;2026-01-07;ETANOL;4.79
27016518000170;2026-01-07;GASOLINA;6.29
27016518000170;2026-01-07;GASOLINA ADITIVADA;6.49
27303411000374;2026-01-07;DIESEL S10;6.07
27303411000374;2026-01-07;GASOLINA;6.59
27303411000374;2026-01-07;GASOLINA ADITIVADA;6.69
27394378000173;2026-01-07;DIESEL S10;6.09
27394378000173;2026-01-07;ETANOL;4.49
27394378000173;2026-01-07;GASOLINA;6.29
27394378000173;2026-01-07;GASOLINA ADITIVADA;6.49
27394378000173;2026-01-07;GNV;4.09
27396415000182;2026-01-07;DIESEL;6.03
27396415000182;2026-01-07;ETANOL;4.48
27396415000182;2026-01-07;GASOLINA;6.16
27396415000182;2026-01-07;GASOLINA ADITIVADA;6.24
27396415000182;2026-01-07;GNV;4.07
27664597000710;2026-01-07;ETANOL;4.69
27664597000710;2026-01-07;GASOLINA;6.59
27664597000710;2026-01-07;GASOLINA ADITIVADA;6.59
27926384000124;2026-01-07;DIESEL;5.89
27926384000124;2026-01-07;DIESEL S10;5.99
27926384000124;2026-01-07;ETANOL;4.69
27926384000124;2026-01-07;GASOLINA;6.15
27926384000124;2026-01-07;GASOLINA ADITIVADA;6.15
28344206000158;2026-01-07;ETANOL;4.59
28344206000158;2026-01-07;GASOLINA;6.15
28344206000158;2026-01-07;GASOLINA ADITIVADA;6.15
29937036000188;2026-01-07;DIESEL S10;6.09
29937036000188;2026-01-07;ETANOL;5.09
29937036000188;2026-01-07;GASOLINA;6.59
29937036000188;2026-01-07;GASOLINA ADITIVADA;6.59
30578975000162;2026-01-07;DIESEL;5.99
30578975000162;2026-01-07;GASOLINA;6.59
30578975000162;2026-01-07;GASOLINA ADITIVADA;6.59
36004950000131;2026-01-07;ETANOL;4.69
36004950000131;2026-01-07;GASOLINA;6.29
36004950000131;2026-01-07;GASOLINA ADITIVADA;6.49
36751443000161;2026-01-07;DIESEL S10;6.59
36751443000161;2026-01-07;GASOLINA;6.69
36751443000161;2026-01-07;GASOLINA ADITIVADA;6.69
37361618000197;2026-01-07;ETANOL;4.59
37361618000197;2026-01-07;GASOLINA;6.59
37361618000197;2026-01-07;GASOLINA ADITIVADA;6.59
42176421000118;2026-01-07;ETANOL;4.69
42176421000118;2026-01-07;GASOLINA;6.29
42176421000118;2026-01-07;GASOLINA ADITIVADA;6.49
45543915004683;2026-01-07;ETANOL;4.39
45543915004683;2026-01-07;GASOLINA;6.29
45543915004683;2026-01-07;GASOLINA ADITIVADA;6.39
01283262000173;2026-01-08;DIESEL;5.98
01283262000173;2026-01-08;ETANOL;4.89
01283262000173;2026-01-08;GASOLINA;6.77
01503536000192;2026-01-08;DIESEL S10;5.99
01503536000192;2026-01-08;GASOLINA;6.29
01503536000192;2026-01-08;GASOLINA ADITIVADA;6.49
02583872000155;2026-01-08;DIESEL;5.96
02583872000155;2026-01-08;DIESEL S10;6.06
02583872000155;2026-01-08;ETANOL;5.19
02583872000155;2026-01-08;GASOLINA;6.99
02583872000155;2026-01-08;GASOLINA ADITIVADA;7.19
02665124000111;2026-01-08;DIESEL S10;6.39
02665124000111;2026-01-08;ETANOL;5.18
02665124000111;2026-01-08;GASOLINA;7.14
02665124000111;2026-01-08;GASOLINA ADITIVADA;7.34
02802986000149;2026-01-08;DIESEL S10;6.09
02802986000149;2026-01-08;ETANOL;4.79
02802986000149;2026-01-08;GASOLINA;6.23
02802986000149;2026-01-08;GASOLINA ADITIVADA;6.35
03408609000192;2026-01-08;DIESEL;5.94
03408609000192;2026-01-08;DIESEL S10;5.99
03408609000192;2026-01-08;ETANOL;4.89
03408609000192;2026-01-08;GASOLINA;6.98
03408609000192;2026-01-08;GASOLINA ADITIVADA;7.08
03948877000369;2026-01-08;DIESEL;5.89
03948877000369;2026-01-08;DIESEL S10;5.99
03948877000369;2026-01-08;GASOLINA;6.55
03948877000369;2026-01-08;GASOLINA ADITIVADA;6.75
04411606000170;2026-01-08;DIESEL S10;5.87
04411606000170;2026-01-08;ETANOL;4.74
04411606000170;2026-01-08;GASOLINA;6.65
04814652000110;2026-01-08;GASOLINA;6.59
05349237000104;2026-01-08;DIESEL;5.99
05349237000104;2026-01-08;GASOLINA;6.59
05349237000104;2026-01-08;GASOLINA ADITIVADA;6.59
05791319000104;2026-01-08;DIESEL;6.19
05791319000104;2026-01-08;GASOLINA;6.79
05791319000104;2026-01-08;GASOLINA ADITIVADA;6.89
05791319000104;2026-01-08;GNV;4.49
07381843000124;2026-01-08;GASOLINA;6.55
07381843000124;2026-01-08;GASOLINA ADITIVADA;6.55
08519545000110;2026-01-08;GASOLINA;6.79
08519545000110;2026-01-08;GASOLINA ADITIVADA;6.89
08971375000100;2026-01-08;DIESEL;6.08
08971375000100;2026-01-08;DIESEL S10;6.18
08971375000100;2026-01-08;ETANOL;4.69
08971375000100;2026-01-08;GASOLINA;6.35
08971375000100;2026-01-08;GASOLINA ADITIVADA;6.46
09076862000172;2026-01-08;GASOLINA;6.59
09076862000172;2026-01-08;GASOLINA ADITIVADA;7.09
10813831000136;2026-01-08;DIESEL;5.95
10813831000136;2026-01-08;DIESEL S10;6.15
10813831000136;2026-01-08;GASOLINA;6.44
10813831000136;2026-01-08;GASOLINA ADITIVADA;6.74
14096313000108;2026-01-08;DIESEL;6.05
14096313000108;2026-01-08;DIESEL S10;6.09
14096313000108;2026-01-08;ETANOL;4.99
14096313000108;2026-01-08;GASOLINA;6.59
14096313000108;2026-01-08;GASOLINA ADITIVADA;6.89
20246670000108;2026-01-08;DIESEL;5.89
20246670000108;2026-01-08;DIESEL S10;5.99
20246670000108;2026-01-08;ETANOL;4.65
20246670000108;2026-01-08;GASOLINA;6.49
20863591000138;2026-01-08;DIESEL;6.09
20863591000138;2026-01-08;DIESEL S10;6.19
20863591000138;2026-01-08;GASOLINA;6.79
20863591000138;2026-01-08;GASOLINA ADITIVADA;6.94
21931941000119;2026-01-08;DIESEL;5.89
21931941000119;2026-01-08;DIESEL S10;5.99
21931941000119;2026-01-08;ETANOL;5.29
21931941000119;2026-01-08;GASOLINA;6.99
21931941000119;2026-01-08;GASOLINA ADITIVADA;7.29
23238396000105;2026-01-08;DIESEL S10;6.07
23238396000105;2026-01-08;ETANOL;4.79
23238396000105;2026-01-08;GASOLINA;6.23
23238396000105;2026-01-08;GASOLINA ADITIVADA;6.35
27020445000190;2026-01-08;GASOLINA;6.59
27020445000190;2026-01-08;GASOLINA ADITIVADA;6.99
27020445000513;2026-01-08;GASOLINA;6.59
27020445000513;2026-01-08;GASOLINA ADITIVADA;6.89
27124023000164;2026-01-08;DIESEL;6.19
27124023000164;2026-01-08;DIESEL S10;6.29
27124023000164;2026-01-08;GASOLINA;7.09
27179654000342;2026-01-08;DIESEL;6.09
27179654000342;2026-01-08;DIESEL S10;6.19
27179654000342;2026-01-08;ETANOL;5.19
27179654000342;2026-01-08;GASOLINA;6.99
27179654000342;2026-01-08;GASOLINA ADITIVADA;7.04
27179654000342;2026-01-08;GNV;4.59
27303411000102;2026-01-08;DIESEL;5.99
27303411000102;2026-01-08;DIESEL S10;6.09
27303411000102;2026-01-08;ETANOL;4.99
27303411000102;2026-01-08;GASOLINA;6.79
27303411000102;2026-01-08;GASOLINA ADITIVADA;6.89
27316819000119;2026-01-08;GASOLINA;6.59
27316819000119;2026-01-08;GASOLINA ADITIVADA;6.69
28505616000133;2026-01-08;DIESEL;6.49
28505616000133;2026-01-08;GASOLINA;6.89
28505616000133;2026-01-08;GASOLINA ADITIVADA;7.19
31284466000190;2026-01-08;DIESEL;5.96
31284466000190;2026-01-08;DIESEL S10;6.24
31284466000190;2026-01-08;ETANOL;5.18
31284466000190;2026-01-08;GASOLINA;7.14
31284466000190;2026-01-08;GASOLINA ADITIVADA;7.44
32248017000159;2026-01-08;DIESEL S10;6.09
32248017000159;2026-01-08;ETANOL;4.99
32248017000159;2026-01-08;GASOLINA;6.59
32248017000159;2026-01-08;GASOLINA ADITIVADA;6.89
36411940000200;2026-01-08;DIESEL;5.94
36411940000200;2026-01-08;DIESEL S10;5.99
36411940000200;2026-01-08;ETANOL;4.79
36411940000200;2026-01-08;GASOLINA;6.44
36411940000200;2026-01-08;GASOLINA ADITIVADA;6.74
39281274000131;2026-01-08;DIESEL;5.96
39281274000131;2026-01-08;DIESEL S10;6.06
39281274000131;2026-01-08;ETANOL;5.19
39281274000131;2026-01-08;GASOLINA;6.99
39281274000131;2026-01-08;GASOLINA ADITIVADA;7.19
39281274000131;2026-01-08;GNV;4.59
01514752000133;2026-01-12;ETANOL;4.49
01514752000133;2026-01-12;GASOLINA;5.99
01514752000133;2026-01-12;GASOLINA ADITIVADA;6.19
01557127000179;2026-01-12;GASOLINA;6.39
01557127000179;2026-01-12;GASOLINA ADITIVADA;6.69
02567214000170;2026-01-12;ETANOL;4.59
02567214000170;2026-01-12;GASOLINA;6.05
02567214000170;2026-01-12;GASOLINA ADITIVADA;6.19
02802986000149;2026-01-12;DIESEL S10;6.09
02802986000149;2026-01-12;ETANOL;4.79
02802986000149;2026-01-12;GASOLINA;6.23
02802986000149;2026-01-12;GASOLINA ADITIVADA;6.35
04228463000166;2026-01-12;DIESEL S10;5.99
04228463000166;2026-01-12;ETANOL;4.89
04228463000166;2026-01-12;GASOLINA;6.29
04228463000166;2026-01-12;GASOLINA ADITIVADA;6.29
04960337000100;2026-01-12;ETANOL;4.35
04960337000100;2026-01-12;GASOLINA;5.99
04960337000100;2026-01-12;GASOLINA ADITIVADA;5.99
08788618000170;2026-01-12;ETANOL;4.59
08788618000170;2026-01-12;GASOLINA;6.29
08788618000170;2026-01-12;GASOLINA ADITIVADA;6.59
08788618000170;2026-01-12;GNV;4.09
09076862000172;2026-01-12;GASOLINA;6.59
09076862000172;2026-01-12;GASOLINA ADITIVADA;7.99
09167931000153;2026-01-12;DIESEL S10;6.09
09167931000153;2026-01-12;ETANOL;4.59
09167931000153;2026-01-12;GASOLINA;6.39
09167931000153;2026-01-12;GASOLINA ADITIVADA;6.69
11222333000262;2026-01-12;DIESEL;5.89
11222333000262;2026-01-12;DIESEL S10;5.99
11222333000262;2026-01-12;ETANOL;4.49
11222333000262;2026-01-12;GASOLINA;6.29
11222333000262;2026-01-12;GASOLINA ADITIVADA;6.49
11222333000262;2026-01-12;GNV;4.09
11222333000343;2026-01-12;DIESEL S10;5.89
11222333000343;2026-01-12;ETANOL;4.49
11222333000343;2026-01-12;GASOLINA;5.99
11222333000343;2026-01-12;GASOLINA ADITIVADA;5.99
11942147000117;2026-01-12;DIESEL S10;5.99
11942147000117;2026-01-12;ETANOL;4.45
11942147000117;2026-01-12;GASOLINA;6.05
11942147000117;2026-01-12;GASOLINA ADITIVADA;6.25
14096313000108;2026-01-12;DIESEL;6.05
14096313000108;2026-01-12;DIESEL S10;6.09
14096313000108;2026-01-12;ETANOL;4.99
14096313000108;2026-01-12;GASOLINA;6.09
14096313000108;2026-01-12;GASOLINA ADITIVADA;6.89
14806977000105;2026-01-12;ETANOL;4.69
14806977000105;2026-01-12;GASOLINA;6.29
14806977000105;2026-01-12;GASOLINA ADITIVADA;6.49
15010530000198;2026-01-12;DIESEL S10;6.09
15010530000198;2026-01-12;ETANOL;4.72
15010530000198;2026-01-12;GASOLINA;6.29
15010530000198;2026-01-12;GASOLINA ADITIVADA;6.69
16577742000114;2026-01-12;GASOLINA;6.07
16577742000114;2026-01-12;GASOLINA ADITIVADA;6.27
17753176000117;2026-01-12;DIESEL S10;6.09
17753176000117;2026-01-12;ETANOL;4.69
17753176000117;2026-01-12;GASOLINA;6.29
17753176000117;2026-01-12;GASOLINA ADITIVADA;6.69
21246940000135;2026-01-12;DIESEL;6.29
21246940000135;2026-01-12;GASOLINA;6.29
21246940000135;2026-01-12;GASOLINA ADITIVADA;6.99
23238396000105;2026-01-12;DIESEL S10;6.07
23238396000105;2026-01-12;ETANOL;4.79
23238396000105;2026-01-12;GASOLINA;6.23
23238396000105;2026-01-12;GASOLINA ADITIVADA;6.35
27020445000190;2026-01-12;GASOLINA;6.59
27020445000190;2026-01-12;GASOLINA ADITIVADA;6.99
27020445000513;2026-01-12;GASOLINA;6.59
27020445000513;2026-01-12;GASOLINA ADITIVADA;6.89
27066273000276;2026-01-12;ETANOL;4.49
27066273000276;2026-01-12;GASOLINA;5.99
27066273000276;2026-01-12;GASOLINA ADITIVADA;5.99
27316819000119;2026-01-12;GASOLINA;6.59
27316819000119;2026-01-12;GASOLINA ADITIVADA;6.69
28059632000140;2026-01-12;DIESEL;6.09
28059632000140;2026-01-12;DIESEL S10;6.09
28059632000140;2026-01-12;GASOLINA;6.29
28059632000140;2026-01-12;GASOLINA ADITIVADA;6.69
32248017000159;2026-01-12;DIESEL S10;6.09
32248017000159;2026-01-12;ETANOL;4.99
32248017000159;2026-01-12;GASOLINA;6.59
32248017000159;2026-01-12;GASOLINA ADITIVADA;6.89
32467417000155;2026-01-12;GASOLINA;6.19
32467417000155;2026-01-12;GASOLINA ADITIVADA;6.19
36336386000154;2026-01-12;DIESEL;5.79
36336386000154;2026-01-12;DIESEL S10;5.89
36336386000154;2026-01-12;ETANOL;4.69
36336386000154;2026-01-12;GASOLINA;6.29
36336386000154;2026-01-12;GASOLINA ADITIVADA;6.49
01823633000162;2026-01-13;DIESEL;5.79
01823633000162;2026-01-13;DIESEL S10;5.89
01823633000162;2026-01-13;ETANOL;4.69
01823633000162;2026-01-13;GASOLINA;6.29
01823633000162;2026-01-13;GASOLINA ADITIVADA;6.49
04361389000151;2026-01-13;DIESEL;5.99
04361389000151;2026-01-13;DIESEL S10;6.09
04361389000151;2026-01-13;ETANOL;4.79
04361389000151;2026-01-13;GASOLINA;6.39
05738923000169;2026-01-13;DIESEL;5.99
05738923000169;2026-01-13;ETANOL;4.79
05738923000169;2026-01-13;GASOLINA;6.39
05738923000169;2026-01-13;GASOLINA ADITIVADA;6.89
12535572000154;2026-01-13;DIESEL S10;5.95
12535572000154;2026-01-13;ETANOL;4.69
12535572000154;2026-01-13;GASOLINA;6.29
12535572000154;2026-01-13;GASOLINA ADITIVADA;6.39
22356015000120;2026-01-13;DIESEL;5.89
22356015000120;2026-01-13;DIESEL S10;5.99
22356015000120;2026-01-13;ETANOL;4.69
22356015000120;2026-01-13;GASOLINA;6.39
22356015000120;2026-01-13;GASOLINA ADITIVADA;6.59
22356015000120;2026-01-13;GNV;4.09
00762780000298;2026-01-14;DIESEL S10;5.99
00762780000298;2026-01-14;GASOLINA;6.69
00762780000298;2026-01-14;GASOLINA ADITIVADA;6.79
01496517000186;2026-01-14;DIESEL S10;6.19
01496517000186;2026-01-14;ETANOL;4.89
01496517000186;2026-01-14;GASOLINA;6.29
01496517000186;2026-01-14;GASOLINA ADITIVADA;6.49
01503536000192;2026-01-14;DIESEL S10;5.99
01503536000192;2026-01-14;GASOLINA;6.29
01503536000192;2026-01-14;GASOLINA ADITIVADA;6.49
04145589001149;2026-01-14;DIESEL S10;5.95
04145589001149;2026-01-14;ETANOL;4.59
04145589001149;2026-01-14;GASOLINA;6.29
04145589001149;2026-01-14;GASOLINA ADITIVADA;6.49
04361389000232;2026-01-14;DIESEL S10;5.99
04361389000232;2026-01-14;ETANOL;4.89
04361389000232;2026-01-14;GASOLINA;6.39
04361389000232;2026-01-14;GASOLINA ADITIVADA;6.59
04994796000104;2026-01-14;GASOLINA;6.39
04994796000104;2026-01-14;GASOLINA ADITIVADA;6.56
05393247000139;2026-01-14;DIESEL S10;5.99
05393247000139;2026-01-14;ETANOL;4.89
05393247000139;2026-01-14;GASOLINA;6.39
05393247000139;2026-01-14;GASOLINA ADITIVADA;6.59
07571908000102;2026-01-14;GASOLINA;6.29
07571908000102;2026-01-14;GASOLINA ADITIVADA;6.59
08022304000161;2026-01-14;DIESEL S10;5.99
08022304000161;2026-01-14;ETANOL;4.69
08022304000161;2026-01-14;GASOLINA;6.29
08022304000161;2026-01-14;GASOLINA ADITIVADA;6.39
10569345000114;2026-01-14;GASOLINA;6.19
10569345000114;2026-01-14;GASOLINA ADITIVADA;6.49
11222333000424;2026-01-14;DIESEL S10;5.99
11222333000424;2026-01-14;ETANOL;4.59
11222333000424;2026-01-14;GASOLINA;6.24
11222333000424;2026-01-14;GASOLINA ADITIVADA;6.44
26058218000190;2026-01-14;DIESEL;6.09
26058218000190;2026-01-14;DIESEL S10;6.19
26058218000190;2026-01-14;ETANOL;4.69
26058218000190;2026-01-14;GASOLINA;6.29
26058218000190;2026-01-14;GASOLINA ADITIVADA;6.39
26980450000181;2026-01-14;ETANOL;4.89
26980450000181;2026-01-14;GASOLINA;6.29
26980450000181;2026-01-14;GASOLINA ADITIVADA;6.49
27025907000161;2026-01-14;DIESEL S10;6.19
27025907000161;2026-01-14;ETANOL;4.69
27025907000161;2026-01-14;GASOLINA;6.29
27025907000161;2026-01-14;GASOLINA ADITIVADA;6.49
27664597000630;2026-01-14;DIESEL S10;6.19
27664597000630;2026-01-14;GASOLINA;6.59
27664597000982;2026-01-14;DIESEL;6.09
27664597000982;2026-01-14;DIESEL S10;6.49
27664597000982;2026-01-14;ETANOL;4.99
27664597000982;2026-01-14;GASOLINA;6.59
27664597001288;2026-01-14;ETANOL;4.69
27664597001288;2026-01-14;GASOLINA;6.29
27734094000189;2026-01-14;DIESEL S10;6.39
27734094000189;2026-01-14;ETANOL;4.99
27734094000189;2026-01-14;GASOLINA;6.29
27734094000189;2026-01-14;GASOLINA ADITIVADA;6.64
28037679000102;2026-01-14;DIESEL S10;6.09
28037679000102;2026-01-14;ETANOL;4.73
28037679000102;2026-01-14;GASOLINA;6.29
28037679000102;2026-01-14;GASOLINA ADITIVADA;6.69
31465040000132;2026-01-14;DIESEL S10;5.99
31465040000132;2026-01-14;ETANOL;4.68
31465040000132;2026-01-14;GASOLINA;6.29
31465040000132;2026-01-14;GASOLINA ADITIVADA;6.59
34387806000104;2026-01-14;DIESEL S10;6.09
34387806000104;2026-01-14;ETANOL;4.67
34387806000104;2026-01-14;GASOLINA;6.29
34387806000104;2026-01-14;GASOLINA ADITIVADA;6.59
00345721000133;2026-01-15;DIESEL S10;6.19
00345721000133;2026-01-15;GASOLINA;6.59
00580488000173;2026-01-15;DIESEL;5.99
00580488000173;2026-01-15;DIESEL S10;6.09
00580488000173;2026-01-15;ETANOL;4.65
00580488000173;2026-01-15;GASOLINA;6.25
00580488000173;2026-01-15;GASOLINA ADITIVADA;6.39
02582857000192;2026-01-15;ETANOL;4.59
02582857000192;2026-01-15;GASOLINA;6.19
02582857000192;2026-01-15;GASOLINA ADITIVADA;6.19
03948877000369;2026-01-15;DIESEL;5.89
03948877000369;2026-01-15;DIESEL S10;5.99
03948877000369;2026-01-15;GASOLINA;6.55
03948877000369;2026-01-15;GASOLINA ADITIVADA;6.75
04814652000110;2026-01-15;GASOLINA;6.59
05349237000104;2026-01-15;DIESEL;5.99
05349237000104;2026-01-15;GASOLINA;6.59
05349237000104;2026-01-15;GASOLINA ADITIVADA;6.59
05609081000145;2026-01-15;DIESEL;5.99
05609081000145;2026-01-15;GASOLINA;6.59
05791319000104;2026-01-15;DIESEL;6.19
05791319000104;2026-01-15;GASOLINA;6.73
05791319000104;2026-01-15;GASOLINA ADITIVADA;6.83
05791319000104;2026-01-15;GNV;4.49
07381843000124;2026-01-15;GASOLINA;6.55
07381843000124;2026-01-15;GASOLINA ADITIVADA;6.55
08519545000110;2026-01-15;GASOLINA;6.75
08519545000110;2026-01-15;GASOLINA ADITIVADA;6.89
08971375000100;2026-01-15;DIESEL;6.08
08971375000100;2026-01-15;DIESEL S10;6.18
08971375000100;2026-01-15;ETANOL;4.72
08971375000100;2026-01-15;GASOLINA;6.37
08971375000100;2026-01-15;GASOLINA ADITIVADA;6.48
09369995000137;2026-01-15;ETANOL;4.79
09369995000137;2026-01-15;GASOLINA;6.59
09369995000137;2026-01-15;GNV;4.98
10223356000148;2026-01-15;DIESEL;5.99
10223356000148;2026-01-15;GASOLINA;6.59
10223356000148;2026-01-15;GASOLINA ADITIVADA;6.59
10331576000195;2026-01-15;DIESEL;5.99
10331576000195;2026-01-15;GASOLINA;6.59
10331576000195;2026-01-15;GASOLINA ADITIVADA;6.59
10813831000136;2026-01-15;DIESEL;5.95
10813831000136;2026-01-15;DIESEL S10;6.15
10813831000136;2026-01-15;GASOLINA;6.54
10813831000136;2026-01-15;GASOLINA ADITIVADA;6.84
11222333000181;2026-01-15;DIESEL;5.9
11222333000181;2026-01-15;DIESEL S10;5.97
11222333000181;2026-01-15;ETANOL;4.65
11222333000181;2026-01-15;GASOLINA;6.19
11222333000181;2026-01-15;GASOLINA ADITIVADA;6.19
11222333000181;2026-01-15;GNV;4.09
11222333000505;2026-01-15;DIESEL S10;5.99
11222333000505;2026-01-15;ETANOL;4.69
11222333000505;2026-01-15;GASOLINA;6.19
11222333000505;2026-01-15;GASOLINA ADITIVADA;6.19
11222333000505;2026-01-15;GNV;4.09
13602147000101;2026-01-15;DIESEL S10;6.09
13602147000101;2026-01-15;GASOLINA;6.59
13814642000176;2026-01-15;DIESEL S10;6.09
13814642000176;2026-01-15;ETANOL;4.76
13814642000176;2026-01-15;GASOLINA;6.15
13814642000176;2026-01-15;GASOLINA ADITIVADA;6.55
14509900000173;2026-01-15;ETANOL;4.74
14509900000173;2026-01-15;GASOLINA;6.59
15226314000184;2026-01-15;ETANOL;4.69
15226314000184;2026-01-15;GASOLINA;6.19
20246670000108;2026-01-15;DIESEL;5.89
20246670000108;2026-01-15;DIESEL S10;5.99
20246670000108;2026-01-15;ETANOL;4.75
20246670000108;2026-01-15;GASOLINA;6.49
24145665000151;2026-01-15;DIESEL S10;5.99
24145665000151;2026-01-15;ETANOL;4.69
24145665000151;2026-01-15;GASOLINA;6.19
27016518000170;2026-01-15;DIESEL;5.89
27016518000170;2026-01-15;DIESEL S10;5.99
27016518000170;2026-01-15;ETANOL;4.79
27016518000170;2026-01-15;GASOLINA;6.19
27016518000170;2026-01-15;GASOLINA ADITIVADA;6.39
27085240000192;2026-01-15;DIESEL;6.25
27085240000192;2026-01-15;DIESEL S10;6.35
27085240000192;2026-01-15;GASOLINA;6.59
27085240000192;2026-01-15;GASOLINA ADITIVADA;6.72
27303411000102;2026-01-15;DIESEL;5.99
27303411000102;2026-01-15;DIESEL S10;6.09
27303411000102;2026-01-15;ETANOL;4.99
27303411000102;2026-01-15;GASOLINA;6.79
27303411000102;2026-01-15;GASOLINA ADITIVADA;6.89
27303411000374;2026-01-15;GASOLINA;6.59
27303411000374;2026-01-15;GASOLINA ADITIVADA;6.69
27394378000173;2026-01-15;DIESEL S10;6.09
27394378000173;2026-01-15;GASOLINA;6.29
27394378000173;2026-01-15;GASOLINA ADITIVADA;6.49
27394378000173;2026-01-15;GNV;4.09
27396415000182;2026-01-15;GASOLINA;6.24
27396415000182;2026-01-15;GNV;4.07
27664597000710;2026-01-15;ETANOL;4.99
27664597000710;2026-01-15;GASOLINA;6.59
27664597000710;2026-01-15;GASOLINA ADITIVADA;6.59
27926384000124;2026-01-15;DIESEL;5.89
27926384000124;2026-01-15;DIESEL S10;5.99
27926384000124;2026-01-15;ETANOL;4.69
27926384000124;2026-01-15;GASOLINA;6.15
27926384000124;2026-01-15;GASOLINA ADITIVADA;6.15
28344206000158;2026-01-15;ETANOL;4.49
28344206000158;2026-01-15;GASOLINA;6.15
28344206000158;2026-01-15;GASOLINA ADITIVADA;6.15
29937036000188;2026-01-15;DIESEL S10;6.19
29937036000188;2026-01-15;ETANOL;5.09
29937036000188;2026-01-15;GASOLINA;6.59
29937036000188;2026-01-15;GASOLINA ADITIVADA;6.59
30578975000162;2026-01-15;DIESEL;5.99
30578975000162;2026-01-15;GASOLINA;6.59
30578975000162;2026-01-15;GASOLINA ADITIVADA;6.59
30869047000157;2026-01-15;DIESEL;5.99
30869047000157;2026-01-15;DIESEL S10;6.09
30869047000157;2026-01-15;ETANOL;4.99
30869047000157;2026-01-15;GASOLINA;6.59
36751443000161;2026-01-15;DIESEL S10;6.59
36751443000161;2026-01-15;GASOLINA;6.69
36751443000161;2026-01-15;GASOLINA ADITIVADA;6.69
37361618000197;2026-01-15;ETANOL;4.74
37361618000197;2026-01-15;GASOLINA;6.59
37361618000197;2026-01-15;GASOLINA ADITIVADA;6.59
00580488000173;2026-01-19;DIESEL;5.99
00580488000173;2026-01-19;DIESEL S10;6.09
00580488000173;2026-01-19;ETANOL;4.65
00580488000173;2026-01-19;GASOLINA;6.25
00580488000173;2026-01-19;GASOLINA ADITIVADA;6.39
02582857000192;2026-01-19;ETANOL;4.59
02582857000192;2026-01-19;GASOLINA;6.19
02582857000192;2026-01-19;GASOLINA ADITIVADA;6.19
04850382000101;2026-01-19;GASOLINA;6.29
04850382000101;2026-01-19;GASOLINA ADITIVADA;6.49
04850382000101;2026-01-19;GNV;4.09
05892261000187;2026-01-19;DIESEL;6.19
05892261000187;2026-01-19;DIESEL S10;6.29
05892261000187;2026-01-19;GASOLINA;6.19
05892261000187;2026-01-19;GASOLINA ADITIVADA;6.29
06073382000160;2026-01-19;DIESEL S10;5.89
06073382000160;2026-01-19;ETANOL;4.59
06073382000160;2026-01-19;GASOLINA;6.15
11222333000181;2026-01-19;DIESEL;5.9
11222333000181;2026-01-19;DIESEL S10;5.97
11222333000181;2026-01-19;ETANOL;4.65
11222333000181;2026-01-19;GASOLINA;6.19
11222333000181;2026-01-19;GASOLINA ADITIVADA;6.19
11222333000181;2026-01-19;GNV;4.09
11222333000505;2026-01-19;DIESEL S10;5.99
11222333000505;2026-01-19;ETANOL;4.69
11222333000505;2026-01-19;GASOLINA;6.19
11222333000505;2026-01-19;GASOLINA ADITIVADA;6.19
11222333000505;2026-01-19;GNV;4.09
13814642000176;2026-01-19;DIESEL S10;6.09
13814642000176;2026-01-19;ETANOL;4.76
13814642000176;2026-01-19;GASOLINA;6.15
13814642000176;2026-01-19;GASOLINA ADITIVADA;6.55
15010530000198;2026-01-19;DIESEL S10;6.09
15010530000198;2026-01-19;ETANOL;4.76
15010530000198;2026-01-19;GASOLINA;6.29
15010530000198;2026-01-19;GASOLINA ADITIVADA;6.69
15226314000184;2026-01-19;ETANOL;4.69
15226314000184;2026-01-19;GASOLINA;6.19
17753176000117;2026-01-19;DIESEL S10;6.09
17753176000117;2026-01-19;ETANOL;4.72
17753176000117;2026-01-19;GASOLINA;6.29
17753176000117;2026-01-19;GASOLINA ADITIVADA;6.69
18366697000184;2026-01-19;DIESEL;6.05
18366697000184;2026-01-19;DIESEL S10;6.09
18366697000184;2026-01-19;ETANOL;4.67
18366697000184;2026-01-19;GASOLINA;6.17
18366697000184;2026-01-19;GASOLINA ADITIVADA;6.49
23314250000100;2026-01-19;DIESEL S10;5.85
23314250000100;2026-01-19;ETANOL;4.59
23314250000100;2026-01-19;GASOLINA;6.25
24145665000151;2026-01-19;DIESEL S10;6.09
24145665000151;2026-01-19;ETANOL;4.69
24145665000151;2026-01-19;GASOLINA;6.19
27016518000170;2026-01-19;DIESEL;5.89
27016518000170;2026-01-19;DIESEL S10;5.99
27016518000170;2026-01-19;ETANOL;4.79
27016518000170;2026-01-19;GASOLINA;6.19
27016518000170;2026-01-19;GASOLINA ADITIVADA;6.39
27394378000173;2026-01-19;DIESEL S10;6.09
27394378000173;2026-01-19;GASOLINA;5.97
27394378000173;2026-01-19;GASOLINA ADITIVADA;6.49
27394378000173;2026-01-19;GNV;4.09
27396415000182;2026-01-19;ETANOL;4.68
27396415000182;2026-01-19;GASOLINA;6.24
27396415000182;2026-01-19;GASOLINA ADITIVADA;6.35
27396415000182;2026-01-19;GNV;4.07
27926384000124;2026-01-19;DIESEL;5.89
27926384000124;2026-01-19;DIESEL S10;5.99
27926384000124;2026-01-19;ETANOL;4.69
27926384000124;2026-01-19;GASOLINA;6.15
27926384000124;2026-01-19;GASOLINA ADITIVADA;6.15
28344206000158;2026-01-19;ETANOL;4.65
28344206000158;2026-01-19;GASOLINA;6.15
28344206000158;2026-01-19;GASOLINA ADITIVADA;6.15
34765133000170;2026-01-19;DIESEL S10;5.99
34765133000170;2026-01-19;ETANOL;4.79
34765133000170;2026-01-19;GASOLINA;6.29
34765133000170;2026-01-19;GASOLINA ADITIVADA;6.49
36004950000131;2026-01-19;ETANOL;4.69
36004950000131;2026-01-19;GASOLINA;6.29
36004950000131;2026-01-19;GASOLINA ADITIVADA;6.49
36336386000154;2026-01-19;DIESEL;5.79
36336386000154;2026-01-19;DIESEL S10;5.89
36336386000154;2026-01-19;ETANOL;4.69
36336386000154;2026-01-19;GASOLINA;6.29
36336386000154;2026-01-19;GASOLINA ADITIVADA;6.49
38530950000109;2026-01-19;DIESEL;5.99
38530950000109;2026-01-19;DIESEL S10;6.09
38530950000109;2026-01-19;ETANOL;4.49
38530950000109;2026-01-19;GASOLINA;6.29
38530950000109;2026-01-19;GASOLINA ADITIVADA;6.59
42176421000118;2026-01-19;ETANOL;4.69
42176421000118;2026-01-19;GASOLINA;6.29
42176421000118;2026-01-19;GASOLINA ADITIVADA;6.49
45543915004683;2026-01-19;ETANOL;4.39
45543915004683;2026-01-19;GASOLINA;6.29
45543915004683;2026-01-19;GASOLINA ADITIVADA;6.39
01514752000133;2026-01-20;ETANOL;4.49
01514752000133;2026-01-20;GASOLINA;5.99
01514752000133;2026-01-20;GASOLINA ADITIVADA;6.19
01823633000162;2026-01-20;DIESEL;5.79
01823633000162;2026-01-20;DIESEL S10;5.89
01823633000162;2026-01-20;ETANOL;4.69
01823633000162;2026-01-20;GASOLINA;6.17
01823633000162;2026-01-20;GASOLINA ADITIVADA;6.37
02567214000170;2026-01-20;ETANOL;4.59
02567214000170;2026-01-20;GASOLINA;6.05
02567214000170;2026-01-20;GASOLINA ADITIVADA;6.19
04228463000166;2026-01-20;DIESEL S10;5.99
04228463000166;2026-01-20;ETANOL;4.89
04228463000166;2026-01-20;GASOLINA;6.29
04228463000166;2026-01-20;GASOLINA ADITIVADA;6.29
04361389000232;2026-01-20;DIESEL S10;5.99
04361389000232;2026-01-20;ETANOL;4.89
04361389000232;2026-01-20;GASOLINA;6.39
04361389000232;2026-01-20;GASOLINA ADITIVADA;6.59
04960337000100;2026-01-20;ETANOL;4.45
04960337000100;2026-01-20;GASOLINA;5.99
04960337000100;2026-01-20;GASOLINA ADITIVADA;5.99
04994796000104;2026-01-20;GASOLINA;6.39
04994796000104;2026-01-20;GASOLINA ADITIVADA;6.56
05393247000139;2026-01-20;DIESEL S10;5.99
05393247000139;2026-01-20;ETANOL;4.89
05393247000139;2026-01-20;GASOLINA;6.39
05393247000139;2026-01-20;GASOLINA ADITIVADA;6.59
07470392000100;2026-01-20;DIESEL;5.99
07470392000100;2026-01-20;ETANOL;4.79
07470392000100;2026-01-20;GASOLINA;6.29
07470392000100;2026-01-20;GASOLINA ADITIVADA;6.59
07571908000102;2026-01-20;GASOLINA;6.29
07571908000102;2026-01-20;GASOLINA ADITIVADA;6.59
08788618000170;2026-01-20;ETANOL;4.59
08788618000170;2026-01-20;GASOLINA;6.29
08788618000170;2026-01-20;GASOLINA ADITIVADA;6.59
08788618000170;2026-01-20;GNV;4.09
10197775000152;2026-01-20;DIESEL S10;6.09
10197775000152;2026-01-20;ETANOL;4.69
10197775000152;2026-01-20;GASOLINA;6.29
10197775000152;2026-01-20;GASOLINA ADITIVADA;6.29
11222333000343;2026-01-20;DIESEL S10;5.89
11222333000343;2026-01-20;GASOLINA;5.99
11222333000343;2026-01-20;GASOLINA ADITIVADA;5.99
11222333000424;2026-01-20;DIESEL S10;5.99
11222333000424;2026-01-20;ETANOL;4.69
11222333000424;2026-01-20;GASOLINA;6.24
11222333000424;2026-01-20;GASOLINA ADITIVADA;6.44
11942147000117;2026-01-20;DIESEL S10;5.99
11942147000117;2026-01-20;ETANOL;4.65
11942147000117;2026-01-20;GASOLINA;6.05
11942147000117;2026-01-20;GASOLINA ADITIVADA;6.25
14806977000105;2026-01-20;ETANOL;4.79
14806977000105;2026-01-20;GASOLINA;6.29
14806977000105;2026-01-20;GASOLINA ADITIVADA;6.49
16577742000114;2026-01-20;GASOLINA;6.07
16577742000114;2026-01-20;GASOLINA ADITIVADA;6.27
17375525000104;2026-01-20;DIESEL S10;5.88
17375525000104;2026-01-20;ETANOL;4.67
17375525000104;2026-01-20;GASOLINA;6.29
17375525000104;2026-01-20;GASOLINA ADITIVADA;6.49
23305603000105;2026-01-20;GASOLINA;6.29
23305603000105;2026-01-20;GASOLINA ADITIVADA;6.69
26058218000190;2026-01-20;DIESEL;6.09
26058218000190;2026-01-20;DIESEL S10;6.19
26058218000190;2026-01-20;ETANOL;4.69
26058218000190;2026-01-20;GASOLINA;6.29
26058218000190;2026-01-20;GASOLINA ADITIVADA;6.39
26980450000181;2026-01-20;ETANOL;4.69
26980450000181;2026-01-20;GASOLINA;6.21
26980450000181;2026-01-20;GASOLINA ADITIVADA;6.49
27025907000161;2026-01-20;DIESEL S10;6.19
27025907000161;2026-01-20;ETANOL;4.69
27025907000161;2026-01-20;GASOLINA;6.29
27025907000161;2026-01-20;GASOLINA ADITIVADA;6.29
27066273000276;2026-01-20;GASOLINA;5.99
27066273000276;2026-01-20;GASOLINA ADITIVADA;5.99
27664597001288;2026-01-20;ETANOL;4.69
27664597001288;2026-01-20;GASOLINA;6.19
27734094000189;2026-01-20;DIESEL S10;6.39
27734094000189;2026-01-20;ETANOL;4.99
27734094000189;2026-01-20;GASOLINA;6.29
27734094000189;2026-01-20;GASOLINA ADITIVADA;6.64
28037679000102;2026-01-20;DIESEL S10;6.09
28037679000102;2026-01-20;ETANOL;4.73
28037679000102;2026-01-20;GASOLINA;6.19
28037679000102;2026-01-20;GASOLINA ADITIVADA;6.59
28059632000140;2026-01-20;DIESEL;6.09
28059632000140;2026-01-20;DIESEL S10;6.09
28059632000140;2026-01-20;GASOLINA;5.99
28059632000140;2026-01-20;GASOLINA ADITIVADA;6.39
00345721000133;2026-01-21;DIESEL S10;6.19
00345721000133;2026-01-21;GASOLINA;6.59
09369995000137;2026-01-21;ETANOL;4.79
09369995000137;2026-01-21;GASOLINA;6.59
09369995000137;2026-01-21;GNV;4.98
29937036000188;2026-01-21;DIESEL S10;6.19
29937036000188;2026-01-21;ETANOL;5.09
29937036000188;2026-01-21;GASOLINA;6.59
30869047000157;2026-01-21;DIESEL;5.99
30869047000157;2026-01-21;DIESEL S10;6.09
30869047000157;2026-01-21;ETANOL;4.99
30869047000157;2026-01-21;GASOLINA;6.59
01496517000186;2026-01-22;DIESEL S10;6.19
01496517000186;2026-01-22;ETANOL;4.89
01496517000186;2026-01-22;GASOLINA;6.29
01496517000186;2026-01-22;GASOLINA ADITIVADA;6.49
02468894000174;2026-01-22;GASOLINA;6.79
02468894000174;2026-01-22;GNV;4.29
02802986000149;2026-01-22;DIESEL S10;6.09
02802986000149;2026-01-22;ETANOL;4.79
02802986000149;2026-01-22;GASOLINA;6.23
02802986000149;2026-01-22;GASOLINA ADITIVADA;6.35
05609081000145;2026-01-22;DIESEL;5.99
05609081000145;2026-01-22;GASOLINA;6.79
09076862000172;2026-01-22;GASOLINA;6.59
09076862000172;2026-01-22;GASOLINA ADITIVADA;7.09
10223356000148;2026-01-22;DIESEL;5.99
10223356000148;2026-01-22;GASOLINA;6.59
10223356000148;2026-01-22;GASOLINA ADITIVADA;6.59
10331576000195;2026-01-22;DIESEL;5.99
10331576000195;2026-01-22;GASOLINA;6.59
10331576000195;2026-01-22;GASOLINA ADITIVADA;6.59
10813831000136;2026-01-22;DIESEL;5.95
10813831000136;2026-01-22;DIESEL S10;6.15
10813831000136;2026-01-22;GASOLINA;6.54
10813831000136;2026-01-22;GASOLINA ADITIVADA;6.84
14096313000108;2026-01-22;DIESEL;6.25
14096313000108;2026-01-22;DIESEL S10;6.29
14096313000108;2026-01-22;ETANOL;5.18
14096313000108;2026-01-22;GASOLINA;6.69
14096313000108;2026-01-22;GASOLINA ADITIVADA;6.89
14509900000173;2026-01-22;ETANOL;4.74
14509900000173;2026-01-22;GASOLINA;6.59
20246670000108;2026-01-22;DIESEL;5.89
20246670000108;2026-01-22;DIESEL S10;5.99
20246670000108;2026-01-22;ETANOL;4.75
20246670000108;2026-01-22;GASOLINA;6.49
23238396000105;2026-01-22;DIESEL S10;6.07
23238396000105;2026-01-22;ETANOL;4.79
23238396000105;2026-01-22;GASOLINA;6.23
23238396000105;2026-01-22;GASOLINA ADITIVADA;6.35
27020445000190;2026-01-22;GASOLINA;6.59
27020445000190;2026-01-22;GASOLINA ADITIVADA;6.99
27020445000513;2026-01-22;GASOLINA;6.59
27020445000513;2026-01-22;GASOLINA ADITIVADA;6.89
27085240000192;2026-01-22;DIESEL;6.25
27085240000192;2026-01-22;DIESEL S10;6.35
27085240000192;2026-01-22;GASOLINA;6.59
27085240000192;2026-01-22;GASOLINA ADITIVADA;6.72
27316819000119;2026-01-22;GASOLINA;6.59
27316819000119;2026-01-22;GASOLINA ADITIVADA;6.69
27495696000120;2026-01-22;DIESEL S10;6.55
27495696000120;2026-01-22;ETANOL;4.88
27495696000120;2026-01-22;GASOLINA;6.59
27495696000120;2026-01-22;GASOLINA ADITIVADA;6.75
27664597000710;2026-01-22;ETANOL;4.99
27664597000710;2026-01-22;GASOLINA;6.59
27664597000710;2026-01-22;GASOLINA ADITIVADA;6.59
30578975000162;2026-01-22;DIESEL;5.99
30578975000162;2026-01-22;GASOLINA;6.59
30578975000162;2026-01-22;GASOLINA ADITIVADA;6.59
32248017000159;2026-01-22;DIESEL S10;6.09
32248017000159;2026-01-22;ETANOL;5.18
32248017000159;2026-01-22;GASOLINA;6.59
32248017000159;2026-01-22;GASOLINA ADITIVADA;6.89
00762780000298;2026-01-23;DIESEL S10;5.99
00762780000298;2026-01-23;GASOLINA;6.69
00762780000298;2026-01-23;GASOLINA ADITIVADA;6.79
01503536000192;2026-01-23;DIESEL S10;5.99
01503536000192;2026-01-23;GASOLINA;6.29
01503536000192;2026-01-23;GASOLINA ADITIVADA;6.49
03948877000369;2026-01-23;DIESEL;5.89
03948877000369;2026-01-23;DIESEL S10;5.99
03948877000369;2026-01-23;GASOLINA;6.49
03948877000369;2026-01-23;GASOLINA ADITIVADA;6.69
08971375000100;2026-01-23;DIESEL;6.08
08971375000100;2026-01-23;DIESEL S10;6.18
08971375000100;2026-01-23;ETANOL;4.85
08971375000100;2026-01-23;GASOLINA;6.39
08971375000100;2026-01-23;GASOLINA ADITIVADA;6.5
27352004000195;2026-01-23;DIESEL;6.19
27352004000195;2026-01-23;ETANOL;4.99
27352004000195;2026-01-23;GASOLINA;6.59
27352004000195;2026-01-23;GASOLINA ADITIVADA;6.69
27493675000176;2026-01-23;DIESEL S10;6.68
27493675000176;2026-01-23;ETANOL;5.18
27493675000176;2026-01-23;GASOLINA;6.78
27493675000176;2026-01-23;GASOLINA ADITIVADA;6.78
27664597000630;2026-01-23;DIESEL S10;6.19
27664597000630;2026-01-23;GASOLINA;6.59
27664597000982;2026-01-23;DIESEL;6.09
27664597000982;2026-01-23;DIESEL S10;6.19
27664597000982;2026-01-23;ETANOL;4.99
27664597000982;2026-01-23;GASOLINA;6.59
30538318000191;2026-01-23;DIESEL S10;6.29
30538318000191;2026-01-23;ETANOL;5.59
30538318000191;2026-01-23;GASOLINA;6.59
36411940000200;2026-01-23;DIESEL;5.94
36411940000200;2026-01-23;DIESEL S10;5.99
36411940000200;2026-01-23;ETANOL;4.99
36411940000200;2026-01-23;GASOLINA;6.54
36411940000200;2026-01-23;GASOLINA ADITIVADA;6.84
47674687000104;2026-01-23;DIESEL S10;5.95
47674687000104;2026-01-23;ETANOL;4.55
47674687000104;2026-01-23;GASOLINA;5.89
01496517000186;2026-01-26;DIESEL S10;6.19
01496517000186;2026-01-26;ETANOL;4.89
01496517000186;2026-01-26;GASOLINA;6.29
01496517000186;2026-01-26;GASOLINA ADITIVADA;6.49
01557127000179;2026-01-26;GASOLINA;6.39
01557127000179;2026-01-26;GASOLINA ADITIVADA;6.69
02802986000149;2026-01-26;DIESEL S10;6.09
02802986000149;2026-01-26;ETANOL;4.79
02802986000149;2026-01-26;GASOLINA;6.23
02802986000149;2026-01-26;GASOLINA ADITIVADA;6.35
07470392000100;2026-01-26;DIESEL;5.99
07470392000100;2026-01-26;ETANOL;4.79
07470392000100;2026-01-26;GASOLINA;6.09
07470392000100;2026-01-26;GASOLINA ADITIVADA;6.39
09076862000172;2026-01-26;GASOLINA;6.59
09076862000172;2026-01-26;GASOLINA ADITIVADA;7.09
10197775000152;2026-01-26;DIESEL S10;6.09
10197775000152;2026-01-26;ETANOL;4.69
10197775000152;2026-01-26;GASOLINA;6.29
10197775000152;2026-01-26;GASOLINA ADITIVADA;6.29
11222333000262;2026-01-26;DIESEL;5.89
11222333000262;2026-01-26;DIESEL S10;5.99
11222333000262;2026-01-26;ETANOL;4.65
11222333000262;2026-01-26;GASOLINA;6.29
11222333000262;2026-01-26;GASOLINA ADITIVADA;6.49
11222333000262;2026-01-26;GNV;4.09
14096313000108;2026-01-26;DIESEL;6.25
14096313000108;2026-01-26;DIESEL S10;6.29
14096313000108;2026-01-26;ETANOL;5.18
14096313000108;2026-01-26;GASOLINA;6.69
14096313000108;2026-01-26;GASOLINA ADITIVADA;6.89
15010530000198;2026-01-26;DIESEL S10;6.09
15010530000198;2026-01-26;ETANOL;4.76
15010530000198;2026-01-26;GASOLINA;6.29
15010530000198;2026-01-26;GASOLINA ADITIVADA;6.69
17375525000104;2026-01-26;DIESEL S10;5.88
17375525000104;2026-01-26;ETANOL;4.66
17375525000104;2026-01-26;GASOLINA;5.97
17375525000104;2026-01-26;GASOLINA ADITIVADA;5.97
17753176000117;2026-01-26;DIESEL S10;6.09
17753176000117;2026-01-26;ETANOL;4.72
17753176000117;2026-01-26;GASOLINA;6.29
17753176000117;2026-01-26;GASOLINA ADITIVADA;6.69
23238396000105;2026-01-26;DIESEL S10;6.07
23238396000105;2026-01-26;ETANOL;4.79
23238396000105;2026-01-26;GASOLINA;6.23
23238396000105;2026-01-26;GASOLINA ADITIVADA;6.35
27020445000190;2026-01-26;GASOLINA;6.59
27020445000190;2026-01-26;GASOLINA ADITIVADA;6.99
27020445000513;2026-01-26;GASOLINA;6.59
27020445000513;2026-01-26;GASOLINA ADITIVADA;6.89
27316819000119;2026-01-26;GASOLINA;6.59
27316819000119;2026-01-26;GASOLINA ADITIVADA;6.69
32248017000159;2026-01-26;DIESEL S10;6.09
32248017000159;2026-01-26;ETANOL;5.18
32248017000159;2026-01-26;GASOLINA;6.59
32248017000159;2026-01-26;GASOLINA ADITIVADA;6.89
00580488000173;2026-01-27;DIESEL;5.99
00580488000173;2026-01-27;DIESEL S10;6.09
00580488000173;2026-01-27;ETANOL;4.79
00580488000173;2026-01-27;GASOLINA;6.17
00580488000173;2026-01-27;GASOLINA ADITIVADA;6.29
01823633000162;2026-01-27;DIESEL;5.79
01823633000162;2026-01-27;DIESEL S10;5.89
01823633000162;2026-01-27;ETANOL;4.69
01823633000162;2026-01-27;GASOLINA;5.99
01823633000162;2026-01-27;GASOLINA ADITIVADA;6.29
02567214000170;2026-01-27;ETANOL;4.59
02567214000170;2026-01-27;GASOLINA;5.99
02567214000170;2026-01-27;GASOLINA ADITIVADA;6.14
02582857000192;2026-01-27;ETANOL;4.69
02582857000192;2026-01-27;GASOLINA;6.19
02582857000192;2026-01-27;GASOLINA ADITIVADA;6.19
04228463000166;2026-01-27;DIESEL S10;5.99
04228463000166;2026-01-27;ETANOL;4.89
04228463000166;2026-01-27;GASOLINA;6.09
04228463000166;2026-01-27;GASOLINA ADITIVADA;6.09
04361389000151;2026-01-27;DIESEL;5.99
04361389000151;2026-01-27;DIESEL S10;6.09
04361389000151;2026-01-27;ETANOL;4.79
04361389000151;2026-01-27;GASOLINA;6.09
04361389000232;2026-01-27;DIESEL S10;5.99
04361389000232;2026-01-27;ETANOL;4.89
04361389000232;2026-01-27;GASOLINA;6.39
04361389000232;2026-01-27;GASOLINA ADITIVADA;6.39
04960337000100;2026-01-27;ETANOL;4.45
04960337000100;2026-01-27;GASOLINA;5.99
04960337000100;2026-01-27;GASOLINA ADITIVADA;5.99
04994796000104;2026-01-27;GASOLINA;6.39
04994796000104;2026-01-27;GASOLINA ADITIVADA;6.56
05393247000139;2026-01-27;DIESEL S10;5.99
05393247000139;2026-01-27;ETANOL;4.89
05393247000139;2026-01-27;GASOLINA;6.39
05393247000139;2026-01-27;GASOLINA ADITIVADA;6.39
05738923000169;2026-01-27;DIESEL;5.99
05738923000169;2026-01-27;ETANOL;4.79
05738923000169;2026-01-27;GASOLINA;6.09
05738923000169;2026-01-27;GASOLINA ADITIVADA;6.59
05892261000187;2026-01-27;DIESEL;6.19
05892261000187;2026-01-27;DIESEL S10;6.29
05892261000187;2026-01-27;GASOLINA;6.19
05892261000187;2026-01-27;GASOLINA ADITIVADA;6.29
06073382000160;2026-01-27;DIESEL S10;5.89
06073382000160;2026-01-27;ETANOL;4.59
06073382000160;2026-01-27;GASOLINA;6.15
07571908000102;2026-01-27;GASOLINA;6.09
07571908000102;2026-01-27;GASOLINA ADITIVADA;6.39
07830414000197;2026-01-27;DIESEL;5.95
07830414000197;2026-01-27;ETANOL;4.89
07830414000197;2026-01-27;GASOLINA;6.19
07830414000197;2026-01-27;GASOLINA ADITIVADA;6.54
08022304000161;2026-01-27;DIESEL S10;5.99
08022304000161;2026-01-27;ETANOL;4.99
08022304000161;2026-01-27;GASOLINA;6.29
08022304000161;2026-01-27;GASOLINA ADITIVADA;6.39
08788618000170;2026-01-27;ETANOL;4.79
08788618000170;2026-01-27;GASOLINA;6.09
08788618000170;2026-01-27;GASOLINA ADITIVADA;6.49
08788618000170;2026-01-27;GNV;4.09
09167931000153;2026-01-27;DIESEL S10;6.29
09167931000153;2026-01-27;ETANOL;4.79
09167931000153;2026-01-27;GASOLINA;6.29
09167931000153;2026-01-27;GASOLINA ADITIVADA;6.69
10569345000114;2026-01-27;GASOLINA;6.19
10569345000114;2026-01-27;GASOLINA ADITIVADA;6.49
10813831000136;2026-01-27;DIESEL;5.95
10813831000136;2026-01-27;DIESEL S10;6.15
10813831000136;2026-01-27;GASOLINA;6.54
10813831000136;2026-01-27;GASOLINA ADITIVADA;6.84
11222333000181;2026-01-27;DIESEL;5.9
11222333000181;2026-01-27;DIESEL S10;5.97
11222333000181;2026-01-27;ETANOL;4.65
11222333000181;2026-01-27;GASOLINA;6.19
11222333000181;2026-01-27;GASOLINA ADITIVADA;6.19
11222333000181;2026-01-27;GNV;4.09
11222333000343;2026-01-27;DIESEL S10;5.89
11222333000343;2026-01-27;ETANOL;4.49
11222333000343;2026-01-27;GASOLINA;5.99
11222333000343;2026-01-27;GASOLINA ADITIVADA;5.99
11222333000424;2026-01-27;DIESEL S10;5.99
11222333000424;2026-01-27;ETANOL;4.69
11222333000424;2026-01-27;GASOLINA;6.24
11222333000424;2026-01-27;GASOLINA ADITIVADA;6.44
11222333000505;2026-01-27;DIESEL S10;5.99
11222333000505;2026-01-27;ETANOL;4.79
11222333000505;2026-01-27;GASOLINA;6.19
11222333000505;2026-01-27;GASOLINA ADITIVADA;6.19
11222333000505;2026-01-27;GNV;4.09
11942147000117;2026-01-27;DIESEL S10;5.99
11942147000117;2026-01-27;ETANOL;4.65
11942147000117;2026-01-27;GASOLINA;5.99
11942147000117;2026-01-27;GASOLINA ADITIVADA;6.25
12535572000154;2026-01-27;DIESEL S10;6.05
12535572000154;2026-01-27;ETANOL;4.89
12535572000154;2026-01-27;GASOLINA;6.09
12535572000154;2026-01-27;GASOLINA ADITIVADA;6.29
13814642000176;2026-01-27;DIESEL S10;5.99
13814642000176;2026-01-27;ETANOL;4.46
13814642000176;2026-01-27;GASOLINA;6.09
13814642000176;2026-01-27;GASOLINA ADITIVADA;6.49
15226314000184;2026-01-27;ETANOL;4.69
15226314000184;2026-01-27;GASOLINA;6.19
18366697000184;2026-01-27;DIESEL;6.05
18366697000184;2026-01-27;DIESEL S10;6.09
18366697000184;2026-01-27;ETANOL;4.89
18366697000184;2026-01-27;GASOLINA;6.15
18366697000184;2026-01-27;GASOLINA ADITIVADA;6.45
21246940000135;2026-01-27;DIESEL;6.19
21246940000135;2026-01-27;GASOLINA;6.29
21246940000135;2026-01-27;GASOLINA ADITIVADA;6.99
22356015000120;2026-01-27;DIESEL;5.86
22356015000120;2026-01-27;DIESEL S10;5.99
22356015000120;2026-01-27;ETANOL;4.69
22356015000120;2026-01-27;GASOLINA;6.09
22356015000120;2026-01-27;GASOLINA ADITIVADA;6.29
22356015000120;2026-01-27;GNV;4.09
24145665000151;2026-01-27;DIESEL S10;6.09
24145665000151;2026-01-27;ETANOL;4.69
24145665000151;2026-01-27;GASOLINA;6.19
26980450000181;2026-01-27;ETANOL;4.69
26980450000181;2026-01-27;GASOLINA;6.09
26980450000181;2026-01-27;GASOLINA ADITIVADA;6.39
27016518000170;2026-01-27;DIESEL;5.89
27016518000170;2026-01-27;DIESEL S10;5.99
27016518000170;2026-01-27;ETANOL;4.79
27016518000170;2026-01-27;GASOLINA;6.29
27016518000170;2026-01-27;GASOLINA ADITIVADA;6.49
27394378000173;2026-01-27;DIESEL S10;6.09
27394378000173;2026-01-27;GASOLINA;6.05
27394378000173;2026-01-27;GASOLINA ADITIVADA;6.39
27394378000173;2026-01-27;GNV;4.09
27396415000182;2026-01-27;ETANOL;4.68
27396415000182;2026-01-27;GASOLINA;6.24
27396415000182;2026-01-27;GASOLINA ADITIVADA;6.35
27396415000182;2026-01-27;GNV;4.07
27664597000710;2026-01-27;ETANOL;4.99
27664597000710;2026-01-27;GASOLINA;6.59
27664597000710;2026-01-27;GASOLINA ADITIVADA;6.59
27734094000189;2026-01-27;DIESEL S10;6.39
27734094000189;2026-01-27;ETANOL;4.99
27734094000189;2026-01-27;GASOLINA;5.95
27734094000189;2026-01-27;GASOLINA ADITIVADA;6.45
27926384000124;2026-01-27;DIESEL;5.89
27926384000124;2026-01-27;DIESEL S10;5.99
27926384000124;2026-01-27;ETANOL;4.69
27926384000124;2026-01-27;GASOLINA;6.15
27926384000124;2026-01-27;GASOLINA ADITIVADA;6.15
28344206000158;2026-01-27;ETANOL;4.65
28344206000158;2026-01-27;GASOLINA;6.15
28344206000158;2026-01-27;GASOLINA ADITIVADA;6.15
28413219000131;2026-01-27;GASOLINA;6.09
28413219000131;2026-01-27;GASOLINA ADITIVADA;6.39
30869047000157;2026-01-27;DIESEL;5.99
30869047000157;2026-01-27;DIESEL S10;6.09
30869047000157;2026-01-27;ETANOL;4.99
30869047000157;2026-01-27;GASOLINA;6.59
36751443000161;2026-01-27;DIESEL S10;6.59
36751443000161;2026-01-27;GASOLINA;6.69
36751443000161;2026-01-27;GASOLINA ADITIVADA;6.69
01503536000192;2026-01-28;DIESEL S10;5.99
01503536000192;2026-01-28;GASOLINA;6.29
01503536000192;2026-01-28;GASOLINA ADITIVADA;6.49
04145589001149;2026-01-28;DIESEL S10;5.95
04145589001149;2026-01-28;ETANOL;4.59
04145589001149;2026-01-28;GASOLINA;6.29
04145589001149;2026-01-28;GASOLINA ADITIVADA;6.49
09369995000137;2026-01-28;ETANOL;4.79
09369995000137;2026-01-28;GASOLINA;6.59
09369995000137;2026-01-28;GNV;4.98
14806977000105;2026-01-28;ETANOL;4.89
14806977000105;2026-01-28;GASOLINA;6.29
14806977000105;2026-01-28;GASOLINA ADITIVADA;6.49
27066273000276;2026-01-28;ETANOL;4.49
27066273000276;2026-01-28;GASOLINA;5.99
27066273000276;2026-01-28;GASOLINA ADITIVADA;5.99
28059632000140;2026-01-28;DIESEL;6.09
28059632000140;2026-01-28;DIESEL S10;6.09
28059632000140;2026-01-28;GASOLINA;5.99
28059632000140;2026-01-28;GASOLINA ADITIVADA;6.39
28761038000104;2026-01-28;DIESEL S10;5.89
28761038000104;2026-01-28;GASOLINA;5.99
28761038000104;2026-01-28;GASOLINA ADITIVADA;6.29
29937036000188;2026-01-28;DIESEL S10;6.19
29937036000188;2026-01-28;ETANOL;5.09
29937036000188;2026-01-28;GASOLINA;6.59
31465040000132;2026-01-28;DIESEL S10;5.99
31465040000132;2026-01-28;ETANOL;4.78
31465040000132;2026-01-28;GASOLINA;6.29
31465040000132;2026-01-28;GASOLINA ADITIVADA;6.59
03948877000369;2026-01-29;DIESEL;5.89
03948877000369;2026-01-29;DIESEL S10;5.99
03948877000369;2026-01-29;GASOLINA;6.49
03948877000369;2026-01-29;GASOLINA ADITIVADA;6.69
04814652000110;2026-01-29;GASOLINA;6.59
05349237000104;2026-01-29;DIESEL;6.09
05349237000104;2026-01-29;GASOLINA;6.59
05349237000104;2026-01-29;GASOLINA ADITIVADA;6.59
05609081000145;2026-01-29;DIESEL;5.99
05609081000145;2026-01-29;GASOLINA;6.59
07381843000124;2026-01-29;GASOLINA;6.55
07381843000124;2026-01-29;GASOLINA ADITIVADA;6.55
08519545000110;2026-01-29;GASOLINA;6.79
08519545000110;2026-01-29;GASOLINA ADITIVADA;6.89
08971375000100;2026-01-29;DIESEL;6.08
08971375000100;2026-01-29;DIESEL S10;6.18
08971375000100;2026-01-29;ETANOL;4.85
08971375000100;2026-01-29;GASOLINA;6.34
08971375000100;2026-01-29;GASOLINA ADITIVADA;6.45
10223356000148;2026-01-29;DIESEL;5.99
10223356000148;2026-01-29;GASOLINA;6.59
10223356000148;2026-01-29;GASOLINA ADITIVADA;6.59
10331576000195;2026-01-29;DIESEL;5.99
10331576000195;2026-01-29;GASOLINA;6.59
10331576000195;2026-01-29;GASOLINA ADITIVADA;6.59
13602147000101;2026-01-29;DIESEL S10;6.09
13602147000101;2026-01-29;GASOLINA;6.59
14509900000173;2026-01-29;ETANOL;4.74
14509900000173;2026-01-29;GASOLINA;6.59
20246670000108;2026-01-29;DIESEL;5.89
20246670000108;2026-01-29;DIESEL S10;5.99
20246670000108;2026-01-29;ETANOL;4.75
20246670000108;2026-01-29;GASOLINA;6.49
27085240000192;2026-01-29;DIESEL;6.25
27085240000192;2026-01-29;DIESEL S10;6.35
27085240000192;2026-01-29;GASOLINA;6.59
27085240000192;2026-01-29;GASOLINA ADITIVADA;6.72
27303411000374;2026-01-29;DIESEL S10;6.07
27303411000374;2026-01-29;GASOLINA;6.59
27303411000374;2026-01-29;GASOLINA ADITIVADA;6.69
30578975000162;2026-01-29;DIESEL;5.99
30578975000162;2026-01-29;GASOLINA;6.59
30578975000162;2026-01-29;GASOLINA ADITIVADA;6.59
37361618000197;2026-01-29;ETANOL;4.79
37361618000197;2026-01-29;GASOLINA;6.59
37361618000197;2026-01-29;GASOLINA ADITIVADA;6.59
39814835000110;2026-01-29;DIESEL;6.19
39814835000110;2026-01-29;ETANOL;4.99
39814835000110;2026-01-29;GASOLINA;6.59
39814835000110;2026-01-29;GASOLINA ADITIVADA;6.69
01514752000133;2026-02-02;ETANOL;4.49
01514752000133;2026-02-02;GASOLINA;5.99
01514752000133;2026-02-02;GASOLINA ADITIVADA;6.19
01823633000162;2026-02-02;DIESEL;5.79
01823633000162;2026-02-02;DIESEL S10;5.89
01823633000162;2026-02-02;ETANOL;4.69
01823633000162;2026-02-02;GASOLINA;5.89
01823633000162;2026-02-02;GASOLINA ADITIVADA;6.09
02567214000170;2026-02-02;ETANOL;4.59
02567214000170;2026-02-02;GASOLINA;5.99
02567214000170;2026-02-02;GASOLINA ADITIVADA;6.14
04145589001149;2026-02-02;DIESEL S10;5.95
04145589001149;2026-02-02;ETANOL;4.59
04145589001149;2026-02-02;GASOLINA;6.29
04145589001149;2026-02-02;GASOLINA ADITIVADA;6.49
04228463000166;2026-02-02;DIESEL S10;5.99
04228463000166;2026-02-02;ETANOL;4.89
04228463000166;2026-02-02;GASOLINA;6.09
04228463000166;2026-02-02;GASOLINA ADITIVADA;6.09
04361389000151;2026-02-02;DIESEL;5.99
04361389000151;2026-02-02;DIESEL S10;6.09
04361389000151;2026-02-02;ETANOL;4.66
04361389000151;2026-02-02;GASOLINA;5.99
04960337000100;2026-02-02;ETANOL;4.45
04960337000100;2026-02-02;GASOLINA;5.99
04960337000100;2026-02-02;GASOLINA ADITIVADA;5.99
05738923000169;2026-02-02;DIESEL;5.99
05738923000169;2026-02-02;ETANOL;4.79
05738923000169;2026-02-02;GASOLINA;6.09
05738923000169;2026-02-02;GASOLINA ADITIVADA;6.59
09167931000153;2026-02-02;DIESEL S10;6.29
09167931000153;2026-02-02;ETANOL;4.79
09167931000153;2026-02-02;GASOLINA;6.29
09167931000153;2026-02-02;GASOLINA ADITIVADA;6.69
11942147000117;2026-02-02;DIESEL S10;5.99
11942147000117;2026-02-02;ETANOL;4.65
11942147000117;2026-02-02;GASOLINA;5.99
11942147000117;2026-02-02;GASOLINA ADITIVADA;6.25
12535572000154;2026-02-02;DIESEL S10;6.05
12535572000154;2026-02-02;ETANOL;4.89
12535572000154;2026-02-02;GASOLINA;5.99
12535572000154;2026-02-02;GASOLINA ADITIVADA;6.19
22356015000120;2026-02-02;DIESEL;5.89
22356015000120;2026-02-02;DIESEL S10;5.99
22356015000120;2026-02-02;ETANOL;4.69
22356015000120;2026-02-02;GASOLINA;6.09
22356015000120;2026-02-02;GASOLINA ADITIVADA;6.29
28059632000140;2026-02-02;DIESEL;6.09
28059632000140;2026-02-02;DIESEL S10;6.09
28059632000140;2026-02-02;GASOLINA;5.99
28059632000140;2026-02-02;GASOLINA ADITIVADA;6.29
28413219000131;2026-02-02;GASOLINA;6.09
28413219000131;2026-02-02;GASOLINA ADITIVADA;6.39
36309276000101;2026-02-02;GASOLINA;5.99
36309276000101;2026-02-02;GASOLINA ADITIVADA;6.29
01496517000186;2026-02-03;DIESEL S10;6.19
01496517000186;2026-02-03;ETANOL;4.89
01496517000186;2026-02-03;GASOLINA;6.29
01496517000186;2026-02-03;GASOLINA ADITIVADA;6.49
01557127000179;2026-02-03;GASOLINA;6.29
01557127000179;2026-02-03;GASOLINA ADITIVADA;6.59
04361389000232;2026-02-03;DIESEL S10;5.99
04361389000232;2026-02-03;ETANOL;4.89
04361389000232;2026-02-03;GASOLINA;5.99
04361389000232;2026-02-03;GASOLINA ADITIVADA;5.99
04994796000104;2026-02-03;GASOLINA;6.19
04994796000104;2026-02-03;GASOLINA ADITIVADA;6.36
05393247000139;2026-02-03;DIESEL S10;5.99
05393247000139;2026-02-03;ETANOL;4.89
05393247000139;2026-02-03;GASOLINA;5.99
05393247000139;2026-02-03;GASOLINA ADITIVADA;5.99
07470392000100;2026-02-03;DIESEL;5.99
07470392000100;2026-02-03;ETANOL;4.79
07470392000100;2026-02-03;GASOLINA;6.09
07470392000100;2026-02-03;GASOLINA ADITIVADA;6.39
07571908000102;2026-02-03;GASOLINA;5.99
07571908000102;2026-02-03;GASOLINA ADITIVADA;6.29
10197775000152;2026-02-03;DIESEL;6.09
10197775000152;2026-02-03;ETANOL;4.69
10197775000152;2026-02-03;GASOLINA;5.99
10197775000152;2026-02-03;GASOLINA ADITIVADA;5.99
14509900000173;2026-02-03;ETANOL;4.74
14509900000173;2026-02-03;GASOLINA;6.59
15010530000198;2026-02-03;DIESEL S10;6.06
15010530000198;2026-02-03;ETANOL;4.79
15010530000198;2026-02-03;GASOLINA;6.19
15010530000198;2026-02-03;GASOLINA ADITIVADA;6.59
16577742000114;2026-02-03;GASOLINA;5.99
16577742000114;2026-02-03;GASOLINA ADITIVADA;6.19
17375525000104;2026-02-03;DIESEL S10;5.95
17375525000104;2026-02-03;ETANOL;4.66
17375525000104;2026-02-03;GASOLINA;5.87
17375525000104;2026-02-03;GASOLINA ADITIVADA;6.07
17753176000117;2026-02-03;DIESEL S10;6.09
17753176000117;2026-02-03;ETANOL;4.84
17753176000117;2026-02-03;GASOLINA;6.19
17753176000117;2026-02-03;GASOLINA ADITIVADA;6.59
21246940000135;2026-02-03;DIESEL;6.19
21246940000135;2026-02-03;GASOLINA;6.29
21246940000135;2026-02-03;GASOLINA ADITIVADA;6.99
23305603000105;2026-02-03;GASOLINA;5.97
23305603000105;2026-02-03;GASOLINA ADITIVADA;6.69
29326587000105;2026-02-03;GASOLINA;6.09
29326587000105;2026-02-03;GASOLINA ADITIVADA;6.39
29326587000105;2026-02-03;GNV;4.09
32311728000120;2026-02-03;DIESEL S10;6.19
32311728000120;2026-02-03;ETANOL;4.79
32311728000120;2026-02-03;GASOLINA;6.04
32311728000120;2026-02-03;GASOLINA ADITIVADA;6.19
33869754000131;2026-02-03;ETANOL;4.69
33869754000131;2026-02-03;GASOLINA;5.99
33869754000131;2026-02-03;GASOLINA ADITIVADA;6.39
35798964000101;2026-02-03;DIESEL S10;6.39
35798964000101;2026-02-03;ETANOL;4.99
35798964000101;2026-02-03;GASOLINA;6.39
35798964000101;2026-02-03;GASOLINA ADITIVADA;6.54
39383880000168;2026-02-03;GASOLINA;6.09
39383880000168;2026-02-03;GASOLINA ADITIVADA;6.39
01503536000192;2026-02-04;DIESEL S10;5.99
01503536000192;2026-02-04;GASOLINA;6.19
01503536000192;2026-02-04;GASOLINA ADITIVADA;6.39
04850382000101;2026-02-04;GASOLINA;6.16
04850382000101;2026-02-04;GASOLINA ADITIVADA;6.36
05609081000145;2026-02-04;DIESEL;5.99
05609081000145;2026-02-04;GASOLINA;6.59
08022304000161;2026-02-04;DIESEL S10;5.99
08022304000161;2026-02-04;ETANOL;4.99
08022304000161;2026-02-04;GASOLINA;6.29
08022304000161;2026-02-04;GASOLINA ADITIVADA;6.39
10331576000195;2026-02-04;DIESEL;5.99
10331576000195;2026-02-04;GASOLINA;6.59
10331576000195;2026-02-04;GASOLINA ADITIVADA;6.59
10569345000114;2026-02-04;GASOLINA;6.19
10569345000114;2026-02-04;GASOLINA ADITIVADA;6.49
13602147000101;2026-02-04;DIESEL S10;6.09
13602147000101;2026-02-04;ETANOL;4.79
13602147000101;2026-02-04;GASOLINA;6.59
23314250000100;2026-02-04;DIESEL S10;5.85
23314250000100;2026-02-04;ETANOL;4.57
23314250000100;2026-02-04;GASOLINA;6.08
00580488000173;2026-02-05;DIESEL;5.99
00580488000173;2026-02-05;DIESEL S10;6.09
00580488000173;2026-02-05;ETANOL;4.79
00580488000173;2026-02-05;GASOLINA;6.17
00580488000173;2026-02-05;GASOLINA ADITIVADA;6.29
02582857000192;2026-02-05;ETANOL;4.69
02582857000192;2026-02-05;GASOLINA;6.05
02582857000192;2026-02-05;GASOLINA ADITIVADA;6.05
02802986000149;2026-02-05;DIESEL S10;6.09
02802986000149;2026-02-05;ETANOL;4.99
02802986000149;2026-02-05;GASOLINA;6.18
02802986000149;2026-02-05;GASOLINA ADITIVADA;6.3
05349237000104;2026-02-05;GASOLINA;6.59
05349237000104;2026-02-05;GASOLINA ADITIVADA;6.59
05892261000187;2026-02-05;DIESEL;6.19
05892261000187;2026-02-05;DIESEL S10;6.29
05892261000187;2026-02-05;GASOLINA;6.19
05892261000187;2026-02-05;GASOLINA ADITIVADA;6.29
06073382000160;2026-02-05;DIESEL S10;5.89
06073382000160;2026-02-05;ETANOL;4.59
06073382000160;2026-02-05;GASOLINA;6.06
09076862000172;2026-02-05;GASOLINA;6.59
09076862000172;2026-02-05;GASOLINA ADITIVADA;7.09
10223356000148;2026-02-05;DIESEL;5.99
10223356000148;2026-02-05;GASOLINA;6.59
10223356000148;2026-02-05;GASOLINA ADITIVADA;6.59
10813831000136;2026-02-05;DIESEL;5.95
10813831000136;2026-02-05;DIESEL S10;6.15
10813831000136;2026-02-05;GASOLINA;6.54
10813831000136;2026-02-05;GASOLINA ADITIVADA;6.84
11222333000181;2026-02-05;DIESEL;5.9
11222333000181;2026-02-05;DIESEL S10;5.97
11222333000181;2026-02-05;ETANOL;4.65
11222333000181;2026-02-05;GASOLINA;6.19
11222333000181;2026-02-05;GASOLINA ADITIVADA;6.19
11222333000505;2026-02-05;DIESEL S10;5.99
11222333000505;2026-02-05;ETANOL;4.79
11222333000505;2026-02-05;GASOLINA;6.09
11222333000505;2026-02-05;GASOLINA ADITIVADA;6.09
13814642000176;2026-02-05;DIESEL S10;6.09
13814642000176;2026-02-05;ETANOL;4.59
13814642000176;2026-02-05;GASOLINA;6.09
13814642000176;2026-02-05;GASOLINA ADITIVADA;6.49
14096313000108;2026-02-05;DIESEL;6.25
14096313000108;2026-02-05;DIESEL S10;6.29
14096313000108;2026-02-05;ETANOL;5.18
14096313000108;2026-02-05;GASOLINA;6.69
14096313000108;2026-02-05;GASOLINA ADITIVADA;6.89
15226314000184;2026-02-05;ETANOL;4.69
15226314000184;2026-02-05;GASOLINA;6.19
18366697000184;2026-02-05;DIESEL;6.05
18366697000184;2026-02-05;DIESEL S10;6.09
18366697000184;2026-02-05;ETANOL;4.89
18366697000184;2026-02-05;GASOLINA;6.15
18366697000184;2026-02-05;GASOLINA ADITIVADA;6.45
23238396000105;2026-02-05;DIESEL S10;6.07
23238396000105;2026-02-05;ETANOL;4.99
23238396000105;2026-02-05;GASOLINA;6.18
23238396000105;2026-02-05;GASOLINA ADITIVADA;6.35
24145665000151;2026-02-05;DIESEL S10;6.09
24145665000151;2026-02-05;ETANOL;4.79
24145665000151;2026-02-05;GASOLINA;6.19
27016518000170;2026-02-05;DIESEL;5.89
27016518000170;2026-02-05;DIESEL S10;5.99
27016518000170;2026-02-05;ETANOL;4.79
27016518000170;2026-02-05;GASOLINA;6.19
27016518000170;2026-02-05;GASOLINA ADITIVADA;6.39
27020445000190;2026-02-05;GASOLINA;6.59
27020445000190;2026-02-05;GASOLINA ADITIVADA;6.99
27020445000513;2026-02-05;GASOLINA;6.59
27020445000513;2026-02-05;GASOLINA ADITIVADA;6.89
27303411000102;2026-02-05;DIESEL;5.99
27303411000102;2026-02-05;DIESEL S10;6.09
27303411000102;2026-02-05;ETANOL;4.99
27303411000102;2026-02-05;GASOLINA;6.59
27303411000102;2026-02-05;GASOLINA ADITIVADA;6.69
27303411000374;2026-02-05;DIESEL S10;6.07
27303411000374;2026-02-05;GASOLINA;6.59
27303411000374;2026-02-05;GASOLINA ADITIVADA;6.69
27316819000119;2026-02-05;GASOLINA;6.59
27316819000119;2026-02-05;GASOLINA ADITIVADA;6.79
27394378000173;2026-02-05;DIESEL S10;6.09
27394378000173;2026-02-05;GASOLINA;5.88
27394378000173;2026-02-05;GASOLINA ADITIVADA;6.39
27396415000182;2026-02-05;DIESEL;6.03
27396415000182;2026-02-05;ETANOL;4.68
27396415000182;2026-02-05;GASOLINA;6.24
27396415000182;2026-02-05;GASOLINA ADITIVADA;6.35
27664597000710;2026-02-05;ETANOL;4.99
27664597000710;2026-02-05;GASOLINA;6.59
27664597000710;2026-02-05;GASOLINA ADITIVADA;6.59
27926384000124;2026-02-05;DIESEL;5.89
27926384000124;2026-02-05;DIESEL S10;5.99
27926384000124;2026-02-05;ETANOL;4.69
27926384000124;2026-02-05;GASOLINA;6.15
27926384000124;2026-02-05;GASOLINA ADITIVADA;6.15
28344206000158;2026-02-05;ETANOL;4.65
28344206000158;2026-02-05;GASOLINA;6.15
28344206000158;2026-02-05;GASOLINA ADITIVADA;6.15
30578975000162;2026-02-05;DIESEL;6.09
30578975000162;2026-02-05;GASOLINA;6.59
30578975000162;2026-02-05;GASOLINA ADITIVADA;6.59
30869047000157;2026-02-05;DIESEL;5.99
30869047000157;2026-02-05;DIESEL S10;6.09
30869047000157;2026-02-05;ETANOL;4.99
30869047000157;2026-02-05;GASOLINA;6.59
32248017000159;2026-02-05;DIESEL S10;6.09
32248017000159;2026-02-05;ETANOL;5.18
32248017000159;2026-02-05;GASOLINA;6.59
32248017000159;2026-02-05;GASOLINA ADITIVADA;6.89
36751443000161;2026-02-05;DIESEL S10;6.59
36751443000161;2026-02-05;GASOLINA;6.69
36751443000161;2026-02-05;GASOLINA ADITIVADA;6.69
37361618000197;2026-02-05;ETANOL;4.79
37361618000197;2026-02-05;GASOLINA;6.59
37361618000197;2026-02-05;GASOLINA ADITIVADA;6.59
01503536000192;2026-02-09;DIESEL S10;5.99
01503536000192;2026-02-09;GASOLINA;6.19
01503536000192;2026-02-09;GASOLINA ADITIVADA;6.39
01557127000179;2026-02-09;GASOLINA;6.29
01557127000179;2026-02-09;GASOLINA ADITIVADA;6.59
02802986000149;2026-02-09;DIESEL S10;6.09
02802986000149;2026-02-09;ETANOL;4.99
02802986000149;2026-02-09;GASOLINA;6.18
02802986000149;2026-02-09;GASOLINA ADITIVADA;6.3
04960337000100;2026-02-09;ETANOL;4.45
04960337000100;2026-02-09;GASOLINA;5.99
04960337000100;2026-02-09;GASOLINA ADITIVADA;5.99
08022304000161;2026-02-09;DIESEL S10;5.99
08022304000161;2026-02-09;ETANOL;4.99
08022304000161;2026-02-09;GASOLINA;6.29
08022304000161;2026-02-09;GASOLINA ADITIVADA;6.39
09076862000172;2026-02-09;GASOLINA;6.59
09076862000172;2026-02-09;GASOLINA ADITIVADA;7.09
10569345000114;2026-02-09;GASOLINA;6.19
10569345000114;2026-02-09;GASOLINA ADITIVADA;6.49
11222333000262;2026-02-09;DIESEL;5.89
11222333000262;2026-02-09;DIESEL S10;5.99
11222333000262;2026-02-09;ETANOL;4.69
11222333000262;2026-02-09;GASOLINA;6.09
11222333000262;2026-02-09;GASOLINA ADITIVADA;6.29
11222333000262;2026-02-09;GNV;3.99
14096313000108;2026-02-09;DIESEL;6.25
14096313000108;2026-02-09;DIESEL S10;6.29
14096313000108;2026-02-09;ETANOL;5.18
14096313000108;2026-02-09;GASOLINA;6.69
14096313000108;2026-02-09;GASOLINA ADITIVADA;6.89
15010530000198;2026-02-09;DIESEL S10;6.06
15010530000198;2026-02-09;ETANOL;4.79
15010530000198;2026-02-09;GASOLINA;6.19
15010530000198;2026-02-09;GASOLINA ADITIVADA;6.59
17753176000117;2026-02-09;DIESEL S10;6.09
17753176000117;2026-02-09;ETANOL;4.84
17753176000117;2026-02-09;GASOLINA;6.19
17753176000117;2026-02-09;GASOLINA ADITIVADA;6.59
23238396000105;2026-02-09;DIESEL S10;6.07
23238396000105;2026-02-09;ETANOL;4.99
23238396000105;2026-02-09;GASOLINA;6.18
23238396000105;2026-02-09;GASOLINA ADITIVADA;6.3
27020445000190;2026-02-09;GASOLINA;6.59
27020445000190;2026-02-09;GASOLINA ADITIVADA;6.99
27020445000513;2026-02-09;GASOLINA;6.59
27020445000513;2026-02-09;GASOLINA ADITIVADA;6.89
27316819000119;2026-02-09;GASOLINA;6.59
27316819000119;2026-02-09;GASOLINA ADITIVADA;6.79
32248017000159;2026-02-09;DIESEL S10;6.09
32248017000159;2026-02-09;ETANOL;5.18
32248017000159;2026-02-09;GASOLINA;6.59
32248017000159;2026-02-09;GASOLINA ADITIVADA;6.89
36336386000154;2026-02-09;DIESEL;5.79
36336386000154;2026-02-09;DIESEL S10;5.89
36336386000154;2026-02-09;ETANOL;4.69
36336386000154;2026-02-09;GASOLINA;6.09
36336386000154;2026-02-09;GASOLINA ADITIVADA;6.29
39343553000182;2026-02-09;DIESEL;5.92
39343553000182;2026-02-09;DIESEL S10;5.98
39343553000182;2026-02-09;ETANOL;4.88
39343553000182;2026-02-09;GASOLINA;6.08
39343553000182;2026-02-09;GASOLINA ADITIVADA;6.08
45543915004683;2026-02-09;ETANOL;4.59
45543915004683;2026-02-09;GASOLINA;6.09
45543915004683;2026-02-09;GASOLINA ADITIVADA;6.19
00345721000133;2026-02-10;DIESEL S10;6.19
00345721000133;2026-02-10;GASOLINA;6.59
01496517000186;2026-02-10;DIESEL S10;6.19
01496517000186;2026-02-10;ETANOL;4.89
01496517000186;2026-02-10;GASOLINA;6.19
01496517000186;2026-02-10;GASOLINA ADITIVADA;6.39
01823633000162;2026-02-10;DIESEL;5.79
01823633000162;2026-02-10;DIESEL S10;5.89
01823633000162;2026-02-10;ETANOL;4.69
01823633000162;2026-02-10;GASOLINA;5.89
01823633000162;2026-02-10;GASOLINA ADITIVADA;6.09
02567214000170;2026-02-10;ETANOL;4.59
02567214000170;2026-02-10;GASOLINA;5.99
02567214000170;2026-02-10;GASOLINA ADITIVADA;6.14
04228463000166;2026-02-10;DIESEL S10;5.99
04228463000166;2026-02-10;ETANOL;4.89
04228463000166;2026-02-10;GASOLINA;6.09
04228463000166;2026-02-10;GASOLINA ADITIVADA;6.09
04361389000151;2026-02-10;DIESEL;5.99
04361389000151;2026-02-10;DIESEL S10;6.09
04361389000151;2026-02-10;ETANOL;4.66
04361389000151;2026-02-10;GASOLINA;5.99
05349237000104;2026-02-10;DIESEL;5.99
05349237000104;2026-02-10;GASOLINA;6.59
05349237000104;2026-02-10;GASOLINA ADITIVADA;6.59
05738923000169;2026-02-10;DIESEL;5.99
05738923000169;2026-02-10;ETANOL;4.79
05738923000169;2026-02-10;GASOLINA;6.09
05738923000169;2026-02-10;GASOLINA ADITIVADA;6.59
08788618000170;2026-02-10;ETANOL;4.79
08788618000170;2026-02-10;GASOLINA;5.99
08788618000170;2026-02-10;GASOLINA ADITIVADA;6.39
08788618000170;2026-02-10;GNV;4.09
09167931000153;2026-02-10;DIESEL S10;6.29
09167931000153;2026-02-10;ETANOL;4.79
09167931000153;2026-02-10;GASOLINA;6.29
09167931000153;2026-02-10;GASOLINA ADITIVADA;6.69
11222333000343;2026-02-10;DIESEL S10;5.89
11222333000343;2026-02-10;ETANOL;4.49
11222333000343;2026-02-10;GASOLINA;5.99
11222333000343;2026-02-10;GASOLINA ADITIVADA;5.99
11942147000117;2026-02-10;DIESEL S10;5.99
11942147000117;2026-02-10;ETANOL;4.65
11942147000117;2026-02-10;GASOLINA;5.99
11942147000117;2026-02-10;GASOLINA ADITIVADA;6.25
12535572000154;2026-02-10;DIESEL S10;6.05
12535572000154;2026-02-10;ETANOL;4.89
12535572000154;2026-02-10;GASOLINA;5.99
12535572000154;2026-02-10;GASOLINA ADITIVADA;6.19
13602147000101;2026-02-10;DIESEL S10;6.09
13602147000101;2026-02-10;GASOLINA;6.59
14509900000173;2026-02-10;ETANOL;4.74
14509900000173;2026-02-10;GASOLINA;6.59
14806977000105;2026-02-10;ETANOL;4.89
14806977000105;2026-02-10;GASOLINA;6.29
14806977000105;2026-02-10;GASOLINA ADITIVADA;6.49
16577742000114;2026-02-10;GASOLINA;5.99
16577742000114;2026-02-10;GASOLINA ADITIVADA;6.19
21246940000135;2026-02-10;DIESEL;6.19
21246940000135;2026-02-10;GASOLINA;6.29
21246940000135;2026-02-10;GASOLINA ADITIVADA;6.99
22356015000120;2026-02-10;DIESEL;5.89
22356015000120;2026-02-10;DIESEL S10;5.99
22356015000120;2026-02-10;ETANOL;4.69
22356015000120;2026-02-10;GASOLINA;6.09
22356015000120;2026-02-10;GASOLINA ADITIVADA;6.29
22356015000120;2026-02-10;GNV;3.99
27066273000276;2026-02-10;ETANOL;4.49
27066273000276;2026-02-10;GASOLINA;5.99
27066273000276;2026-02-10;GASOLINA ADITIVADA;5.99
27303411000102;2026-02-10;DIESEL;5.99
27303411000102;2026-02-10;DIESEL S10;6.09
27303411000102;2026-02-10;ETANOL;4.99
27303411000102;2026-02-10;GASOLINA;6.59
27303411000102;2026-02-10;GASOLINA ADITIVADA;6.69
28059632000140;2026-02-10;DIESEL;6.09
28059632000140;2026-02-10;DIESEL S10;6.09
28059632000140;2026-02-10;GASOLINA;5.89
28059632000140;2026-02-10;GASOLINA ADITIVADA;6.29
28413219000131;2026-02-10;GASOLINA;6.09
28413219000131;2026-02-10;GASOLINA ADITIVADA;6.39
32467417000155;2026-02-10;ETANOL;4.59
32467417000155;2026-02-10;GASOLINA;6.18
39383377000102;2026-02-10;DIESEL S10;6.09
39383377000102;2026-02-10;ETANOL;4.89
39383377000102;2026-02-10;GASOLINA;6.08
39383377000102;2026-02-10;GASOLINA ADITIVADA;6.28
04361389000232;2026-02-11;DIESEL S10;5.99
04361389000232;2026-02-11;ETANOL;4.89
04361389000232;2026-02-11;GASOLINA;6.19
04361389000232;2026-02-11;GASOLINA ADITIVADA;6.39
04994796000104;2026-02-11;GASOLINA;6.19
04994796000104;2026-02-11;GASOLINA ADITIVADA;6.36
05393247000139;2026-02-11;DIESEL S10;5.99
05393247000139;2026-02-11;ETANOL;4.89
05393247000139;2026-02-11;GASOLINA;6.19
05393247000139;2026-02-11;GASOLINA ADITIVADA;6.39
07470392000100;2026-02-11;DIESEL;5.99
07470392000100;2026-02-11;ETANOL;4.79
07470392000100;2026-02-11;GASOLINA;6.09
07470392000100;2026-02-11;GASOLINA ADITIVADA;6.39
07571908000102;2026-02-11;GASOLINA;5.99
07571908000102;2026-02-11;GASOLINA ADITIVADA;6.29
07830414000197;2026-02-11;DIESEL;5.95
07830414000197;2026-02-11;ETANOL;4.89
07830414000197;2026-02-11;GASOLINA;6.09
07830414000197;2026-02-11;GASOLINA ADITIVADA;6.44
10197775000152;2026-02-11;DIESEL S10;6.09
10197775000152;2026-02-11;ETANOL;4.69
10197775000152;2026-02-11;GASOLINA;5.99
10197775000152;2026-02-11;GASOLINA ADITIVADA;5.99
10813831000136;2026-02-11;DIESEL;5.95
10813831000136;2026-02-11;DIESEL S10;6.15
10813831000136;2026-02-11;GASOLINA;6.54
10813831000136;2026-02-11;GASOLINA ADITIVADA;6.84
11222333000424;2026-02-11;DIESEL S10;5.99
11222333000424;2026-02-11;ETANOL;4.79
11222333000424;2026-02-11;GASOLINA;5.99
11222333000424;2026-02-11;GASOLINA ADITIVADA;6.19
17375525000104;2026-02-11;DIESEL S10;5.95
17375525000104;2026-02-11;ETANOL;4.66
17375525000104;2026-02-11;GASOLINA;5.87
17375525000104;2026-02-11;GASOLINA ADITIVADA;6.07
26980450000181;2026-02-11;ETANOL;4.79
26980450000181;2026-02-11;GASOLINA;6.09
26980450000181;2026-02-11;GASOLINA ADITIVADA;6.39
27734094000189;2026-02-11;DIESEL S10;6.39
27734094000189;2026-02-11;ETANOL;4.99
27734094000189;2026-02-11;GASOLINA;6.09
27734094000189;2026-02-11;GASOLINA ADITIVADA;6.44
00580488000173;2026-02-12;DIESEL;5.99
00580488000173;2026-02-12;DIESEL S10;6.09
00580488000173;2026-02-12;ETANOL;4.79
00580488000173;2026-02-12;GASOLINA;6.09
00580488000173;2026-02-12;GASOLINA ADITIVADA;6.09
02582857000192;2026-02-12;ETANOL;4.69
02582857000192;2026-02-12;GASOLINA;6.05
02582857000192;2026-02-12;GASOLINA ADITIVADA;6.05
02583872000155;2026-02-12;DIESEL;5.89
02583872000155;2026-02-12;DIESEL S10;5.99
02583872000155;2026-02-12;ETANOL;5.19
02583872000155;2026-02-12;GASOLINA;7.09
02583872000155;2026-02-12;GASOLINA ADITIVADA;7.29
04411606000170;2026-02-12;DIESEL S10;5.94
04411606000170;2026-02-12;ETANOL;4.99
04411606000170;2026-02-12;GASOLINA;6.86
05791319000104;2026-02-12;DIESEL;5.99
05791319000104;2026-02-12;DIESEL S10;6.09
05791319000104;2026-02-12;GASOLINA;6.53
05791319000104;2026-02-12;GASOLINA ADITIVADA;6.63
05791319000104;2026-02-12;GNV;4.49
08519545000110;2026-02-12;GASOLINA;6.79
08519545000110;2026-02-12;GASOLINA ADITIVADA;6.89
08971375000100;2026-02-12;DIESEL;6.08
08971375000100;2026-02-12;DIESEL S10;6.18
08971375000100;2026-02-12;ETANOL;4.87
08971375000100;2026-02-12;GASOLINA;6.39
08971375000100;2026-02-12;GASOLINA ADITIVADA;6.5
11222333000181;2026-02-12;DIESEL;5.9
11222333000181;2026-02-12;DIESEL S10;5.97
11222333000181;2026-02-12;ETANOL;4.65
11222333000181;2026-02-12;GASOLINA;6.19
11222333000181;2026-02-12;GASOLINA ADITIVADA;6.19
11222333000181;2026-02-12;GNV;4.09
11222333000505;2026-02-12;DIESEL S10;5.99
11222333000505;2026-02-12;ETANOL;4.79
11222333000505;2026-02-12;GASOLINA;6.09
11222333000505;2026-02-12;GASOLINA ADITIVADA;6.09
11222333000505;2026-02-12;GNV;3.99
13814642000176;2026-02-12;DIESEL S10;5.99
13814642000176;2026-02-12;ETANOL;4.59
13814642000176;2026-02-12;GASOLINA;6.09
13814642000176;2026-02-12;GASOLINA ADITIVADA;6.49
15226314000184;2026-02-12;ETANOL;4.69
15226314000184;2026-02-12;GASOLINA;6.09
20246670000108;2026-02-12;DIESEL;5.89
20246670000108;2026-02-12;DIESEL S10;5.99
20246670000108;2026-02-12;ETANOL;4.75
20246670000108;2026-02-12;GASOLINA;6.49
21931941000119;2026-02-12;DIESEL;5.89
21931941000119;2026-02-12;DIESEL S10;5.99
21931941000119;2026-02-12;ETANOL;5.19
21931941000119;2026-02-12;GASOLINA;7.09
21931941000119;2026-02-12;GASOLINA ADITIVADA;7.39
27085240000192;2026-02-12;DIESEL;6.09
27085240000192;2026-02-12;DIESEL S10;6.19
27085240000192;2026-02-12;GASOLINA;6.49
27085240000192;2026-02-12;GASOLINA ADITIVADA;6.62
27124023000164;2026-02-12;DIESEL;6.69
27124023000164;2026-02-12;DIESEL S10;6.79
27124023000164;2026-02-12;GASOLINA;7.29
27124023000164;2026-02-12;GASOLINA ADITIVADA;7.39
27352004000195;2026-02-12;DIESEL;6.19
27352004000195;2026-02-12;ETANOL;4.99
27352004000195;2026-02-12;GASOLINA;6.49
27352004000195;2026-02-12;GASOLINA ADITIVADA;6.59
27926384000124;2026-02-12;DIESEL;5.89
27926384000124;2026-02-12;DIESEL S10;5.99
27926384000124;2026-02-12;ETANOL;4.69
27926384000124;2026-02-12;GASOLINA;6.15
27926384000124;2026-02-12;GASOLINA ADITIVADA;6.15
29986296000143;2026-02-12;GASOLINA;6.19
31815194000107;2026-02-12;DIESEL S10;5.97
31815194000107;2026-02-12;ETANOL;4.65
31815194000107;2026-02-12;GASOLINA;6.15
31815194000107;2026-02-12;GASOLINA ADITIVADA;6.19
38023401000130;2026-02-12;DIESEL S10;5.99
38023401000130;2026-02-12;ETANOL;4.8
38023401000130;2026-02-12;GASOLINA;6.09
39275615000166;2026-02-12;DIESEL S10;6.09
39275615000166;2026-02-12;ETANOL;4.79
39275615000166;2026-02-12;GASOLINA;6.29
39275615000166;2026-02-12;GASOLINA ADITIVADA;6.39
39275615000166;2026-02-12;GNV;3.98
39277771000166;2026-02-12;DIESEL;5.99
39277771000166;2026-02-12;GASOLINA;6.19
39277771000166;2026-02-12;GASOLINA ADITIVADA;6.39
02806627000160;2026-02-13;DIESEL;6.19
02806627000160;2026-02-13;GASOLINA;6.45
02806627000160;2026-02-13;GASOLINA ADITIVADA;6.65
05609081000145;2026-02-13;DIESEL;5.99
05609081000145;2026-02-13;GASOLINA;6.59
10223356000148;2026-02-13;DIESEL;5.99
10223356000148;2026-02-13;GASOLINA;6.39
10223356000148;2026-02-13;GASOLINA ADITIVADA;6.49
10331576000195;2026-02-13;DIESEL;5.99
10331576000195;2026-02-13;GASOLINA;6.39
10331576000195;2026-02-13;GASOLINA ADITIVADA;6.49
18526631000104;2026-02-13;DIESEL;5.89
18526631000104;2026-02-13;GASOLINA;6.29
00345721000133;2026-02-16;DIESEL S10;6.19
00345721000133;2026-02-16;GASOLINA;6.59
01557127000179;2026-02-16;GASOLINA;6.29
01557127000179;2026-02-16;GASOLINA ADITIVADA;6.59
01823633000162;2026-02-16;DIESEL;5.79
01823633000162;2026-02-16;DIESEL S10;5.89
01823633000162;2026-02-16;ETANOL;4.69
01823633000162;2026-02-16;GASOLINA;5.89
01823633000162;2026-02-16;GASOLINA ADITIVADA;6.09
03348196000106;2026-02-16;DIESEL;6.39
03348196000106;2026-02-16;DIESEL S10;6.49
03348196000106;2026-02-16;ETANOL;5.49
03348196000106;2026-02-16;GASOLINA;6.39
03348196000106;2026-02-16;GASOLINA ADITIVADA;6.49
04361389000151;2026-02-16;DIESEL;5.99
04361389000151;2026-02-16;DIESEL S10;6.09
04361389000151;2026-02-16;ETANOL;4.66
04361389000151;2026-02-16;GASOLINA;5.99
05738923000169;2026-02-16;DIESEL;5.99
05738923000169;2026-02-16;ETANOL;4.79
05738923000169;2026-02-16;GASOLINA;6.09
05738923000169;2026-02-16;GASOLINA ADITIVADA;6.59
08022304000161;2026-02-16;DIESEL S10;5.99
08022304000161;2026-02-16;ETANOL;4.99
08022304000161;2026-02-16;GASOLINA;6.29
08022304000161;2026-02-16;GASOLINA ADITIVADA;6.39
09167931000153;2026-02-16;DIESEL S10;6.29
09167931000153;2026-02-16;ETANOL;4.89
09167931000153;2026-02-16;GASOLINA;6.28
09167931000153;2026-02-16;GASOLINA ADITIVADA;6.59
10569345000114;2026-02-16;GASOLINA;6.19
10569345000114;2026-02-16;GASOLINA ADITIVADA;6.49
12535572000154;2026-02-16;DIESEL S10;6.05
12535572000154;2026-02-16;ETANOL;4.89
12535572000154;2026-02-16;GASOLINA;5.94
12535572000154;2026-02-16;GASOLINA ADITIVADA;6.14
17753176000117;2026-02-16;DIESEL S10;6.09
17753176000117;2026-02-16;ETANOL;4.84
17753176000117;2026-02-16;GASOLINA;6.09
17753176000117;2026-02-16;GASOLINA ADITIVADA;6.49
22356015000120;2026-02-16;DIESEL;5.89
22356015000120;2026-02-16;DIESEL S10;5.99
22356015000120;2026-02-16;ETANOL;4.69
22356015000120;2026-02-16;GASOLINA;6.09
22356015000120;2026-02-16;GASOLINA ADITIVADA;6.29
22356015000120;2026-02-16;GNV;3.99
27664597000710;2026-02-16;ETANOL;4.99
27664597000710;2026-02-16;GASOLINA;6.59
27664597000710;2026-02-16;GASOLINA ADITIVADA;6.59
30690682000172;2026-02-16;DIESEL S10;6.49
30690682000172;2026-02-16;ETANOL;4.99
30690682000172;2026-02-16;GASOLINA;6.69
30690682000172;2026-02-16;GASOLINA ADITIVADA;6.69
30869047000157;2026-02-16;DIESEL;5.99
30869047000157;2026-02-16;DIESEL S10;6.09
30869047000157;2026-02-16;ETANOL;4.99
30869047000157;2026-02-16;GASOLINA;6.59
31727338000173;2026-02-16;DIESEL;5.99
31727338000173;2026-02-16;ETANOL;4.79
31727338000173;2026-02-16;GASOLINA;6.09
31727338000173;2026-02-16;GASOLINA ADITIVADA;6.59
36751443000161;2026-02-16;DIESEL S10;6.59
36751443000161;2026-02-16;GASOLINA;6.69
36751443000161;2026-02-16;GASOLINA ADITIVADA;6.69
39343553000182;2026-02-16;DIESEL;5.92
39343553000182;2026-02-16;DIESEL S10;5.98
39343553000182;2026-02-16;ETANOL;4.88
39343553000182;2026-02-16;GASOLINA;6.08
39343553000182;2026-02-16;GASOLINA ADITIVADA;6.08
47674687000104;2026-02-16;DIESEL S10;5.95
47674687000104;2026-02-16;ETANOL;4.69
47674687000104;2026-02-16;GASOLINA;5.89
01496517000186;2026-02-17;DIESEL S10;6.19
01496517000186;2026-02-17;ETANOL;4.89
01496517000186;2026-02-17;GASOLINA;6.19
01496517000186;2026-02-17;GASOLINA ADITIVADA;6.39
01514752000133;2026-02-17;ETANOL;4.49
01514752000133;2026-02-17;GASOLINA;5.99
01514752000133;2026-02-17;GASOLINA ADITIVADA;6.19
02567214000170;2026-02-17;ETANOL;4.59
02567214000170;2026-02-17;GASOLINA;5.99
02567214000170;2026-02-17;GASOLINA ADITIVADA;6.14
04228463000166;2026-02-17;DIESEL S10;5.99
04228463000166;2026-02-17;ETANOL;4.89
04228463000166;2026-02-17;GASOLINA;6.09
04228463000166;2026-02-17;GASOLINA ADITIVADA;6.09
04361389000232;2026-02-17;DIESEL S10;5.99
04361389000232;2026-02-17;ETANOL;4.89
04361389000232;2026-02-17;GASOLINA;6.19
04361389000232;2026-02-17;GASOLINA ADITIVADA;6.39
04960337000100;2026-02-17;ETANOL;4.45
04960337000100;2026-02-17;GASOLINA;5.99
04960337000100;2026-02-17;GASOLINA ADITIVADA;5.99
04994796000104;2026-02-17;GASOLINA;6.19
04994796000104;2026-02-17;GASOLINA ADITIVADA;6.36
05393247000139;2026-02-17;DIESEL S10;5.99
05393247000139;2026-02-17;ETANOL;4.89
05393247000139;2026-02-17;GASOLINA;6.19
05393247000139;2026-02-17;GASOLINA ADITIVADA;6.39
07830414000197;2026-02-17;DIESEL;5.95
07830414000197;2026-02-17;ETANOL;4.89
07830414000197;2026-02-17;GASOLINA;6.09
07830414000197;2026-02-17;GASOLINA ADITIVADA;6.44
08788618000170;2026-02-17;ETANOL;4.79
08788618000170;2026-02-17;GASOLINA;5.99
08788618000170;2026-02-17;GASOLINA ADITIVADA;6.39
08788618000170;2026-02-17;GNV;4.09
11222333000343;2026-02-17;DIESEL S10;5.89
11222333000343;2026-02-17;ETANOL;4.49
11222333000343;2026-02-17;GASOLINA;5.99
11222333000343;2026-02-17;GASOLINA ADITIVADA;5.99
11222333000424;2026-02-17;DIESEL S10;5.99
11222333000424;2026-02-17;ETANOL;4.79
11222333000424;2026-02-17;GASOLINA;5.99
11222333000424;2026-02-17;GASOLINA ADITIVADA;6.19
11942147000117;2026-02-17;DIESEL S10;5.99
11942147000117;2026-02-17;ETANOL;4.65
11942147000117;2026-02-17;GASOLINA;5.99
11942147000117;2026-02-17;GASOLINA ADITIVADA;6.25
14806977000105;2026-02-17;ETANOL;4.89
14806977000105;2026-02-17;GASOLINA;6.19
14806977000105;2026-02-17;GASOLINA ADITIVADA;6.39
26058218000190;2026-02-17;DIESEL;6.09
26058218000190;2026-02-17;DIESEL S10;6.19
26058218000190;2026-02-17;ETANOL;4.69
26058218000190;2026-02-17;GASOLINA;6.29
26058218000190;2026-02-17;GASOLINA ADITIVADA;6.39
26980450000181;2026-02-17;ETANOL;4.79
26980450000181;2026-02-17;GASOLINA;6.09
26980450000181;2026-02-17;GASOLINA ADITIVADA;6.39
27664597001288;2026-02-17;ETANOL;4.69
27664597001288;2026-02-17;GASOLINA;5.89
29937036000188;2026-02-17;DIESEL S10;6.19
29937036000188;2026-02-17;ETANOL;5.09
29937036000188;2026-02-17;GASOLINA;6.59
33869754000131;2026-02-17;ETANOL;4.69
33869754000131;2026-02-17;GASOLINA;5.99
33869754000131;2026-02-17;GASOLINA ADITIVADA;6.39
38530950000109;2026-02-17;DIESEL;5.99
38530950000109;2026-02-17;DIESEL S10;6.09
38530950000109;2026-02-17;ETANOL;4.65
38530950000109;2026-02-17;GASOLINA;6.09
38530950000109;2026-02-17;GASOLINA ADITIVADA;6.39
39383880000168;2026-02-17;GASOLINA;6.09
39383880000168;2026-02-17;GASOLINA ADITIVADA;6.39
39400494000137;2026-02-17;DIESEL S10;6.19
39400494000137;2026-02-17;ETANOL;4.89
39400494000137;2026-02-17;GASOLINA;6.09
39400494000137;2026-02-17;GASOLINA ADITIVADA;6.39
02802986000149;2026-02-18;DIESEL S10;6.09
02802986000149;2026-02-18;ETANOL;4.99
02802986000149;2026-02-18;GASOLINA;6.18
02802986000149;2026-02-18;GASOLINA ADITIVADA;6.3
02806627000160;2026-02-18;DIESEL;6.19
02806627000160;2026-02-18;GASOLINA;6.45
02806627000160;2026-02-18;GASOLINA ADITIVADA;6.65
04145589001149;2026-02-18;DIESEL S10;5.95
04145589001149;2026-02-18;ETANOL;4.59
04145589001149;2026-02-18;GASOLINA;6.17
04145589001149;2026-02-18;GASOLINA ADITIVADA;6.37
05609081000145;2026-02-18;DIESEL;5.99
05609081000145;2026-02-18;GASOLINA;6.59
09076862000172;2026-02-18;GASOLINA;6.59
09076862000172;2026-02-18;GASOLINA ADITIVADA;7.09
10223356000148;2026-02-18;DIESEL;5.99
10223356000148;2026-02-18;GASOLINA;6.39
10223356000148;2026-02-18;GASOLINA ADITIVADA;6.49
10331576000195;2026-02-18;DIESEL;5.99
10331576000195;2026-02-18;GASOLINA;6.39
10331576000195;2026-02-18;GASOLINA ADITIVADA;6.49
13602147000101;2026-02-18;GASOLINA;6.39
14096313000108;2026-02-18;DIESEL S10;6.19
14096313000108;2026-02-18;ETANOL;4.99
14096313000108;2026-02-18;GASOLINA;6.19
14096313000108;2026-02-18;GASOLINA ADITIVADA;6.69
14509900000173;2026-02-18;ETANOL;4.74
14509900000173;2026-02-18;GASOLINA;6.39
15010530000198;2026-02-18;DIESEL S10;6.06
15010530000198;2026-02-18;ETANOL;4.89
15010530000198;2026-02-18;GASOLINA;6.09
15010530000198;2026-02-18;GASOLINA ADITIVADA;6.49
18526631000104;2026-02-18;DIESEL;5.89
18526631000104;2026-02-18;GASOLINA;6.29
18526631000104;2026-02-18;GASOLINA ADITIVADA;6.49
27020445000190;2026-02-18;GASOLINA;6.59
27020445000190;2026-02-18;GASOLINA ADITIVADA;6.99
27020445000513;2026-02-18;GASOLINA;6.59
27020445000513;2026-02-18;GASOLINA ADITIVADA;6.89
27316819000119;2026-02-18;GASOLINA;6.59
27316819000119;2026-02-18;GASOLINA ADITIVADA;6.79
30578975000162;2026-02-18;DIESEL;5.99
30578975000162;2026-02-18;GASOLINA;6.39
30578975000162;2026-02-18;GASOLINA ADITIVADA;6.49
32248017000159;2026-02-18;DIESEL S10;6.09
32248017000159;2026-02-18;ETANOL;5.18
32248017000159;2026-02-18;GASOLINA;6.59
32248017000159;2026-02-18;GASOLINA ADITIVADA;6.89
34034823000150;2026-02-18;DIESEL S10;6.09
34034823000150;2026-02-18;ETANOL;5.18
34034823000150;2026-02-18;GASOLINA;6.59
34034823000150;2026-02-18;GASOLINA ADITIVADA;6.89
36675989000180;2026-02-18;DIESEL S10;6.09
36675989000180;2026-02-18;ETANOL;4.59
36675989000180;2026-02-18;GASOLINA;6.17
36675989000180;2026-02-18;GASOLINA ADITIVADA;6.17
01503536000192;2026-02-19;DIESEL S10;5.99
01503536000192;2026-02-19;GASOLINA;6.19
01503536000192;2026-02-19;GASOLINA ADITIVADA;6.39
03948877000369;2026-02-19;DIESEL;5.89
03948877000369;2026-02-19;DIESEL S10;5.99
03948877000369;2026-02-19;GASOLINA;6.49
03948877000369;2026-02-19;GASOLINA ADITIVADA;6.69
04814652000110;2026-02-19;GASOLINA;6.59
04850382000101;2026-02-19;GASOLINA;6.08
04850382000101;2026-02-19;GASOLINA ADITIVADA;6.28
04850382000101;2026-02-19;GNV;3.99
05349237000104;2026-02-19;GASOLINA;6.39
05349237000104;2026-02-19;GASOLINA ADITIVADA;6.49
07381843000124;2026-02-19;GASOLINA;6.49
07381843000124;2026-02-19;GASOLINA ADITIVADA;6.49
07470392000100;2026-02-19;DIESEL;5.99
07470392000100;2026-02-19;ETANOL;4.79
07470392000100;2026-02-19;GASOLINA;6.09
07470392000100;2026-02-19;GASOLINA ADITIVADA;6.39
08519545000110;2026-02-19;GASOLINA;6.79
08519545000110;2026-02-19;GASOLINA ADITIVADA;6.89
08971375000100;2026-02-19;DIESEL;6.08
08971375000100;2026-02-19;DIESEL S10;6.18
08971375000100;2026-02-19;ETANOL;4.87
08971375000100;2026-02-19;GASOLINA;6.39
08971375000100;2026-02-19;GASOLINA ADITIVADA;6.5
10813831000136;2026-02-19;DIESEL;5.95
10813831000136;2026-02-19;DIESEL S10;6.15
10813831000136;2026-02-19;GASOLINA;6.54
10813831000136;2026-02-19;GASOLINA ADITIVADA;6.84
27303411000102;2026-02-19;DIESEL;5.99
27303411000102;2026-02-19;DIESEL S10;6.09
27303411000102;2026-02-19;ETANOL;4.99
27303411000102;2026-02-19;GASOLINA;6.59
27303411000102;2026-02-19;GASOLINA ADITIVADA;6.69
37361618000197;2026-02-19;ETANOL;4.74
37361618000197;2026-02-19;GASOLINA;6.39
37361618000197;2026-02-19;GASOLINA ADITIVADA;6.39
39814835000110;2026-02-19;DIESEL;6.19
39814835000110;2026-02-19;ETANOL;4.99
39814835000110;2026-02-19;GASOLINA;6.49
39814835000110;2026-02-19;GASOLINA ADITIVADA;6.59
00580488000173;2026-02-20;DIESEL;5.99
00580488000173;2026-02-20;DIESEL S10;6.09
00580488000173;2026-02-20;ETANOL;4.79
00580488000173;2026-02-20;GASOLINA;6.09
00580488000173;2026-02-20;GASOLINA ADITIVADA;6.29
02582857000192;2026-02-20;ETANOL;4.69
02582857000192;2026-02-20;GASOLINA;6.05
02582857000192;2026-02-20;GASOLINA ADITIVADA;6.05
05892261000187;2026-02-20;DIESEL;6.19
05892261000187;2026-02-20;DIESEL S10;6.29
05892261000187;2026-02-20;GASOLINA;6.19
05892261000187;2026-02-20;GASOLINA ADITIVADA;6.29
06073382000160;2026-02-20;DIESEL S10;5.89
06073382000160;2026-02-20;ETANOL;4.59
06073382000160;2026-02-20;GASOLINA;6.06
11222333000181;2026-02-20;DIESEL;5.9
11222333000181;2026-02-20;DIESEL S10;5.97
11222333000181;2026-02-20;ETANOL;4.65
11222333000181;2026-02-20;GASOLINA;6.19
11222333000181;2026-02-20;GASOLINA ADITIVADA;6.19
11222333000181;2026-02-20;GNV;4.09
11222333000505;2026-02-20;DIESEL S10;5.99
11222333000505;2026-02-20;ETANOL;4.79
11222333000505;2026-02-20;GASOLINA;6.09
11222333000505;2026-02-20;GASOLINA ADITIVADA;6.09
11222333000505;2026-02-20;GNV;3.99
15226314000184;2026-02-20;ETANOL;4.69
15226314000184;2026-02-20;GASOLINA;6.09
18366697000184;2026-02-20;DIESEL;5.87
18366697000184;2026-02-20;DIESEL S10;5.97
18366697000184;2026-02-20;ETANOL;4.79
18366697000184;2026-02-20;GASOLINA;6.08
18366697000184;2026-02-20;GASOLINA ADITIVADA;6.39
24145665000151;2026-02-20;DIESEL S10;6.09
24145665000151;2026-02-20;ETANOL;4.79
24145665000151;2026-02-20;GASOLINA;6.09
27016518000170;2026-02-20;DIESEL;5.89
27016518000170;2026-02-20;DIESEL S10;5.99
27016518000170;2026-02-20;ETANOL;4.79
27016518000170;2026-02-20;GASOLINA;6.19
27016518000170;2026-02-20;GASOLINA ADITIVADA;6.39
27394378000173;2026-02-20;DIESEL S10;6.09
27394378000173;2026-02-20;GASOLINA;5.88
27394378000173;2026-02-20;GASOLINA ADITIVADA;6.39
27394378000173;2026-02-20;GNV;3.99
27396415000182;2026-02-20;DIESEL;6.03
27396415000182;2026-02-20;ETANOL;4.68
27396415000182;2026-02-20;GASOLINA;6.14
27396415000182;2026-02-20;GASOLINA ADITIVADA;6.24
27396415000182;2026-02-20;GNV;3.98
27926384000124;2026-02-20;DIESEL;5.89
27926384000124;2026-02-20;DIESEL S10;5.99
27926384000124;2026-02-20;ETANOL;4.69
27926384000124;2026-02-20;GASOLINA;6.15
27926384000124;2026-02-20;GASOLINA ADITIVADA;6.15
28344206000158;2026-02-20;ETANOL;4.65
28344206000158;2026-02-20;GASOLINA;6.15
28344206000158;2026-02-20;GASOLINA ADITIVADA;6.15
29986296000143;2026-02-20;GASOLINA;6.09
01823633000162;2026-02-23;DIESEL;5.79
01823633000162;2026-02-23;DIESEL S10;5.89
01823633000162;2026-02-23;ETANOL;4.69
01823633000162;2026-02-23;GASOLINA;5.89
01823633000162;2026-02-23;GASOLINA ADITIVADA;6.09
02567214000170;2026-02-23;ETANOL;4.59
02567214000170;2026-02-23;GASOLINA;5.99
02567214000170;2026-02-23;GASOLINA ADITIVADA;6.14
02802986000149;2026-02-23;DIESEL S10;6.09
02802986000149;2026-02-23;ETANOL;4.99
02802986000149;2026-02-23;GASOLINA;6.18
02802986000149;2026-02-23;GASOLINA ADITIVADA;6.3
04228463000166;2026-02-23;DIESEL S10;5.99
04228463000166;2026-02-23;ETANOL;4.89
04228463000166;2026-02-23;GASOLINA;6.09
04228463000166;2026-02-23;GASOLINA ADITIVADA;6.09
07470392000100;2026-02-23;DIESEL;5.99
07470392000100;2026-02-23;ETANOL;4.79
07470392000100;2026-02-23;GASOLINA;6.09
07470392000100;2026-02-23;GASOLINA ADITIVADA;6.39
07571908000102;2026-02-23;GASOLINA;5.99
07571908000102;2026-02-23;GASOLINA ADITIVADA;6.29
08788618000170;2026-02-23;ETANOL;4.79
08788618000170;2026-02-23;GASOLINA;5.99
08788618000170;2026-02-23;GASOLINA ADITIVADA;6.39
08788618000170;2026-02-23;GNV;4.09
09076862000172;2026-02-23;GASOLINA;6.59
09076862000172;2026-02-23;GASOLINA ADITIVADA;7.09
10197775000152;2026-02-23;DIESEL S10;6.09
10197775000152;2026-02-23;ETANOL;4.69
10197775000152;2026-02-23;GASOLINA;5.99
10197775000152;2026-02-23;GASOLINA ADITIVADA;5.99
11222333000262;2026-02-23;DIESEL;5.89
11222333000262;2026-02-23;DIESEL S10;5.99
11222333000262;2026-02-23;ETANOL;4.69
11222333000262;2026-02-23;GASOLINA;6.09
11222333000262;2026-02-23;GASOLINA ADITIVADA;6.29
11222333000262;2026-02-23;GNV;3.99
11222333000343;2026-02-23;DIESEL S10;5.89
11222333000343;2026-02-23;ETANOL;4.49
11222333000343;2026-02-23;GASOLINA;5.89
11222333000343;2026-02-23;GASOLINA ADITIVADA;5.89
11942147000117;2026-02-23;DIESEL S10;5.99
11942147000117;2026-02-23;ETANOL;4.65
11942147000117;2026-02-23;GASOLINA;5.99
11942147000117;2026-02-23;GASOLINA ADITIVADA;6.25
14096313000108;2026-02-23;DIESEL;6.25
14096313000108;2026-02-23;ETANOL;4.99
14096313000108;2026-02-23;GASOLINA;6.19
14096313000108;2026-02-23;GASOLINA ADITIVADA;6.69
14806977000105;2026-02-23;ETANOL;4.89
14806977000105;2026-02-23;GASOLINA;6.19
14806977000105;2026-02-23;GASOLINA ADITIVADA;6.39
15010530000198;2026-02-23;DIESEL S10;6.06
15010530000198;2026-02-23;ETANOL;4.89
15010530000198;2026-02-23;GASOLINA;6.09
15010530000198;2026-02-23;GASOLINA ADITIVADA;6.49
17375525000104;2026-02-23;DIESEL S10;5.95
17375525000104;2026-02-23;ETANOL;4.66
17375525000104;2026-02-23;GASOLINA;5.87
17375525000104;2026-02-23;GASOLINA ADITIVADA;6.07
17753176000117;2026-02-23;DIESEL S10;6.09
17753176000117;2026-02-23;ETANOL;4.84
17753176000117;2026-02-23;GASOLINA;6.09
17753176000117;2026-02-23;GASOLINA ADITIVADA;6.49
23238396000105;2026-02-23;DIESEL S10;6.07
23238396000105;2026-02-23;ETANOL;4.99
23238396000105;2026-02-23;GASOLINA;6.18
23238396000105;2026-02-23;GASOLINA ADITIVADA;6.3
23305603000105;2026-02-23;GASOLINA;5.97
23305603000105;2026-02-23;GASOLINA ADITIVADA;6.69
26980450000181;2026-02-23;ETANOL;4.79
26980450000181;2026-02-23;GASOLINA;6.09
26980450000181;2026-02-23;GASOLINA ADITIVADA;6.39
27020445000190;2026-02-23;GASOLINA;6.59
27020445000190;2026-02-23;GASOLINA ADITIVADA;6.99
27020445000513;2026-02-23;GASOLINA;6.59
27020445000513;2026-02-23;GASOLINA ADITIVADA;6.89
27066273000276;2026-02-23;ETANOL;4.49
27066273000276;2026-02-23;GASOLINA;5.89
27066273000276;2026-02-23;GASOLINA ADITIVADA;5.89
27316819000119;2026-02-23;GASOLINA;6.59
27734094000189;2026-02-23;DIESEL S10;6.39
27734094000189;2026-02-23;ETANOL;4.99
27734094000189;2026-02-23;GASOLINA;5.99
27734094000189;2026-02-23;GASOLINA ADITIVADA;6.34
28059632000140;2026-02-23;DIESEL;6.09
28059632000140;2026-02-23;DIESEL S10;6.09
28059632000140;2026-02-23;GASOLINA;5.89
28059632000140;2026-02-23;GASOLINA ADITIVADA;6.29
28413219000131;2026-02-23;GASOLINA;6.09
28413219000131;2026-02-23;GASOLINA ADITIVADA;6.39
28761038000104;2026-02-23;DIESEL S10;5.89
28761038000104;2026-02-23;GASOLINA;5.89
28761038000104;2026-02-23;GASOLINA ADITIVADA;6.29
29326587000105;2026-02-23;GASOLINA;5.99
29326587000105;2026-02-23;GASOLINA ADITIVADA;6.39
29326587000105;2026-02-23;GNV;3.99
32248017000159;2026-02-23;DIESEL S10;6.09
32248017000159;2026-02-23;ETANOL;5.18
32248017000159;2026-02-23;GASOLINA;6.59
32248017000159;2026-02-23;GASOLINA ADITIVADA;6.89
01503536000192;2026-02-24;DIESEL S10;5.99
01503536000192;2026-02-24;GASOLINA;6.19
01503536000192;2026-02-24;GASOLINA ADITIVADA;6.39
04145589001149;2026-02-24;DIESEL S10;5.95
04145589001149;2026-02-24;ETANOL;4.59
04145589001149;2026-02-24;GASOLINA;6.17
04145589001149;2026-02-24;GASOLINA ADITIVADA;6.37
04361389000151;2026-02-24;DIESEL;5.99
04361389000151;2026-02-24;DIESEL S10;6.09
04361389000151;2026-02-24;ETANOL;4.66
04361389000151;2026-02-24;GASOLINA;5.99
04361389000232;2026-02-24;DIESEL S10;5.99
04361389000232;2026-02-24;ETANOL;4.89
04361389000232;2026-02-24;GASOLINA;6.19
04361389000232;2026-02-24;GASOLINA ADITIVADA;6.39
04994796000104;2026-02-24;GASOLINA;6.19
04994796000104;2026-02-24;GASOLINA ADITIVADA;6.36
05393247000139;2026-02-24;DIESEL S10;5.99
05393247000139;2026-02-24;ETANOL;4.89
05393247000139;2026-02-24;GASOLINA;6.19
05393247000139;2026-02-24;GASOLINA ADITIVADA;6.39
05738923000169;2026-02-24;DIESEL;5.99
05738923000169;2026-02-24;ETANOL;4.79
05738923000169;2026-02-24;GASOLINA;6.09
05738923000169;2026-02-24;GASOLINA ADITIVADA;6.59
07830414000197;2026-02-24;DIESEL;5.95
07830414000197;2026-02-24;ETANOL;4.89
07830414000197;2026-02-24;GASOLINA;6.09
07830414000197;2026-02-24;GASOLINA ADITIVADA;6.44
08022304000161;2026-02-24;DIESEL S10;5.99
08022304000161;2026-02-24;ETANOL;4.99
08022304000161;2026-02-24;GASOLINA;6.29
08022304000161;2026-02-24;GASOLINA ADITIVADA;6.39
10569345000114;2026-02-24;GASOLINA;6.19
10569345000114;2026-02-24;GASOLINA ADITIVADA;6.49
12535572000154;2026-02-24;DIESEL S10;6.05
12535572000154;2026-02-24;ETANOL;4.89
12535572000154;2026-02-24;GASOLINA;5.94
12535572000154;2026-02-24;GASOLINA ADITIVADA;6.14
13602147000101;2026-02-24;DIESEL S10;6.09
13602147000101;2026-02-24;ETANOL;4.69
13602147000101;2026-02-24;GASOLINA;6.39
22356015000120;2026-02-24;DIESEL;5.89
22356015000120;2026-02-24;DIESEL S10;5.99
22356015000120;2026-02-24;ETANOL;4.69
22356015000120;2026-02-24;GASOLINA;6.09
22356015000120;2026-02-24;GASOLINA ADITIVADA;6.29
22356015000120;2026-02-24;GNV;3.99
31465040000132;2026-02-24;DIESEL S10;5.99
31465040000132;2026-02-24;ETANOL;4.78
31465040000132;2026-02-24;GASOLINA;6.19
31465040000132;2026-02-24;GASOLINA ADITIVADA;6.49
32467417000155;2026-02-24;GASOLINA;6.08
32467417000155;2026-02-24;GASOLINA ADITIVADA;6.08
00580488000173;2026-02-25;DIESEL;5.99
00580488000173;2026-02-25;DIESEL S10;6.09
00580488000173;2026-02-25;ETANOL;4.79
00580488000173;2026-02-25;GASOLINA;6.09
00580488000173;2026-02-25;GASOLINA ADITIVADA;6.29
05892261000187;2026-02-25;DIESEL;6.19
05892261000187;2026-02-25;DIESEL S10;6.29
05892261000187;2026-02-25;GASOLINA;6.19
05892261000187;2026-02-25;GASOLINA ADITIVADA;6.29
06073382000160;2026-02-25;DIESEL S10;5.79
06073382000160;2026-02-25;ETANOL;4.59
06073382000160;2026-02-25;GASOLINA;6.06
10813831000136;2026-02-25;DIESEL;5.95
10813831000136;2026-02-25;DIESEL S10;6.15
10813831000136;2026-02-25;GASOLINA;6.54
10813831000136;2026-02-25;GASOLINA ADITIVADA;6.84
11222333000181;2026-02-25;DIESEL;5.9
11222333000181;2026-02-25;DIESEL S10;5.97
11222333000181;2026-02-25;ETANOL;4.65
11222333000181;2026-02-25;GASOLINA;6.19
11222333000181;2026-02-25;GASOLINA ADITIVADA;6.19
11222333000181;2026-02-25;GNV;4.09
11222333000505;2026-02-25;DIESEL S10;5.99
11222333000505;2026-02-25;ETANOL;4.79
11222333000505;2026-02-25;GASOLINA;6.09
11222333000505;2026-02-25;GASOLINA ADITIVADA;6.09
11222333000505;2026-02-25;GNV;3.99
13814642000176;2026-02-25;DIESEL S10;6.09
13814642000176;2026-02-25;ETANOL;4.59
13814642000176;2026-02-25;GASOLINA;6.09
13814642000176;2026-02-25;GASOLINA ADITIVADA;6.49
15226314000184;2026-02-25;ETANOL;4.69
15226314000184;2026-02-25;GASOLINA;6.09
18366697000184;2026-02-25;DIESEL;5.87
18366697000184;2026-02-25;DIESEL S10;5.97
18366697000184;2026-02-25;ETANOL;4.79
18366697000184;2026-02-25;GASOLINA;6.08
18366697000184;2026-02-25;GASOLINA ADITIVADA;6.39
24145665000151;2026-02-25;DIESEL S10;6.09
24145665000151;2026-02-25;ETANOL;4.79
24145665000151;2026-02-25;GASOLINA;6.19
27016518000170;2026-02-25;DIESEL;5.89
27016518000170;2026-02-25;DIESEL S10;5.99
27016518000170;2026-02-25;ETANOL;4.79
27016518000170;2026-02-25;GASOLINA;6.19
27016518000170;2026-02-25;GASOLINA ADITIVADA;6.39
27303411000374;2026-02-25;DIESEL S10;6.07
27303411000374;2026-02-25;GASOLINA;6.39
27303411000374;2026-02-25;GASOLINA ADITIVADA;6.49
27394378000173;2026-02-25;DIESEL S10;6.09
27394378000173;2026-02-25;GASOLINA;5.88
27394378000173;2026-02-25;GASOLINA ADITIVADA;6.39
27394378000173;2026-02-25;GNV;3.99
27396415000182;2026-02-25;DIESEL;6.03
27396415000182;2026-02-25;ETANOL;4.68
27396415000182;2026-02-25;GASOLINA;6.14
27396415000182;2026-02-25;GASOLINA ADITIVADA;6.24
27396415000182;2026-02-25;GNV;3.98
27926384000124;2026-02-25;DIESEL;5.89
27926384000124;2026-02-25;DIESEL S10;5.99
27926384000124;2026-02-25;ETANOL;4.69
27926384000124;2026-02-25;GASOLINA;6.15
27926384000124;2026-02-25;GASOLINA ADITIVADA;6.15
28344206000158;2026-02-25;ETANOL;4.59
28344206000158;2026-02-25;GASOLINA;6.15
28344206000158;2026-02-25;GASOLINA ADITIVADA;6.15
29986296000143;2026-02-25;GASOLINA;6.09
37361618000197;2026-02-25;ETANOL;4.59
37361618000197;2026-02-25;GASOLINA;6.39
37361618000197;2026-02-25;GASOLINA ADITIVADA;6.39
03948877000369;2026-02-26;DIESEL;5.89
03948877000369;2026-02-26;DIESEL S10;5.99
03948877000369;2026-02-26;GASOLINA;6.49
03948877000369;2026-02-26;GASOLINA ADITIVADA;6.69
04814652000110;2026-02-26;GASOLINA;6.59
04850382000101;2026-02-26;GASOLINA;6.08
04850382000101;2026-02-26;GASOLINA ADITIVADA;6.28
04850382000101;2026-02-26;GNV;3.99
05791319000104;2026-02-26;DIESEL;5.99
05791319000104;2026-02-26;GASOLINA;6.53
05791319000104;2026-02-26;GASOLINA ADITIVADA;6.63
05791319000104;2026-02-26;GNV;4.49
07381843000124;2026-02-26;GASOLINA;6.49
07381843000124;2026-02-26;GASOLINA ADITIVADA;6.49
08519545000110;2026-02-26;GASOLINA;6.79
08519545000110;2026-02-26;GASOLINA ADITIVADA;6.89
08971375000100;2026-02-26;DIESEL;6.11
08971375000100;2026-02-26;DIESEL S10;6.21
08971375000100;2026-02-26;ETANOL;4.87
08971375000100;2026-02-26;GASOLINA;6.39
08971375000100;2026-02-26;GASOLINA ADITIVADA;6.5
14509900000173;2026-02-26;ETANOL;4.54
14509900000173;2026-02-26;GASOLINA;6.39
20246670000108;2026-02-26;DIESEL;5.89
20246670000108;2026-02-26;DIESEL S10;5.99
20246670000108;2026-02-26;ETANOL;4.59
20246670000108;2026-02-26;GASOLINA;6.49
21246940000135;2026-02-26;DIESEL;6.19
21246940000135;2026-02-26;GASOLINA;6.29
21246940000135;2026-02-26;GASOLINA ADITIVADA;6.99
23314250000100;2026-02-26;DIESEL S10;5.85
23314250000100;2026-02-26;ETANOL;4.57
23314250000100;2026-02-26;GASOLINA;6.06
27085240000192;2026-02-26;DIESEL;6.09
27085240000192;2026-02-26;DIESEL S10;6.19
27085240000192;2026-02-26;GASOLINA;6.49
27085240000192;2026-02-26;GASOLINA ADITIVADA;6.62
09369995000137;2026-02-27;ETANOL;4.89
09369995000137;2026-02-27;GASOLINA;6.39
09369995000137;2026-02-27;GNV;4.98
30869047000157;2026-02-27;DIESEL;5.89
30869047000157;2026-02-27;DIESEL S10;5.99
30869047000157;2026-02-27;ETANOL;4.99
30869047000157;2026-02-27;GASOLINA;6.39
00580488000173;2026-03-02;DIESEL;5.99
00580488000173;2026-03-02;DIESEL S10;6.09
00580488000173;2026-03-02;ETANOL;4.79
00580488000173;2026-03-02;GASOLINA;6.09
00580488000173;2026-03-02;GASOLINA ADITIVADA;6.29
01514752000133;2026-03-02;ETANOL;4.49
01514752000133;2026-03-02;GASOLINA;5.89
01514752000133;2026-03-02;GASOLINA ADITIVADA;6.09
01823633000162;2026-03-02;DIESEL;5.79
01823633000162;2026-03-02;DIESEL S10;5.89
01823633000162;2026-03-02;ETANOL;4.69
01823633000162;2026-03-02;GASOLINA;5.89
01823633000162;2026-03-02;GASOLINA ADITIVADA;6.09
02567214000170;2026-03-02;ETANOL;4.59
02567214000170;2026-03-02;GASOLINA;5.89
02567214000170;2026-03-02;GASOLINA ADITIVADA;6.04
02582857000192;2026-03-02;ETANOL;4.69
02582857000192;2026-03-02;GASOLINA;6.05
02582857000192;2026-03-02;GASOLINA ADITIVADA;6.05
04228463000166;2026-03-02;DIESEL S10;5.99
04228463000166;2026-03-02;ETANOL;4.89
04228463000166;2026-03-02;GASOLINA;6.09
04228463000166;2026-03-02;GASOLINA ADITIVADA;6.09
04361389000151;2026-03-02;DIESEL;5.99
04361389000151;2026-03-02;DIESEL S10;6.09
04361389000151;2026-03-02;ETANOL;4.79
04361389000151;2026-03-02;GASOLINA;5.99
04960337000100;2026-03-02;ETANOL;4.45
04960337000100;2026-03-02;GASOLINA;5.89
04960337000100;2026-03-02;GASOLINA ADITIVADA;5.89
05738923000169;2026-03-02;DIESEL;5.99
05738923000169;2026-03-02;ETANOL;4.79
05738923000169;2026-03-02;GASOLINA;6.09
05738923000169;2026-03-02;GASOLINA ADITIVADA;6.59
05892261000187;2026-03-02;DIESEL;6.19
05892261000187;2026-03-02;DIESEL S10;6.29
05892261000187;2026-03-02;GASOLINA;6.19
05892261000187;2026-03-02;GASOLINA ADITIVADA;6.29
06073382000160;2026-03-02;DIESEL S10;5.79
06073382000160;2026-03-02;ETANOL;4.59
06073382000160;2026-03-02;GASOLINA;6.06
07571908000102;2026-03-02;GASOLINA;5.99
07571908000102;2026-03-02;GASOLINA ADITIVADA;6.29
08788618000170;2026-03-02;ETANOL;4.79
08788618000170;2026-03-02;GASOLINA;5.99
08788618000170;2026-03-02;GASOLINA ADITIVADA;6.39
08788618000170;2026-03-02;GNV;4.09
10813831000136;2026-03-02;DIESEL;5.95
10813831000136;2026-03-02;DIESEL S10;6.15
10813831000136;2026-03-02;GASOLINA;6.54
10813831000136;2026-03-02;GASOLINA ADITIVADA;6.84
11222333000181;2026-03-02;DIESEL;5.9
11222333000181;2026-03-02;DIESEL S10;5.97
11222333000181;2026-03-02;ETANOL;4.65
11222333000181;2026-03-02;GASOLINA;6.19
11222333000181;2026-03-02;GASOLINA ADITIVADA;6.19
11222333000181;2026-03-02;GNV;4.09
11222333000343;2026-03-02;DIESEL S10;5.89
11222333000343;2026-03-02;ETANOL;4.49
11222333000343;2026-03-02;GASOLINA;5.89
11222333000343;2026-03-02;GASOLINA ADITIVADA;5.89
11222333000505;2026-03-02;DIESEL S10;5.99
11222333000505;2026-03-02;ETANOL;4.79
11222333000505;2026-03-02;GASOLINA;6.09
11222333000505;2026-03-02;GASOLINA ADITIVADA;6.09
11222333000505;2026-03-02;GNV;3.99
12535572000154;2026-03-02;DIESEL S10;6.05
12535572000154;2026-03-02;ETANOL;4.89
12535572000154;2026-03-02;GASOLINA;5.94
12535572000154;2026-03-02;GASOLINA ADITIVADA;6.14
13814642000176;2026-03-02;DIESEL S10;5.99
13814642000176;2026-03-02;ETANOL;4.59
13814642000176;2026-03-02;GASOLINA;6.09
13814642000176;2026-03-02;GASOLINA ADITIVADA;6.49
14806977000105;2026-03-02;ETANOL;4.89
14806977000105;2026-03-02;GASOLINA;6.19
14806977000105;2026-03-02;GASOLINA ADITIVADA;6.39
15226314000184;2026-03-02;ETANOL;4.69
15226314000184;2026-03-02;GASOLINA;6.09
16577742000114;2026-03-02;GASOLINA;5.99
16577742000114;2026-03-02;GASOLINA ADITIVADA;6.19
18366697000184;2026-03-02;DIESEL;5.87
18366697000184;2026-03-02;DIESEL S10;5.97
18366697000184;2026-03-02;ETANOL;4.79
18366697000184;2026-03-02;GASOLINA;6.08
18366697000184;2026-03-02;GASOLINA ADITIVADA;6.39
22356015000120;2026-03-02;DIESEL;5.89
22356015000120;2026-03-02;DIESEL S10;5.99
22356015000120;2026-03-02;ETANOL;4.69
22356015000120;2026-03-02;GASOLINA;6.09
22356015000120;2026-03-02;GASOLINA ADITIVADA;6.29
22356015000120;2026-03-02;GNV;3.99
24145665000151;2026-03-02;DIESEL S10;6.09
24145665000151;2026-03-02;ETANOL;4.79
24145665000151;2026-03-02;GASOLINA;6.09
26980450000181;2026-03-02;ETANOL;4.89
26980450000181;2026-03-02;GASOLINA;6.09
26980450000181;2026-03-02;GASOLINA ADITIVADA;6.39
27016518000170;2026-03-02;DIESEL;5.89
27016518000170;2026-03-02;DIESEL S10;5.99
27016518000170;2026-03-02;ETANOL;4.79
27016518000170;2026-03-02;GASOLINA;6.19
27016518000170;2026-03-02;GASOLINA ADITIVADA;6.39
27025907000161;2026-03-02;DIESEL S10;6.19
27025907000161;2026-03-02;ETANOL;4.89
27025907000161;2026-03-02;GASOLINA;6.09
27025907000161;2026-03-02;GASOLINA ADITIVADA;6.09
27394378000173;2026-03-02;DIESEL S10;6.09
27394378000173;2026-03-02;GASOLINA;6.05
27394378000173;2026-03-02;GASOLINA ADITIVADA;6.39
27394378000173;2026-03-02;GNV;3.99
27396415000182;2026-03-02;ETANOL;4.68
27396415000182;2026-03-02;GASOLINA;6.14
27396415000182;2026-03-02;GASOLINA ADITIVADA;6.24
27396415000182;2026-03-02;GNV;3.98
27664597001288;2026-03-02;ETANOL;4.69
27664597001288;2026-03-02;GASOLINA;5.89
27734094000189;2026-03-02;DIESEL S10;6.39
27734094000189;2026-03-02;GASOLINA;5.99
27734094000189;2026-03-02;GASOLINA ADITIVADA;6.34
27926384000124;2026-03-02;DIESEL;5.89
27926384000124;2026-03-02;DIESEL S10;5.99
27926384000124;2026-03-02;ETANOL;4.69
27926384000124;2026-03-02;GASOLINA;6.15
27926384000124;2026-03-02;GASOLINA ADITIVADA;6.15
28037679000102;2026-03-02;DIESEL S10;6.09
28037679000102;2026-03-02;ETANOL;4.79
28037679000102;2026-03-02;GASOLINA;5.99
28037679000102;2026-03-02;GASOLINA ADITIVADA;6.29
28344206000158;2026-03-02;ETANOL;4.59
28344206000158;2026-03-02;GASOLINA;6.09
28344206000158;2026-03-02;GASOLINA ADITIVADA;6.09
28413219000131;2026-03-02;GASOLINA;6.09
28413219000131;2026-03-02;GASOLINA ADITIVADA;6.39
28761038000104;2026-03-02;DIESEL S10;5.99
28761038000104;2026-03-02;GASOLINA;5.89
28761038000104;2026-03-02;GASOLINA ADITIVADA;6.29
31727338000173;2026-03-02;DIESEL;5.99
31727338000173;2026-03-02;ETANOL;4.79
31727338000173;2026-03-02;GASOLINA;6.09
31727338000173;2026-03-02;GASOLINA ADITIVADA;6.59
36336386000154;2026-03-02;DIESEL;5.79
36336386000154;2026-03-02;DIESEL S10;5.89
36336386000154;2026-03-02;ETANOL;4.69
36336386000154;2026-03-02;GASOLINA;6.08
36336386000154;2026-03-02;GASOLINA ADITIVADA;6.28
38530950000109;2026-03-02;DIESEL;5.99
38530950000109;2026-03-02;DIESEL S10;6.09
38530950000109;2026-03-02;ETANOL;4.65
38530950000109;2026-03-02;GASOLINA;6.09
38530950000109;2026-03-02;GASOLINA ADITIVADA;6.39
45543915004683;2026-03-02;ETANOL;4.59
45543915004683;2026-03-02;GASOLINA;6.09
45543915004683;2026-03-02;GASOLINA ADITIVADA;6.19
03948877000369;2026-03-03;DIESEL;5.89
03948877000369;2026-03-03;DIESEL S10;5.99
03948877000369;2026-03-03;GASOLINA;6.49
03948877000369;2026-03-03;GASOLINA ADITIVADA;6.69
04145589001149;2026-03-03;DIESEL S10;5.95
04145589001149;2026-03-03;ETANOL;4.79
04145589001149;2026-03-03;GASOLINA;6.09
04145589001149;2026-03-03;GASOLINA ADITIVADA;6.29
04361389000232;2026-03-03;DIESEL S10;5.99
04361389000232;2026-03-03;ETANOL;4.89
04361389000232;2026-03-03;GASOLINA;6.09
04361389000232;2026-03-03;GASOLINA ADITIVADA;6.09
04814652000110;2026-03-03;GASOLINA;6.59
04994796000104;2026-03-03;GASOLINA;6.19
04994796000104;2026-03-03;GASOLINA ADITIVADA;6.36
05393247000139;2026-03-03;DIESEL S10;5.99
05393247000139;2026-03-03;ETANOL;4.89
05393247000139;2026-03-03;GASOLINA;6.09
05393247000139;2026-03-03;GASOLINA ADITIVADA;6.09
05791319000104;2026-03-03;DIESEL;5.99
05791319000104;2026-03-03;GASOLINA;6.53
05791319000104;2026-03-03;GASOLINA ADITIVADA;6.63
05791319000104;2026-03-03;GNV;4.49
07381843000124;2026-03-03;GASOLINA;6.49
07381843000124;2026-03-03;GASOLINA ADITIVADA;6.49
08022304000161;2026-03-03;DIESEL S10;5.99
08022304000161;2026-03-03;ETANOL;4.99
08022304000161;2026-03-03;GASOLINA;5.99
08022304000161;2026-03-03;GASOLINA ADITIVADA;6.39
08519545000110;2026-03-03;GASOLINA;6.79
08519545000110;2026-03-03;GASOLINA ADITIVADA;6.89
08971375000100;2026-03-03;DIESEL;6.11
08971375000100;2026-03-03;DIESEL S10;6.11
08971375000100;2026-03-03;ETANOL;4.87
08971375000100;2026-03-03;GASOLINA;6.3
08971375000100;2026-03-03;GASOLINA ADITIVADA;6.5
10569345000114;2026-03-03;GASOLINA;6.19
10569345000114;2026-03-03;GASOLINA ADITIVADA;6.49
20246670000108;2026-03-03;DIESEL;5.89
20246670000108;2026-03-03;DIESEL S10;5.99
20246670000108;2026-03-03;ETANOL;4.59
20246670000108;2026-03-03;GASOLINA;6.49
26058218000190;2026-03-03;DIESEL;6.09
26058218000190;2026-03-03;DIESEL S10;6.19
26058218000190;2026-03-03;ETANOL;4.69
26058218000190;2026-03-03;GASOLINA;6.29
26058218000190;2026-03-03;GASOLINA ADITIVADA;6.39
27085240000192;2026-03-03;DIESEL;6.09
27085240000192;2026-03-03;DIESEL S10;6.19
27085240000192;2026-03-03;GASOLINA;6.49
27085240000192;2026-03-03;GASOLINA ADITIVADA;6.62
31465040000132;2026-03-03;DIESEL S10;5.99
31465040000132;2026-03-03;ETANOL;4.78
31465040000132;2026-03-03;GASOLINA;6.09
31465040000132;2026-03-03;GASOLINA ADITIVADA;6.39
34387806000104;2026-03-03;DIESEL S10;6.09
34387806000104;2026-03-03;ETANOL;4.87
34387806000104;2026-03-03;GASOLINA;6.09
34387806000104;2026-03-03;GASOLINA ADITIVADA;6.39
36675989000180;2026-03-03;DIESEL S10;5.95
36675989000180;2026-03-03;ETANOL;4.55
36675989000180;2026-03-03;GASOLINA;6.07
36675989000180;2026-03-03;GASOLINA ADITIVADA;6.07
39383377000102;2026-03-03;DIESEL S10;6.09
39383377000102;2026-03-03;ETANOL;4.89
39383377000102;2026-03-03;GASOLINA;6.08
39383377000102;2026-03-03;GASOLINA ADITIVADA;6.28
01283262000173;2026-03-04;DIESEL S10;5.98
01283262000173;2026-03-04;ETANOL;5.09
01283262000173;2026-03-04;GASOLINA;6.89
05609081000145;2026-03-04;DIESEL;5.99
05609081000145;2026-03-04;GASOLINA;6.49
10223356000148;2026-03-04;DIESEL;5.99
10223356000148;2026-03-04;GASOLINA;6.39
10223356000148;2026-03-04;GASOLINA ADITIVADA;6.49
10331576000195;2026-03-04;GASOLINA;6.39
10331576000195;2026-03-04;GASOLINA ADITIVADA;6.49
13602147000101;2026-03-04;DIESEL S10;6.09
13602147000101;2026-03-04;GASOLINA;6.39
14509900000173;2026-03-04;ETANOL;4.54
14509900000173;2026-03-04;GASOLINA;6.39
21931941000119;2026-03-04;DIESEL;6.64
21931941000119;2026-03-04;DIESEL S10;6.74
21931941000119;2026-03-04;ETANOL;5.19
21931941000119;2026-03-04;GASOLINA;7.09
21931941000119;2026-03-04;GASOLINA ADITIVADA;7.39
27179654000342;2026-03-04;DIESEL;6.09
27179654000342;2026-03-04;DIESEL S10;6.19
27179654000342;2026-03-04;ETANOL;5.3
27179654000342;2026-03-04;GASOLINA;7.09
27179654000342;2026-03-04;GASOLINA ADITIVADA;7.14
30578975000162;2026-03-04;DIESEL;5.99
30578975000162;2026-03-04;GASOLINA;6.39
30578975000162;2026-03-04;GASOLINA ADITIVADA;6.49
31284466000190;2026-03-04;DIESEL;5.94
31284466000190;2026-03-04;DIESEL S10;5.99
31284466000190;2026-03-04;ETANOL;5.18
31284466000190;2026-03-04;GASOLINA;7.09
31284466000190;2026-03-04;GASOLINA ADITIVADA;7.39
01557127000179;2026-03-05;GASOLINA;6.19
01557127000179;2026-03-05;GASOLINA ADITIVADA;6.49
05349237000104;2026-03-05;DIESEL;5.99
05349237000104;2026-03-05;GASOLINA;6.39
05349237000104;2026-03-05;GASOLINA ADITIVADA;6.49
09076862000172;2026-03-05;GASOLINA;6.59
09076862000172;2026-03-05;GASOLINA ADITIVADA;6.59
11222333000262;2026-03-05;DIESEL;5.89
11222333000262;2026-03-05;DIESEL S10;5.99
11222333000262;2026-03-05;ETANOL;4.69
11222333000262;2026-03-05;GASOLINA;6.09
11222333000262;2026-03-05;GASOLINA ADITIVADA;6.29
11222333000262;2026-03-05;GNV;3.99
14096313000108;2026-03-05;DIESEL;6.29
14096313000108;2026-03-05;DIESEL S10;6.39
14096313000108;2026-03-05;ETANOL;4.99
14096313000108;2026-03-05;GASOLINA;6.49
14096313000108;2026-03-05;GASOLINA ADITIVADA;6.69
15010530000198;2026-03-05;DIESEL S10;6.09
15010530000198;2026-03-05;ETANOL;4.89
15010530000198;2026-03-05;GASOLINA;6.06
15010530000198;2026-03-05;GASOLINA ADITIVADA;6.46
23238396000105;2026-03-05;DIESEL S10;6.07
23238396000105;2026-03-05;ETANOL;4.99
23238396000105;2026-03-05;GASOLINA;6.18
23238396000105;2026-03-05;GASOLINA ADITIVADA;6.3
27020445000190;2026-03-05;GASOLINA;6.59
27020445000190;2026-03-05;GASOLINA ADITIVADA;6.99
27020445000513;2026-03-05;GASOLINA;6.59
27020445000513;2026-03-05;GASOLINA ADITIVADA;6.59
27303411000102;2026-03-05;DIESEL;6.09
27303411000102;2026-03-05;DIESEL S10;6.19
27303411000102;2026-03-05;ETANOL;4.99
27303411000102;2026-03-05;GASOLINA;6.59
27303411000102;2026-03-05;GASOLINA ADITIVADA;6.69
27303411000374;2026-03-05;DIESEL S10;6.07
27303411000374;2026-03-05;GASOLINA;6.39
27303411000374;2026-03-05;GASOLINA ADITIVADA;6.49
27316819000119;2026-03-05;GASOLINA;6.59
27316819000119;2026-03-05;GASOLINA ADITIVADA;6.79
32248017000159;2026-03-05;DIESEL S10;6.09
32248017000159;2026-03-05;ETANOL;5.18
32248017000159;2026-03-05;GASOLINA;6.59
32248017000159;2026-03-05;GASOLINA ADITIVADA;6.89
34034823000150;2026-03-05;DIESEL S10;6.09
34034823000150;2026-03-05;ETANOL;5.18
34034823000150;2026-03-05;GASOLINA;6.59
34034823000150;2026-03-05;GASOLINA ADITIVADA;6.89
37361618000197;2026-03-05;ETANOL;4.59
37361618000197;2026-03-05;GASOLINA;6.39
37361618000197;2026-03-05;GASOLINA ADITIVADA;6.39
01496517000186;2026-03-09;DIESEL S10;6.19
01496517000186;2026-03-09;ETANOL;4.89
01496517000186;2026-03-09;GASOLINA;6.09
01496517000186;2026-03-09;GASOLINA ADITIVADA;6.29
01514752000133;2026-03-09;ETANOL;4.49
01514752000133;2026-03-09;GASOLINA;5.89
01514752000133;2026-03-09;GASOLINA ADITIVADA;6.09
01557127000179;2026-03-09;GASOLINA;6.19
01557127000179;2026-03-09;GASOLINA ADITIVADA;6.49
02567214000170;2026-03-09;ETANOL;4.59
02567214000170;2026-03-09;GASOLINA;5.89
02567214000170;2026-03-09;GASOLINA ADITIVADA;6.04
02802986000149;2026-03-09;DIESEL S10;6.09
02802986000149;2026-03-09;ETANOL;4.99
02802986000149;2026-03-09;GASOLINA;6.17
02802986000149;2026-03-09;GASOLINA ADITIVADA;6.3
04228463000166;2026-03-09;DIESEL S10;5.99
04228463000166;2026-03-09;ETANOL;4.89
04228463000166;2026-03-09;GASOLINA;6.09
04960337000100;2026-03-09;ETANOL;4.45
04960337000100;2026-03-09;GASOLINA;5.89
04960337000100;2026-03-09;GASOLINA ADITIVADA;5.89
07470392000100;2026-03-09;DIESEL;6.39
07470392000100;2026-03-09;ETANOL;4.99
07470392000100;2026-03-09;GASOLINA;6.19
07470392000100;2026-03-09;GASOLINA ADITIVADA;6.49
07571908000102;2026-03-09;GASOLINA;5.99
07571908000102;2026-03-09;GASOLINA ADITIVADA;6.29
08788618000170;2026-03-09;ETANOL;4.79
08788618000170;2026-03-09;GASOLINA;5.99
08788618000170;2026-03-09;GASOLINA ADITIVADA;6.39
08788618000170;2026-03-09;GNV;4.09
09076862000172;2026-03-09;GASOLINA;6.59
09076862000172;2026-03-09;GASOLINA ADITIVADA;6.59
10197775000152;2026-03-09;DIESEL S10;6.09
10197775000152;2026-03-09;ETANOL;4.69
10197775000152;2026-03-09;GASOLINA;5.99
10197775000152;2026-03-09;GASOLINA ADITIVADA;5.99
11222333000262;2026-03-09;DIESEL;5.89
11222333000262;2026-03-09;DIESEL S10;5.99
11222333000262;2026-03-09;ETANOL;4.69
11222333000262;2026-03-09;GASOLINA;6.09
11222333000262;2026-03-09;GASOLINA ADITIVADA;6.29
11222333000262;2026-03-09;GNV;3.99
11942147000117;2026-03-09;DIESEL S10;5.99
11942147000117;2026-03-09;ETANOL;4.65
11942147000117;2026-03-09;GASOLINA;5.88
11942147000117;2026-03-09;GASOLINA ADITIVADA;6.08
14096313000108;2026-03-09;DIESEL;6.29
14096313000108;2026-03-09;DIESEL S10;6.39
14096313000108;2026-03-09;ETANOL;4.99
14096313000108;2026-03-09;GASOLINA;6.49
14096313000108;2026-03-09;GASOLINA ADITIVADA;6.69
14806977000105;2026-03-09;ETANOL;4.89
14806977000105;2026-03-09;GASOLINA;6.09
14806977000105;2026-03-09;GASOLINA ADITIVADA;6.29
16577742000114;2026-03-09;GASOLINA;5.99
16577742000114;2026-03-09;GASOLINA ADITIVADA;6.19
17375525000104;2026-03-09;DIESEL S10;6.49
17375525000104;2026-03-09;ETANOL;4.87
17375525000104;2026-03-09;GASOLINA;6.09
17375525000104;2026-03-09;GASOLINA ADITIVADA;6.29
23238396000105;2026-03-09;DIESEL S10;6.07
23238396000105;2026-03-09;ETANOL;4.99
23238396000105;2026-03-09;GASOLINA;6.18
23238396000105;2026-03-09;GASOLINA ADITIVADA;6.3
23305603000105;2026-03-09;GASOLINA;6.09
23305603000105;2026-03-09;GASOLINA ADITIVADA;6.49
26980450000181;2026-03-09;ETANOL;4.89
26980450000181;2026-03-09;GASOLINA;6.09
26980450000181;2026-03-09;GASOLINA ADITIVADA;6.39
27020445000190;2026-03-09;GASOLINA;6.59
27020445000190;2026-03-09;GASOLINA ADITIVADA;6.99
27020445000513;2026-03-09;GASOLINA;6.59
27020445000513;2026-03-09;GASOLINA ADITIVADA;6.59
27066273000276;2026-03-09;GASOLINA;5.89
27066273000276;2026-03-09;GASOLINA ADITIVADA;5.89
27316819000119;2026-03-09;GASOLINA;6.59
27734094000189;2026-03-09;DIESEL S10;6.39
27734094000189;2026-03-09;ETANOL;4.99
27734094000189;2026-03-09;GASOLINA;5.99
27734094000189;2026-03-09;GASOLINA ADITIVADA;6.34
28059632000140;2026-03-09;DIESEL;6.19
28059632000140;2026-03-09;DIESEL S10;6.19
28059632000140;2026-03-09;GASOLINA;5.89
28059632000140;2026-03-09;GASOLINA ADITIVADA;6.29
28413219000131;2026-03-09;GASOLINA;6.09
28413219000131;2026-03-09;GASOLINA ADITIVADA;6.39
32248017000159;2026-03-09;DIESEL S10;6.09
32248017000159;2026-03-09;ETANOL;5.18
32248017000159;2026-03-09;GASOLINA;6.59
32248017000159;2026-03-09;GASOLINA ADITIVADA;6.89
36336386000154;2026-03-09;DIESEL;5.99
36336386000154;2026-03-09;DIESEL S10;6.09
36336386000154;2026-03-09;ETANOL;4.69
36336386000154;2026-03-09;GASOLINA;6.08
36336386000154;2026-03-09;GASOLINA ADITIVADA;6.28
38530950000109;2026-03-09;DIESEL;5.99
38530950000109;2026-03-09;DIESEL S10;6.09
38530950000109;2026-03-09;ETANOL;4.65
38530950000109;2026-03-09;GASOLINA;6.09
38530950000109;2026-03-09;GASOLINA ADITIVADA;6.39
45543915004683;2026-03-09;ETANOL;4.59
45543915004683;2026-03-09;GASOLINA;6.09
45543915004683;2026-03-09;GASOLINA ADITIVADA;6.19
01823633000162;2026-03-10;DIESEL;6.29
01823633000162;2026-03-10;DIESEL S10;6.39
01823633000162;2026-03-10;ETANOL;4.69
01823633000162;2026-03-10;GASOLINA;5.89
01823633000162;2026-03-10;GASOLINA ADITIVADA;6.09
04361389000151;2026-03-10;DIESEL;6.49
04361389000151;2026-03-10;DIESEL S10;6.59
04361389000151;2026-03-10;ETANOL;4.99
04361389000151;2026-03-10;GASOLINA;6.59
04361389000232;2026-03-10;DIESEL S10;6.25
04361389000232;2026-03-10;ETANOL;4.89
04361389000232;2026-03-10;GASOLINA;6.19
04361389000232;2026-03-10;GASOLINA ADITIVADA;6.39
04994796000104;2026-03-10;GASOLINA;6.19
04994796000104;2026-03-10;GASOLINA ADITIVADA;6.36
05393247000139;2026-03-10;DIESEL S10;6.25
05393247000139;2026-03-10;ETANOL;4.89
05393247000139;2026-03-10;GASOLINA;6.19
05393247000139;2026-03-10;GASOLINA ADITIVADA;6.39
05738923000169;2026-03-10;DIESEL;6.59
05738923000169;2026-03-10;ETANOL;4.89
05738923000169;2026-03-10;GASOLINA;6.58
05738923000169;2026-03-10;GASOLINA ADITIVADA;7.08
11222333000424;2026-03-10;DIESEL S10;5.99
11222333000424;2026-03-10;ETANOL;4.74
11222333000424;2026-03-10;GASOLINA;5.94
11222333000424;2026-03-10;GASOLINA ADITIVADA;6.14
12535572000154;2026-03-10;DIESEL S10;6.59
12535572000154;2026-03-10;ETANOL;4.89
12535572000154;2026-03-10;GASOLINA;6.59
12535572000154;2026-03-10;GASOLINA ADITIVADA;6.79
22356015000120;2026-03-10;DIESEL;6.39
22356015000120;2026-03-10;DIESEL S10;6.49
22356015000120;2026-03-10;ETANOL;4.89
22356015000120;2026-03-10;GASOLINA;6.59
22356015000120;2026-03-10;GASOLINA ADITIVADA;6.79
22356015000120;2026-03-10;GNV;3.99
10813831000136;2026-03-11;DIESEL;6.79
10813831000136;2026-03-11;DIESEL S10;6.89
10813831000136;2026-03-11;GASOLINA;6.69
10813831000136;2026-03-11;GASOLINA ADITIVADA;6.99
15010530000198;2026-03-11;DIESEL S10;6.39
15010530000198;2026-03-11;ETANOL;4.99
15010530000198;2026-03-11;GASOLINA;6.59
15010530000198;2026-03-11;GASOLINA ADITIVADA;6.99
17753176000117;2026-03-11;DIESEL S10;6.39
17753176000117;2026-03-11;ETANOL;4.99
17753176000117;2026-03-11;GASOLINA;6.59
17753176000117;2026-03-11;GASOLINA ADITIVADA;6.99
21246940000135;2026-03-11;DIESEL;6.79
21246940000135;2026-03-11;GASOLINA;6.59
21246940000135;2026-03-11;GASOLINA ADITIVADA;6.89
00580488000173;2026-03-12;DIESEL;6.25
00580488000173;2026-03-12;DIESEL S10;6.35
00580488000173;2026-03-12;ETANOL;4.89
00580488000173;2026-03-12;GASOLINA;6.19
00580488000173;2026-03-12;GASOLINA ADITIVADA;6.39
02582857000192;2026-03-12;ETANOL;4.69
02582857000192;2026-03-12;GASOLINA;6.05
02582857000192;2026-03-12;GASOLINA ADITIVADA;6.05
03948877000369;2026-03-12;DIESEL;6.49
03948877000369;2026-03-12;DIESEL S10;6.59
03948877000369;2026-03-12;GASOLINA;6.45
03948877000369;2026-03-12;GASOLINA ADITIVADA;6.65
04814652000110;2026-03-12;GASOLINA;6.59
05791319000104;2026-03-12;DIESEL;6.49
05791319000104;2026-03-12;GASOLINA;6.53
05791319000104;2026-03-12;GASOLINA ADITIVADA;6.63
05791319000104;2026-03-12;GNV;4.49
05892261000187;2026-03-12;DIESEL;6.59
05892261000187;2026-03-12;DIESEL S10;6.69
05892261000187;2026-03-12;GASOLINA;6.59
05892261000187;2026-03-12;GASOLINA ADITIVADA;6.79
06073382000160;2026-03-12;DIESEL S10;6.36
06073382000160;2026-03-12;ETANOL;4.66
06073382000160;2026-03-12;GASOLINA;6.36
07381843000124;2026-03-12;GASOLINA;6.59
07381843000124;2026-03-12;GASOLINA ADITIVADA;6.59
08022304000161;2026-03-12;DIESEL S10;6.39
08022304000161;2026-03-12;ETANOL;5.19
08022304000161;2026-03-12;GASOLINA;6.39
08022304000161;2026-03-12;GASOLINA ADITIVADA;6.79
08519545000110;2026-03-12;GASOLINA;6.79
08519545000110;2026-03-12;GASOLINA ADITIVADA;6.89
08971375000100;2026-03-12;DIESEL;6.4
08971375000100;2026-03-12;DIESEL S10;6.5
08971375000100;2026-03-12;ETANOL;4.87
08971375000100;2026-03-12;GASOLINA;6.47
08971375000100;2026-03-12;GASOLINA ADITIVADA;6.58
11222333000181;2026-03-12;DIESEL;6.4
11222333000181;2026-03-12;DIESEL S10;6.42
11222333000181;2026-03-12;ETANOL;4.65
11222333000181;2026-03-12;GASOLINA;6.39
11222333000181;2026-03-12;GASOLINA ADITIVADA;6.39
11222333000181;2026-03-12;GNV;4.09
11222333000505;2026-03-12;DIESEL S10;6.19
11222333000505;2026-03-12;ETANOL;4.79
11222333000505;2026-03-12;GASOLINA;6.09
11222333000505;2026-03-12;GASOLINA ADITIVADA;6.09
11222333000505;2026-03-12;GNV;3.99
13814642000176;2026-03-12;DIESEL S10;6.39
13814642000176;2026-03-12;ETANOL;4.69
13814642000176;2026-03-12;GASOLINA;6.59
13814642000176;2026-03-12;GASOLINA ADITIVADA;6.99
15226314000184;2026-03-12;ETANOL;4.89
15226314000184;2026-03-12;GASOLINA;6.19
20246670000108;2026-03-12;DIESEL;7.69
20246670000108;2026-03-12;DIESEL S10;7.89
20246670000108;2026-03-12;ETANOL;4.65
20246670000108;2026-03-12;GASOLINA;6.45
24145665000151;2026-03-12;DIESEL S10;6.29
24145665000151;2026-03-12;ETANOL;4.89
24145665000151;2026-03-12;GASOLINA;6.19
27016518000170;2026-03-12;DIESEL;6.64
27016518000170;2026-03-12;DIESEL S10;6.74
27016518000170;2026-03-12;ETANOL;4.79
27016518000170;2026-03-12;GASOLINA;6.29
27016518000170;2026-03-12;GASOLINA ADITIVADA;6.49
27085240000192;2026-03-12;DIESEL;6.39
27085240000192;2026-03-12;DIESEL S10;6.49
27085240000192;2026-03-12;GASOLINA;6.49
27085240000192;2026-03-12;GASOLINA ADITIVADA;6.62
27394378000173;2026-03-12;DIESEL S10;6.79
27394378000173;2026-03-12;GASOLINA;6.07
27394378000173;2026-03-12;GASOLINA ADITIVADA;6.59
27394378000173;2026-03-12;GNV;3.99
27396415000182;2026-03-12;DIESEL;6.38
27396415000182;2026-03-12;GASOLINA;6.38
27396415000182;2026-03-12;GASOLINA ADITIVADA;6.49
27396415000182;2026-03-12;GNV;3.98
27926384000124;2026-03-12;DIESEL;6.49
27926384000124;2026-03-12;DIESEL S10;6.59
27926384000124;2026-03-12;ETANOL;4.99
27926384000124;2026-03-12;GASOLINA;6.59
27926384000124;2026-03-12;GASOLINA ADITIVADA;6.59
28344206000158;2026-03-12;ETANOL;4.97
28344206000158;2026-03-12;GASOLINA;6.57
28344206000158;2026-03-12;GASOLINA ADITIVADA;6.57
01503536000192;2026-03-13;DIESEL S10;6.49
01503536000192;2026-03-13;ETANOL;4.99
01503536000192;2026-03-13;GASOLINA;6.59
01503536000192;2026-03-13;GASOLINA ADITIVADA;6.79
04145589001149;2026-03-13;DIESEL S10;6.29
04145589001149;2026-03-13;ETANOL;4.95
04145589001149;2026-03-13;GASOLINA;6.57
04145589001149;2026-03-13;GASOLINA ADITIVADA;6.57
04850382000101;2026-03-13;GASOLINA;6.59
04850382000101;2026-03-13;GASOLINA ADITIVADA;6.79
04850382000101;2026-03-13;GNV;3.99
01496517000186;2026-03-16;DIESEL S10;6.39
01496517000186;2026-03-16;ETANOL;4.99
01496517000186;2026-03-16;GASOLINA;6.59
01496517000186;2026-03-16;GASOLINA ADITIVADA;6.79
01514752000133;2026-03-16;ETANOL;4.99
01514752000133;2026-03-16;GASOLINA;6.59
01514752000133;2026-03-16;GASOLINA ADITIVADA;6.79
01557127000179;2026-03-16;GASOLINA;6.39
01557127000179;2026-03-16;GASOLINA ADITIVADA;6.69
01823633000162;2026-03-16;DIESEL;6.49
01823633000162;2026-03-16;DIESEL S10;6.59
01823633000162;2026-03-16;ETANOL;4.99
01823633000162;2026-03-16;GASOLINA;6.59
01823633000162;2026-03-16;GASOLINA ADITIVADA;6.79
02567214000170;2026-03-16;ETANOL;4.85
02567214000170;2026-03-16;GASOLINA;6.45
02567214000170;2026-03-16;GASOLINA ADITIVADA;6.45
03948877000369;2026-03-16;DIESEL;6.49
03948877000369;2026-03-16;DIESEL S10;6.59
03948877000369;2026-03-16;GASOLINA;6.45
03948877000369;2026-03-16;GASOLINA ADITIVADA;6.65
04361389000151;2026-03-16;DIESEL;6.49
04361389000151;2026-03-16;DIESEL S10;6.59
04361389000151;2026-03-16;ETANOL;4.99
04361389000151;2026-03-16;GASOLINA;6.59
04814652000110;2026-03-16;GASOLINA;6.59
04960337000100;2026-03-16;ETANOL;4.97
04960337000100;2026-03-16;GASOLINA;6.57
04960337000100;2026-03-16;GASOLINA ADITIVADA;6.57
05738923000169;2026-03-16;DIESEL;6.59
05738923000169;2026-03-16;ETANOL;4.89
05738923000169;2026-03-16;GASOLINA;6.58
05738923000169;2026-03-16;GASOLINA ADITIVADA;7.08
07381843000124;2026-03-16;GASOLINA;6.59
07381843000124;2026-03-16;GASOLINA ADITIVADA;6.59
07571908000102;2026-03-16;GASOLINA;6.59
07571908000102;2026-03-16;GASOLINA ADITIVADA;6.89
08519545000110;2026-03-16;GASOLINA;6.79
08519545000110;2026-03-16;GASOLINA ADITIVADA;6.89
08788618000170;2026-03-16;ETANOL;4.99
08788618000170;2026-03-16;GASOLINA;6.59
08788618000170;2026-03-16;GASOLINA ADITIVADA;6.99
08788618000170;2026-03-16;GNV;4.09
08971375000100;2026-03-16;DIESEL;6.47
08971375000100;2026-03-16;DIESEL S10;6.57
08971375000100;2026-03-16;ETANOL;4.99
08971375000100;2026-03-16;GASOLINA;6.52
08971375000100;2026-03-16;GASOLINA ADITIVADA;6.63
11942147000117;2026-03-16;DIESEL S10;6.39
11942147000117;2026-03-16;ETANOL;4.98
11942147000117;2026-03-16;GASOLINA;6.59
11942147000117;2026-03-16;GASOLINA ADITIVADA;6.79
12535572000154;2026-03-16;DIESEL S10;6.59
12535572000154;2026-03-16;ETANOL;4.99
12535572000154;2026-03-16;GASOLINA;6.59
12535572000154;2026-03-16;GASOLINA ADITIVADA;6.69
14806977000105;2026-03-16;ETANOL;4.89
14806977000105;2026-03-16;GASOLINA;6.59
14806977000105;2026-03-16;GASOLINA ADITIVADA;6.79
15010530000198;2026-03-16;DIESEL S10;6.39
15010530000198;2026-03-16;ETANOL;4.99
15010530000198;2026-03-16;GASOLINA;6.59
15010530000198;2026-03-16;GASOLINA ADITIVADA;6.99
16577742000114;2026-03-16;GASOLINA;6.59
16577742000114;2026-03-16;GASOLINA ADITIVADA;6.79
17753176000117;2026-03-16;DIESEL S10;6.39
17753176000117;2026-03-16;ETANOL;4.99
17753176000117;2026-03-16;GASOLINA;6.59
17753176000117;2026-03-16;GASOLINA ADITIVADA;6.99
20246670000108;2026-03-16;ETANOL;4.59
20246670000108;2026-03-16;GASOLINA;6.49
22356015000120;2026-03-16;DIESEL;6.39
22356015000120;2026-03-16;DIESEL S10;6.49
22356015000120;2026-03-16;ETANOL;4.99
22356015000120;2026-03-16;GASOLINA;6.59
22356015000120;2026-03-16;GASOLINA ADITIVADA;6.79
22356015000120;2026-03-16;GNV;3.99
26980450000181;2026-03-16;ETANOL;5.09
26980450000181;2026-03-16;GASOLINA;6.59
26980450000181;2026-03-16;GASOLINA ADITIVADA;6.79
27066273000276;2026-03-16;GASOLINA;6.45
27066273000276;2026-03-16;GASOLINA ADITIVADA;6.45
27085240000192;2026-03-16;DIESEL;6.49
27085240000192;2026-03-16;DIESEL S10;6.59
27085240000192;2026-03-16;GASOLINA;6.49
27085240000192;2026-03-16;GASOLINA ADITIVADA;6.62
27352004000195;2026-03-16;DIESEL;6.59
27352004000195;2026-03-16;ETANOL;5.19
27352004000195;2026-03-16;GASOLINA;6.59
27352004000195;2026-03-16;GASOLINA ADITIVADA;6.69
27734094000189;2026-03-16;DIESEL S10;6.79
27734094000189;2026-03-16;ETANOL;4.99
27734094000189;2026-03-16;GASOLINA;6.59
27734094000189;2026-03-16;GASOLINA ADITIVADA;6.94
28059632000140;2026-03-16;DIESEL;6.39
28059632000140;2026-03-16;DIESEL S10;6.39
28059632000140;2026-03-16;GASOLINA;6.59
28059632000140;2026-03-16;GASOLINA ADITIVADA;6.99
28413219000131;2026-03-16;DIESEL S10;6.49
28413219000131;2026-03-16;GASOLINA;6.59
28413219000131;2026-03-16;GASOLINA ADITIVADA;6.89
29326587000105;2026-03-16;GASOLINA;6.59
29326587000105;2026-03-16;GASOLINA ADITIVADA;6.79
29326587000105;2026-03-16;GNV;3.99
00580488000173;2026-03-17;DIESEL;6.69
00580488000173;2026-03-17;DIESEL S10;6.79
00580488000173;2026-03-17;ETANOL;4.99
00580488000173;2026-03-17;GASOLINA;6.59
00580488000173;2026-03-17;GASOLINA ADITIVADA;6.69
01503536000192;2026-03-17;DIESEL S10;6.79
01503536000192;2026-03-17;GASOLINA;6.59
01503536000192;2026-03-17;GASOLINA ADITIVADA;6.79
02582857000192;2026-03-17;ETANOL;4.79
02582857000192;2026-03-17;GASOLINA;6.17
02582857000192;2026-03-17;GASOLINA ADITIVADA;6.17
04361389000232;2026-03-17;DIESEL S10;6.39
04361389000232;2026-03-17;ETANOL;4.89
04361389000232;2026-03-17;GASOLINA;6.59
04361389000232;2026-03-17;GASOLINA ADITIVADA;6.79
04994796000104;2026-03-17;GASOLINA;6.59
04994796000104;2026-03-17;GASOLINA ADITIVADA;6.74
05393247000139;2026-03-17;DIESEL S10;6.39
05393247000139;2026-03-17;ETANOL;4.89
05393247000139;2026-03-17;GASOLINA;6.59
05393247000139;2026-03-17;GASOLINA ADITIVADA;6.79
05892261000187;2026-03-17;DIESEL;6.59
05892261000187;2026-03-17;DIESEL S10;6.69
05892261000187;2026-03-17;ETANOL;4.5
05892261000187;2026-03-17;GASOLINA;6.59
05892261000187;2026-03-17;GASOLINA ADITIVADA;6.79
06073382000160;2026-03-17;DIESEL S10;6.55
06073382000160;2026-03-17;ETANOL;4.86
06073382000160;2026-03-17;GASOLINA;6.46
07470392000100;2026-03-17;DIESEL;6.89
07470392000100;2026-03-17;ETANOL;5.09
07470392000100;2026-03-17;GASOLINA;6.69
07470392000100;2026-03-17;GASOLINA ADITIVADA;6.99
08022304000161;2026-03-17;DIESEL S10;6.49
08022304000161;2026-03-17;ETANOL;5.19
08022304000161;2026-03-17;GASOLINA;6.49
08022304000161;2026-03-17;GASOLINA ADITIVADA;6.89
09167931000153;2026-03-17;DIESEL S10;6.99
09167931000153;2026-03-17;ETANOL;4.99
09167931000153;2026-03-17;GASOLINA;6.59
09167931000153;2026-03-17;GASOLINA ADITIVADA;6.79
10197775000152;2026-03-17;DIESEL S10;6.49
10197775000152;2026-03-17;ETANOL;4.99
10197775000152;2026-03-17;GASOLINA;6.59
10197775000152;2026-03-17;GASOLINA ADITIVADA;6.59
10569345000114;2026-03-17;GASOLINA;6.59
10569345000114;2026-03-17;GASOLINA ADITIVADA;6.89
10813831000136;2026-03-17;DIESEL;6.89
10813831000136;2026-03-17;DIESEL S10;6.99
10813831000136;2026-03-17;GASOLINA;6.69
10813831000136;2026-03-17;GASOLINA ADITIVADA;6.99
11222333000181;2026-03-17;DIESEL;7.0
11222333000181;2026-03-17;DIESEL S10;7.02
11222333000181;2026-03-17;ETANOL;4.65
11222333000181;2026-03-17;GASOLINA;6.59
11222333000181;2026-03-17;GASOLINA ADITIVADA;6.59
11222333000181;2026-03-17;GNV;4.09
11222333000424;2026-03-17;DIESEL S10;6.49
11222333000424;2026-03-17;ETANOL;4.89
11222333000424;2026-03-17;GASOLINA;6.49
11222333000424;2026-03-17;GASOLINA ADITIVADA;6.69
11222333000505;2026-03-17;DIESEL S10;6.69
11222333000505;2026-03-17;ETANOL;4.89
11222333000505;2026-03-17;GASOLINA;6.29
11222333000505;2026-03-17;GASOLINA ADITIVADA;6.29
11222333000505;2026-03-17;GNV;3.99
13814642000176;2026-03-17;DIESEL S10;6.59
13814642000176;2026-03-17;ETANOL;4.69
13814642000176;2026-03-17;GASOLINA;6.59
13814642000176;2026-03-17;GASOLINA ADITIVADA;6.99
15226314000184;2026-03-17;ETANOL;4.69
15226314000184;2026-03-17;GASOLINA;6.39
17375525000104;2026-03-17;DIESEL S10;6.55
17375525000104;2026-03-17;ETANOL;4.98
17375525000104;2026-03-17;GASOLINA;6.59
17375525000104;2026-03-17;GASOLINA ADITIVADA;6.79
18366697000184;2026-03-17;DIESEL;6.37
18366697000184;2026-03-17;DIESEL S10;6.47
18366697000184;2026-03-17;ETANOL;4.89
18366697000184;2026-03-17;GASOLINA;6.69
18366697000184;2026-03-17;GASOLINA ADITIVADA;6.99
21246940000135;2026-03-17;DIESEL;6.79
21246940000135;2026-03-17;GASOLINA;6.79
21246940000135;2026-03-17;GASOLINA ADITIVADA;6.89
23305603000105;2026-03-17;GASOLINA;6.59
23305603000105;2026-03-17;GASOLINA ADITIVADA;6.92
24145665000151;2026-03-17;DIESEL S10;6.79
24145665000151;2026-03-17;ETANOL;4.89
24145665000151;2026-03-17;GASOLINA;6.49
27016518000170;2026-03-17;DIESEL;6.74
27016518000170;2026-03-17;DIESEL S10;6.84
27016518000170;2026-03-17;ETANOL;4.89
27016518000170;2026-03-17;GASOLINA;6.49
27016518000170;2026-03-17;GASOLINA ADITIVADA;6.69
27394378000173;2026-03-17;DIESEL S10;6.99
27394378000173;2026-03-17;GASOLINA;6.39
27394378000173;2026-03-17;GASOLINA ADITIVADA;6.59
27394378000173;2026-03-17;GNV;3.99
27396415000182;2026-03-17;DIESEL;6.78
27396415000182;2026-03-17;ETANOL;4.89
27396415000182;2026-03-17;GASOLINA;6.48
27396415000182;2026-03-17;GASOLINA ADITIVADA;6.59
27396415000182;2026-03-17;GNV;3.98
27926384000124;2026-03-17;DIESEL;6.79
27926384000124;2026-03-17;DIESEL S10;6.89
27926384000124;2026-03-17;ETANOL;4.99
27926384000124;2026-03-17;GASOLINA;6.59
27926384000124;2026-03-17;GASOLINA ADITIVADA;6.59
28344206000158;2026-03-17;ETANOL;4.89
28344206000158;2026-03-17;GASOLINA;6.39
28344206000158;2026-03-17;GASOLINA ADITIVADA;6.39
30869047000157;2026-03-17;DIESEL;7.09
30869047000157;2026-03-17;DIESEL S10;7.19
30869047000157;2026-03-17;ETANOL;5.49
30869047000157;2026-03-17;GASOLINA;6.69
04145589001149;2026-03-18;DIESEL S10;6.49
04145589001149;2026-03-18;ETANOL;4.95
04145589001149;2026-03-18;GASOLINA;6.57
04145589001149;2026-03-18;GASOLINA ADITIVADA;6.77
04850382000101;2026-03-18;GASOLINA;6.59
04850382000101;2026-03-18;GASOLINA ADITIVADA;6.79
04850382000101;2026-03-18;GNV;3.99
23314250000100;2026-03-18;DIESEL S10;6.79
23314250000100;2026-03-18;ETANOL;4.85
23314250000100;2026-03-18;GASOLINA;6.55
02802986000149;2026-03-19;DIESEL S10;6.63
02802986000149;2026-03-19;ETANOL;5.15
02802986000149;2026-03-19;GASOLINA;6.63
02802986000149;2026-03-19;GASOLINA ADITIVADA;6.73
09076862000172;2026-03-19;GASOLINA;7.19
09076862000172;2026-03-19;GASOLINA ADITIVADA;7.39
14096313000108;2026-03-19;DIESEL;6.15
14096313000108;2026-03-19;DIESEL S10;6.99
14096313000108;2026-03-19;ETANOL;5.89
14096313000108;2026-03-19;GASOLINA;6.79
14096313000108;2026-03-19;GASOLINA ADITIVADA;6.89
23238396000105;2026-03-19;DIESEL S10;6.65
23238396000105;2026-03-19;ETANOL;5.15
23238396000105;2026-03-19;GASOLINA;6.65
23238396000105;2026-03-19;GASOLINA ADITIVADA;6.77
27020445000190;2026-03-19;GASOLINA;7.19
27020445000190;2026-03-19;GASOLINA ADITIVADA;7.39
27020445000513;2026-03-19;GASOLINA;7.19
27020445000513;2026-03-19;GASOLINA ADITIVADA;7.39
32248017000159;2026-03-19;DIESEL S10;7.49
32248017000159;2026-03-19;ETANOL;5.89
32248017000159;2026-03-19;GASOLINA;7.19
32248017000159;2026-03-19;GASOLINA ADITIVADA;7.49
34034823000150;2026-03-19;DIESEL S10;7.49
34034823000150;2026-03-19;ETANOL;5.89
34034823000150;2026-03-19;GASOLINA;7.19
34034823000150;2026-03-19;GASOLINA ADITIVADA;7.49
00580488000173;2026-03-23;DIESEL;6.69
00580488000173;2026-03-23;DIESEL S10;6.79
00580488000173;2026-03-23;ETANOL;4.99
00580488000173;2026-03-23;GASOLINA;6.39
00580488000173;2026-03-23;GASOLINA ADITIVADA;6.59
01514752000133;2026-03-23;ETANOL;4.79
01514752000133;2026-03-23;GASOLINA;6.47
01514752000133;2026-03-23;GASOLINA ADITIVADA;6.67
01557127000179;2026-03-23;GASOLINA;6.39
01557127000179;2026-03-23;GASOLINA ADITIVADA;6.69
01823633000162;2026-03-23;DIESEL;6.69
01823633000162;2026-03-23;DIESEL S10;6.79
01823633000162;2026-03-23;ETANOL;4.99
01823633000162;2026-03-23;GASOLINA;6.49
01823633000162;2026-03-23;GASOLINA ADITIVADA;6.69
02567214000170;2026-03-23;ETANOL;4.85
02567214000170;2026-03-23;GASOLINA;6.45
02567214000170;2026-03-23;GASOLINA ADITIVADA;6.59
02582857000192;2026-03-23;ETANOL;4.89
02582857000192;2026-03-23;GASOLINA;6.27
02582857000192;2026-03-23;GASOLINA ADITIVADA;6.27
02802986000149;2026-03-23;DIESEL S10;6.63
02802986000149;2026-03-23;ETANOL;5.15
02802986000149;2026-03-23;GASOLINA;6.63
02802986000149;2026-03-23;GASOLINA ADITIVADA;6.73
04145589001149;2026-03-23;DIESEL S10;6.67
04145589001149;2026-03-23;ETANOL;4.95
04145589001149;2026-03-23;GASOLINA;6.57
04145589001149;2026-03-23;GASOLINA ADITIVADA;6.77
04960337000100;2026-03-23;ETANOL;4.75
04960337000100;2026-03-23;GASOLINA;6.45
04960337000100;2026-03-23;GASOLINA ADITIVADA;6.45
07470392000100;2026-03-23;DIESEL;6.89
07470392000100;2026-03-23;ETANOL;5.19
07470392000100;2026-03-23;GASOLINA;6.79
07470392000100;2026-03-23;GASOLINA ADITIVADA;6.99
07571908000102;2026-03-23;GASOLINA;6.49
07571908000102;2026-03-23;GASOLINA ADITIVADA;6.79
08788618000170;2026-03-23;ETANOL;4.99
08788618000170;2026-03-23;GASOLINA;6.59
08788618000170;2026-03-23;GASOLINA ADITIVADA;6.99
08788618000170;2026-03-23;GNV;4.09
09076862000172;2026-03-23;GASOLINA;7.19
09076862000172;2026-03-23;GASOLINA ADITIVADA;7.39
10197775000152;2026-03-23;DIESEL S10;6.49
10197775000152;2026-03-23;ETANOL;4.99
10197775000152;2026-03-23;GASOLINA;6.59
10197775000152;2026-03-23;GASOLINA ADITIVADA;6.59
11222333000181;2026-03-23;DIESEL;7.2
11222333000181;2026-03-23;ETANOL;4.8
11222333000181;2026-03-23;GASOLINA;6.59
11222333000181;2026-03-23;GASOLINA ADITIVADA;6.59
11222333000181;2026-03-23;GNV;4.09
11222333000262;2026-03-23;DIESEL;6.69
11222333000262;2026-03-23;DIESEL S10;6.79
11222333000262;2026-03-23;ETANOL;4.99
11222333000262;2026-03-23;GASOLINA;6.59
11222333000262;2026-03-23;GASOLINA ADITIVADA;6.79
11222333000262;2026-03-23;GNV;3.99
11222333000505;2026-03-23;DIESEL S10;6.69
11222333000505;2026-03-23;ETANOL;4.89
11222333000505;2026-03-23;GASOLINA;6.29
11222333000505;2026-03-23;GASOLINA ADITIVADA;6.29
11222333000505;2026-03-23;GNV;3.99
11942147000117;2026-03-23;DIESEL S10;6.39
11942147000117;2026-03-23;ETANOL;4.98
11942147000117;2026-03-23;GASOLINA;6.45
11942147000117;2026-03-23;GASOLINA ADITIVADA;6.79
13814642000176;2026-03-23;DIESEL S10;6.99
13814642000176;2026-03-23;ETANOL;4.69
13814642000176;2026-03-23;GASOLINA;6.39
13814642000176;2026-03-23;GASOLINA ADITIVADA;6.79
14096313000108;2026-03-23;DIESEL;6.15
14096313000108;2026-03-23;DIESEL S10;6.99
14096313000108;2026-03-23;ETANOL;5.89
14096313000108;2026-03-23;GASOLINA;6.79
14096313000108;2026-03-23;GASOLINA ADITIVADA;6.89
14806977000105;2026-03-23;ETANOL;4.89
14806977000105;2026-03-23;GASOLINA;6.59
14806977000105;2026-03-23;GASOLINA ADITIVADA;6.79
15010530000198;2026-03-23;DIESEL S10;6.99
15010530000198;2026-03-23;ETANOL;4.99
15010530000198;2026-03-23;GASOLINA;6.56
15010530000198;2026-03-23;GASOLINA ADITIVADA;6.96
15226314000184;2026-03-23;ETANOL;4.89
15226314000184;2026-03-23;GASOLINA;6.39
17375525000104;2026-03-23;DIESEL S10;6.88
17375525000104;2026-03-23;ETANOL;4.98
17375525000104;2026-03-23;GASOLINA;6.59
17375525000104;2026-03-23;GASOLINA ADITIVADA;6.79
17753176000117;2026-03-23;DIESEL S10;6.99
17753176000117;2026-03-23;ETANOL;4.99
17753176000117;2026-03-23;GASOLINA;6.56
17753176000117;2026-03-23;GASOLINA ADITIVADA;6.96
23238396000105;2026-03-23;DIESEL S10;6.65
23238396000105;2026-03-23;ETANOL;5.15
23238396000105;2026-03-23;GASOLINA;6.65
23238396000105;2026-03-23;GASOLINA ADITIVADA;6.77
23305603000105;2026-03-23;GASOLINA;6.59
23305603000105;2026-03-23;GASOLINA ADITIVADA;6.92
24145665000151;2026-03-23;DIESEL S10;6.89
24145665000151;2026-03-23;ETANOL;4.89
24145665000151;2026-03-23;GASOLINA;6.59
26980450000181;2026-03-23;ETANOL;5.09
26980450000181;2026-03-23;GASOLINA;6.59
26980450000181;2026-03-23;GASOLINA ADITIVADA;6.79
27016518000170;2026-03-23;DIESEL;6.79
27016518000170;2026-03-23;DIESEL S10;6.89
27016518000170;2026-03-23;ETANOL;4.89
27016518000170;2026-03-23;GASOLINA;6.39
27016518000170;2026-03-23;GASOLINA ADITIVADA;6.69
27020445000190;2026-03-23;GASOLINA;7.19
27020445000190;2026-03-23;GASOLINA ADITIVADA;7.39
27020445000513;2026-03-23;GASOLINA;7.19
27020445000513;2026-03-23;GASOLINA ADITIVADA;7.39
27066273000276;2026-03-23;ETANOL;4.79
27066273000276;2026-03-23;GASOLINA;6.45
27066273000276;2026-03-23;GASOLINA ADITIVADA;6.45
27316819000119;2026-03-23;GASOLINA;6.89
27316819000119;2026-03-23;GASOLINA ADITIVADA;6.99
27394378000173;2026-03-23;DIESEL S10;6.99
27394378000173;2026-03-23;GASOLINA;6.35
27394378000173;2026-03-23;GASOLINA ADITIVADA;6.89
27394378000173;2026-03-23;GNV;3.99
27396415000182;2026-03-23;DIESEL;6.87
27396415000182;2026-03-23;ETANOL;4.89
27396415000182;2026-03-23;GASOLINA;6.48
27396415000182;2026-03-23;GASOLINA ADITIVADA;6.59
27396415000182;2026-03-23;GNV;3.98
27734094000189;2026-03-23;DIESEL S10;6.79
27734094000189;2026-03-23;ETANOL;4.99
27734094000189;2026-03-23;GASOLINA;6.59
27734094000189;2026-03-23;GASOLINA ADITIVADA;6.94
27926384000124;2026-03-23;DIESEL;6.89
27926384000124;2026-03-23;DIESEL S10;6.99
27926384000124;2026-03-23;ETANOL;4.99
27926384000124;2026-03-23;GASOLINA;6.59
27926384000124;2026-03-23;GASOLINA ADITIVADA;6.59
28059632000140;2026-03-23;DIESEL;6.99
28059632000140;2026-03-23;DIESEL S10;6.99
28059632000140;2026-03-23;GASOLINA;6.45
28059632000140;2026-03-23;GASOLINA ADITIVADA;6.85
28344206000158;2026-03-23;ETANOL;4.89
28344206000158;2026-03-23;GASOLINA;6.59
28344206000158;2026-03-23;GASOLINA ADITIVADA;6.59
28413219000131;2026-03-23;GASOLINA;6.59
28413219000131;2026-03-23;GASOLINA ADITIVADA;6.89
29326587000105;2026-03-23;GASOLINA;6.49
29326587000105;2026-03-23;GASOLINA ADITIVADA;6.79
29326587000105;2026-03-23;GNV;3.99
30456018000163;2026-03-23;GASOLINA;6.59
30456018000163;2026-03-23;GASOLINA ADITIVADA;6.79
30456018000163;2026-03-23;GNV;3.99
32248017000159;2026-03-23;DIESEL S10;7.49
32248017000159;2026-03-23;ETANOL;5.89
32248017000159;2026-03-23;GASOLINA;7.19
32248017000159;2026-03-23;GASOLINA ADITIVADA;7.49
36336386000154;2026-03-23;DIESEL;6.69
36336386000154;2026-03-23;DIESEL S10;6.79
36336386000154;2026-03-23;ETANOL;4.99
36336386000154;2026-03-23;GASOLINA;6.59
36336386000154;2026-03-23;GASOLINA ADITIVADA;6.79
38530950000109;2026-03-23;DIESEL;6.79
38530950000109;2026-03-23;DIESEL S10;6.99
38530950000109;2026-03-23;ETANOL;4.99
38530950000109;2026-03-23;GASOLINA;6.59
38530950000109;2026-03-23;GASOLINA ADITIVADA;6.89
45543915004683;2026-03-23;ETANOL;4.87
45543915004683;2026-03-23;GASOLINA;6.57
45543915004683;2026-03-23;GASOLINA ADITIVADA;6.77
04361389000151;2026-03-24;DIESEL;6.78
04361389000151;2026-03-24;DIESEL S10;6.88
04361389000151;2026-03-24;ETANOL;4.99
04361389000151;2026-03-24;GASOLINA;6.59
04361389000232;2026-03-24;DIESEL S10;6.67
04361389000232;2026-03-24;ETANOL;4.89
04361389000232;2026-03-24;GASOLINA;6.59
04361389000232;2026-03-24;GASOLINA ADITIVADA;6.79
04994796000104;2026-03-24;GASOLINA;6.59
04994796000104;2026-03-24;GASOLINA ADITIVADA;6.74
05393247000139;2026-03-24;DIESEL S10;6.67
05393247000139;2026-03-24;ETANOL;4.89
05393247000139;2026-03-24;GASOLINA;6.59
05393247000139;2026-03-24;GASOLINA ADITIVADA;6.79
05738923000169;2026-03-24;DIESEL;6.89
05738923000169;2026-03-24;ETANOL;5.09
05738923000169;2026-03-24;GASOLINA;6.69
05738923000169;2026-03-24;GASOLINA ADITIVADA;7.09
11222333000424;2026-03-24;DIESEL S10;6.49
11222333000424;2026-03-24;ETANOL;4.89
11222333000424;2026-03-24;GASOLINA;6.49
11222333000424;2026-03-24;GASOLINA ADITIVADA;6.69
12535572000154;2026-03-24;DIESEL S10;6.79
12535572000154;2026-03-24;ETANOL;4.99
12535572000154;2026-03-24;GASOLINA;6.49
12535572000154;2026-03-24;GASOLINA ADITIVADA;6.69
22356015000120;2026-03-24;DIESEL;6.79
22356015000120;2026-03-24;DIESEL S10;6.89
22356015000120;2026-03-24;ETANOL;4.99
22356015000120;2026-03-24;GASOLINA;6.59
22356015000120;2026-03-24;GASOLINA ADITIVADA;6.79
22356015000120;2026-03-24;GNV;3.99
31465040000132;2026-03-24;DIESEL S10;6.79
31465040000132;2026-03-24;ETANOL;4.99
31465040000132;2026-03-24;GASOLINA;6.59
31465040000132;2026-03-24;GASOLINA ADITIVADA;6.79
00345721000133;2026-03-25;DIESEL S10;6.99
00345721000133;2026-03-25;GASOLINA;6.79
01503536000192;2026-03-25;DIESEL S10;6.89
01503536000192;2026-03-25;GASOLINA;6.59
01503536000192;2026-03-25;GASOLINA ADITIVADA;6.79
05892261000187;2026-03-25;DIESEL;6.89
05892261000187;2026-03-25;DIESEL S10;6.99
05892261000187;2026-03-25;GASOLINA;6.59
05892261000187;2026-03-25;GASOLINA ADITIVADA;6.79
06073382000160;2026-03-25;DIESEL S10;6.96
06073382000160;2026-03-25;ETANOL;4.86
06073382000160;2026-03-25;GASOLINA;6.56
09369995000137;2026-03-25;ETANOL;4.89
09369995000137;2026-03-25;GASOLINA;6.69
09369995000137;2026-03-25;GNV;4.98
18366697000184;2026-03-25;DIESEL;6.49
18366697000184;2026-03-25;DIESEL S10;6.69
18366697000184;2026-03-25;ETANOL;4.89
18366697000184;2026-03-25;GASOLINA;6.39
18366697000184;2026-03-25;GASOLINA ADITIVADA;6.69
29937036000188;2026-03-25;DIESEL S10;7.19
29937036000188;2026-03-25;ETANOL;5.09
29937036000188;2026-03-25;GASOLINA;6.79
30869047000157;2026-03-25;DIESEL;7.09
30869047000157;2026-03-25;DIESEL S10;7.19
30869047000157;2026-03-25;ETANOL;5.79
30869047000157;2026-03-25;GASOLINA;6.79
03948877000369;2026-03-26;DIESEL;6.89
03948877000369;2026-03-26;DIESEL S10;6.99
03948877000369;2026-03-26;GASOLINA;6.55
03948877000369;2026-03-26;GASOLINA ADITIVADA;6.75
04814652000110;2026-03-26;GASOLINA;6.69
04850382000101;2026-03-26;GASOLINA;6.59
04850382000101;2026-03-26;GASOLINA ADITIVADA;6.79
04850382000101;2026-03-26;GNV;3.99
07381843000124;2026-03-26;GASOLINA;6.69
07381843000124;2026-03-26;GASOLINA ADITIVADA;6.69
08519545000110;2026-03-26;GASOLINA;6.89
08519545000110;2026-03-26;GASOLINA ADITIVADA;6.99
08971375000100;2026-03-26;DIESEL;6.63
08971375000100;2026-03-26;DIESEL S10;6.93
08971375000100;2026-03-26;ETANOL;5.07
08971375000100;2026-03-26;GASOLINA;6.49
08971375000100;2026-03-26;GASOLINA ADITIVADA;6.69
20246670000108;2026-03-26;DIESEL;7.59
20246670000108;2026-03-26;DIESEL S10;7.69
20246670000108;2026-03-26;ETANOL;4.59
20246670000108;2026-03-26;GASOLINA;6.55
27085240000192;2026-03-26;DIESEL;6.89
27085240000192;2026-03-26;DIESEL S10;6.99
27085240000192;2026-03-26;GASOLINA;6.79
27085240000192;2026-03-26;GASOLINA ADITIVADA;6.92
39814835000110;2026-03-26;DIESEL;6.89
39814835000110;2026-03-26;DIESEL S10;6.99
39814835000110;2026-03-26;ETANOL;5.19
39814835000110;2026-03-26;GASOLINA;6.59
39814835000110;2026-03-26;GASOLINA ADITIVADA;6.69
42176421000118;2026-03-26;ETANOL;4.99
42176421000118;2026-03-26;GASOLINA;6.59
42176421000118;2026-03-26;GASOLINA ADITIVADA;6.79
01503536000192;2026-03-30;DIESEL S10;6.89
01503536000192;2026-03-30;GASOLINA;6.59
01503536000192;2026-03-30;GASOLINA ADITIVADA;6.79
01514752000133;2026-03-30;ETANOL;4.79
01514752000133;2026-03-30;GASOLINA;6.47
01514752000133;2026-03-30;GASOLINA ADITIVADA;6.67
01823633000162;2026-03-30;DIESEL;6.79
01823633000162;2026-03-30;DIESEL S10;6.89
01823633000162;2026-03-30;ETANOL;4.99
01823633000162;2026-03-30;GASOLINA;6.45
01823633000162;2026-03-30;GASOLINA ADITIVADA;6.65
02567214000170;2026-03-30;ETANOL;4.79
02567214000170;2026-03-30;GASOLINA;6.45
02567214000170;2026-03-30;GASOLINA ADITIVADA;6.59
04228463000166;2026-03-30;DIESEL S10;6.99
04228463000166;2026-03-30;ETANOL;4.99
04228463000166;2026-03-30;GASOLINA ADITIVADA;6.59
04361389000151;2026-03-30;DIESEL;6.78
04361389000151;2026-03-30;DIESEL S10;6.88
04361389000151;2026-03-30;ETANOL;4.99
04361389000151;2026-03-30;GASOLINA;6.59
04960337000100;2026-03-30;ETANOL;4.75
04960337000100;2026-03-30;GASOLINA;6.45
04960337000100;2026-03-30;GASOLINA ADITIVADA;6.45
05609081000145;2026-03-30;DIESEL;6.69
05609081000145;2026-03-30;DIESEL S10;6.79
05609081000145;2026-03-30;ETANOL;4.89
05609081000145;2026-03-30;GASOLINA;6.69
05738923000169;2026-03-30;DIESEL;6.89
05738923000169;2026-03-30;ETANOL;5.09
05738923000169;2026-03-30;GASOLINA;6.69
05738923000169;2026-03-30;GASOLINA ADITIVADA;7.09
07571908000102;2026-03-30;GASOLINA;6.49
07571908000102;2026-03-30;GASOLINA ADITIVADA;6.79
08788618000170;2026-03-30;ETANOL;4.99
08788618000170;2026-03-30;GASOLINA;6.49
08788618000170;2026-03-30;GASOLINA ADITIVADA;6.89
08788618000170;2026-03-30;GNV;3.99
10331576000195;2026-03-30;DIESEL;6.69
10331576000195;2026-03-30;DIESEL S10;6.79
10331576000195;2026-03-30;GASOLINA;6.69
10331576000195;2026-03-30;GASOLINA ADITIVADA;6.69
10569345000114;2026-03-30;GASOLINA;6.59
10569345000114;2026-03-30;GASOLINA ADITIVADA;6.89
11222333000343;2026-03-30;DIESEL S10;6.49
11222333000343;2026-03-30;ETANOL;4.85
11222333000343;2026-03-30;GASOLINA;6.45
11222333000343;2026-03-30;GASOLINA ADITIVADA;6.45
11942147000117;2026-03-30;DIESEL S10;6.79
11942147000117;2026-03-30;ETANOL;4.98
11942147000117;2026-03-30;GASOLINA;6.58
11942147000117;2026-03-30;GASOLINA ADITIVADA;6.79
12535572000154;2026-03-30;DIESEL S10;6.87
12535572000154;2026-03-30;ETANOL;4.99
12535572000154;2026-03-30;GASOLINA;6.49
12535572000154;2026-03-30;GASOLINA ADITIVADA;6.69
13602147000101;2026-03-30;GASOLINA;6.69
14806977000105;2026-03-30;ETANOL;4.99
14806977000105;2026-03-30;GASOLINA;6.59
14806977000105;2026-03-30;GASOLINA ADITIVADA;6.79
21246940000135;2026-03-30;DIESEL;6.89
21246940000135;2026-03-30;GASOLINA;6.59
21246940000135;2026-03-30;GASOLINA ADITIVADA;6.79
22356015000120;2026-03-30;DIESEL;6.79
22356015000120;2026-03-30;DIESEL S10;6.89
22356015000120;2026-03-30;ETANOL;4.99
22356015000120;2026-03-30;GASOLINA;6.59
22356015000120;2026-03-30;GASOLINA ADITIVADA;6.79
22356015000120;2026-03-30;GNV;3.99
26980450000181;2026-03-30;ETANOL;5.29
26980450000181;2026-03-30;GASOLINA;6.49
26980450000181;2026-03-30;GASOLINA ADITIVADA;6.79
27066273000276;2026-03-30;GASOLINA;6.45
27066273000276;2026-03-30;GASOLINA ADITIVADA;6.45
27664597000559;2026-03-30;DIESEL;6.89
27664597000559;2026-03-30;DIESEL S10;6.99
27664597000559;2026-03-30;GASOLINA;6.59
27734094000189;2026-03-30;DIESEL S10;6.79
27734094000189;2026-03-30;ETANOL;5.29
27734094000189;2026-03-30;GASOLINA;6.59
27734094000189;2026-03-30;GASOLINA ADITIVADA;6.94
28059632000140;2026-03-30;DIESEL;6.89
28059632000140;2026-03-30;DIESEL S10;6.89
28059632000140;2026-03-30;GASOLINA;6.45
28059632000140;2026-03-30;GASOLINA ADITIVADA;6.85
28413219000131;2026-03-30;GASOLINA;6.59
28413219000131;2026-03-30;GASOLINA ADITIVADA;6.89
30869047000157;2026-03-30;DIESEL;7.09
30869047000157;2026-03-30;DIESEL S10;7.19
30869047000157;2026-03-30;ETANOL;5.49
30869047000157;2026-03-30;GASOLINA;6.79
36336386000154;2026-03-30;DIESEL;6.79
36336386000154;2026-03-30;DIESEL S10;6.89
36336386000154;2026-03-30;ETANOL;4.99
36336386000154;2026-03-30;GASOLINA;6.45
36336386000154;2026-03-30;GASOLINA ADITIVADA;6.65
36675989000180;2026-03-30;DIESEL S10;7.09
36675989000180;2026-03-30;ETANOL;4.72
36675989000180;2026-03-30;GASOLINA;6.57
36675989000180;2026-03-30;GASOLINA ADITIVADA;6.57
38530950000109;2026-03-30;DIESEL;6.69
38530950000109;2026-03-30;DIESEL S10;6.79
38530950000109;2026-03-30;ETANOL;4.99
38530950000109;2026-03-30;GASOLINA;6.59
38530950000109;2026-03-30;GASOLINA ADITIVADA;6.89
04361389000232;2026-03-31;DIESEL S10;6.89
04361389000232;2026-03-31;ETANOL;4.99
04361389000232;2026-03-31;GASOLINA;6.59
04361389000232;2026-03-31;GASOLINA ADITIVADA;6.59
04850382000101;2026-03-31;GASOLINA;6.49
04850382000101;2026-03-31;GASOLINA ADITIVADA;6.69
04850382000101;2026-03-31;GNV;3.99
05393247000139;2026-03-31;DIESEL S10;6.89
05393247000139;2026-03-31;ETANOL;4.99
05393247000139;2026-03-31;GASOLINA;6.59
05393247000139;2026-03-31;GASOLINA ADITIVADA;6.59
07470392000100;2026-03-31;DIESEL;6.89
07470392000100;2026-03-31;ETANOL;5.19
07470392000100;2026-03-31;GASOLINA;6.79
07470392000100;2026-03-31;GASOLINA ADITIVADA;6.99
07830414000197;2026-03-31;DIESEL;6.89
07830414000197;2026-03-31;ETANOL;4.99
07830414000197;2026-03-31;GASOLINA;6.68
07830414000197;2026-03-31;GASOLINA ADITIVADA;7.03
10197775000152;2026-03-31;DIESEL S10;6.99
10197775000152;2026-03-31;ETANOL;4.99
10197775000152;2026-03-31;GASOLINA;6.59
10197775000152;2026-03-31;GASOLINA ADITIVADA;6.79
10813831000136;2026-03-31;DIESEL;7.25
10813831000136;2026-03-31;DIESEL S10;7.35
10813831000136;2026-03-31;GASOLINA;6.69
10813831000136;2026-03-31;GASOLINA ADITIVADA;6.99
11217185000107;2026-03-31;DIESEL;7.29
11217185000107;2026-03-31;DIESEL S10;7.39
11217185000107;2026-03-31;GASOLINA;6.59
11217185000107;2026-03-31;GASOLINA ADITIVADA;6.99
11222333000424;2026-03-31;DIESEL S10;6.65
11222333000424;2026-03-31;ETANOL;4.99
11222333000424;2026-03-31;GASOLINA;6.49
11222333000424;2026-03-31;GASOLINA ADITIVADA;6.69
17375525000104;2026-03-31;DIESEL S10;6.99
17375525000104;2026-03-31;ETANOL;4.98
17375525000104;2026-03-31;GASOLINA;6.45
17375525000104;2026-03-31;GASOLINA ADITIVADA;6.79
23305603000105;2026-03-31;GASOLINA;6.45
23305603000105;2026-03-31;GASOLINA ADITIVADA;6.85
23314250000100;2026-03-31;DIESEL S10;6.79
23314250000100;2026-03-31;ETANOL;4.84
23314250000100;2026-03-31;GASOLINA;6.44
27303411000102;2026-03-31;ETANOL;5.49
27303411000102;2026-03-31;GASOLINA;6.99
27303411000102;2026-03-31;GASOLINA ADITIVADA;7.09
27303411000374;2026-03-31;DIESEL S10;6.79
27303411000374;2026-03-31;GASOLINA;6.69
27303411000374;2026-03-31;GASOLINA ADITIVADA;6.79
31465040000132;2026-03-31;DIESEL S10;6.79
31465040000132;2026-03-31;ETANOL;4.99
31465040000132;2026-03-31;GASOLINA;6.59
31465040000132;2026-03-31;GASOLINA ADITIVADA;6.59
32467417000155;2026-03-31;GASOLINA;6.41
32467417000155;2026-03-31;GASOLINA ADITIVADA;6.41
34765133000170;2026-03-31;DIESEL S10;6.99
34765133000170;2026-03-31;ETANOL;4.99
34765133000170;2026-03-31;GASOLINA;6.45
34765133000170;2026-03-31;GASOLINA ADITIVADA;6.89
36004950000131;2026-03-31;ETANOL;4.99
36004950000131;2026-03-31;GASOLINA;6.45
36004950000131;2026-03-31;GASOLINA ADITIVADA;6.65
37361618000197;2026-03-31;ETANOL;4.89
37361618000197;2026-03-31;GASOLINA;6.69
37361618000197;2026-03-31;GASOLINA ADITIVADA;6.69
97538270000192;2026-03-31;DIESEL;6.99
97538270000192;2026-03-31;DIESEL S10;7.19
97538270000192;2026-03-31;GASOLINA;6.59
97538270000192;2026-03-31;GASOLINA ADITIVADA;6.89
00580488000173;2026-04-01;DIESEL;6.69
00580488000173;2026-04-01;DIESEL S10;6.79
00580488000173;2026-04-01;ETANOL;4.99
00580488000173;2026-04-01;GASOLINA;6.39
00580488000173;2026-04-01;GASOLINA ADITIVADA;6.59
02582857000192;2026-04-01;ETANOL;4.89
02582857000192;2026-04-01;GASOLINA;6.34
02582857000192;2026-04-01;GASOLINA ADITIVADA;6.34
04145589001149;2026-04-01;DIESEL S10;6.98
04145589001149;2026-04-01;ETANOL;4.95
04145589001149;2026-04-01;GASOLINA;6.46
04145589001149;2026-04-01;GASOLINA ADITIVADA;6.76
06073382000160;2026-04-01;DIESEL S10;6.96
06073382000160;2026-04-01;ETANOL;4.82
06073382000160;2026-04-01;GASOLINA;6.42
11222333000181;2026-04-01;DIESEL;6.9
11222333000181;2026-04-01;ETANOL;4.8
11222333000181;2026-04-01;GASOLINA;6.59
11222333000181;2026-04-01;GASOLINA ADITIVADA;6.59
11222333000181;2026-04-01;GNV;4.09
11222333000505;2026-04-01;DIESEL S10;6.89
11222333000505;2026-04-01;ETANOL;4.89
11222333000505;2026-04-01;GASOLINA;6.39
11222333000505;2026-04-01;GASOLINA ADITIVADA;6.39
11222333000505;2026-04-01;GNV;3.99
13814642000176;2026-04-01;DIESEL S10;6.89
13814642000176;2026-04-01;ETANOL;4.99
13814642000176;2026-04-01;GASOLINA;6.39
13814642000176;2026-04-01;GASOLINA ADITIVADA;6.79
15226314000184;2026-04-01;ETANOL;4.99
15226314000184;2026-04-01;GASOLINA;6.59
18366697000184;2026-04-01;DIESEL;6.49
18366697000184;2026-04-01;DIESEL S10;6.69
18366697000184;2026-04-01;ETANOL;4.89
18366697000184;2026-04-01;GASOLINA;6.39
18366697000184;2026-04-01;GASOLINA ADITIVADA;6.69
24145665000151;2026-04-01;DIESEL S10;7.55
24145665000151;2026-04-01;ETANOL;4.89
24145665000151;2026-04-01;GASOLINA;6.59
27394378000173;2026-04-01;DIESEL S10;6.99
27394378000173;2026-04-01;GASOLINA;6.69
27394378000173;2026-04-01;GASOLINA ADITIVADA;6.89
27394378000173;2026-04-01;GNV;3.99
27396415000182;2026-04-01;DIESEL;6.87
27396415000182;2026-04-01;ETANOL;4.89
27396415000182;2026-04-01;GASOLINA;6.48
27396415000182;2026-04-01;GASOLINA ADITIVADA;6.59
27396415000182;2026-04-01;GNV;3.98
27664597000710;2026-04-01;ETANOL;5.69
27664597000710;2026-04-01;GASOLINA;6.79
27664597000710;2026-04-01;GASOLINA ADITIVADA;6.99
27926384000124;2026-04-01;DIESEL;6.89
27926384000124;2026-04-01;DIESEL S10;6.99
27926384000124;2026-04-01;ETANOL;4.99
27926384000124;2026-04-01;GASOLINA;6.45
27926384000124;2026-04-01;GASOLINA ADITIVADA;6.45
28344206000158;2026-04-01;ETANOL;4.89
28344206000158;2026-04-01;GASOLINA;6.45
28344206000158;2026-04-01;GASOLINA ADITIVADA;6.45
29986296000143;2026-04-01;ETANOL;4.99
29986296000143;2026-04-01;GASOLINA;6.59
29986296000143;2026-04-01;GASOLINA ADITIVADA;6.99
02802986000149;2026-04-02;DIESEL S10;7.19
02802986000149;2026-04-02;ETANOL;5.35
02802986000149;2026-04-02;GASOLINA;6.72
02802986000149;2026-04-02;GASOLINA ADITIVADA;6.83
03948877000369;2026-04-02;DIESEL;6.89
03948877000369;2026-04-02;DIESEL S10;6.99
03948877000369;2026-04-02;GASOLINA;6.55
03948877000369;2026-04-02;GASOLINA ADITIVADA;6.75
05791319000104;2026-04-02;DIESEL;6.89
05791319000104;2026-04-02;GASOLINA;6.63
05791319000104;2026-04-02;GASOLINA ADITIVADA;6.73
05791319000104;2026-04-02;GNV;4.49
07381843000124;2026-04-02;GASOLINA;6.69
07381843000124;2026-04-02;GASOLINA ADITIVADA;6.69
08519545000110;2026-04-02;GASOLINA;6.89
08519545000110;2026-04-02;GASOLINA ADITIVADA;6.99
08971375000100;2026-04-02;DIESEL;6.69
08971375000100;2026-04-02;DIESEL S10;6.93
08971375000100;2026-04-02;ETANOL;5.09
08971375000100;2026-04-02;GASOLINA;6.49
08971375000100;2026-04-02;GASOLINA ADITIVADA;6.69
09076862000172;2026-04-02;GASOLINA;7.19
09076862000172;2026-04-02;GASOLINA ADITIVADA;7.19
14096313000108;2026-04-02;DIESEL;7.25
14096313000108;2026-04-02;ETANOL;5.89
14096313000108;2026-04-02;GASOLINA;6.99
14096313000108;2026-04-02;GASOLINA ADITIVADA;6.99
23238396000105;2026-04-02;DIESEL S10;7.29
23238396000105;2026-04-02;ETANOL;5.39
23238396000105;2026-04-02;GASOLINA;6.72
23238396000105;2026-04-02;GASOLINA ADITIVADA;6.84
27020445000190;2026-04-02;GASOLINA;7.19
27020445000190;2026-04-02;GASOLINA ADITIVADA;7.19
27020445000513;2026-04-02;GASOLINA;7.19
27020445000513;2026-04-02;GASOLINA ADITIVADA;7.19
27085240000192;2026-04-02;DIESEL;6.89
27085240000192;2026-04-02;DIESEL S10;6.99
27085240000192;2026-04-02;GASOLINA;6.79
27085240000192;2026-04-02;GASOLINA ADITIVADA;6.92
27316819000119;2026-04-02;GASOLINA;6.99
27316819000119;2026-04-02;GASOLINA ADITIVADA;7.09
27493675000176;2026-04-02;DIESEL S10;7.38
27493675000176;2026-04-02;ETANOL;5.38
27493675000176;2026-04-02;GASOLINA;6.98
27493675000176;2026-04-02;GASOLINA ADITIVADA;6.98
32248017000159;2026-04-02;DIESEL S10;7.59
32248017000159;2026-04-02;ETANOL;5.89
32248017000159;2026-04-02;GASOLINA;7.19
32248017000159;2026-04-02;GASOLINA ADITIVADA;7.49
39814835000110;2026-04-02;DIESEL;6.89
39814835000110;2026-04-02;ETANOL;5.19
39814835000110;2026-04-02;GASOLINA;6.79
39814835000110;2026-04-02;GASOLINA ADITIVADA;6.89
01496517000186;2026-04-06;DIESEL S10;6.99
01496517000186;2026-04-06;ETANOL;5.19
01496517000186;2026-04-06;GASOLINA;6.49
01496517000186;2026-04-06;GASOLINA ADITIVADA;6.69
01557127000179;2026-04-06;GASOLINA;6.42
01557127000179;2026-04-06;GASOLINA ADITIVADA;6.82
02802986000149;2026-04-06;DIESEL S10;7.19
02802986000149;2026-04-06;ETANOL;5.35
02802986000149;2026-04-06;GASOLINA;6.72
02802986000149;2026-04-06;GASOLINA ADITIVADA;6.83
03948877000369;2026-04-06;DIESEL;6.89
03948877000369;2026-04-06;DIESEL S10;6.99
03948877000369;2026-04-06;GASOLINA;6.55
03948877000369;2026-04-06;GASOLINA ADITIVADA;6.75
04814652000110;2026-04-06;GASOLINA;6.79
07381843000124;2026-04-06;GASOLINA;6.69
07381843000124;2026-04-06;GASOLINA ADITIVADA;6.69
07470392000100;2026-04-06;DIESEL;6.89
07470392000100;2026-04-06;ETANOL;5.19
07470392000100;2026-04-06;GASOLINA;6.79
07470392000100;2026-04-06;GASOLINA ADITIVADA;6.99
08519545000110;2026-04-06;GASOLINA;6.99
08519545000110;2026-04-06;GASOLINA ADITIVADA;7.09
09076862000172;2026-04-06;GASOLINA;7.19
09076862000172;2026-04-06;GASOLINA ADITIVADA;7.19
10197775000152;2026-04-06;DIESEL S10;6.99
10197775000152;2026-04-06;ETANOL;4.99
10197775000152;2026-04-06;GASOLINA;6.59
10197775000152;2026-04-06;GASOLINA ADITIVADA;6.79
10331576000195;2026-04-06;DIESEL;6.69
10331576000195;2026-04-06;DIESEL S10;6.79
10331576000195;2026-04-06;GASOLINA;6.69
10331576000195;2026-04-06;GASOLINA ADITIVADA;6.69
11222333000262;2026-04-06;DIESEL;6.69
11222333000262;2026-04-06;DIESEL S10;6.79
11222333000262;2026-04-06;ETANOL;4.99
11222333000262;2026-04-06;GASOLINA;6.49
11222333000262;2026-04-06;GASOLINA ADITIVADA;6.69
11222333000262;2026-04-06;GNV;3.99
13602147000101;2026-04-06;DIESEL S10;6.79
13602147000101;2026-04-06;GASOLINA;6.69
14096313000108;2026-04-06;DIESEL;7.25
14096313000108;2026-04-06;ETANOL;5.89
14096313000108;2026-04-06;GASOLINA;6.99
14096313000108;2026-04-06;GASOLINA ADITIVADA;6.99
15010530000198;2026-04-06;DIESEL S10;6.89
15010530000198;2026-04-06;ETANOL;4.99
15010530000198;2026-04-06;GASOLINA;6.43
15010530000198;2026-04-06;GASOLINA ADITIVADA;6.83
17375525000104;2026-04-06;DIESEL S10;6.99
17375525000104;2026-04-06;ETANOL;4.98
17375525000104;2026-04-06;GASOLINA;6.59
17375525000104;2026-04-06;GASOLINA ADITIVADA;6.79
17753176000117;2026-04-06;DIESEL S10;6.89
17753176000117;2026-04-06;ETANOL;4.99
17753176000117;2026-04-06;GASOLINA;6.43
17753176000117;2026-04-06;GASOLINA ADITIVADA;6.83
20246670000108;2026-04-06;DIESEL;6.99
20246670000108;2026-04-06;DIESEL S10;7.29
20246670000108;2026-04-06;ETANOL;4.69
20246670000108;2026-04-06;GASOLINA;6.55
23238396000105;2026-04-06;DIESEL S10;7.29
23238396000105;2026-04-06;ETANOL;5.39
23238396000105;2026-04-06;GASOLINA;6.72
23238396000105;2026-04-06;GASOLINA ADITIVADA;6.84
23305603000105;2026-04-06;ETANOL;4.99
23305603000105;2026-04-06;GASOLINA;6.45
23305603000105;2026-04-06;GASOLINA ADITIVADA;6.85
27020445000190;2026-04-06;GASOLINA;7.19
27020445000190;2026-04-06;GASOLINA ADITIVADA;7.19
27020445000513;2026-04-06;GASOLINA;7.19
27020445000513;2026-04-06;GASOLINA ADITIVADA;7.19
27085240000192;2026-04-06;DIESEL;6.89
27085240000192;2026-04-06;DIESEL S10;6.99
27085240000192;2026-04-06;GASOLINA;6.79
27085240000192;2026-04-06;GASOLINA ADITIVADA;6.92
27316819000119;2026-04-06;GASOLINA;6.99
27352004000195;2026-04-06;DIESEL;6.89
27352004000195;2026-04-06;ETANOL;5.19
27352004000195;2026-04-06;GASOLINA;6.79
27352004000195;2026-04-06;GASOLINA ADITIVADA;6.89
27493675000176;2026-04-06;DIESEL S10;7.38
27493675000176;2026-04-06;ETANOL;5.38
27493675000176;2026-04-06;GASOLINA;6.98
27493675000176;2026-04-06;GASOLINA ADITIVADA;6.98
31465040000132;2026-04-06;DIESEL S10;6.89
31465040000132;2026-04-06;ETANOL;4.99
31465040000132;2026-04-06;GASOLINA;6.46
31465040000132;2026-04-06;GASOLINA ADITIVADA;6.66
32248017000159;2026-04-06;DIESEL S10;7.59
32248017000159;2026-04-06;ETANOL;5.89
32248017000159;2026-04-06;GASOLINA;7.19
32248017000159;2026-04-06;GASOLINA ADITIVADA;7.49
01514752000133;2026-04-07;ETANOL;4.99
01514752000133;2026-04-07;GASOLINA;6.47
01514752000133;2026-04-07;GASOLINA ADITIVADA;6.67
01823633000162;2026-04-07;DIESEL;6.79
01823633000162;2026-04-07;DIESEL S10;6.89
01823633000162;2026-04-07;ETANOL;4.99
01823633000162;2026-04-07;GASOLINA;6.45
01823633000162;2026-04-07;GASOLINA ADITIVADA;6.65
02567214000170;2026-04-07;ETANOL;4.85
02567214000170;2026-04-07;GASOLINA;6.45
02567214000170;2026-04-07;GASOLINA ADITIVADA;6.59
04228463000166;2026-04-07;DIESEL S10;6.99
04228463000166;2026-04-07;ETANOL;4.99
04228463000166;2026-04-07;GASOLINA;6.47
04228463000166;2026-04-07;GASOLINA ADITIVADA;6.67
04361389000151;2026-04-07;DIESEL;6.89
04361389000151;2026-04-07;DIESEL S10;6.99
04361389000151;2026-04-07;ETANOL;4.99
04361389000151;2026-04-07;GASOLINA;6.59
04960337000100;2026-04-07;ETANOL;4.81
04960337000100;2026-04-07;GASOLINA;6.45
04960337000100;2026-04-07;GASOLINA ADITIVADA;6.45
05609081000145;2026-04-07;GASOLINA;6.69
05738923000169;2026-04-07;DIESEL;6.89
05738923000169;2026-04-07;ETANOL;5.09
05738923000169;2026-04-07;GASOLINA;6.69
05738923000169;2026-04-07;GASOLINA ADITIVADA;7.09
07571908000102;2026-04-07;GASOLINA;6.49
08022304000161;2026-04-07;DIESEL S10;6.99
08022304000161;2026-04-07;ETANOL;5.19
08022304000161;2026-04-07;GASOLINA;6.49
08022304000161;2026-04-07;GASOLINA ADITIVADA;6.89
08788618000170;2026-04-07;ETANOL;4.99
08788618000170;2026-04-07;GASOLINA;6.49
08788618000170;2026-04-07;GASOLINA ADITIVADA;6.89
08788618000170;2026-04-07;GNV;3.99
10223356000148;2026-04-07;DIESEL;6.69
10223356000148;2026-04-07;GASOLINA;6.69
10223356000148;2026-04-07;GASOLINA ADITIVADA;6.69
10569345000114;2026-04-07;GASOLINA;6.45
10569345000114;2026-04-07;GASOLINA ADITIVADA;6.75
11222333000343;2026-04-07;DIESEL S10;7.14
11222333000343;2026-04-07;ETANOL;4.85
11222333000343;2026-04-07;GASOLINA;6.45
11222333000343;2026-04-07;GASOLINA ADITIVADA;6.45
11942147000117;2026-04-07;DIESEL S10;7.49
11942147000117;2026-04-07;ETANOL;4.98
11942147000117;2026-04-07;GASOLINA;6.58
11942147000117;2026-04-07;GASOLINA ADITIVADA;6.79
12535572000154;2026-04-07;DIESEL S10;6.95
12535572000154;2026-04-07;ETANOL;4.99
12535572000154;2026-04-07;GASOLINA;6.49
12535572000154;2026-04-07;GASOLINA ADITIVADA;6.69
14806977000105;2026-04-07;ETANOL;4.99
14806977000105;2026-04-07;GASOLINA;6.59
14806977000105;2026-04-07;GASOLINA ADITIVADA;6.79
16577742000114;2026-04-07;GASOLINA;6.49
16577742000114;2026-04-07;GASOLINA ADITIVADA;6.69
21246940000135;2026-04-07;DIESEL;6.89
21246940000135;2026-04-07;GASOLINA;6.59
21246940000135;2026-04-07;GASOLINA ADITIVADA;6.79
22356015000120;2026-04-07;DIESEL;6.89
22356015000120;2026-04-07;DIESEL S10;6.99
22356015000120;2026-04-07;ETANOL;4.99
22356015000120;2026-04-07;GASOLINA;6.59
22356015000120;2026-04-07;GASOLINA ADITIVADA;6.79
22356015000120;2026-04-07;GNV;3.99
26980450000181;2026-04-07;ETANOL;5.29
26980450000181;2026-04-07;GASOLINA;6.49
26980450000181;2026-04-07;GASOLINA ADITIVADA;6.79
27066273000276;2026-04-07;GASOLINA;6.45
27066273000276;2026-04-07;GASOLINA ADITIVADA;6.45
27734094000189;2026-04-07;DIESEL S10;6.79
27734094000189;2026-04-07;ETANOL;5.29
27734094000189;2026-04-07;GASOLINA;6.59
27734094000189;2026-04-07;GASOLINA ADITIVADA;6.94
28059632000140;2026-04-07;DIESEL;6.89
28059632000140;2026-04-07;DIESEL S10;6.89
28059632000140;2026-04-07;GASOLINA;6.45
28059632000140;2026-04-07;GASOLINA ADITIVADA;6.85
00580488000173;2026-04-08;DIESEL;6.75
00580488000173;2026-04-08;DIESEL S10;6.89
00580488000173;2026-04-08;ETANOL;4.99
00580488000173;2026-04-08;GASOLINA;6.39
00580488000173;2026-04-08;GASOLINA ADITIVADA;6.59
02582857000192;2026-04-08;ETANOL;4.89
02582857000192;2026-04-08;GASOLINA;6.34
02582857000192;2026-04-08;GASOLINA ADITIVADA;6.34
04145589001149;2026-04-08;DIESEL S10;6.98
04145589001149;2026-04-08;ETANOL;4.95
04145589001149;2026-04-08;GASOLINA;6.46
04145589001149;2026-04-08;GASOLINA ADITIVADA;6.76
04361389000232;2026-04-08;DIESEL S10;6.89
04361389000232;2026-04-08;ETANOL;4.99
04361389000232;2026-04-08;GASOLINA;6.69
04361389000232;2026-04-08;GASOLINA ADITIVADA;6.69
04994796000104;2026-04-08;GASOLINA;6.59
04994796000104;2026-04-08;GASOLINA ADITIVADA;6.74
05393247000139;2026-04-08;DIESEL S10;6.89
05393247000139;2026-04-08;ETANOL;4.99
05393247000139;2026-04-08;GASOLINA;6.69
05393247000139;2026-04-08;GASOLINA ADITIVADA;6.69
05892261000187;2026-04-08;DIESEL;6.89
05892261000187;2026-04-08;DIESEL S10;6.99
05892261000187;2026-04-08;GASOLINA;6.59
05892261000187;2026-04-08;GASOLINA ADITIVADA;6.79
06073382000160;2026-04-08;DIESEL S10;6.96
06073382000160;2026-04-08;ETANOL;4.82
06073382000160;2026-04-08;GASOLINA;6.42
09167931000153;2026-04-08;DIESEL S10;6.99
09167931000153;2026-04-08;ETANOL;4.99
09167931000153;2026-04-08;GASOLINA;6.59
09167931000153;2026-04-08;GASOLINA ADITIVADA;6.79
11217185000107;2026-04-08;DIESEL;7.54
11217185000107;2026-04-08;DIESEL S10;7.59
11217185000107;2026-04-08;GASOLINA;6.59
11217185000107;2026-04-08;GASOLINA ADITIVADA;6.99
11222333000181;2026-04-08;DIESEL;6.9
11222333000181;2026-04-08;ETANOL;4.87
11222333000181;2026-04-08;GASOLINA;6.59
11222333000181;2026-04-08;GASOLINA ADITIVADA;6.59
11222333000181;2026-04-08;GNV;4.09
11222333000424;2026-04-08;DIESEL S10;6.99
11222333000424;2026-04-08;ETANOL;4.99
11222333000424;2026-04-08;GASOLINA;6.49
11222333000424;2026-04-08;GASOLINA ADITIVADA;6.69
11222333000505;2026-04-08;ETANOL;4.89
11222333000505;2026-04-08;GASOLINA;6.39
11222333000505;2026-04-08;GASOLINA ADITIVADA;6.39
11222333000505;2026-04-08;GNV;3.99
13814642000176;2026-04-08;DIESEL S10;6.89
13814642000176;2026-04-08;ETANOL;4.99
13814642000176;2026-04-08;GASOLINA;6.39
13814642000176;2026-04-08;GASOLINA ADITIVADA;6.79
15226314000184;2026-04-08;ETANOL;4.99
15226314000184;2026-04-08;GASOLINA;6.49
18366697000184;2026-04-08;DIESEL;6.49
18366697000184;2026-04-08;DIESEL S10;6.79
18366697000184;2026-04-08;ETANOL;4.99
18366697000184;2026-04-08;GASOLINA;6.39
18366697000184;2026-04-08;GASOLINA ADITIVADA;6.69
24145665000151;2026-04-08;DIESEL S10;7.19
24145665000151;2026-04-08;ETANOL;4.89
24145665000151;2026-04-08;GASOLINA;6.59
27016518000170;2026-04-08;DIESEL;6.79
27016518000170;2026-04-08;DIESEL S10;6.99
27016518000170;2026-04-08;ETANOL;4.99
27016518000170;2026-04-08;GASOLINA;6.59
27016518000170;2026-04-08;GASOLINA ADITIVADA;6.69
27303411000374;2026-04-08;DIESEL S10;6.79
27303411000374;2026-04-08;GASOLINA;6.69
27303411000374;2026-04-08;GASOLINA ADITIVADA;6.79
27394378000173;2026-04-08;GASOLINA;6.35
27394378000173;2026-04-08;GASOLINA ADITIVADA;6.69
27394378000173;2026-04-08;GNV;3.99
27396415000182;2026-04-08;ETANOL;4.89
27396415000182;2026-04-08;GASOLINA;6.48
27396415000182;2026-04-08;GASOLINA ADITIVADA;6.59
27396415000182;2026-04-08;GNV;3.98
27664597000559;2026-04-08;DIESEL;6.89
27664597000559;2026-04-08;DIESEL S10;6.99
27664597000559;2026-04-08;GASOLINA;6.59
27664597000710;2026-04-08;ETANOL;5.69
27664597000710;2026-04-08;GASOLINA;6.79
27664597000710;2026-04-08;GASOLINA ADITIVADA;6.99
27926384000124;2026-04-08;DIESEL;6.89
27926384000124;2026-04-08;DIESEL S10;6.99
27926384000124;2026-04-08;ETANOL;4.99
27926384000124;2026-04-08;GASOLINA;6.45
27926384000124;2026-04-08;GASOLINA ADITIVADA;6.45
28344206000158;2026-04-08;ETANOL;4.85
28344206000158;2026-04-08;GASOLINA;6.45
28344206000158;2026-04-08;GASOLINA ADITIVADA;6.45
32467417000155;2026-04-08;ETANOL;4.91
32467417000155;2026-04-08;GASOLINA;6.51
32467417000155;2026-04-08;GASOLINA ADITIVADA;6.56
00762780000298;2026-04-09;DIESEL S10;7.09
00762780000298;2026-04-09;GASOLINA;6.79
00762780000298;2026-04-09;GASOLINA ADITIVADA;6.89
03348196000106;2026-04-09;DIESEL;6.99
03348196000106;2026-04-09;DIESEL S10;7.09
03348196000106;2026-04-09;ETANOL;5.49
03348196000106;2026-04-09;GASOLINA;6.79
03348196000106;2026-04-09;GASOLINA ADITIVADA;6.89
09369995000137;2026-04-09;ETANOL;4.99
09369995000137;2026-04-09;GASOLINA;6.89
09369995000137;2026-04-09;GNV;4.98
10813831000136;2026-04-09;DIESEL;7.25
10813831000136;2026-04-09;DIESEL S10;7.35
10813831000136;2026-04-09;GASOLINA;6.69
10813831000136;2026-04-09;GASOLINA ADITIVADA;6.99
27664597000630;2026-04-09;DIESEL S10;6.99
27664597000630;2026-04-09;GASOLINA;6.79
27664597000982;2026-04-09;DIESEL;6.89
27664597000982;2026-04-09;DIESEL S10;6.99
27664597000982;2026-04-09;ETANOL;5.69
27664597000982;2026-04-09;GASOLINA;6.79
01496517000186;2026-04-13;DIESEL S10;6.99
01496517000186;2026-04-13;ETANOL;5.19
01496517000186;2026-04-13;GASOLINA;6.49
01496517000186;2026-04-13;GASOLINA ADITIVADA;6.69
01514752000133;2026-04-13;ETANOL;4.99
01514752000133;2026-04-13;GASOLINA;6.47
01514752000133;2026-04-13;GASOLINA ADITIVADA;6.67
01557127000179;2026-04-13;GASOLINA;6.44
01557127000179;2026-04-13;GASOLINA ADITIVADA;6.84
01823633000162;2026-04-13;DIESEL;6.79
01823633000162;2026-04-13;DIESEL S10;6.89
01823633000162;2026-04-13;ETANOL;4.99
01823633000162;2026-04-13;GASOLINA;6.45
01823633000162;2026-04-13;GASOLINA ADITIVADA;6.65
02567214000170;2026-04-13;ETANOL;4.85
02567214000170;2026-04-13;GASOLINA;6.45
02567214000170;2026-04-13;GASOLINA ADITIVADA;6.59
04228463000166;2026-04-13;DIESEL S10;6.99
04228463000166;2026-04-13;ETANOL;4.99
04228463000166;2026-04-13;GASOLINA;6.47
04228463000166;2026-04-13;GASOLINA ADITIVADA;6.67
04361389000151;2026-04-13;DIESEL;6.89
04361389000151;2026-04-13;DIESEL S10;6.99
04361389000151;2026-04-13;ETANOL;4.99
04361389000151;2026-04-13;GASOLINA;6.59
04361389000232;2026-04-13;DIESEL S10;6.99
04361389000232;2026-04-13;ETANOL;4.99
04361389000232;2026-04-13;GASOLINA;6.59
04361389000232;2026-04-13;GASOLINA ADITIVADA;6.59
04960337000100;2026-04-13;ETANOL;4.81
04960337000100;2026-04-13;GASOLINA;6.45
04960337000100;2026-04-13;GASOLINA ADITIVADA;6.45
04994796000104;2026-04-13;GASOLINA;6.59
04994796000104;2026-04-13;GASOLINA ADITIVADA;6.74
05393247000139;2026-04-13;DIESEL S10;6.99
05393247000139;2026-04-13;ETANOL;4.69
05393247000139;2026-04-13;GASOLINA;6.59
05393247000139;2026-04-13;GASOLINA ADITIVADA;6.59
05738923000169;2026-04-13;DIESEL;6.89
05738923000169;2026-04-13;ETANOL;5.09
05738923000169;2026-04-13;GASOLINA;6.69
05738923000169;2026-04-13;GASOLINA ADITIVADA;7.09
07571908000102;2026-04-13;GASOLINA;6.49
07571908000102;2026-04-13;GASOLINA ADITIVADA;6.79
07830414000197;2026-04-13;DIESEL;6.99
07830414000197;2026-04-13;ETANOL;5.09
07830414000197;2026-04-13;GASOLINA;6.8
07830414000197;2026-04-13;GASOLINA ADITIVADA;6.8
09167931000153;2026-04-13;DIESEL S10;6.99
09167931000153;2026-04-13;ETANOL;4.99
09167931000153;2026-04-13;GASOLINA;6.59
09167931000153;2026-04-13;GASOLINA ADITIVADA;6.79
11222333000343;2026-04-13;DIESEL S10;6.98
11222333000343;2026-04-13;ETANOL;4.85
11222333000343;2026-04-13;GASOLINA;6.45
11222333000343;2026-04-13;GASOLINA ADITIVADA;6.45
11222333000424;2026-04-13;DIESEL S10;6.79
11222333000424;2026-04-13;ETANOL;4.99
11222333000424;2026-04-13;GASOLINA;6.49
11222333000424;2026-04-13;GASOLINA ADITIVADA;6.69
11942147000117;2026-04-13;DIESEL S10;7.49
11942147000117;2026-04-13;ETANOL;4.98
11942147000117;2026-04-13;GASOLINA;6.58
11942147000117;2026-04-13;GASOLINA ADITIVADA;6.79
12535572000154;2026-04-13;DIESEL S10;6.89
12535572000154;2026-04-13;ETANOL;4.99
12535572000154;2026-04-13;GASOLINA;6.49
12535572000154;2026-04-13;GASOLINA ADITIVADA;6.69
14806977000105;2026-04-13;ETANOL;4.99
14806977000105;2026-04-13;GASOLINA;6.59
14806977000105;2026-04-13;GASOLINA ADITIVADA;6.79
15010530000198;2026-04-13;DIESEL S10;6.89
15010530000198;2026-04-13;ETANOL;4.99
15010530000198;2026-04-13;GASOLINA;6.43
15010530000198;2026-04-13;GASOLINA ADITIVADA;6.83
16577742000114;2026-04-13;GASOLINA;6.49
16577742000114;2026-04-13;GASOLINA ADITIVADA;6.69
17753176000117;2026-04-13;DIESEL S10;6.99
17753176000117;2026-04-13;ETANOL;5.19
17753176000117;2026-04-13;GASOLINA;6.43
17753176000117;2026-04-13;GASOLINA ADITIVADA;6.83
21246940000135;2026-04-13;GASOLINA;6.59
21246940000135;2026-04-13;GASOLINA ADITIVADA;6.59
22356015000120;2026-04-13;DIESEL;6.89
22356015000120;2026-04-13;DIESEL S10;6.99
22356015000120;2026-04-13;ETANOL;4.99
22356015000120;2026-04-13;GASOLINA;6.59
22356015000120;2026-04-13;GASOLINA ADITIVADA;6.79
22356015000120;2026-04-13;GNV;3.99
26980450000181;2026-04-13;ETANOL;5.29
26980450000181;2026-04-13;GASOLINA;6.49
26980450000181;2026-04-13;GASOLINA ADITIVADA;6.79
27066273000276;2026-04-13;GASOLINA;6.45
27066273000276;2026-04-13;GASOLINA ADITIVADA;6.45
27734094000189;2026-04-13;DIESEL S10;6.79
27734094000189;2026-04-13;ETANOL;5.29
27734094000189;2026-04-13;GASOLINA;6.59
27734094000189;2026-04-13;GASOLINA ADITIVADA;6.94
28413219000131;2026-04-13;GASOLINA;6.59
28413219000131;2026-04-13;GASOLINA ADITIVADA;6.89
32467417000155;2026-04-13;ETANOL;4.91
32467417000155;2026-04-13;GASOLINA;6.46
32467417000155;2026-04-13;GASOLINA ADITIVADA;6.51
36336386000154;2026-04-13;DIESEL;6.79
36336386000154;2026-04-13;DIESEL S10;6.89
36336386000154;2026-04-13;ETANOL;4.99
36336386000154;2026-04-13;GASOLINA;6.45
36336386000154;2026-04-13;GASOLINA ADITIVADA;6.65
38530950000109;2026-04-13;DIESEL;6.69
38530950000109;2026-04-13;DIESEL S10;6.79
38530950000109;2026-04-13;ETANOL;4.99
38530950000109;2026-04-13;GASOLINA;6.49
38530950000109;2026-04-13;GASOLINA ADITIVADA;6.79
39343553000182;2026-04-13;DIESEL;6.79
39343553000182;2026-04-13;DIESEL S10;6.98
39343553000182;2026-04-13;ETANOL;4.98
39343553000182;2026-04-13;GASOLINA;6.47
39343553000182;2026-04-13;GASOLINA ADITIVADA;6.47
45543915004683;2026-04-13;ETANOL;4.77
45543915004683;2026-04-13;GASOLINA;6.57
45543915004683;2026-04-13;GASOLINA ADITIVADA;6.59
00580488000173;2026-04-14;DIESEL;6.75
00580488000173;2026-04-14;DIESEL S10;6.89
00580488000173;2026-04-14;ETANOL;4.99
00580488000173;2026-04-14;GASOLINA;6.49
00580488000173;2026-04-14;GASOLINA ADITIVADA;6.69
02468894000174;2026-04-14;GASOLINA;6.69
02468894000174;2026-04-14;GASOLINA ADITIVADA;6.79
02468894000174;2026-04-14;GNV;4.29
02582857000192;2026-04-14;ETANOL;4.89
02582857000192;2026-04-14;GASOLINA;6.34
02582857000192;2026-04-14;GASOLINA ADITIVADA;6.34
05609081000145;2026-04-14;DIESEL;6.89
05609081000145;2026-04-14;GASOLINA;6.69
07470392000100;2026-04-14;DIESEL;6.89
07470392000100;2026-04-14;ETANOL;5.19
07470392000100;2026-04-14;GASOLINA;6.69
07470392000100;2026-04-14;GASOLINA ADITIVADA;6.99
10197775000152;2026-04-14;DIESEL S10;6.99
10197775000152;2026-04-14;ETANOL;4.99
10197775000152;2026-04-14;GASOLINA;6.59
10197775000152;2026-04-14;GASOLINA ADITIVADA;6.79
10223356000148;2026-04-14;DIESEL;6.69
10223356000148;2026-04-14;GASOLINA;6.69
10223356000148;2026-04-14;GASOLINA ADITIVADA;6.69
10331576000195;2026-04-14;DIESEL;6.69
10331576000195;2026-04-14;ETANOL;4.89
10331576000195;2026-04-14;GASOLINA;6.69
10331576000195;2026-04-14;GASOLINA ADITIVADA;6.69
10813831000136;2026-04-14;DIESEL;7.25
10813831000136;2026-04-14;DIESEL S10;7.35
10813831000136;2026-04-14;GASOLINA;6.69
10813831000136;2026-04-14;GASOLINA ADITIVADA;6.99
11222333000181;2026-04-14;DIESEL;6.9
11222333000181;2026-04-14;ETANOL;4.87
11222333000181;2026-04-14;GASOLINA;6.59
11222333000181;2026-04-14;GASOLINA ADITIVADA;6.59
11222333000181;2026-04-14;GNV;4.09
11222333000505;2026-04-14;DIESEL S10;7.09
11222333000505;2026-04-14;ETANOL;4.99
11222333000505;2026-04-14;GASOLINA;6.39
11222333000505;2026-04-14;GASOLINA ADITIVADA;6.39
11222333000505;2026-04-14;GNV;3.99
13814642000176;2026-04-14;DIESEL S10;6.89
13814642000176;2026-04-14;ETANOL;4.99
13814642000176;2026-04-14;GASOLINA;6.39
13814642000176;2026-04-14;GASOLINA ADITIVADA;6.79
15226314000184;2026-04-14;ETANOL;4.99
15226314000184;2026-04-14;GASOLINA;6.49
17375525000104;2026-04-14;DIESEL S10;6.99
17375525000104;2026-04-14;ETANOL;4.98
17375525000104;2026-04-14;GASOLINA;6.45
17375525000104;2026-04-14;GASOLINA ADITIVADA;6.79
24145665000151;2026-04-14;DIESEL S10;7.19
24145665000151;2026-04-14;ETANOL;4.89
24145665000151;2026-04-14;GASOLINA;6.59
27016518000170;2026-04-14;DIESEL;6.79
27016518000170;2026-04-14;DIESEL S10;6.89
27016518000170;2026-04-14;ETANOL;4.99
27016518000170;2026-04-14;GASOLINA;6.49
27016518000170;2026-04-14;GASOLINA ADITIVADA;6.69
27303411000374;2026-04-14;DIESEL S10;6.79
27303411000374;2026-04-14;GASOLINA;6.69
27303411000374;2026-04-14;GASOLINA ADITIVADA;6.79
27394378000173;2026-04-14;DIESEL S10;6.79
27394378000173;2026-04-14;GASOLINA;6.39
27394378000173;2026-04-14;GASOLINA ADITIVADA;6.89
27394378000173;2026-04-14;GNV;3.99
27396415000182;2026-04-14;ETANOL;4.89
27396415000182;2026-04-14;GASOLINA;6.48
27396415000182;2026-04-14;GASOLINA ADITIVADA;6.59
27396415000182;2026-04-14;GNV;3.98
27926384000124;2026-04-14;DIESEL;6.89
27926384000124;2026-04-14;DIESEL S10;6.99
27926384000124;2026-04-14;ETANOL;4.99
27926384000124;2026-04-14;GASOLINA;6.45
27926384000124;2026-04-14;GASOLINA ADITIVADA;6.45
28344206000158;2026-04-14;ETANOL;4.85
28344206000158;2026-04-14;GASOLINA;6.45
28344206000158;2026-04-14;GASOLINA ADITIVADA;6.45
30869047000157;2026-04-14;DIESEL;7.49
30869047000157;2026-04-14;DIESEL S10;7.59
30869047000157;2026-04-14;ETANOL;5.49
30869047000157;2026-04-14;GASOLINA;6.79
37361618000197;2026-04-14;ETANOL;4.89
37361618000197;2026-04-14;GASOLINA;6.69
37361618000197;2026-04-14;GASOLINA ADITIVADA;6.69
04145589001149;2026-04-15;DIESEL S10;6.98
04145589001149;2026-04-15;ETANOL;4.95
04145589001149;2026-04-15;GASOLINA;6.46
04145589001149;2026-04-15;GASOLINA ADITIVADA;6.76
05349237000104;2026-04-15;DIESEL;6.69
05349237000104;2026-04-15;DIESEL S10;6.79
05349237000104;2026-04-15;GASOLINA;6.69
05349237000104;2026-04-15;GASOLINA ADITIVADA;6.69
27303411000102;2026-04-15;DIESEL;6.89
27303411000102;2026-04-15;DIESEL S10;6.99
27303411000102;2026-04-15;ETANOL;5.49
27303411000102;2026-04-15;GASOLINA;6.99
27303411000102;2026-04-15;GASOLINA ADITIVADA;7.09
31465040000132;2026-04-15;DIESEL S10;6.65
31465040000132;2026-04-15;ETANOL;4.99
31465040000132;2026-04-15;GASOLINA;6.46
31465040000132;2026-04-15;GASOLINA ADITIVADA;6.66
36004950000131;2026-04-15;ETANOL;4.99
36004950000131;2026-04-15;GASOLINA;6.45
36004950000131;2026-04-15;GASOLINA ADITIVADA;6.65
36675989000180;2026-04-15;DIESEL S10;7.29
36675989000180;2026-04-15;ETANOL;4.72
36675989000180;2026-04-15;GASOLINA;6.45
36675989000180;2026-04-15;GASOLINA ADITIVADA;6.45
42176421000118;2026-04-15;ETANOL;4.99
42176421000118;2026-04-15;GASOLINA;6.45
42176421000118;2026-04-15;GASOLINA ADITIVADA;6.65
00762780000298;2026-04-16;DIESEL S10;7.09
00762780000298;2026-04-16;GASOLINA;6.79
00762780000298;2026-04-16;GASOLINA ADITIVADA;6.89
02802986000149;2026-04-16;DIESEL S10;7.29
02802986000149;2026-04-16;ETANOL;5.45
02802986000149;2026-04-16;GASOLINA;6.72
02802986000149;2026-04-16;GASOLINA ADITIVADA;6.84
04814652000110;2026-04-16;GASOLINA;6.79
05791319000104;2026-04-16;DIESEL;6.89
05791319000104;2026-04-16;GASOLINA;6.75
05791319000104;2026-04-16;GASOLINA ADITIVADA;6.85
05791319000104;2026-04-16;GNV;4.49
07381843000124;2026-04-16;GASOLINA;6.69
07381843000124;2026-04-16;GASOLINA ADITIVADA;6.69
08519545000110;2026-04-16;GASOLINA;6.99
08519545000110;2026-04-16;GASOLINA ADITIVADA;7.09
08971375000100;2026-04-16;DIESEL;6.79
08971375000100;2026-04-16;DIESEL S10;6.98
08971375000100;2026-04-16;ETANOL;5.09
08971375000100;2026-04-16;GASOLINA;6.59
08971375000100;2026-04-16;GASOLINA ADITIVADA;6.79
09076862000172;2026-04-16;GASOLINA;7.19
09076862000172;2026-04-16;GASOLINA ADITIVADA;7.19
11217185000107;2026-04-16;DIESEL;6.99
11217185000107;2026-04-16;GASOLINA;6.59
11217185000107;2026-04-16;GASOLINA ADITIVADA;6.99
14096313000108;2026-04-16;DIESEL;7.25
14096313000108;2026-04-16;ETANOL;5.89
14096313000108;2026-04-16;GASOLINA;6.99
14096313000108;2026-04-16;GASOLINA ADITIVADA;6.99
20246670000108;2026-04-16;DIESEL;6.89
20246670000108;2026-04-16;DIESEL S10;6.99
20246670000108;2026-04-16;ETANOL;4.69
20246670000108;2026-04-16;GASOLINA;6.55
23238396000105;2026-04-16;DIESEL S10;7.39
23238396000105;2026-04-16;ETANOL;5.65
23238396000105;2026-04-16;GASOLINA;6.72
23238396000105;2026-04-16;GASOLINA ADITIVADA;6.84
27020445000190;2026-04-16;GASOLINA;7.19
27020445000190;2026-04-16;GASOLINA ADITIVADA;7.19
27020445000513;2026-04-16;GASOLINA;7.19
27020445000513;2026-04-16;GASOLINA ADITIVADA;7.19
27085240000192;2026-04-16;DIESEL;6.89
27085240000192;2026-04-16;DIESEL S10;6.99
27085240000192;2026-04-16;GASOLINA;6.79
27085240000192;2026-04-16;GASOLINA ADITIVADA;6.92
27316819000119;2026-04-16;GASOLINA;6.99
27316819000119;2026-04-16;GASOLINA ADITIVADA;7.09
27352004000195;2026-04-16;DIESEL;6.79
27352004000195;2026-04-16;ETANOL;5.19
27352004000195;2026-04-16;GASOLINA;6.79
27352004000195;2026-04-16;GASOLINA ADITIVADA;6.89
27664597000559;2026-04-16;DIESEL;6.89
27664597000559;2026-04-16;DIESEL S10;6.99
27664597000559;2026-04-16;GASOLINA;6.59
27664597000630;2026-04-16;DIESEL S10;6.99
27664597000630;2026-04-16;GASOLINA;6.79
27664597000982;2026-04-16;DIESEL;6.89
27664597000982;2026-04-16;DIESEL S10;6.99
27664597000982;2026-04-16;ETANOL;5.69
27664597000982;2026-04-16;GASOLINA;6.79
32248017000159;2026-04-16;DIESEL S10;7.59
32248017000159;2026-04-16;ETANOL;5.89
32248017000159;2026-04-16;GASOLINA;7.19
32248017000159;2026-04-16;GASOLINA ADITIVADA;7.49
00345721000133;2026-04-17;DIESEL S10;6.99
00345721000133;2026-04-17;GASOLINA;6.79
01503536000192;2026-04-20;DIESEL S10;6.99
01503536000192;2026-04-20;GASOLINA;6.46
01503536000192;2026-04-20;GASOLINA ADITIVADA;6.66
01557127000179;2026-04-20;GASOLINA;6.44
01557127000179;2026-04-20;GASOLINA ADITIVADA;6.84
01823633000162;2026-04-20;DIESEL;6.79
01823633000162;2026-04-20;DIESEL S10;6.89
01823633000162;2026-04-20;ETANOL;4.99
01823633000162;2026-04-20;GASOLINA;6.45
01823633000162;2026-04-20;GASOLINA ADITIVADA;6.65
02567214000170;2026-04-20;ETANOL;4.85
02567214000170;2026-04-20;GASOLINA;6.45
02567214000170;2026-04-20;GASOLINA ADITIVADA;6.59
02802986000149;2026-04-20;DIESEL S10;7.29
02802986000149;2026-04-20;ETANOL;5.45
02802986000149;2026-04-20;GASOLINA;6.72
02802986000149;2026-04-20;GASOLINA ADITIVADA;6.84
04228463000166;2026-04-20;DIESEL S10;6.99
04228463000166;2026-04-20;ETANOL;4.99
04228463000166;2026-04-20;GASOLINA;6.47
04228463000166;2026-04-20;GASOLINA ADITIVADA;6.67
04850382000101;2026-04-20;GASOLINA;6.49
04850382000101;2026-04-20;GASOLINA ADITIVADA;6.69
04850382000101;2026-04-20;GNV;3.99
05349237000104;2026-04-20;DIESEL;6.69
05349237000104;2026-04-20;GASOLINA;6.69
05349237000104;2026-04-20;GASOLINA ADITIVADA;6.69
07470392000100;2026-04-20;DIESEL;6.89
07470392000100;2026-04-20;ETANOL;5.19
07470392000100;2026-04-20;GASOLINA;6.69
07470392000100;2026-04-20;GASOLINA ADITIVADA;6.99
07571908000102;2026-04-20;GASOLINA;6.49
07571908000102;2026-04-20;GASOLINA ADITIVADA;6.79
08022304000161;2026-04-20;DIESEL S10;6.99
08022304000161;2026-04-20;ETANOL;5.09
08022304000161;2026-04-20;GASOLINA;6.45
08022304000161;2026-04-20;GASOLINA ADITIVADA;6.75
08788618000170;2026-04-20;ETANOL;4.99
08788618000170;2026-04-20;GASOLINA;6.49
08788618000170;2026-04-20;GASOLINA ADITIVADA;6.89
08788618000170;2026-04-20;GNV;3.99
09076862000172;2026-04-20;GASOLINA;7.19
09076862000172;2026-04-20;GASOLINA ADITIVADA;7.19
10197775000152;2026-04-20;DIESEL S10;6.99
10197775000152;2026-04-20;ETANOL;4.99
10197775000152;2026-04-20;GASOLINA;6.47
10197775000152;2026-04-20;GASOLINA ADITIVADA;6.67
10569345000114;2026-04-20;GASOLINA;6.45
10569345000114;2026-04-20;GASOLINA ADITIVADA;6.75
11222333000262;2026-04-20;DIESEL;6.69
11222333000262;2026-04-20;DIESEL S10;6.79
11222333000262;2026-04-20;ETANOL;4.99
11222333000262;2026-04-20;GASOLINA;6.49
11222333000262;2026-04-20;GASOLINA ADITIVADA;6.69
11222333000262;2026-04-20;GNV;3.99
11222333000343;2026-04-20;DIESEL S10;6.98
11222333000343;2026-04-20;ETANOL;4.85
11222333000343;2026-04-20;GASOLINA;6.45
11222333000343;2026-04-20;GASOLINA ADITIVADA;6.45
11942147000117;2026-04-20;DIESEL S10;7.49
11942147000117;2026-04-20;ETANOL;4.98
11942147000117;2026-04-20;GASOLINA;6.58
11942147000117;2026-04-20;GASOLINA ADITIVADA;6.79
13602147000101;2026-04-20;DIESEL S10;6.79
13602147000101;2026-04-20;ETANOL;4.89
13602147000101;2026-04-20;GASOLINA;6.69
14096313000108;2026-04-20;DIESEL;7.25
14096313000108;2026-04-20;ETANOL;5.89
14096313000108;2026-04-20;GASOLINA;6.99
14096313000108;2026-04-20;GASOLINA ADITIVADA;6.99
14806977000105;2026-04-20;ETANOL;4.99
14806977000105;2026-04-20;GASOLINA;6.59
14806977000105;2026-04-20;GASOLINA ADITIVADA;6.79
15010530000198;2026-04-20;DIESEL S10;6.89
15010530000198;2026-04-20;ETANOL;4.99
15010530000198;2026-04-20;GASOLINA;6.43
15010530000198;2026-04-20;GASOLINA ADITIVADA;6.83
16577742000114;2026-04-20;GASOLINA;6.49
16577742000114;2026-04-20;GASOLINA ADITIVADA;6.69
17375525000104;2026-04-20;DIESEL S10;6.99
17375525000104;2026-04-20;ETANOL;4.98
17375525000104;2026-04-20;GASOLINA;6.45
17375525000104;2026-04-20;GASOLINA ADITIVADA;6.79
17753176000117;2026-04-20;DIESEL S10;6.89
17753176000117;2026-04-20;ETANOL;4.99
17753176000117;2026-04-20;GASOLINA;6.43
17753176000117;2026-04-20;GASOLINA ADITIVADA;6.83
23238396000105;2026-04-20;DIESEL S10;7.39
23238396000105;2026-04-20;ETANOL;5.65
23238396000105;2026-04-20;GASOLINA;6.72
23238396000105;2026-04-20;GASOLINA ADITIVADA;6.84
23314250000100;2026-04-20;DIESEL S10;6.89
23314250000100;2026-04-20;ETANOL;4.84
23314250000100;2026-04-20;GASOLINA;6.37
26980450000181;2026-04-20;ETANOL;5.29
26980450000181;2026-04-20;GASOLINA;6.49
26980450000181;2026-04-20;GASOLINA ADITIVADA;6.79
27020445000190;2026-04-20;GASOLINA;7.19
27020445000190;2026-04-20;GASOLINA ADITIVADA;7.19
27020445000513;2026-04-20;GASOLINA;7.19
27020445000513;2026-04-20;GASOLINA ADITIVADA;7.19
27066273000276;2026-04-20;ETANOL;4.85
27066273000276;2026-04-20;GASOLINA;6.45
27066273000276;2026-04-20;GASOLINA ADITIVADA;6.45
27303411000102;2026-04-20;ETANOL;5.49
27303411000102;2026-04-20;GASOLINA;6.99
27303411000102;2026-04-20;GASOLINA ADITIVADA;7.0
27316819000119;2026-04-20;GASOLINA;6.99
27316819000119;2026-04-20;GASOLINA ADITIVADA;7.09
27664597000710;2026-04-20;ETANOL;5.69
27664597000710;2026-04-20;GASOLINA;6.79
27664597000710;2026-04-20;GASOLINA ADITIVADA;6.99
27734094000189;2026-04-20;DIESEL S10;6.79
27734094000189;2026-04-20;ETANOL;5.29
27734094000189;2026-04-20;GASOLINA;6.59
27734094000189;2026-04-20;GASOLINA ADITIVADA;6.94
28059632000140;2026-04-20;DIESEL;6.99
28059632000140;2026-04-20;DIESEL S10;6.99
28059632000140;2026-04-20;GASOLINA;6.45
28059632000140;2026-04-20;GASOLINA ADITIVADA;6.85
28413219000131;2026-04-20;GASOLINA;6.49
28413219000131;2026-04-20;GASOLINA ADITIVADA;6.79
28761038000104;2026-04-20;ETANOL;4.99
28761038000104;2026-04-20;GASOLINA;6.45
28761038000104;2026-04-20;GASOLINA ADITIVADA;6.69
32248017000159;2026-04-20;DIESEL S10;7.59
32248017000159;2026-04-20;ETANOL;5.89
32248017000159;2026-04-20;GASOLINA;7.19
32248017000159;2026-04-20;GASOLINA ADITIVADA;7.49
34765133000170;2026-04-20;DIESEL S10;6.99
34765133000170;2026-04-20;ETANOL;4.99
34765133000170;2026-04-20;GASOLINA;6.45
34765133000170;2026-04-20;GASOLINA ADITIVADA;6.75
36004950000131;2026-04-20;ETANOL;4.99
36004950000131;2026-04-20;GASOLINA;6.45
36004950000131;2026-04-20;GASOLINA ADITIVADA;6.65
36336386000154;2026-04-20;DIESEL;6.79
36336386000154;2026-04-20;DIESEL S10;6.89
36336386000154;2026-04-20;ETANOL;4.99
36336386000154;2026-04-20;GASOLINA;6.45
36336386000154;2026-04-20;GASOLINA ADITIVADA;6.65
36751443000161;2026-04-20;DIESEL S10;6.59
36751443000161;2026-04-20;GASOLINA;6.89
36751443000161;2026-04-20;GASOLINA ADITIVADA;6.89
37361618000197;2026-04-20;ETANOL;4.79
37361618000197;2026-04-20;GASOLINA;6.69
37361618000197;2026-04-20;GASOLINA ADITIVADA;6.69
38530950000109;2026-04-20;DIESEL;6.79
38530950000109;2026-04-20;DIESEL S10;6.89
38530950000109;2026-04-20;ETANOL;4.99
38530950000109;2026-04-20;GASOLINA;6.49
38530950000109;2026-04-20;GASOLINA ADITIVADA;6.79
97538270000192;2026-04-20;DIESEL;6.99
97538270000192;2026-04-20;DIESEL S10;7.19
97538270000192;2026-04-20;GASOLINA;6.54
97538270000192;2026-04-20;GASOLINA ADITIVADA;6.84
03948877000369;2026-04-21;DIESEL;6.89
03948877000369;2026-04-21;DIESEL S10;6.99
03948877000369;2026-04-21;GASOLINA;6.55
03948877000369;2026-04-21;GASOLINA ADITIVADA;6.75
04361389000151;2026-04-21;DIESEL;6.89
04361389000151;2026-04-21;DIESEL S10;6.99
04361389000151;2026-04-21;ETANOL;4.99
04361389000151;2026-04-21;GASOLINA;6.59
04361389000232;2026-04-21;DIESEL S10;6.99
04361389000232;2026-04-21;ETANOL;4.99
04361389000232;2026-04-21;GASOLINA;6.59
04361389000232;2026-04-21;GASOLINA ADITIVADA;6.59
04814652000110;2026-04-21;GASOLINA;6.79
04994796000104;2026-04-21;GASOLINA;6.59
04994796000104;2026-04-21;GASOLINA ADITIVADA;6.74
05393247000139;2026-04-21;DIESEL S10;6.99
05393247000139;2026-04-21;ETANOL;4.99
05393247000139;2026-04-21;GASOLINA;6.59
05393247000139;2026-04-21;GASOLINA ADITIVADA;6.59
05609081000145;2026-04-21;DIESEL;6.89
05609081000145;2026-04-21;DIESEL S10;6.99
05609081000145;2026-04-21;GASOLINA;6.69
05738923000169;2026-04-21;DIESEL;6.89
05738923000169;2026-04-21;ETANOL;5.09
05738923000169;2026-04-21;GASOLINA;6.59
05738923000169;2026-04-21;GASOLINA ADITIVADA;7.09
07381843000124;2026-04-21;GASOLINA;6.69
07381843000124;2026-04-21;GASOLINA ADITIVADA;6.69
07830414000197;2026-04-21;DIESEL;6.89
07830414000197;2026-04-21;ETANOL;5.09
07830414000197;2026-04-21;GASOLINA;6.8
07830414000197;2026-04-21;GASOLINA ADITIVADA;6.8
08519545000110;2026-04-21;GASOLINA;6.99
08519545000110;2026-04-21;GASOLINA ADITIVADA;7.09
08971375000100;2026-04-21;DIESEL;6.79
08971375000100;2026-04-21;DIESEL S10;6.98
08971375000100;2026-04-21;ETANOL;5.09
08971375000100;2026-04-21;GASOLINA;6.59
08971375000100;2026-04-21;GASOLINA ADITIVADA;6.79
10223356000148;2026-04-21;DIESEL;6.69
10223356000148;2026-04-21;GASOLINA;6.69
10223356000148;2026-04-21;GASOLINA ADITIVADA;6.69
11217185000107;2026-04-21;DIESEL;6.99
11217185000107;2026-04-21;DIESEL S10;7.19
11217185000107;2026-04-21;GASOLINA;6.59
11217185000107;2026-04-21;GASOLINA ADITIVADA;6.99
11222333000424;2026-04-21;DIESEL S10;6.79
11222333000424;2026-04-21;ETANOL;4.99
11222333000424;2026-04-21;GASOLINA;6.49
11222333000424;2026-04-21;GASOLINA ADITIVADA;6.69
12535572000154;2026-04-21;DIESEL S10;6.89
12535572000154;2026-04-21;ETANOL;4.99
12535572000154;2026-04-21;GASOLINA;6.49
12535572000154;2026-04-21;GASOLINA ADITIVADA;6.69
20246670000108;2026-04-21;DIESEL;6.89
20246670000108;2026-04-21;DIESEL S10;6.99
20246670000108;2026-04-21;ETANOL;4.69
20246670000108;2026-04-21;GASOLINA;6.55
21246940000135;2026-04-21;GASOLINA;6.59
21246940000135;2026-04-21;GASOLINA ADITIVADA;6.59
22356015000120;2026-04-21;DIESEL;6.89
22356015000120;2026-04-21;DIESEL S10;6.99
22356015000120;2026-04-21;ETANOL;4.99
22356015000120;2026-04-21;GASOLINA;6.59
22356015000120;2026-04-21;GASOLINA ADITIVADA;6.79
22356015000120;2026-04-21;GNV;3.99
27085240000192;2026-04-21;DIESEL;6.89
27085240000192;2026-04-21;DIESEL S10;6.99
27085240000192;2026-04-21;GASOLINA;6.79
27085240000192;2026-04-21;GASOLINA ADITIVADA;6.92
27352004000195;2026-04-21;DIESEL;6.79
27352004000195;2026-04-21;ETANOL;5.19
27352004000195;2026-04-21;GASOLINA;6.79
27352004000195;2026-04-21;GASOLINA ADITIVADA;6.89
27664597000559;2026-04-21;DIESEL;6.89
27664597000559;2026-04-21;DIESEL S10;6.99
27664597000559;2026-04-21;GASOLINA;6.59
32467417000155;2026-04-21;ETANOL;4.91
32467417000155;2026-04-21;GASOLINA;6.49
32467417000155;2026-04-21;GASOLINA ADITIVADA;6.49
00580488000173;2026-04-22;DIESEL;6.65
00580488000173;2026-04-22;DIESEL S10;6.89
00580488000173;2026-04-22;ETANOL;4.99
00580488000173;2026-04-22;GASOLINA;6.39
00580488000173;2026-04-22;GASOLINA ADITIVADA;6.59
02582857000192;2026-04-22;ETANOL;4.89
02582857000192;2026-04-22;GASOLINA;6.34
02582857000192;2026-04-22;GASOLINA ADITIVADA;6.34
11222333000181;2026-04-22;DIESEL;6.76
11222333000181;2026-04-22;DIESEL S10;6.82
11222333000181;2026-04-22;ETANOL;4.87
11222333000181;2026-04-22;GASOLINA;6.59
11222333000181;2026-04-22;GASOLINA ADITIVADA;6.59
11222333000181;2026-04-22;GNV;4.09
11222333000505;2026-04-22;DIESEL S10;7.09
11222333000505;2026-04-22;ETANOL;4.99
11222333000505;2026-04-22;GASOLINA;6.39
11222333000505;2026-04-22;GASOLINA ADITIVADA;6.39
11222333000505;2026-04-22;GNV;3.99
13814642000176;2026-04-22;DIESEL S10;6.89
13814642000176;2026-04-22;ETANOL;4.99
13814642000176;2026-04-22;GASOLINA;6.45
13814642000176;2026-04-22;GASOLINA ADITIVADA;6.85
15226314000184;2026-04-22;ETANOL;4.99
15226314000184;2026-04-22;GASOLINA;6.49
24145665000151;2026-04-22;DIESEL S10;6.99
24145665000151;2026-04-22;ETANOL;4.99
24145665000151;2026-04-22;GASOLINA;6.49
27016518000170;2026-04-22;DIESEL;6.79
27016518000170;2026-04-22;DIESEL S10;6.89
27016518000170;2026-04-22;ETANOL;4.99
27016518000170;2026-04-22;GASOLINA;6.45
27016518000170;2026-04-22;GASOLINA ADITIVADA;6.65
27394378000173;2026-04-22;DIESEL S10;6.79
27394378000173;2026-04-22;GASOLINA;6.35
27394378000173;2026-04-22;GASOLINA ADITIVADA;6.89
27394378000173;2026-04-22;GNV;3.99
27396415000182;2026-04-22;DIESEL;6.87
27396415000182;2026-04-22;ETANOL;4.89
27396415000182;2026-04-22;GASOLINA;6.48
27396415000182;2026-04-22;GASOLINA ADITIVADA;6.59
27396415000182;2026-04-22;GNV;3.98
27926384000124;2026-04-22;DIESEL;6.89
27926384000124;2026-04-22;DIESEL S10;6.99
27926384000124;2026-04-22;ETANOL;4.99
27926384000124;2026-04-22;GASOLINA;6.45
27926384000124;2026-04-22;GASOLINA ADITIVADA;6.45
28344206000158;2026-04-22;ETANOL;4.85
28344206000158;2026-04-22;GASOLINA;6.45
28344206000158;2026-04-22;GASOLINA ADITIVADA;6.45
01496517000186;2026-04-27;DIESEL S10;6.99
01496517000186;2026-04-27;ETANOL;5.19
01496517000186;2026-04-27;GASOLINA;6.49
01496517000186;2026-04-27;GASOLINA ADITIVADA;6.69
01823633000162;2026-04-27;DIESEL;6.79
01823633000162;2026-04-27;DIESEL S10;6.89
01823633000162;2026-04-27;ETANOL;4.99
01823633000162;2026-04-27;GASOLINA;6.45
01823633000162;2026-04-27;GASOLINA ADITIVADA;6.65
02567214000170;2026-04-27;ETANOL;4.85
02567214000170;2026-04-27;GASOLINA;6.45
02567214000170;2026-04-27;GASOLINA ADITIVADA;6.59
04228463000166;2026-04-27;DIESEL S10;6.99
04228463000166;2026-04-27;ETANOL;4.99
04228463000166;2026-04-27;GASOLINA;6.47
04228463000166;2026-04-27;GASOLINA ADITIVADA;6.67
04361389000151;2026-04-27;DIESEL;6.89
04361389000151;2026-04-27;DIESEL S10;6.99
04361389000151;2026-04-27;ETANOL;4.99
04361389000151;2026-04-27;GASOLINA;6.49
04960337000100;2026-04-27;ETANOL;4.81
04960337000100;2026-04-27;GASOLINA;6.45
04960337000100;2026-04-27;GASOLINA ADITIVADA;6.45
05609081000145;2026-04-27;GASOLINA;6.69
05738923000169;2026-04-27;DIESEL;6.89
05738923000169;2026-04-27;ETANOL;5.09
05738923000169;2026-04-27;GASOLINA;6.49
05738923000169;2026-04-27;GASOLINA ADITIVADA;6.99
07571908000102;2026-04-27;GASOLINA;6.49
07571908000102;2026-04-27;GASOLINA ADITIVADA;6.79
08788618000170;2026-04-27;DIESEL S10;6.69
08788618000170;2026-04-27;ETANOL;4.99
08788618000170;2026-04-27;GASOLINA;6.49
08788618000170;2026-04-27;GASOLINA ADITIVADA;6.89
08788618000170;2026-04-27;GNV;3.99
10223356000148;2026-04-27;DIESEL;6.69
10223356000148;2026-04-27;GASOLINA;6.69
10223356000148;2026-04-27;GASOLINA ADITIVADA;6.69
10331576000195;2026-04-27;DIESEL;6.69
10331576000195;2026-04-27;DIESEL S10;6.79
10331576000195;2026-04-27;GASOLINA;6.69
10331576000195;2026-04-27;GASOLINA ADITIVADA;6.69
11217185000107;2026-04-27;DIESEL;6.89
11217185000107;2026-04-27;DIESEL S10;6.99
11217185000107;2026-04-27;GASOLINA;6.59
11217185000107;2026-04-27;GASOLINA ADITIVADA;6.99
11222333000343;2026-04-27;DIESEL S10;6.89
11222333000343;2026-04-27;ETANOL;4.85
11222333000343;2026-04-27;GASOLINA;6.45
11222333000343;2026-04-27;GASOLINA ADITIVADA;6.45
11942147000117;2026-04-27;DIESEL S10;7.49
11942147000117;2026-04-27;ETANOL;4.98
11942147000117;2026-04-27;GASOLINA;6.45
11942147000117;2026-04-27;GASOLINA ADITIVADA;6.6
12535572000154;2026-04-27;DIESEL S10;6.89
12535572000154;2026-04-27;ETANOL;4.99
12535572000154;2026-04-27;GASOLINA;6.49
12535572000154;2026-04-27;GASOLINA ADITIVADA;6.69
14806977000105;2026-04-27;ETANOL;4.99
14806977000105;2026-04-27;GASOLINA;6.49
14806977000105;2026-04-27;GASOLINA ADITIVADA;6.69
16577742000114;2026-04-27;GASOLINA;6.49
16577742000114;2026-04-27;GASOLINA ADITIVADA;6.69
22356015000120;2026-04-27;DIESEL;6.89
22356015000120;2026-04-27;DIESEL S10;6.99
22356015000120;2026-04-27;ETANOL;4.99
22356015000120;2026-04-27;GASOLINA;6.49
22356015000120;2026-04-27;GASOLINA ADITIVADA;6.69
22356015000120;2026-04-27;GNV;3.99
26980450000181;2026-04-27;ETANOL;5.29
26980450000181;2026-04-27;GASOLINA;6.49
26980450000181;2026-04-27;GASOLINA ADITIVADA;6.79
27066273000276;2026-04-27;ETANOL;4.85
27066273000276;2026-04-27;GASOLINA;6.45
27066273000276;2026-04-27;GASOLINA ADITIVADA;6.45
27664597000559;2026-04-27;DIESEL;6.89
27664597000559;2026-04-27;DIESEL S10;6.99
27664597000559;2026-04-27;GASOLINA;6.59
27734094000189;2026-04-27;DIESEL S10;6.79
27734094000189;2026-04-27;ETANOL;5.29
27734094000189;2026-04-27;GASOLINA;6.79
27734094000189;2026-04-27;GASOLINA ADITIVADA;7.14
28059632000140;2026-04-27;DIESEL;6.99
28059632000140;2026-04-27;DIESEL S10;6.99
28059632000140;2026-04-27;GASOLINA;6.45
28059632000140;2026-04-27;GASOLINA ADITIVADA;6.85
28413219000131;2026-04-27;GASOLINA;6.49
28413219000131;2026-04-27;GASOLINA ADITIVADA;6.79
36336386000154;2026-04-27;DIESEL;6.79
36336386000154;2026-04-27;DIESEL S10;6.89
36336386000154;2026-04-27;ETANOL;4.99
36336386000154;2026-04-27;GASOLINA;6.45
36336386000154;2026-04-27;GASOLINA ADITIVADA;6.65
00580488000173;2026-04-28;DIESEL;6.65
00580488000173;2026-04-28;DIESEL S10;6.89
00580488000173;2026-04-28;ETANOL;4.89
00580488000173;2026-04-28;GASOLINA;6.39
00580488000173;2026-04-28;GASOLINA ADITIVADA;6.59
01503536000192;2026-04-28;DIESEL S10;6.89
01503536000192;2026-04-28;GASOLINA;6.46
01503536000192;2026-04-28;GASOLINA ADITIVADA;6.66
01557127000179;2026-04-28;GASOLINA;6.39
01557127000179;2026-04-28;GASOLINA ADITIVADA;6.79
02582857000192;2026-04-28;ETANOL;4.99
02582857000192;2026-04-28;GASOLINA;6.34
02582857000192;2026-04-28;GASOLINA ADITIVADA;6.39
04145589001149;2026-04-28;DIESEL S10;6.98
04145589001149;2026-04-28;ETANOL;5.09
04145589001149;2026-04-28;GASOLINA;6.46
04145589001149;2026-04-28;GASOLINA ADITIVADA;6.76
04361389000232;2026-04-28;DIESEL S10;6.99
04361389000232;2026-04-28;ETANOL;4.99
04361389000232;2026-04-28;GASOLINA;6.49
04361389000232;2026-04-28;GASOLINA ADITIVADA;6.69
04994796000104;2026-04-28;GASOLINA;6.59
04994796000104;2026-04-28;GASOLINA ADITIVADA;6.74
05393247000139;2026-04-28;DIESEL S10;6.99
05393247000139;2026-04-28;ETANOL;4.99
05393247000139;2026-04-28;GASOLINA;6.49
05393247000139;2026-04-28;GASOLINA ADITIVADA;6.69
07470392000100;2026-04-28;DIESEL;6.89
07470392000100;2026-04-28;ETANOL;5.19
07470392000100;2026-04-28;GASOLINA;6.59
07470392000100;2026-04-28;GASOLINA ADITIVADA;6.89
07830414000197;2026-04-28;DIESEL;6.89
07830414000197;2026-04-28;ETANOL;5.09
07830414000197;2026-04-28;GASOLINA;6.8
07830414000197;2026-04-28;GASOLINA ADITIVADA;6.8
08022304000161;2026-04-28;DIESEL S10;6.99
08022304000161;2026-04-28;ETANOL;5.09
08022304000161;2026-04-28;GASOLINA;6.45
08022304000161;2026-04-28;GASOLINA ADITIVADA;6.65
09167931000153;2026-04-28;DIESEL S10;6.99
09167931000153;2026-04-28;ETANOL;4.99
09167931000153;2026-04-28;GASOLINA;6.59
09167931000153;2026-04-28;GASOLINA ADITIVADA;6.79
10197775000152;2026-04-28;DIESEL S10;6.99
10197775000152;2026-04-28;ETANOL;4.99
10197775000152;2026-04-28;GASOLINA;6.47
10197775000152;2026-04-28;GASOLINA ADITIVADA;6.67
10569345000114;2026-04-28;GASOLINA;6.45
10569345000114;2026-04-28;GASOLINA ADITIVADA;6.75
11222333000181;2026-04-28;DIESEL;6.76
11222333000181;2026-04-28;DIESEL S10;6.82
11222333000181;2026-04-28;ETANOL;4.87
11222333000181;2026-04-28;GASOLINA;6.59
11222333000181;2026-04-28;GASOLINA ADITIVADA;6.59
11222333000181;2026-04-28;GNV;4.09
11222333000424;2026-04-28;DIESEL S10;6.79
11222333000424;2026-04-28;ETANOL;4.99
11222333000424;2026-04-28;GASOLINA;6.49
11222333000424;2026-04-28;GASOLINA ADITIVADA;6.69
11222333000505;2026-04-28;DIESEL S10;7.09
11222333000505;2026-04-28;ETANOL;4.99
11222333000505;2026-04-28;GASOLINA;6.39
11222333000505;2026-04-28;GASOLINA ADITIVADA;6.39
11222333000505;2026-04-28;GNV;3.99
13814642000176;2026-04-28;DIESEL S10;6.89
13814642000176;2026-04-28;ETANOL;4.99
13814642000176;2026-04-28;GASOLINA;6.45
13814642000176;2026-04-28;GASOLINA ADITIVADA;6.85
15010530000198;2026-04-28;DIESEL S10;6.89
15010530000198;2026-04-28;ETANOL;4.99
15010530000198;2026-04-28;GASOLINA;6.43
15010530000198;2026-04-28;GASOLINA ADITIVADA;6.83
15226314000184;2026-04-28;ETANOL;4.99
15226314000184;2026-04-28;GASOLINA;6.49
17375525000104;2026-04-28;DIESEL S10;6.88
17375525000104;2026-04-28;ETANOL;4.98
17375525000104;2026-04-28;GASOLINA;6.45
17375525000104;2026-04-28;GASOLINA ADITIVADA;6.79
17753176000117;2026-04-28;DIESEL S10;6.89
17753176000117;2026-04-28;ETANOL;4.99
17753176000117;2026-04-28;GASOLINA;6.43
17753176000117;2026-04-28;GASOLINA ADITIVADA;6.83
24145665000151;2026-04-28;DIESEL S10;6.99
24145665000151;2026-04-28;ETANOL;4.99
24145665000151;2026-04-28;GASOLINA;6.49
27016518000170;2026-04-28;DIESEL;6.74
27016518000170;2026-04-28;DIESEL S10;6.84
27016518000170;2026-04-28;ETANOL;4.89
27016518000170;2026-04-28;GASOLINA;6.39
27016518000170;2026-04-28;GASOLINA ADITIVADA;6.69
27394378000173;2026-04-28;DIESEL S10;6.79
27394378000173;2026-04-28;GASOLINA;6.35
27394378000173;2026-04-28;GASOLINA ADITIVADA;6.89
27394378000173;2026-04-28;GNV;3.99
27396415000182;2026-04-28;ETANOL;4.89
27396415000182;2026-04-28;GASOLINA;6.48
27396415000182;2026-04-28;GASOLINA ADITIVADA;6.59
27396415000182;2026-04-28;GNV;3.98
27926384000124;2026-04-28;DIESEL;6.89
27926384000124;2026-04-28;DIESEL S10;6.99
27926384000124;2026-04-28;ETANOL;4.99
27926384000124;2026-04-28;GASOLINA;6.45
27926384000124;2026-04-28;GASOLINA ADITIVADA;6.45
28344206000158;2026-04-28;ETANOL;4.85
28344206000158;2026-04-28;GASOLINA;6.45
28344206000158;2026-04-28;GASOLINA ADITIVADA;6.45
31465040000132;2026-04-28;DIESEL S10;6.78
31465040000132;2026-04-28;ETANOL;4.99
31465040000132;2026-04-28;GASOLINA;6.46
31465040000132;2026-04-28;GASOLINA ADITIVADA;6.66
32467417000155;2026-04-28;ETANOL;4.91
32467417000155;2026-04-28;GASOLINA;6.49
32467417000155;2026-04-28;GASOLINA ADITIVADA;6.49
34387806000104;2026-04-28;DIESEL S10;6.97
34387806000104;2026-04-28;ETANOL;4.97
34387806000104;2026-04-28;GASOLINA;6.46
34387806000104;2026-04-28;GASOLINA ADITIVADA;6.76
36675989000180;2026-04-28;DIESEL S10;6.99
36675989000180;2026-04-28;ETANOL;4.69
36675989000180;2026-04-28;GASOLINA;6.42
36675989000180;2026-04-28;GASOLINA ADITIVADA;6.45
06073382000160;2026-04-29;DIESEL S10;6.82
06073382000160;2026-04-29;ETANOL;4.77
06073382000160;2026-04-29;GASOLINA;6.36
27303411000374;2026-04-29;DIESEL S10;6.79
27303411000374;2026-04-29;GASOLINA;6.69
27303411000374;2026-04-29;GASOLINA ADITIVADA;6.79
02802986000149;2026-04-30;DIESEL S10;7.29
02802986000149;2026-04-30;ETANOL;5.45
02802986000149;2026-04-30;GASOLINA;6.72
02802986000149;2026-04-30;GASOLINA ADITIVADA;6.84
03948877000369;2026-04-30;DIESEL;6.89
03948877000369;2026-04-30;DIESEL S10;6.99
03948877000369;2026-04-30;GASOLINA;6.55
03948877000369;2026-04-30;GASOLINA ADITIVADA;6.75
04814652000110;2026-04-30;GASOLINA;6.69
07381843000124;2026-04-30;GASOLINA;6.69
07381843000124;2026-04-30;GASOLINA ADITIVADA;6.69
08519545000110;2026-04-30;GASOLINA;6.89
08519545000110;2026-04-30;GASOLINA ADITIVADA;6.99
08971375000100;2026-04-30;DIESEL;6.78
08971375000100;2026-04-30;DIESEL S10;6.88
08971375000100;2026-04-30;ETANOL;5.14
08971375000100;2026-04-30;GASOLINA;6.64
08971375000100;2026-04-30;GASOLINA ADITIVADA;6.79
09076862000172;2026-04-30;GASOLINA;7.19
09076862000172;2026-04-30;GASOLINA ADITIVADA;7.19
10813831000136;2026-04-30;DIESEL;6.99
10813831000136;2026-04-30;DIESEL S10;7.09
10813831000136;2026-04-30;GASOLINA;6.69
10813831000136;2026-04-30;GASOLINA ADITIVADA;6.99
14096313000108;2026-04-30;DIESEL;7.25
14096313000108;2026-04-30;ETANOL;5.99
14096313000108;2026-04-30;GASOLINA;7.09
14096313000108;2026-04-30;GASOLINA ADITIVADA;7.09
20246670000108;2026-04-30;DIESEL;6.89
20246670000108;2026-04-30;DIESEL S10;6.99
20246670000108;2026-04-30;ETANOL;4.69
20246670000108;2026-04-30;GASOLINA;6.55
23238396000105;2026-04-30;DIESEL S10;7.39
23238396000105;2026-04-30;ETANOL;5.65
23238396000105;2026-04-30;GASOLINA;6.72
23238396000105;2026-04-30;GASOLINA ADITIVADA;6.84
27020445000190;2026-04-30;GASOLINA;7.19
27020445000190;2026-04-30;GASOLINA ADITIVADA;7.19
27020445000513;2026-04-30;GASOLINA;7.19
27020445000513;2026-04-30;GASOLINA ADITIVADA;7.19
27085240000192;2026-04-30;DIESEL;6.89
27085240000192;2026-04-30;DIESEL S10;6.99
27085240000192;2026-04-30;GASOLINA;6.79
27085240000192;2026-04-30;GASOLINA ADITIVADA;6.92
27316819000119;2026-04-30;GASOLINA;6.99
27316819000119;2026-04-30;GASOLINA ADITIVADA;7.09
32248017000159;2026-04-30;DIESEL S10;7.59
32248017000159;2026-04-30;ETANOL;5.89
32248017000159;2026-04-30;GASOLINA;7.19
32248017000159;2026-04-30;GASOLINA ADITIVADA;7.49
36411940000200;2026-04-30;DIESEL;6.89
36411940000200;2026-04-30;DIESEL S10;6.99
36411940000200;2026-04-30;ETANOL;5.09
36411940000200;2026-04-30;GASOLINA;6.64
36411940000200;2026-04-30;GASOLINA ADITIVADA;6.94
39814835000110;2026-04-30;DIESEL;6.79
39814835000110;2026-04-30;DIESEL S10;6.89
39814835000110;2026-04-30;ETANOL;5.19
39814835000110;2026-04-30;GASOLINA;6.79
39814835000110;2026-04-30;GASOLINA ADITIVADA;6.89
01514752000133;2026-05-04;ETANOL;4.85
01514752000133;2026-05-04;GASOLINA;6.47
01514752000133;2026-05-04;GASOLINA ADITIVADA;6.67
01557127000179;2026-05-04;GASOLINA;6.39
01557127000179;2026-05-04;GASOLINA ADITIVADA;6.79
01823633000162;2026-05-04;DIESEL;6.69
01823633000162;2026-05-04;DIESEL S10;6.79
01823633000162;2026-05-04;ETANOL;4.99
01823633000162;2026-05-04;GASOLINA;6.45
01823633000162;2026-05-04;GASOLINA ADITIVADA;6.65
02567214000170;2026-05-04;ETANOL;4.85
02567214000170;2026-05-04;GASOLINA;6.45
02567214000170;2026-05-04;GASOLINA ADITIVADA;6.59
02802986000149;2026-05-04;DIESEL S10;7.29
02802986000149;2026-05-04;ETANOL;5.45
02802986000149;2026-05-04;GASOLINA;6.72
02802986000149;2026-05-04;GASOLINA ADITIVADA;6.84
04228463000166;2026-05-04;DIESEL S10;6.99
04228463000166;2026-05-04;ETANOL;4.99
04228463000166;2026-05-04;GASOLINA;6.47
04228463000166;2026-05-04;GASOLINA ADITIVADA;6.67
04960337000100;2026-05-04;ETANOL;4.81
04960337000100;2026-05-04;GASOLINA;6.45
04960337000100;2026-05-04;GASOLINA ADITIVADA;6.45
07571908000102;2026-05-04;GASOLINA;6.49
07571908000102;2026-05-04;GASOLINA ADITIVADA;6.79
08788618000170;2026-05-04;ETANOL;4.99
08788618000170;2026-05-04;GASOLINA;6.49
08788618000170;2026-05-04;GASOLINA ADITIVADA;6.89
08788618000170;2026-05-04;GNV;3.99
09076862000172;2026-05-04;GASOLINA;7.19
09076862000172;2026-05-04;GASOLINA ADITIVADA;7.19
09167931000153;2026-05-04;DIESEL S10;6.99
09167931000153;2026-05-04;ETANOL;4.99
09167931000153;2026-05-04;GASOLINA;6.59
09167931000153;2026-05-04;GASOLINA ADITIVADA;6.79
11222333000343;2026-05-04;DIESEL S10;6.89
11222333000343;2026-05-04;ETANOL;4.85
11222333000343;2026-05-04;GASOLINA;6.45
11222333000343;2026-05-04;GASOLINA ADITIVADA;6.45
11942147000117;2026-05-04;DIESEL S10;7.49
11942147000117;2026-05-04;ETANOL;4.98
11942147000117;2026-05-04;GASOLINA;6.45
11942147000117;2026-05-04;GASOLINA ADITIVADA;6.6
14096313000108;2026-05-04;DIESEL S10;7.19
14096313000108;2026-05-04;ETANOL;5.99
14096313000108;2026-05-04;GASOLINA;7.09
14096313000108;2026-05-04;GASOLINA ADITIVADA;7.09
14806977000105;2026-05-04;ETANOL;4.99
14806977000105;2026-05-04;GASOLINA;6.49
14806977000105;2026-05-04;GASOLINA ADITIVADA;6.69
15010530000198;2026-05-04;DIESEL S10;6.79
15010530000198;2026-05-04;ETANOL;4.89
15010530000198;2026-05-04;GASOLINA;6.42
15010530000198;2026-05-04;GASOLINA ADITIVADA;6.82
16577742000114;2026-05-04;GASOLINA;6.49
16577742000114;2026-05-04;GASOLINA ADITIVADA;6.69
23238396000105;2026-05-04;DIESEL S10;7.39
23238396000105;2026-05-04;ETANOL;5.65
23238396000105;2026-05-04;GASOLINA;6.72
23238396000105;2026-05-04;GASOLINA ADITIVADA;6.84
26980450000181;2026-05-04;ETANOL;4.99
26980450000181;2026-05-04;GASOLINA;6.47
26980450000181;2026-05-04;GASOLINA ADITIVADA;6.77
27020445000190;2026-05-04;GASOLINA;7.19
27020445000190;2026-05-04;GASOLINA ADITIVADA;7.19
27020445000513;2026-05-04;GASOLINA;7.19
27020445000513;2026-05-04;GASOLINA ADITIVADA;7.19
27066273000276;2026-05-04;ETANOL;4.85
27066273000276;2026-05-04;GASOLINA;6.45
27066273000276;2026-05-04;GASOLINA ADITIVADA;6.45
27316819000119;2026-05-04;GASOLINA;6.99
27316819000119;2026-05-04;GASOLINA ADITIVADA;7.09
27734094000189;2026-05-04;DIESEL S10;6.79
27734094000189;2026-05-04;ETANOL;5.19
27734094000189;2026-05-04;GASOLINA;6.49
27734094000189;2026-05-04;GASOLINA ADITIVADA;6.84
28059632000140;2026-05-04;DIESEL;6.89
28059632000140;2026-05-04;DIESEL S10;6.89
28059632000140;2026-05-04;GASOLINA;6.45
28059632000140;2026-05-04;GASOLINA ADITIVADA;6.85
32248017000159;2026-05-04;DIESEL S10;7.59
32248017000159;2026-05-04;ETANOL;5.89
32248017000159;2026-05-04;GASOLINA;7.19
32248017000159;2026-05-04;GASOLINA ADITIVADA;7.49
32467417000155;2026-05-04;ETANOL;4.89
32467417000155;2026-05-04;GASOLINA;6.49
32467417000155;2026-05-04;GASOLINA ADITIVADA;6.49
36336386000154;2026-05-04;DIESEL;6.79
36336386000154;2026-05-04;DIESEL S10;6.89
36336386000154;2026-05-04;ETANOL;4.72
36336386000154;2026-05-04;GASOLINA;6.39
36336386000154;2026-05-04;GASOLINA ADITIVADA;6.59
36675989000180;2026-05-04;DIESEL S10;6.99
36675989000180;2026-05-04;ETANOL;4.69
36675989000180;2026-05-04;GASOLINA;6.42
36675989000180;2026-05-04;GASOLINA ADITIVADA;6.45
38530950000109;2026-05-04;DIESEL;6.89
38530950000109;2026-05-04;DIESEL S10;6.99
38530950000109;2026-05-04;ETANOL;4.99
38530950000109;2026-05-04;GASOLINA;6.49
38530950000109;2026-05-04;GASOLINA ADITIVADA;6.79
01496517000186;2026-05-05;DIESEL S10;6.99
01496517000186;2026-05-05;ETANOL;5.19
01496517000186;2026-05-05;GASOLINA;6.49
01496517000186;2026-05-05;GASOLINA ADITIVADA;6.69
01503536000192;2026-05-05;DIESEL S10;6.89
01503536000192;2026-05-05;GASOLINA;6.46
01503536000192;2026-05-05;GASOLINA ADITIVADA;6.66
04145589001149;2026-05-05;DIESEL S10;6.98
04145589001149;2026-05-05;ETANOL;5.09
04145589001149;2026-05-05;GASOLINA;6.46
04145589001149;2026-05-05;GASOLINA ADITIVADA;6.76
04361389000151;2026-05-05;DIESEL;6.78
04361389000151;2026-05-05;DIESEL S10;6.88
04361389000151;2026-05-05;ETANOL;4.99
04361389000151;2026-05-05;GASOLINA;6.45
04361389000232;2026-05-05;DIESEL S10;6.99
04361389000232;2026-05-05;ETANOL;4.99
04361389000232;2026-05-05;GASOLINA;6.49
04361389000232;2026-05-05;GASOLINA ADITIVADA;6.69
04994796000104;2026-05-05;GASOLINA;6.59
04994796000104;2026-05-05;GASOLINA ADITIVADA;6.74
05393247000139;2026-05-05;DIESEL S10;6.99
05393247000139;2026-05-05;ETANOL;4.99
05393247000139;2026-05-05;GASOLINA;6.49
05393247000139;2026-05-05;GASOLINA ADITIVADA;6.69
05738923000169;2026-05-05;DIESEL;6.89
05738923000169;2026-05-05;ETANOL;5.09
05738923000169;2026-05-05;GASOLINA;6.49
05738923000169;2026-05-05;GASOLINA ADITIVADA;6.69
07830414000197;2026-05-05;DIESEL;6.89
07830414000197;2026-05-05;ETANOL;5.09
07830414000197;2026-05-05;GASOLINA;6.8
07830414000197;2026-05-05;GASOLINA ADITIVADA;6.8
08022304000161;2026-05-05;DIESEL S10;6.99
08022304000161;2026-05-05;ETANOL;5.09
08022304000161;2026-05-05;GASOLINA;6.45
08022304000161;2026-05-05;GASOLINA ADITIVADA;6.65
10569345000114;2026-05-05;GASOLINA;6.45
10569345000114;2026-05-05;GASOLINA ADITIVADA;6.75
11222333000424;2026-05-05;DIESEL S10;6.79
11222333000424;2026-05-05;ETANOL;4.99
11222333000424;2026-05-05;GASOLINA;6.39
11222333000424;2026-05-05;GASOLINA ADITIVADA;6.59
12535572000154;2026-05-05;DIESEL S10;6.87
12535572000154;2026-05-05;ETANOL;4.99
12535572000154;2026-05-05;GASOLINA;6.49
12535572000154;2026-05-05;GASOLINA ADITIVADA;6.69
21246940000135;2026-05-05;GASOLINA;6.59
21246940000135;2026-05-05;GASOLINA ADITIVADA;6.59
22356015000120;2026-05-05;DIESEL;6.79
22356015000120;2026-05-05;DIESEL S10;6.89
22356015000120;2026-05-05;ETANOL;4.99
22356015000120;2026-05-05;GASOLINA;6.49
22356015000120;2026-05-05;GASOLINA ADITIVADA;6.69
22356015000120;2026-05-05;GNV;3.99
31465040000132;2026-05-05;DIESEL S10;6.78
31465040000132;2026-05-05;ETANOL;4.87
31465040000132;2026-05-05;GASOLINA;6.46
31465040000132;2026-05-05;GASOLINA ADITIVADA;6.66
34387806000104;2026-05-05;DIESEL S10;6.97
34387806000104;2026-05-05;ETANOL;4.97
34387806000104;2026-05-05;GASOLINA;6.46
34387806000104;2026-05-05;GASOLINA ADITIVADA;6.76
00762780000298;2026-05-06;DIESEL S10;7.09
00762780000298;2026-05-06;GASOLINA;6.79
00762780000298;2026-05-06;GASOLINA ADITIVADA;6.89
01283262000173;2026-05-06;DIESEL S10;6.69
01283262000173;2026-05-06;ETANOL;5.19
01283262000173;2026-05-06;GASOLINA;7.08
02583872000155;2026-05-06;DIESEL S10;6.79
02583872000155;2026-05-06;ETANOL;4.99
02583872000155;2026-05-06;GASOLINA;7.29
02583872000155;2026-05-06;GASOLINA ADITIVADA;7.49
02665124000111;2026-05-06;ETANOL;5.39
02665124000111;2026-05-06;GASOLINA;7.44
02665124000111;2026-05-06;GASOLINA ADITIVADA;7.74
03058196000163;2026-05-06;DIESEL;6.89
03058196000163;2026-05-06;DIESEL S10;6.99
03058196000163;2026-05-06;GASOLINA;6.89
03058196000163;2026-05-06;GASOLINA ADITIVADA;6.99
03348196000106;2026-05-06;DIESEL;6.99
03348196000106;2026-05-06;DIESEL S10;7.09
03348196000106;2026-05-06;ETANOL;5.49
03348196000106;2026-05-06;GASOLINA;6.79
03348196000106;2026-05-06;GASOLINA ADITIVADA;6.89
03408609000192;2026-05-06;DIESEL;6.98
03408609000192;2026-05-06;DIESEL S10;7.14
03408609000192;2026-05-06;ETANOL;4.76
03408609000192;2026-05-06;GASOLINA;7.21
03408609000192;2026-05-06;GASOLINA ADITIVADA;7.31
04411606000170;2026-05-06;DIESEL S10;6.79
04411606000170;2026-05-06;ETANOL;4.79
04411606000170;2026-05-06;GASOLINA;7.09
05349237000104;2026-05-06;DIESEL;6.69
05349237000104;2026-05-06;GASOLINA;6.69
05349237000104;2026-05-06;GASOLINA ADITIVADA;6.69
07470392000100;2026-05-06;DIESEL;6.89
07470392000100;2026-05-06;ETANOL;5.19
07470392000100;2026-05-06;GASOLINA;6.59
07470392000100;2026-05-06;GASOLINA ADITIVADA;6.89
10197775000152;2026-05-06;DIESEL S10;6.99
10197775000152;2026-05-06;ETANOL;4.99
10197775000152;2026-05-06;GASOLINA;6.47
10197775000152;2026-05-06;GASOLINA ADITIVADA;6.67
13602147000101;2026-05-06;DIESEL S10;6.79
13602147000101;2026-05-06;ETANOL;4.79
13602147000101;2026-05-06;GASOLINA;6.69
17375525000104;2026-05-06;DIESEL S10;6.88
17375525000104;2026-05-06;ETANOL;4.98
17375525000104;2026-05-06;GASOLINA;6.45
17375525000104;2026-05-06;GASOLINA ADITIVADA;6.79
20863591000138;2026-05-06;DIESEL S10;6.89
20863591000138;2026-05-06;GASOLINA;6.99
20863591000138;2026-05-06;GASOLINA ADITIVADA;7.14
21931941000119;2026-05-06;DIESEL;6.84
21931941000119;2026-05-06;DIESEL S10;6.94
21931941000119;2026-05-06;ETANOL;5.39
21931941000119;2026-05-06;GASOLINA;7.39
21931941000119;2026-05-06;GASOLINA ADITIVADA;7.69
27124023000164;2026-05-06;DIESEL;7.69
27124023000164;2026-05-06;DIESEL S10;7.79
27124023000164;2026-05-06;GASOLINA;7.29
27179654000342;2026-05-06;DIESEL S10;6.89
27179654000342;2026-05-06;ETANOL;5.39
27179654000342;2026-05-06;GASOLINA;7.29
27179654000342;2026-05-06;GASOLINA ADITIVADA;7.34
27179654000342;2026-05-06;GNV;4.59
27303411000374;2026-05-06;DIESEL S10;6.79
27303411000374;2026-05-06;GASOLINA;6.79
27303411000374;2026-05-06;GASOLINA ADITIVADA;6.79
27664597000630;2026-05-06;DIESEL S10;6.99
27664597000630;2026-05-06;GASOLINA;6.79
27664597000982;2026-05-06;DIESEL;6.89
27664597000982;2026-05-06;DIESEL S10;6.99
27664597000982;2026-05-06;ETANOL;5.69
27664597000982;2026-05-06;GASOLINA;6.79
28505616000133;2026-05-06;DIESEL S10;7.44
28505616000133;2026-05-06;GASOLINA;6.89
28505616000133;2026-05-06;GASOLINA ADITIVADA;7.19
31284466000190;2026-05-06;DIESEL;6.69
31284466000190;2026-05-06;DIESEL S10;6.79
31284466000190;2026-05-06;ETANOL;5.05
31284466000190;2026-05-06;GASOLINA;7.26
31284466000190;2026-05-06;GASOLINA ADITIVADA;7.56
37361618000197;2026-05-06;ETANOL;4.79
37361618000197;2026-05-06;GASOLINA;6.69
37361618000197;2026-05-06;GASOLINA ADITIVADA;6.69
00580488000173;2026-05-07;DIESEL;6.65
00580488000173;2026-05-07;DIESEL S10;6.89
00580488000173;2026-05-07;ETANOL;4.89
00580488000173;2026-05-07;GASOLINA;6.39
00580488000173;2026-05-07;GASOLINA ADITIVADA;6.59
02582857000192;2026-05-07;ETANOL;4.99
02582857000192;2026-05-07;GASOLINA;6.34
02582857000192;2026-05-07;GASOLINA ADITIVADA;6.39
03948877000369;2026-05-07;DIESEL;6.89
03948877000369;2026-05-07;DIESEL S10;6.99
03948877000369;2026-05-07;GASOLINA;6.55
03948877000369;2026-05-07;GASOLINA ADITIVADA;6.75
04814652000110;2026-05-07;GASOLINA;6.69
05609081000145;2026-05-07;GASOLINA;6.69
05791319000104;2026-05-07;DIESEL;6.89
05791319000104;2026-05-07;GASOLINA;6.69
05791319000104;2026-05-07;GASOLINA ADITIVADA;6.79
05791319000104;2026-05-07;GNV;4.49
07381843000124;2026-05-07;GASOLINA;6.69
07381843000124;2026-05-07;GASOLINA ADITIVADA;6.69
08519545000110;2026-05-07;GASOLINA;6.89
08519545000110;2026-05-07;GASOLINA ADITIVADA;6.99
08971375000100;2026-05-07;DIESEL;6.78
08971375000100;2026-05-07;DIESEL S10;6.88
08971375000100;2026-05-07;ETANOL;5.14
08971375000100;2026-05-07;GASOLINA;6.64
08971375000100;2026-05-07;GASOLINA ADITIVADA;6.79
10223356000148;2026-05-07;DIESEL;6.69
10223356000148;2026-05-07;GASOLINA;6.69
10223356000148;2026-05-07;GASOLINA ADITIVADA;6.69
10331576000195;2026-05-07;DIESEL;6.69
10331576000195;2026-05-07;GASOLINA;6.69
10331576000195;2026-05-07;GASOLINA ADITIVADA;6.69
10813831000136;2026-05-07;DIESEL;6.99
10813831000136;2026-05-07;DIESEL S10;7.09
10813831000136;2026-05-07;GASOLINA;6.69
10813831000136;2026-05-07;GASOLINA ADITIVADA;6.99
11222333000181;2026-05-07;DIESEL;6.76
11222333000181;2026-05-07;DIESEL S10;6.82
11222333000181;2026-05-07;ETANOL;4.87
11222333000181;2026-05-07;GASOLINA;6.59
11222333000181;2026-05-07;GASOLINA ADITIVADA;6.59
11222333000181;2026-05-07;GNV;4.09
11222333000505;2026-05-07;DIESEL S10;6.99
11222333000505;2026-05-07;ETANOL;4.89
11222333000505;2026-05-07;GASOLINA;6.39
11222333000505;2026-05-07;GASOLINA ADITIVADA;6.39
11222333000505;2026-05-07;GNV;3.99
13814642000176;2026-05-07;DIESEL S10;6.89
13814642000176;2026-05-07;ETANOL;4.79
13814642000176;2026-05-07;GASOLINA;6.45
13814642000176;2026-05-07;GASOLINA ADITIVADA;6.85
15226314000184;2026-05-07;ETANOL;4.89
15226314000184;2026-05-07;GASOLINA;6.49
20246670000108;2026-05-07;DIESEL;6.89
20246670000108;2026-05-07;DIESEL S10;6.99
20246670000108;2026-05-07;ETANOL;4.69
20246670000108;2026-05-07;GASOLINA;6.55
24145665000151;2026-05-07;DIESEL S10;6.99
24145665000151;2026-05-07;ETANOL;4.89
24145665000151;2026-05-07;GASOLINA;6.49
27016518000170;2026-05-07;DIESEL;6.74
27016518000170;2026-05-07;DIESEL S10;6.84
27016518000170;2026-05-07;GASOLINA;6.39
27016518000170;2026-05-07;GASOLINA ADITIVADA;6.69
27085240000192;2026-05-07;DIESEL;6.89
27085240000192;2026-05-07;DIESEL S10;6.99
27085240000192;2026-05-07;GASOLINA;6.69
27085240000192;2026-05-07;GASOLINA ADITIVADA;6.79
27394378000173;2026-05-07;DIESEL S10;6.79
27394378000173;2026-05-07;GASOLINA;6.35
27394378000173;2026-05-07;GASOLINA ADITIVADA;6.89
27394378000173;2026-05-07;GNV;3.99
27396415000182;2026-05-07;DIESEL;6.87
27396415000182;2026-05-07;ETANOL;4.89
27396415000182;2026-05-07;GASOLINA;6.48
27396415000182;2026-05-07;GASOLINA ADITIVADA;6.59
27396415000182;2026-05-07;GNV;3.98
27926384000124;2026-05-07;DIESEL;6.89
27926384000124;2026-05-07;DIESEL S10;6.99
27926384000124;2026-05-07;ETANOL;4.79
27926384000124;2026-05-07;GASOLINA;6.45
27926384000124;2026-05-07;GASOLINA ADITIVADA;6.45
28344206000158;2026-05-07;ETANOL;4.79
28344206000158;2026-05-07;GASOLINA;6.45
28344206000158;2026-05-07;GASOLINA ADITIVADA;6.45
36411940000200;2026-05-07;DIESEL;6.89
36411940000200;2026-05-07;DIESEL S10;6.99
36411940000200;2026-05-07;GASOLINA;6.64
36411940000200;2026-05-07;GASOLINA ADITIVADA;6.94
09369995000137;2026-05-08;ETANOL;4.99
09369995000137;2026-05-08;GASOLINA;6.89
09369995000137;2026-05-08;GNV;4.98
29937036000188;2026-05-08;DIESEL S10;7.19
29937036000188;2026-05-08;ETANOL;5.5
29937036000188;2026-05-08;GASOLINA;6.79
01496517000186;2026-05-11;DIESEL S10;6.99
01496517000186;2026-05-11;ETANOL;5.19
01496517000186;2026-05-11;GASOLINA;6.49
01496517000186;2026-05-11;GASOLINA ADITIVADA;6.69
01503536000192;2026-05-11;DIESEL S10;6.89
01503536000192;2026-05-11;GASOLINA;6.46
01503536000192;2026-05-11;GASOLINA ADITIVADA;6.66
01823633000162;2026-05-11;DIESEL;6.69
01823633000162;2026-05-11;DIESEL S10;6.79
01823633000162;2026-05-11;ETANOL;4.99
01823633000162;2026-05-11;GASOLINA;6.34
01823633000162;2026-05-11;GASOLINA ADITIVADA;6.54
02567214000170;2026-05-11;ETANOL;4.85
02567214000170;2026-05-11;GASOLINA;6.45
02567214000170;2026-05-11;GASOLINA ADITIVADA;6.59
04145589001149;2026-05-11;DIESEL S10;6.98
04145589001149;2026-05-11;ETANOL;5.09
04145589001149;2026-05-11;GASOLINA;6.46
04145589001149;2026-05-11;GASOLINA ADITIVADA;6.76
04228463000166;2026-05-11;DIESEL S10;6.99
04228463000166;2026-05-11;ETANOL;4.99
04228463000166;2026-05-11;GASOLINA;6.47
04228463000166;2026-05-11;GASOLINA ADITIVADA;6.67
04361389000151;2026-05-11;DIESEL;6.78
04361389000151;2026-05-11;DIESEL S10;6.88
04361389000151;2026-05-11;ETANOL;4.99
04361389000151;2026-05-11;GASOLINA;6.45
04960337000100;2026-05-11;ETANOL;4.81
04960337000100;2026-05-11;GASOLINA;6.45
04960337000100;2026-05-11;GASOLINA ADITIVADA;6.45
07571908000102;2026-05-11;GASOLINA;6.49
07571908000102;2026-05-11;GASOLINA ADITIVADA;6.79
08788618000170;2026-05-11;ETANOL;4.99
08788618000170;2026-05-11;GASOLINA;6.49
08788618000170;2026-05-11;GASOLINA ADITIVADA;6.89
08788618000170;2026-05-11;GNV;3.99
11222333000343;2026-05-11;DIESEL S10;6.89
11222333000343;2026-05-11;ETANOL;4.85
11222333000343;2026-05-11;GASOLINA;6.45
11222333000343;2026-05-11;GASOLINA ADITIVADA;6.45
11942147000117;2026-05-11;DIESEL S10;7.49
11942147000117;2026-05-11;ETANOL;4.98
11942147000117;2026-05-11;GASOLINA;6.45
11942147000117;2026-05-11;GASOLINA ADITIVADA;6.6
12535572000154;2026-05-11;DIESEL S10;6.87
12535572000154;2026-05-11;ETANOL;4.99
12535572000154;2026-05-11;GASOLINA;6.49
12535572000154;2026-05-11;GASOLINA ADITIVADA;6.69
14806977000105;2026-05-11;ETANOL;4.99
14806977000105;2026-05-11;GASOLINA;6.49
14806977000105;2026-05-11;GASOLINA ADITIVADA;6.69
16577742000114;2026-05-11;GASOLINA;6.49
16577742000114;2026-05-11;GASOLINA ADITIVADA;6.69
22356015000120;2026-05-11;DIESEL;6.79
22356015000120;2026-05-11;DIESEL S10;6.89
22356015000120;2026-05-11;ETANOL;4.99
22356015000120;2026-05-11;GASOLINA;6.49
22356015000120;2026-05-11;GASOLINA ADITIVADA;6.69
22356015000120;2026-05-11;GNV;3.99
26980450000181;2026-05-11;ETANOL;4.99
26980450000181;2026-05-11;GASOLINA;6.47
26980450000181;2026-05-11;GASOLINA ADITIVADA;6.77
27066273000276;2026-05-11;ETANOL;4.85
27066273000276;2026-05-11;GASOLINA;6.45
27066273000276;2026-05-11;GASOLINA ADITIVADA;6.45
27734094000189;2026-05-11;DIESEL S10;6.79
27734094000189;2026-05-11;ETANOL;5.19
27734094000189;2026-05-11;GASOLINA;6.49
27734094000189;2026-05-11;GASOLINA ADITIVADA;6.84
28059632000140;2026-05-11;DIESEL;6.89
28059632000140;2026-05-11;DIESEL S10;6.89
28059632000140;2026-05-11;GASOLINA;6.45
28059632000140;2026-05-11;GASOLINA ADITIVADA;6.85
28413219000131;2026-05-11;GASOLINA;6.49
28413219000131;2026-05-11;GASOLINA ADITIVADA;6.79
31465040000132;2026-05-11;DIESEL S10;6.78
31465040000132;2026-05-11;ETANOL;4.87
31465040000132;2026-05-11;GASOLINA;6.46
31465040000132;2026-05-11;GASOLINA ADITIVADA;6.66
36336386000154;2026-05-11;DIESEL;6.79
36336386000154;2026-05-11;DIESEL S10;6.89
36336386000154;2026-05-11;ETANOL;4.72
36336386000154;2026-05-11;GASOLINA;6.39
36336386000154;2026-05-11;GASOLINA ADITIVADA;6.59
36751443000161;2026-05-11;DIESEL S10;6.59
36751443000161;2026-05-11;GASOLINA;6.89
36751443000161;2026-05-11;GASOLINA ADITIVADA;6.89
38530950000109;2026-05-11;DIESEL;6.89
38530950000109;2026-05-11;ETANOL;4.99
38530950000109;2026-05-11;GASOLINA;6.49
38530950000109;2026-05-11;GASOLINA ADITIVADA;6.79
03948877000369;2026-05-12;DIESEL;6.89
03948877000369;2026-05-12;DIESEL S10;6.99
03948877000369;2026-05-12;GASOLINA;6.55
03948877000369;2026-05-12;GASOLINA ADITIVADA;6.75
04361389000232;2026-05-12;DIESEL S10;6.99
04361389000232;2026-05-12;ETANOL;4.99
04361389000232;2026-05-12;GASOLINA;6.49
04361389000232;2026-05-12;GASOLINA ADITIVADA;6.49
04814652000110;2026-05-12;GASOLINA;6.69
04994796000104;2026-05-12;GASOLINA;6.59
04994796000104;2026-05-12;GASOLINA ADITIVADA;6.74
05393247000139;2026-05-12;DIESEL S10;6.99
05393247000139;2026-05-12;ETANOL;4.99
05393247000139;2026-05-12;GASOLINA;6.49
05393247000139;2026-05-12;GASOLINA ADITIVADA;6.49
05609081000145;2026-05-12;GASOLINA;6.69
07381843000124;2026-05-12;GASOLINA;6.69
07381843000124;2026-05-12;GASOLINA ADITIVADA;6.69
07470392000100;2026-05-12;DIESEL;6.89
07470392000100;2026-05-12;ETANOL;5.19
07470392000100;2026-05-12;GASOLINA;6.89
07470392000100;2026-05-12;GASOLINA ADITIVADA;7.19
07830414000197;2026-05-12;DIESEL;6.89
07830414000197;2026-05-12;ETANOL;4.99
07830414000197;2026-05-12;GASOLINA;6.8
07830414000197;2026-05-12;GASOLINA ADITIVADA;6.8
08022304000161;2026-05-12;DIESEL S10;6.99
08022304000161;2026-05-12;ETANOL;5.09
08022304000161;2026-05-12;GASOLINA;6.45
08022304000161;2026-05-12;GASOLINA ADITIVADA;6.65
08519545000110;2026-05-12;GASOLINA;6.89
08519545000110;2026-05-12;GASOLINA ADITIVADA;6.99
08971375000100;2026-05-12;DIESEL;6.78
08971375000100;2026-05-12;DIESEL S10;6.88
08971375000100;2026-05-12;ETANOL;5.19
08971375000100;2026-05-12;GASOLINA;6.69
08971375000100;2026-05-12;GASOLINA ADITIVADA;6.79
10197775000152;2026-05-12;DIESEL S10;6.99
10197775000152;2026-05-12;ETANOL;4.99
10197775000152;2026-05-12;GASOLINA;6.85
10197775000152;2026-05-12;GASOLINA ADITIVADA;7.05
10331576000195;2026-05-12;DIESEL S10;6.69
10331576000195;2026-05-12;GASOLINA;6.69
10331576000195;2026-05-12;GASOLINA ADITIVADA;6.69
10569345000114;2026-05-12;GASOLINA;6.45
10569345000114;2026-05-12;GASOLINA ADITIVADA;6.75
10813831000136;2026-05-12;DIESEL;6.99
10813831000136;2026-05-12;DIESEL S10;7.09
10813831000136;2026-05-12;GASOLINA;6.69
10813831000136;2026-05-12;GASOLINA ADITIVADA;6.99
17375525000104;2026-05-12;DIESEL S10;6.88
17375525000104;2026-05-12;ETANOL;4.98
17375525000104;2026-05-12;GASOLINA;6.45
17375525000104;2026-05-12;GASOLINA ADITIVADA;6.79
20246670000108;2026-05-12;DIESEL;6.89
20246670000108;2026-05-12;DIESEL S10;6.99
20246670000108;2026-05-12;ETANOL;4.69
20246670000108;2026-05-12;GASOLINA;6.55
21246940000135;2026-05-12;GASOLINA;6.59
21246940000135;2026-05-12;GASOLINA ADITIVADA;6.59
23305603000105;2026-05-12;GASOLINA;6.85
23305603000105;2026-05-12;GASOLINA ADITIVADA;7.15
26058218000190;2026-05-12;DIESEL;6.09
26058218000190;2026-05-12;DIESEL S10;6.19
26058218000190;2026-05-12;ETANOL;4.69
26058218000190;2026-05-12;GASOLINA;6.59
26058218000190;2026-05-12;GASOLINA ADITIVADA;6.59
27085240000192;2026-05-12;DIESEL;6.89
27085240000192;2026-05-12;DIESEL S10;6.99
27085240000192;2026-05-12;GASOLINA;6.69
27085240000192;2026-05-12;GASOLINA ADITIVADA;6.79
27352004000195;2026-05-12;DIESEL;6.79
27352004000195;2026-05-12;ETANOL;5.19
27352004000195;2026-05-12;GASOLINA;6.79
27352004000195;2026-05-12;GASOLINA ADITIVADA;6.89
32467417000155;2026-05-12;ETANOL;4.89
32467417000155;2026-05-12;GASOLINA;6.44
32467417000155;2026-05-12;GASOLINA ADITIVADA;6.44
39383377000102;2026-05-12;DIESEL S10;7.09
39383377000102;2026-05-12;ETANOL;4.99
39383377000102;2026-05-12;GASOLINA;6.43
39383377000102;2026-05-12;GASOLINA ADITIVADA;6.65
00345721000133;2026-05-13;DIESEL S10;6.99
00345721000133;2026-05-13;GASOLINA;6.79
00580488000173;2026-05-13;DIESEL;6.65
00580488000173;2026-05-13;DIESEL S10;6.89
00580488000173;2026-05-13;ETANOL;4.89
00580488000173;2026-05-13;GASOLINA;6.39
00580488000173;2026-05-13;GASOLINA ADITIVADA;6.59
00762780000298;2026-05-13;DIESEL S10;7.09
00762780000298;2026-05-13;GASOLINA;6.79
00762780000298;2026-05-13;GASOLINA ADITIVADA;6.89
04850382000101;2026-05-13;GASOLINA;6.39
04850382000101;2026-05-13;GASOLINA ADITIVADA;6.59
04850382000101;2026-05-13;GNV;3.99
11222333000181;2026-05-13;DIESEL;6.76
11222333000181;2026-05-13;DIESEL S10;6.82
11222333000181;2026-05-13;ETANOL;4.87
11222333000181;2026-05-13;GASOLINA;6.59
11222333000181;2026-05-13;GASOLINA ADITIVADA;6.59
11222333000181;2026-05-13;GNV;4.09
11222333000505;2026-05-13;DIESEL S10;6.99
11222333000505;2026-05-13;ETANOL;4.89
11222333000505;2026-05-13;GASOLINA;6.39
11222333000505;2026-05-13;GASOLINA ADITIVADA;6.39
11222333000505;2026-05-13;GNV;3.99
13602147000101;2026-05-13;GASOLINA;6.69
13814642000176;2026-05-13;DIESEL S10;6.89
13814642000176;2026-05-13;ETANOL;4.79
13814642000176;2026-05-13;GASOLINA;6.45
13814642000176;2026-05-13;GASOLINA ADITIVADA;6.85
15226314000184;2026-05-13;ETANOL;4.89
15226314000184;2026-05-13;GASOLINA;6.49
23314250000100;2026-05-13;DIESEL S10;6.76
23314250000100;2026-05-13;ETANOL;4.62
23314250000100;2026-05-13;GASOLINA;6.37
24145665000151;2026-05-13;DIESEL S10;6.89
24145665000151;2026-05-13;ETANOL;4.89
24145665000151;2026-05-13;GASOLINA;6.49
27016518000170;2026-05-13;DIESEL;6.69
27016518000170;2026-05-13;DIESEL S10;6.79
27016518000170;2026-05-13;ETANOL;4.69
27016518000170;2026-05-13;GASOLINA;6.39
27016518000170;2026-05-13;GASOLINA ADITIVADA;6.49
27303411000374;2026-05-13;DIESEL S10;6.79
27303411000374;2026-05-13;GASOLINA;6.69
27303411000374;2026-05-13;GASOLINA ADITIVADA;6.79
27394378000173;2026-05-13;DIESEL S10;6.79
27394378000173;2026-05-13;GASOLINA;6.35
27394378000173;2026-05-13;GASOLINA ADITIVADA;6.69
27394378000173;2026-05-13;GNV;3.99
27396415000182;2026-05-13;DIESEL;6.87
27396415000182;2026-05-13;GASOLINA;6.48
27396415000182;2026-05-13;GNV;3.98
27664597000630;2026-05-13;DIESEL S10;6.79
27664597000630;2026-05-13;GASOLINA;6.49
27664597000982;2026-05-13;DIESEL;6.69
27664597000982;2026-05-13;DIESEL S10;6.79
27664597000982;2026-05-13;ETANOL;4.99
27664597000982;2026-05-13;GASOLINA;6.49
27926384000124;2026-05-13;DIESEL;6.89
27926384000124;2026-05-13;DIESEL S10;6.99
27926384000124;2026-05-13;ETANOL;4.79
27926384000124;2026-05-13;GASOLINA;6.45
27926384000124;2026-05-13;GASOLINA ADITIVADA;6.45
28344206000158;2026-05-13;ETANOL;4.79
28344206000158;2026-05-13;GASOLINA;6.45
28344206000158;2026-05-13;GASOLINA ADITIVADA;6.45
29986296000143;2026-05-13;ETANOL;4.99
29986296000143;2026-05-13;GASOLINA;6.49
29986296000143;2026-05-13;GASOLINA ADITIVADA;6.99
34765133000170;2026-05-13;DIESEL S10;6.99
34765133000170;2026-05-13;ETANOL;4.99
34765133000170;2026-05-13;GASOLINA;6.45
34765133000170;2026-05-13;GASOLINA ADITIVADA;6.75
36004950000131;2026-05-13;ETANOL;4.62
36004950000131;2026-05-13;GASOLINA;6.37
36004950000131;2026-05-13;GASOLINA ADITIVADA;6.57
02802986000149;2026-05-14;DIESEL S10;7.29
02802986000149;2026-05-14;ETANOL;5.37
02802986000149;2026-05-14;GASOLINA;6.68
02802986000149;2026-05-14;GASOLINA ADITIVADA;6.8
03348196000106;2026-05-14;DIESEL;6.99
03348196000106;2026-05-14;DIESEL S10;7.09
03348196000106;2026-05-14;ETANOL;5.49
03348196000106;2026-05-14;GASOLINA;6.79
03348196000106;2026-05-14;GASOLINA ADITIVADA;6.89
09076862000172;2026-05-14;GASOLINA;6.99
09076862000172;2026-05-14;GASOLINA ADITIVADA;7.19
09369995000137;2026-05-14;ETANOL;4.99
09369995000137;2026-05-14;GASOLINA;6.89
09369995000137;2026-05-14;GNV;4.98
14096313000108;2026-05-14;DIESEL;6.99
14096313000108;2026-05-14;ETANOL;5.89
14096313000108;2026-05-14;GASOLINA;6.89
14096313000108;2026-05-14;GASOLINA ADITIVADA;7.09
23238396000105;2026-05-14;DIESEL S10;7.39
23238396000105;2026-05-14;ETANOL;5.39
23238396000105;2026-05-14;GASOLINA;6.69
23238396000105;2026-05-14;GASOLINA ADITIVADA;6.84
27020445000190;2026-05-14;GASOLINA;6.99
27020445000190;2026-05-14;GASOLINA ADITIVADA;7.19
27020445000513;2026-05-14;GASOLINA;6.99
27020445000513;2026-05-14;GASOLINA ADITIVADA;7.19
27316819000119;2026-05-14;GASOLINA;6.99
27316819000119;2026-05-14;GASOLINA ADITIVADA;7.09
29937036000188;2026-05-14;DIESEL S10;7.19
29937036000188;2026-05-14;ETANOL;5.5
29937036000188;2026-05-14;GASOLINA;6.79
30690682000172;2026-05-14;DIESEL S10;6.99
30690682000172;2026-05-14;ETANOL;5.49
30690682000172;2026-05-14;GASOLINA;6.79
30690682000172;2026-05-14;GASOLINA ADITIVADA;6.99
32248017000159;2026-05-14;DIESEL S10;7.39
32248017000159;2026-05-14;ETANOL;5.89
32248017000159;2026-05-14;GASOLINA;6.99
32248017000159;2026-05-14;GASOLINA ADITIVADA;7.39
01496517000186;2026-05-18;DIESEL S10;6.99
01496517000186;2026-05-18;ETANOL;5.19
01496517000186;2026-05-18;GASOLINA;6.49
01496517000186;2026-05-18;GASOLINA ADITIVADA;6.69
01557127000179;2026-05-18;GASOLINA;6.39
01557127000179;2026-05-18;GASOLINA ADITIVADA;6.79
02802986000149;2026-05-18;DIESEL S10;7.29
02802986000149;2026-05-18;ETANOL;5.37
02802986000149;2026-05-18;GASOLINA;6.68
02802986000149;2026-05-18;GASOLINA ADITIVADA;6.8
05609081000145;2026-05-18;GASOLINA;6.69
07470392000100;2026-05-18;DIESEL;6.89
07470392000100;2026-05-18;ETANOL;5.19
07470392000100;2026-05-18;GASOLINA;6.85
07470392000100;2026-05-18;GASOLINA ADITIVADA;7.19
09076862000172;2026-05-18;GASOLINA;6.99
09076862000172;2026-05-18;GASOLINA ADITIVADA;7.19
09369995000137;2026-05-18;ETANOL;4.99
09369995000137;2026-05-18;GASOLINA;6.89
09369995000137;2026-05-18;GNV;4.98
10197775000152;2026-05-18;DIESEL S10;6.99
10197775000152;2026-05-18;ETANOL;4.99
10197775000152;2026-05-18;GASOLINA;6.49
10197775000152;2026-05-18;GASOLINA ADITIVADA;6.7
10331576000195;2026-05-18;DIESEL;6.69
10331576000195;2026-05-18;GASOLINA;6.69
10331576000195;2026-05-18;GASOLINA ADITIVADA;6.69
11222333000262;2026-05-18;DIESEL;6.69
11222333000262;2026-05-18;DIESEL S10;6.79
11222333000262;2026-05-18;ETANOL;4.99
11222333000262;2026-05-18;GASOLINA;6.39
11222333000262;2026-05-18;GASOLINA ADITIVADA;6.59
11222333000262;2026-05-18;GNV;3.99
13602147000101;2026-05-18;GASOLINA;6.69
14096313000108;2026-05-18;DIESEL;6.99
14096313000108;2026-05-18;ETANOL;5.89
14096313000108;2026-05-18;GASOLINA;6.89
14096313000108;2026-05-18;GASOLINA ADITIVADA;7.09
15010530000198;2026-05-18;DIESEL S10;6.79
15010530000198;2026-05-18;ETANOL;4.89
15010530000198;2026-05-18;GASOLINA;6.42
15010530000198;2026-05-18;GASOLINA ADITIVADA;6.82
17375525000104;2026-05-18;DIESEL S10;6.88
17375525000104;2026-05-18;ETANOL;4.69
17375525000104;2026-05-18;GASOLINA;6.85
17375525000104;2026-05-18;GASOLINA ADITIVADA;7.05
17753176000117;2026-05-18;DIESEL S10;6.79
17753176000117;2026-05-18;ETANOL;4.79
17753176000117;2026-05-18;GASOLINA;6.42
17753176000117;2026-05-18;GASOLINA ADITIVADA;6.82
23238396000105;2026-05-18;DIESEL S10;7.39
23238396000105;2026-05-18;ETANOL;5.39
23238396000105;2026-05-18;GASOLINA;6.69
23238396000105;2026-05-18;GASOLINA ADITIVADA;6.84
23305603000105;2026-05-18;GASOLINA;6.85
23305603000105;2026-05-18;GASOLINA ADITIVADA;7.15
27020445000190;2026-05-18;GASOLINA;6.99
27020445000190;2026-05-18;GASOLINA ADITIVADA;7.19
27020445000513;2026-05-18;GASOLINA;6.99
27020445000513;2026-05-18;GASOLINA ADITIVADA;7.19
27316819000119;2026-05-18;GASOLINA;6.99
27316819000119;2026-05-18;GASOLINA ADITIVADA;7.09
29937036000188;2026-05-18;DIESEL S10;7.19
29937036000188;2026-05-18;ETANOL;5.5
29937036000188;2026-05-18;GASOLINA;6.79
30869047000157;2026-05-18;DIESEL;6.89
30869047000157;2026-05-18;DIESEL S10;6.99
30869047000157;2026-05-18;ETANOL;4.99
30869047000157;2026-05-18;GASOLINA;6.79
32248017000159;2026-05-18;DIESEL S10;7.39
32248017000159;2026-05-18;ETANOL;5.89
32248017000159;2026-05-18;GASOLINA;6.99
32248017000159;2026-05-18;GASOLINA ADITIVADA;7.39
34387806000104;2026-05-18;DIESEL S10;6.97
34387806000104;2026-05-18;ETANOL;4.97
34387806000104;2026-05-18;GASOLINA;6.46
36675989000180;2026-05-18;DIESEL S10;6.99
36675989000180;2026-05-18;ETANOL;4.65
36675989000180;2026-05-18;GASOLINA;6.42
36675989000180;2026-05-18;GASOLINA ADITIVADA;6.45
38530950000109;2026-05-18;DIESEL;6.79
38530950000109;2026-05-18;DIESEL S10;6.89
38530950000109;2026-05-18;ETANOL;4.99
38530950000109;2026-05-18;GASOLINA;6.49
38530950000109;2026-05-18;GASOLINA ADITIVADA;6.79
01283262000173;2026-05-19;DIESEL;6.69
01283262000173;2026-05-19;ETANOL;4.89
01283262000173;2026-05-19;GASOLINA;7.08
01823633000162;2026-05-19;DIESEL;6.69
01823633000162;2026-05-19;DIESEL S10;6.79
01823633000162;2026-05-19;ETANOL;4.59
01823633000162;2026-05-19;GASOLINA;6.29
01823633000162;2026-05-19;GASOLINA ADITIVADA;6.49
02567214000170;2026-05-19;ETANOL;4.85
02567214000170;2026-05-19;GASOLINA;6.45
02567214000170;2026-05-19;GASOLINA ADITIVADA;6.59
03408609000192;2026-05-19;DIESEL;6.65
03408609000192;2026-05-19;DIESEL S10;6.79
03408609000192;2026-05-19;ETANOL;4.69
03408609000192;2026-05-19;GASOLINA;7.25
03408609000192;2026-05-19;GASOLINA ADITIVADA;7.31
04228463000166;2026-05-19;DIESEL S10;6.99
04228463000166;2026-05-19;ETANOL;4.99
04228463000166;2026-05-19;GASOLINA;6.47
04228463000166;2026-05-19;GASOLINA ADITIVADA;6.67
04361389000151;2026-05-19;DIESEL;6.78
04361389000151;2026-05-19;DIESEL S10;6.88
04361389000151;2026-05-19;ETANOL;4.99
04361389000151;2026-05-19;GASOLINA;6.39
04411606000170;2026-05-19;DIESEL S10;6.79
04411606000170;2026-05-19;ETANOL;4.79
04411606000170;2026-05-19;GASOLINA;7.09
04960337000100;2026-05-19;ETANOL;4.81
04960337000100;2026-05-19;GASOLINA;6.45
04960337000100;2026-05-19;GASOLINA ADITIVADA;6.45
05349237000104;2026-05-19;DIESEL;6.69
05349237000104;2026-05-19;GASOLINA;6.69
05349237000104;2026-05-19;GASOLINA ADITIVADA;6.69
05738923000169;2026-05-19;DIESEL;6.89
05738923000169;2026-05-19;ETANOL;5.09
05738923000169;2026-05-19;GASOLINA;6.39
05738923000169;2026-05-19;GASOLINA ADITIVADA;6.89
07571908000102;2026-05-19;GASOLINA;6.39
07571908000102;2026-05-19;GASOLINA ADITIVADA;6.69
08788618000170;2026-05-19;ETANOL;4.99
08788618000170;2026-05-19;GASOLINA;6.49
08788618000170;2026-05-19;GASOLINA ADITIVADA;6.89
08788618000170;2026-05-19;GNV;3.99
09167931000153;2026-05-19;DIESEL S10;6.99
09167931000153;2026-05-19;ETANOL;4.99
09167931000153;2026-05-19;GASOLINA;6.49
09167931000153;2026-05-19;GASOLINA ADITIVADA;6.79
10569345000114;2026-05-19;GASOLINA;6.39
10569345000114;2026-05-19;GASOLINA ADITIVADA;6.69
10813831000136;2026-05-19;DIESEL;6.99
10813831000136;2026-05-19;DIESEL S10;7.09
10813831000136;2026-05-19;GASOLINA;6.69
10813831000136;2026-05-19;GASOLINA ADITIVADA;6.99
11222333000343;2026-05-19;DIESEL S10;6.89
11222333000343;2026-05-19;ETANOL;4.75
11222333000343;2026-05-19;GASOLINA;6.45
11222333000343;2026-05-19;GASOLINA ADITIVADA;6.45
11942147000117;2026-05-19;DIESEL S10;6.98
11942147000117;2026-05-19;ETANOL;4.98
11942147000117;2026-05-19;GASOLINA;6.45
11942147000117;2026-05-19;GASOLINA ADITIVADA;6.6
12535572000154;2026-05-19;DIESEL S10;6.89
12535572000154;2026-05-19;ETANOL;4.89
12535572000154;2026-05-19;GASOLINA;6.35
12535572000154;2026-05-19;GASOLINA ADITIVADA;6.65
14806977000105;2026-05-19;ETANOL;4.99
14806977000105;2026-05-19;GASOLINA;6.49
14806977000105;2026-05-19;GASOLINA ADITIVADA;6.69
16577742000114;2026-05-19;GASOLINA;6.49
16577742000114;2026-05-19;GASOLINA ADITIVADA;6.69
21931941000119;2026-05-19;DIESEL;6.84
21931941000119;2026-05-19;DIESEL S10;6.94
21931941000119;2026-05-19;ETANOL;5.39
21931941000119;2026-05-19;GASOLINA;7.39
21931941000119;2026-05-19;GASOLINA ADITIVADA;7.69
22356015000120;2026-05-19;DIESEL;6.79
22356015000120;2026-05-19;DIESEL S10;6.89
22356015000120;2026-05-19;ETANOL;4.99
22356015000120;2026-05-19;GASOLINA;6.49
22356015000120;2026-05-19;GASOLINA ADITIVADA;6.69
22356015000120;2026-05-19;GNV;3.99
26980450000181;2026-05-19;ETANOL;4.99
26980450000181;2026-05-19;GASOLINA;6.47
26980450000181;2026-05-19;GASOLINA ADITIVADA;6.77
27066273000276;2026-05-19;ETANOL;4.75
27066273000276;2026-05-19;GASOLINA;6.45
27066273000276;2026-05-19;GASOLINA ADITIVADA;6.45
27179654000342;2026-05-19;DIESEL;6.89
27179654000342;2026-05-19;ETANOL;5.39
27179654000342;2026-05-19;GASOLINA;7.29
27179654000342;2026-05-19;GASOLINA ADITIVADA;7.34
27179654000342;2026-05-19;GNV;4.59
27303411000374;2026-05-19;DIESEL S10;6.74
27303411000374;2026-05-19;GASOLINA;6.69
27303411000374;2026-05-19;GASOLINA ADITIVADA;6.79
27734094000189;2026-05-19;DIESEL S10;6.79
27734094000189;2026-05-19;ETANOL;5.19
27734094000189;2026-05-19;GASOLINA;6.49
27734094000189;2026-05-19;GASOLINA ADITIVADA;6.84
28059632000140;2026-05-19;DIESEL;6.89
28059632000140;2026-05-19;DIESEL S10;6.89
28059632000140;2026-05-19;GASOLINA;6.39
28059632000140;2026-05-19;GASOLINA ADITIVADA;6.79
28413219000131;2026-05-19;DIESEL S10;6.99
28413219000131;2026-05-19;GASOLINA;6.49
28413219000131;2026-05-19;GASOLINA ADITIVADA;6.79
31465040000132;2026-05-19;DIESEL S10;6.78
31465040000132;2026-05-19;ETANOL;4.77
31465040000132;2026-05-19;GASOLINA;6.39
31465040000132;2026-05-19;GASOLINA ADITIVADA;6.59
36336386000154;2026-05-19;DIESEL;6.66
36336386000154;2026-05-19;DIESEL S10;6.78
36336386000154;2026-05-19;ETANOL;4.62
36336386000154;2026-05-19;GASOLINA;6.37
36336386000154;2026-05-19;GASOLINA ADITIVADA;6.57
37361618000197;2026-05-19;ETANOL;4.74
37361618000197;2026-05-19;GASOLINA;6.69
37361618000197;2026-05-19;GASOLINA ADITIVADA;6.69
00345721000133;2026-05-20;DIESEL S10;6.99
00345721000133;2026-05-20;GASOLINA;6.79
02583872000155;2026-05-20;DIESEL;6.69
02583872000155;2026-05-20;DIESEL S10;6.79
02583872000155;2026-05-20;ETANOL;4.99
02583872000155;2026-05-20;GASOLINA;7.29
02583872000155;2026-05-20;GASOLINA ADITIVADA;7.49
04361389000232;2026-05-20;DIESEL S10;6.99
04361389000232;2026-05-20;ETANOL;4.99
04361389000232;2026-05-20;GASOLINA;6.49
04361389000232;2026-05-20;GASOLINA ADITIVADA;6.49
04994796000104;2026-05-20;GASOLINA;6.59
04994796000104;2026-05-20;GASOLINA ADITIVADA;6.74
05393247000139;2026-05-20;DIESEL S10;6.99
05393247000139;2026-05-20;ETANOL;4.99
05393247000139;2026-05-20;GASOLINA;6.49
05393247000139;2026-05-20;GASOLINA ADITIVADA;6.49
07830414000197;2026-05-20;DIESEL;6.89
07830414000197;2026-05-20;ETANOL;4.99
07830414000197;2026-05-20;GASOLINA;6.8
07830414000197;2026-05-20;GASOLINA ADITIVADA;6.8
08022304000161;2026-05-20;DIESEL S10;6.99
08022304000161;2026-05-20;ETANOL;5.09
08022304000161;2026-05-20;GASOLINA;6.45
08022304000161;2026-05-20;GASOLINA ADITIVADA;6.65
21246940000135;2026-05-20;GASOLINA;6.89
21246940000135;2026-05-20;GASOLINA ADITIVADA;7.09
31284466000190;2026-05-20;DIESEL;6.69
31284466000190;2026-05-20;DIESEL S10;6.79
31284466000190;2026-05-20;ETANOL;5.05
31284466000190;2026-05-20;GASOLINA;7.26
31284466000190;2026-05-20;GASOLINA ADITIVADA;7.56
32467417000155;2026-05-20;ETANOL;4.89
32467417000155;2026-05-20;GASOLINA;6.38
32467417000155;2026-05-20;GASOLINA ADITIVADA;6.38
00580488000173;2026-05-21;DIESEL;6.65
00580488000173;2026-05-21;DIESEL S10;6.89
00580488000173;2026-05-21;ETANOL;4.89
00580488000173;2026-05-21;GASOLINA;6.39
00580488000173;2026-05-21;GASOLINA ADITIVADA;6.59
02582857000192;2026-05-21;ETANOL;4.99
02582857000192;2026-05-21;GASOLINA;6.34
02582857000192;2026-05-21;GASOLINA ADITIVADA;6.39
03948877000369;2026-05-21;DIESEL;6.89
03948877000369;2026-05-21;DIESEL S10;6.99
03948877000369;2026-05-21;GASOLINA;6.55
03948877000369;2026-05-21;GASOLINA ADITIVADA;6.75
04814652000110;2026-05-21;GASOLINA;6.69
07381843000124;2026-05-21;GASOLINA;6.59
07381843000124;2026-05-21;GASOLINA ADITIVADA;6.59
08519545000110;2026-05-21;GASOLINA;6.98
08519545000110;2026-05-21;GASOLINA ADITIVADA;6.99
08971375000100;2026-05-21;DIESEL;6.78
08971375000100;2026-05-21;DIESEL S10;6.84
08971375000100;2026-05-21;ETANOL;4.99
08971375000100;2026-05-21;GASOLINA;6.63
08971375000100;2026-05-21;GASOLINA ADITIVADA;6.79
11222333000181;2026-05-21;DIESEL;6.76
11222333000181;2026-05-21;DIESEL S10;6.82
11222333000181;2026-05-21;ETANOL;4.87
11222333000181;2026-05-21;GASOLINA;6.59
11222333000181;2026-05-21;GASOLINA ADITIVADA;6.59
11222333000181;2026-05-21;GNV;4.09
11222333000505;2026-05-21;DIESEL S10;6.99
11222333000505;2026-05-21;ETANOL;4.89
11222333000505;2026-05-21;GASOLINA;6.39
11222333000505;2026-05-21;GASOLINA ADITIVADA;6.39
11222333000505;2026-05-21;GNV;4.09
13814642000176;2026-05-21;DIESEL S10;6.89
13814642000176;2026-05-21;ETANOL;4.79
13814642000176;2026-05-21;GASOLINA;6.39
15226314000184;2026-05-21;ETANOL;4.69
15226314000184;2026-05-21;GASOLINA;6.39
20246670000108;2026-05-21;DIESEL;6.89
20246670000108;2026-05-21;DIESEL S10;6.99
20246670000108;2026-05-21;ETANOL;4.69
20246670000108;2026-05-21;GASOLINA;6.55
24145665000151;2026-05-21;DIESEL S10;6.89
24145665000151;2026-05-21;ETANOL;4.69
24145665000151;2026-05-21;GASOLINA;6.39
27016518000170;2026-05-21;DIESEL;6.69
27016518000170;2026-05-21;DIESEL S10;6.79
27016518000170;2026-05-21;ETANOL;4.69
27016518000170;2026-05-21;GASOLINA;6.39
27016518000170;2026-05-21;GASOLINA ADITIVADA;6.49
27085240000192;2026-05-21;DIESEL;6.89
27085240000192;2026-05-21;DIESEL S10;6.99
27085240000192;2026-05-21;GASOLINA;6.69
27085240000192;2026-05-21;GASOLINA ADITIVADA;6.79
27124023000164;2026-05-21;DIESEL;7.39
27124023000164;2026-05-21;DIESEL S10;7.49
27124023000164;2026-05-21;GASOLINA;7.25
27394378000173;2026-05-21;DIESEL S10;6.79
27394378000173;2026-05-21;GASOLINA;6.39
27394378000173;2026-05-21;GASOLINA ADITIVADA;6.69
27394378000173;2026-05-21;GNV;3.99
27396415000182;2026-05-21;ETANOL;4.89
27396415000182;2026-05-21;GASOLINA;6.48
27396415000182;2026-05-21;GASOLINA ADITIVADA;6.59
27396415000182;2026-05-21;GNV;3.98
27926384000124;2026-05-21;DIESEL;6.89
27926384000124;2026-05-21;DIESEL S10;6.99
27926384000124;2026-05-21;ETANOL;4.79
27926384000124;2026-05-21;GASOLINA;6.39
27926384000124;2026-05-21;GASOLINA ADITIVADA;6.39
28344206000158;2026-05-21;ETANOL;4.75
28344206000158;2026-05-21;GASOLINA;6.39
28344206000158;2026-05-21;GASOLINA ADITIVADA;6.39
36411940000200;2026-05-21;DIESEL;6.89
36411940000200;2026-05-21;DIESEL S10;6.99
36411940000200;2026-05-21;ETANOL;5.09
36411940000200;2026-05-21;GASOLINA;6.64
36411940000200;2026-05-21;GASOLINA ADITIVADA;6.94
39814835000110;2026-05-21;DIESEL;6.89
39814835000110;2026-05-21;DIESEL S10;6.99
39814835000110;2026-05-21;ETANOL;4.99
39814835000110;2026-05-21;GASOLINA;6.69
39814835000110;2026-05-21;GASOLINA ADITIVADA;6.79
01283262000173;2026-05-25;DIESEL;6.69
01283262000173;2026-05-25;ETANOL;4.89
01283262000173;2026-05-25;GASOLINA;7.08
01496517000186;2026-05-25;DIESEL S10;6.99
01496517000186;2026-05-25;ETANOL;5.19
01496517000186;2026-05-25;GASOLINA;6.49
01496517000186;2026-05-25;GASOLINA ADITIVADA;6.69
01557127000179;2026-05-25;GASOLINA;6.39
01557127000179;2026-05-25;GASOLINA ADITIVADA;6.79
01823633000162;2026-05-25;DIESEL;6.69
01823633000162;2026-05-25;DIESEL S10;6.79
01823633000162;2026-05-25;ETANOL;4.55
01823633000162;2026-05-25;GASOLINA;6.25
01823633000162;2026-05-25;GASOLINA ADITIVADA;6.45
02567214000170;2026-05-25;ETANOL;4.69
02567214000170;2026-05-25;GASOLINA;6.38
02567214000170;2026-05-25;GASOLINA ADITIVADA;6.52
02583872000155;2026-05-25;DIESEL;6.69
02583872000155;2026-05-25;DIESEL S10;6.79
02583872000155;2026-05-25;ETANOL;4.99
02583872000155;2026-05-25;GASOLINA;7.29
02583872000155;2026-05-25;GASOLINA ADITIVADA;7.49
03408609000192;2026-05-25;DIESEL;6.65
03408609000192;2026-05-25;DIESEL S10;6.79
03408609000192;2026-05-25;ETANOL;4.59
03408609000192;2026-05-25;GASOLINA;7.25
03408609000192;2026-05-25;GASOLINA ADITIVADA;7.31
04145589001149;2026-05-25;DIESEL S10;6.98
04145589001149;2026-05-25;ETANOL;5.09
04145589001149;2026-05-25;GASOLINA;6.69
04145589001149;2026-05-25;GASOLINA ADITIVADA;6.69
04228463000166;2026-05-25;DIESEL S10;6.99
04228463000166;2026-05-25;ETANOL;4.99
04228463000166;2026-05-25;GASOLINA;6.47
04228463000166;2026-05-25;GASOLINA ADITIVADA;6.67
04361389000151;2026-05-25;DIESEL;6.78
04361389000151;2026-05-25;DIESEL S10;6.88
04361389000151;2026-05-25;ETANOL;4.99
04361389000151;2026-05-25;GASOLINA;6.39
04960337000100;2026-05-25;ETANOL;4.69
04960337000100;2026-05-25;GASOLINA;6.38
04960337000100;2026-05-25;GASOLINA ADITIVADA;6.38
05738923000169;2026-05-25;DIESEL;6.89
05738923000169;2026-05-25;ETANOL;5.09
05738923000169;2026-05-25;GASOLINA;6.39
05738923000169;2026-05-25;GASOLINA ADITIVADA;6.89
07571908000102;2026-05-25;GASOLINA;6.39
07571908000102;2026-05-25;GASOLINA ADITIVADA;6.69
08788618000170;2026-05-25;ETANOL;4.99
08788618000170;2026-05-25;GASOLINA;6.45
08788618000170;2026-05-25;GASOLINA ADITIVADA;6.75
08788618000170;2026-05-25;GNV;3.99
11222333000343;2026-05-25;DIESEL S10;6.89
11222333000343;2026-05-25;ETANOL;4.69
11222333000343;2026-05-25;GASOLINA;6.38
11222333000343;2026-05-25;GASOLINA ADITIVADA;6.38
11942147000117;2026-05-25;DIESEL S10;6.98
11942147000117;2026-05-25;ETANOL;4.98
11942147000117;2026-05-25;GASOLINA;6.45
11942147000117;2026-05-25;GASOLINA ADITIVADA;6.79
12535572000154;2026-05-25;DIESEL S10;6.89
12535572000154;2026-05-25;ETANOL;4.89
12535572000154;2026-05-25;GASOLINA;6.35
12535572000154;2026-05-25;GASOLINA ADITIVADA;6.65
14806977000105;2026-05-25;ETANOL;4.99
14806977000105;2026-05-25;GASOLINA;6.49
14806977000105;2026-05-25;GASOLINA ADITIVADA;6.69
15010530000198;2026-05-25;DIESEL S10;6.79
15010530000198;2026-05-25;ETANOL;4.75
15010530000198;2026-05-25;GASOLINA;6.39
15010530000198;2026-05-25;GASOLINA ADITIVADA;6.79
16577742000114;2026-05-25;GASOLINA;6.49
16577742000114;2026-05-25;GASOLINA ADITIVADA;6.69
17753176000117;2026-05-25;DIESEL S10;6.79
17753176000117;2026-05-25;ETANOL;4.75
17753176000117;2026-05-25;GASOLINA;6.39
17753176000117;2026-05-25;GASOLINA ADITIVADA;6.79
21931941000119;2026-05-25;DIESEL;6.69
21931941000119;2026-05-25;DIESEL S10;6.79
21931941000119;2026-05-25;ETANOL;5.39
21931941000119;2026-05-25;GASOLINA;7.39
21931941000119;2026-05-25;GASOLINA ADITIVADA;7.69
22356015000120;2026-05-25;DIESEL;6.79
22356015000120;2026-05-25;DIESEL S10;6.89
22356015000120;2026-05-25;ETANOL;4.99
22356015000120;2026-05-25;GASOLINA;6.49
22356015000120;2026-05-25;GASOLINA ADITIVADA;6.69
22356015000120;2026-05-25;GNV;3.99
26980450000181;2026-05-25;ETANOL;4.99
26980450000181;2026-05-25;GASOLINA;6.47
26980450000181;2026-05-25;GASOLINA ADITIVADA;6.77
27066273000276;2026-05-25;ETANOL;4.69
27066273000276;2026-05-25;GASOLINA;6.38
27066273000276;2026-05-25;GASOLINA ADITIVADA;6.38
27734094000189;2026-05-25;DIESEL S10;6.79
27734094000189;2026-05-25;ETANOL;5.19
27734094000189;2026-05-25;GASOLINA;6.49
27734094000189;2026-05-25;GASOLINA ADITIVADA;6.84
28059632000140;2026-05-25;DIESEL;6.89
28059632000140;2026-05-25;DIESEL S10;6.89
28059632000140;2026-05-25;ETANOL;4.89
28059632000140;2026-05-25;GASOLINA;6.39
28059632000140;2026-05-25;GASOLINA ADITIVADA;6.79
28413219000131;2026-05-25;GASOLINA;6.49
28413219000131;2026-05-25;GASOLINA ADITIVADA;6.79
31284466000190;2026-05-25;DIESEL;6.69
31284466000190;2026-05-25;DIESEL S10;6.79
31284466000190;2026-05-25;ETANOL;5.05
31284466000190;2026-05-25;GASOLINA;7.26
31284466000190;2026-05-25;GASOLINA ADITIVADA;7.56
02665124000111;2026-05-26;DIESEL S10;7.39
02665124000111;2026-05-26;ETANOL;5.39
02665124000111;2026-05-26;GASOLINA;7.3
02665124000111;2026-05-26;GASOLINA ADITIVADA;7.6
04361389000232;2026-05-26;DIESEL S10;6.99
04361389000232;2026-05-26;ETANOL;4.99
04361389000232;2026-05-26;GASOLINA;6.29
04361389000232;2026-05-26;GASOLINA ADITIVADA;6.29
04411606000170;2026-05-26;DIESEL S10;6.79
04411606000170;2026-05-26;ETANOL;4.69
04411606000170;2026-05-26;GASOLINA;7.09
04850382000101;2026-05-26;GASOLINA;6.39
04850382000101;2026-05-26;GASOLINA ADITIVADA;6.59
04850382000101;2026-05-26;GNV;3.99
04994796000104;2026-05-26;GASOLINA;6.59
04994796000104;2026-05-26;GASOLINA ADITIVADA;6.74
05393247000139;2026-05-26;DIESEL S10;6.99
05393247000139;2026-05-26;ETANOL;4.99
05393247000139;2026-05-26;GASOLINA;6.29
05393247000139;2026-05-26;GASOLINA ADITIVADA;6.29
07470392000100;2026-05-26;DIESEL;6.89
07470392000100;2026-05-26;ETANOL;4.99
07470392000100;2026-05-26;GASOLINA;6.45
07470392000100;2026-05-26;GASOLINA ADITIVADA;6.8
07830414000197;2026-05-26;DIESEL;6.89
07830414000197;2026-05-26;ETANOL;4.99
07830414000197;2026-05-26;GASOLINA;6.64
07830414000197;2026-05-26;GASOLINA ADITIVADA;6.64
08022304000161;2026-05-26;DIESEL S10;6.99
08022304000161;2026-05-26;ETANOL;4.99
08022304000161;2026-05-26;GASOLINA;6.37
08022304000161;2026-05-26;GASOLINA ADITIVADA;6.57
10197775000152;2026-05-26;DIESEL S10;6.99
10197775000152;2026-05-26;ETANOL;4.99
10197775000152;2026-05-26;GASOLINA;6.39
10197775000152;2026-05-26;GASOLINA ADITIVADA;6.59
10569345000114;2026-05-26;GASOLINA;6.39
10569345000114;2026-05-26;GASOLINA ADITIVADA;6.69
17375525000104;2026-05-26;DIESEL S10;6.88
17375525000104;2026-05-26;ETANOL;4.65
17375525000104;2026-05-26;GASOLINA;6.28
17375525000104;2026-05-26;GASOLINA ADITIVADA;6.49
21246940000135;2026-05-26;GASOLINA;6.89
21246940000135;2026-05-26;GASOLINA ADITIVADA;7.09
23305603000105;2026-05-26;GASOLINA;6.29
23305603000105;2026-05-26;GASOLINA ADITIVADA;6.59
23314250000100;2026-05-26;DIESEL S10;6.75
23314250000100;2026-05-26;ETANOL;4.61
23314250000100;2026-05-26;GASOLINA;6.36
31465040000132;2026-05-26;DIESEL S10;6.78
31465040000132;2026-05-26;ETANOL;4.67
31465040000132;2026-05-26;GASOLINA;6.39
31465040000132;2026-05-26;GASOLINA ADITIVADA;6.59
00345721000133;2026-05-27;DIESEL S10;6.99
00345721000133;2026-05-27;GASOLINA;6.79
00580488000173;2026-05-27;DIESEL;6.65
00580488000173;2026-05-27;DIESEL S10;6.89
00580488000173;2026-05-27;ETANOL;4.89
00580488000173;2026-05-27;GASOLINA;6.39
00580488000173;2026-05-27;GASOLINA ADITIVADA;6.59
02582857000192;2026-05-27;ETANOL;4.79
02582857000192;2026-05-27;GASOLINA;6.34
02582857000192;2026-05-27;GASOLINA ADITIVADA;6.36
02802986000149;2026-05-27;DIESEL S10;7.09
02802986000149;2026-05-27;ETANOL;5.24
02802986000149;2026-05-27;GASOLINA;6.68
02802986000149;2026-05-27;GASOLINA ADITIVADA;6.8
03948877000369;2026-05-27;DIESEL;6.89
03948877000369;2026-05-27;DIESEL S10;6.99
03948877000369;2026-05-27;GASOLINA;6.55
03948877000369;2026-05-27;GASOLINA ADITIVADA;6.75
04814652000110;2026-05-27;GASOLINA;6.69
05892261000187;2026-05-27;DIESEL;6.89
05892261000187;2026-05-27;DIESEL S10;6.99
05892261000187;2026-05-27;GASOLINA;6.59
05892261000187;2026-05-27;GASOLINA ADITIVADA;6.79
06073382000160;2026-05-27;DIESEL S10;6.69
06073382000160;2026-05-27;ETANOL;4.59
06073382000160;2026-05-27;GASOLINA;6.36
08519545000110;2026-05-27;GASOLINA;6.89
08519545000110;2026-05-27;GASOLINA ADITIVADA;6.99
09076862000172;2026-05-27;GASOLINA;6.99
09076862000172;2026-05-27;GASOLINA ADITIVADA;7.39
11222333000181;2026-05-27;DIESEL;6.76
11222333000181;2026-05-27;DIESEL S10;6.82
11222333000181;2026-05-27;ETANOL;4.87
11222333000181;2026-05-27;GASOLINA;6.59
11222333000181;2026-05-27;GASOLINA ADITIVADA;6.59
11222333000181;2026-05-27;GNV;4.09
11222333000262;2026-05-27;DIESEL;6.69
11222333000262;2026-05-27;DIESEL S10;6.79
11222333000262;2026-05-27;ETANOL;4.69
11222333000262;2026-05-27;GASOLINA;6.39
11222333000262;2026-05-27;GASOLINA ADITIVADA;6.59
11222333000262;2026-05-27;GNV;3.99
11222333000505;2026-05-27;DIESEL S10;6.99
11222333000505;2026-05-27;ETANOL;4.79
11222333000505;2026-05-27;GASOLINA;6.39
11222333000505;2026-05-27;GASOLINA ADITIVADA;6.39
11222333000505;2026-05-27;GNV;4.09
13814642000176;2026-05-27;DIESEL S10;6.89
13814642000176;2026-05-27;ETANOL;4.69
13814642000176;2026-05-27;GASOLINA;6.39
13814642000176;2026-05-27;GASOLINA ADITIVADA;6.79
14096313000108;2026-05-27;DIESEL;7.09
14096313000108;2026-05-27;ETANOL;5.09
14096313000108;2026-05-27;GASOLINA;6.89
14096313000108;2026-05-27;GASOLINA ADITIVADA;7.09
15226314000184;2026-05-27;ETANOL;4.69
15226314000184;2026-05-27;GASOLINA;6.39
18366697000184;2026-05-27;DIESEL;6.59
18366697000184;2026-05-27;DIESEL S10;6.89
18366697000184;2026-05-27;ETANOL;4.59
18366697000184;2026-05-27;GASOLINA;6.37
18366697000184;2026-05-27;GASOLINA ADITIVADA;6.67
20863591000138;2026-05-27;DIESEL;6.89
20863591000138;2026-05-27;GASOLINA;6.99
20863591000138;2026-05-27;GASOLINA ADITIVADA;7.14
23238396000105;2026-05-27;DIESEL S10;7.09
23238396000105;2026-05-27;ETANOL;5.24
23238396000105;2026-05-27;GASOLINA;6.68
23238396000105;2026-05-27;GASOLINA ADITIVADA;6.83
24145665000151;2026-05-27;DIESEL S10;6.89
24145665000151;2026-05-27;ETANOL;4.69
24145665000151;2026-05-27;GASOLINA;6.39
27016518000170;2026-05-27;DIESEL;6.69
27016518000170;2026-05-27;DIESEL S10;6.79
27016518000170;2026-05-27;ETANOL;4.69
27016518000170;2026-05-27;GASOLINA;6.39
27016518000170;2026-05-27;GASOLINA ADITIVADA;6.49
27020445000190;2026-05-27;GASOLINA;6.99
27020445000190;2026-05-27;GASOLINA ADITIVADA;7.39
27085240000192;2026-05-27;DIESEL;6.89
27085240000192;2026-05-27;DIESEL S10;6.99
27085240000192;2026-05-27;GASOLINA;6.69
27085240000192;2026-05-27;GASOLINA ADITIVADA;6.79
27124023000164;2026-05-27;DIESEL;7.39
27124023000164;2026-05-27;DIESEL S10;7.49
27124023000164;2026-05-27;GASOLINA;7.45
27316819000119;2026-05-27;GASOLINA;6.99
27316819000119;2026-05-27;GASOLINA ADITIVADA;7.09
27352004000195;2026-05-27;DIESEL;6.89
27352004000195;2026-05-27;ETANOL;4.99
27352004000195;2026-05-27;GASOLINA;6.69
27352004000195;2026-05-27;GASOLINA ADITIVADA;6.79
27394378000173;2026-05-27;DIESEL S10;6.79
27394378000173;2026-05-27;GASOLINA;6.39
27394378000173;2026-05-27;GASOLINA ADITIVADA;6.69
27394378000173;2026-05-27;GNV;3.99
27396415000182;2026-05-27;ETANOL;4.89
27396415000182;2026-05-27;GASOLINA;6.48
27396415000182;2026-05-27;GNV;3.98
27493675000176;2026-05-27;DIESEL S10;7.38
27493675000176;2026-05-27;ETANOL;5.38
27493675000176;2026-05-27;GASOLINA;6.98
27493675000176;2026-05-27;GASOLINA ADITIVADA;6.98
27495696000120;2026-05-27;ETANOL;5.29
27495696000120;2026-05-27;GASOLINA;6.79
27495696000120;2026-05-27;GASOLINA ADITIVADA;6.89
27926384000124;2026-05-27;DIESEL;6.89
27926384000124;2026-05-27;DIESEL S10;6.99
27926384000124;2026-05-27;ETANOL;4.79
27926384000124;2026-05-27;GASOLINA;6.39
27926384000124;2026-05-27;GASOLINA ADITIVADA;6.39
28344206000158;2026-05-27;ETANOL;4.75
28344206000158;2026-05-27;GASOLINA;6.39
28344206000158;2026-05-27;GASOLINA ADITIVADA;6.39
30538318000191;2026-05-27;DIESEL S10;6.99
30538318000191;2026-05-27;ETANOL;5.69
30538318000191;2026-05-27;GASOLINA;6.69
30869047000157;2026-05-27;DIESEL;6.89
30869047000157;2026-05-27;DIESEL S10;6.99
30869047000157;2026-05-27;ETANOL;4.99
30869047000157;2026-05-27;GASOLINA;6.69
34034823000150;2026-05-27;DIESEL S10;7.39
34034823000150;2026-05-27;ETANOL;5.85
34034823000150;2026-05-27;GASOLINA;6.99
34034823000150;2026-05-27;GASOLINA ADITIVADA;7.29
36751443000161;2026-05-27;DIESEL S10;6.59
36751443000161;2026-05-27;GASOLINA;6.89
36751443000161;2026-05-27;GASOLINA ADITIVADA;6.99
03348196000106;2026-05-28;DIESEL;6.99
03348196000106;2026-05-28;DIESEL S10;7.09
03348196000106;2026-05-28;ETANOL;5.49
03348196000106;2026-05-28;GASOLINA;6.79
03348196000106;2026-05-28;GASOLINA ADITIVADA;6.89
09369995000137;2026-05-28;DIESEL S10;6.89
09369995000137;2026-05-28;ETANOL;4.99
09369995000137;2026-05-28;GASOLINA;6.89
09369995000137;2026-05-28;GNV;4.98
27179654000342;2026-05-28;DIESEL;6.89
27179654000342;2026-05-28;ETANOL;5.39
27179654000342;2026-05-28;GASOLINA;7.29
27179654000342;2026-05-28;GASOLINA ADITIVADA;7.29
29937036000188;2026-05-28;DIESEL S10;7.19
29937036000188;2026-05-28;ETANOL;5.5
29937036000188;2026-05-28;GASOLINA;6.79
39281274000131;2026-05-28;DIESEL;6.69
39281274000131;2026-05-28;DIESEL S10;6.79
39281274000131;2026-05-28;ETANOL;5.29
39281274000131;2026-05-28;GASOLINA;7.04
39281274000131;2026-05-28;GASOLINA ADITIVADA;7.24
39281274000131;2026-05-28;GNV;4.59
47674687000104;2026-05-28;DIESEL S10;6.89
47674687000104;2026-05-28;ETANOL;4.69
47674687000104;2026-05-28;GASOLINA;6.39
10813831000136;2026-05-29;DIESEL;6.99
10813831000136;2026-05-29;DIESEL S10;7.09
10813831000136;2026-05-29;GASOLINA;6.69
10813831000136;2026-05-29;GASOLINA ADITIVADA;6.99
01496517000186;2026-06-01;DIESEL S10;6.99
01496517000186;2026-06-01;ETANOL;5.19
01496517000186;2026-06-01;GASOLINA;6.39
01496517000186;2026-06-01;GASOLINA ADITIVADA;6.59
01503536000192;2026-06-01;DIESEL S10;6.89
01503536000192;2026-06-01;GASOLINA;6.39
01503536000192;2026-06-01;GASOLINA ADITIVADA;6.59
01557127000179;2026-06-01;GASOLINA;6.39
01557127000179;2026-06-01;GASOLINA ADITIVADA;6.79
01823633000162;2026-06-01;DIESEL;6.59
01823633000162;2026-06-01;DIESEL S10;6.69
01823633000162;2026-06-01;ETANOL;4.55
01823633000162;2026-06-01;GASOLINA;6.25
01823633000162;2026-06-01;GASOLINA ADITIVADA;6.45
02567214000170;2026-06-01;ETANOL;4.69
02567214000170;2026-06-01;GASOLINA;6.38
02567214000170;2026-06-01;GASOLINA ADITIVADA;6.52
02802986000149;2026-06-01;DIESEL S10;7.09
02802986000149;2026-06-01;ETANOL;5.24
02802986000149;2026-06-01;GASOLINA;6.68
02802986000149;2026-06-01;GASOLINA ADITIVADA;6.8
04228463000166;2026-06-01;DIESEL S10;6.99
04228463000166;2026-06-01;ETANOL;4.99
04228463000166;2026-06-01;GASOLINA;6.47
04228463000166;2026-06-01;GASOLINA ADITIVADA;6.67
04960337000100;2026-06-01;ETANOL;4.69
04960337000100;2026-06-01;GASOLINA;6.38
04960337000100;2026-06-01;GASOLINA ADITIVADA;6.38
07470392000100;2026-06-01;DIESEL;6.89
07470392000100;2026-06-01;ETANOL;4.79
07470392000100;2026-06-01;GASOLINA;6.45
07470392000100;2026-06-01;GASOLINA ADITIVADA;6.8
07571908000102;2026-06-01;GASOLINA;6.39
07571908000102;2026-06-01;GASOLINA ADITIVADA;6.69
08022304000161;2026-06-01;DIESEL S10;7.29
08022304000161;2026-06-01;ETANOL;4.99
08022304000161;2026-06-01;GASOLINA;6.37
08022304000161;2026-06-01;GASOLINA ADITIVADA;6.57
08788618000170;2026-06-01;ETANOL;4.99
08788618000170;2026-06-01;GASOLINA;6.39
08788618000170;2026-06-01;GASOLINA ADITIVADA;6.69
08788618000170;2026-06-01;GNV;3.99
09076862000172;2026-06-01;GASOLINA;6.99
09076862000172;2026-06-01;GASOLINA ADITIVADA;7.39
10197775000152;2026-06-01;DIESEL S10;6.99
10197775000152;2026-06-01;ETANOL;4.99
10197775000152;2026-06-01;GASOLINA;6.39
10197775000152;2026-06-01;GASOLINA ADITIVADA;6.59
10569345000114;2026-06-01;GASOLINA;6.39
10569345000114;2026-06-01;GASOLINA ADITIVADA;6.69
11222333000262;2026-06-01;DIESEL;6.69
11222333000262;2026-06-01;DIESEL S10;6.79
11222333000262;2026-06-01;ETANOL;4.69
11222333000262;2026-06-01;GASOLINA;6.39
11222333000262;2026-06-01;GASOLINA ADITIVADA;6.59
11222333000262;2026-06-01;GNV;3.99
11222333000343;2026-06-01;DIESEL S10;6.89
11222333000343;2026-06-01;ETANOL;4.69
11222333000343;2026-06-01;GASOLINA;6.38
11222333000343;2026-06-01;GASOLINA ADITIVADA;6.38
11942147000117;2026-06-01;DIESEL S10;6.98
11942147000117;2026-06-01;ETANOL;4.98
11942147000117;2026-06-01;GASOLINA;6.45
11942147000117;2026-06-01;GASOLINA ADITIVADA;6.79
14096313000108;2026-06-01;DIESEL;7.09
14096313000108;2026-06-01;ETANOL;5.89
14096313000108;2026-06-01;GASOLINA;6.89
14096313000108;2026-06-01;GASOLINA ADITIVADA;7.09
14806977000105;2026-06-01;ETANOL;4.99
14806977000105;2026-06-01;GASOLINA;6.49
14806977000105;2026-06-01;GASOLINA ADITIVADA;6.69
15010530000198;2026-06-01;DIESEL S10;6.79
15010530000198;2026-06-01;ETANOL;4.75
15010530000198;2026-06-01;GASOLINA;6.39
15010530000198;2026-06-01;GASOLINA ADITIVADA;6.79
17375525000104;2026-06-01;DIESEL S10;6.88
17375525000104;2026-06-01;ETANOL;4.55
17375525000104;2026-06-01;GASOLINA;6.25
17375525000104;2026-06-01;GASOLINA ADITIVADA;6.45
17753176000117;2026-06-01;DIESEL S10;6.79
17753176000117;2026-06-01;ETANOL;4.75
17753176000117;2026-06-01;GASOLINA;6.39
17753176000117;2026-06-01;GASOLINA ADITIVADA;6.79
23238396000105;2026-06-01;DIESEL S10;7.09
23238396000105;2026-06-01;ETANOL;5.24
23238396000105;2026-06-01;GASOLINA;6.68
23238396000105;2026-06-01;GASOLINA ADITIVADA;6.83
26980450000181;2026-06-01;ETANOL;4.75
26980450000181;2026-06-01;GASOLINA;6.39
26980450000181;2026-06-01;GASOLINA ADITIVADA;6.69
27020445000190;2026-06-01;GASOLINA;6.99
27020445000190;2026-06-01;GASOLINA ADITIVADA;7.39
27020445000513;2026-06-01;GASOLINA;6.99
27020445000513;2026-06-01;GASOLINA ADITIVADA;7.39
27066273000276;2026-06-01;ETANOL;4.69
27066273000276;2026-06-01;GASOLINA;6.38
27066273000276;2026-06-01;GASOLINA ADITIVADA;6.38
27316819000119;2026-06-01;GASOLINA;6.99
27316819000119;2026-06-01;GASOLINA ADITIVADA;7.09
27734094000189;2026-06-01;DIESEL S10;6.79
27734094000189;2026-06-01;ETANOL;5.19
27734094000189;2026-06-01;GASOLINA;6.39
27734094000189;2026-06-01;GASOLINA ADITIVADA;6.74
28059632000140;2026-06-01;GASOLINA;6.39
28059632000140;2026-06-01;GASOLINA ADITIVADA;6.79
28413219000131;2026-06-01;DIESEL S10;6.99
28413219000131;2026-06-01;GASOLINA;6.49
28413219000131;2026-06-01;GASOLINA ADITIVADA;6.79
28761038000104;2026-06-01;ETANOL;4.59
28761038000104;2026-06-01;GASOLINA;6.38
28761038000104;2026-06-01;GASOLINA ADITIVADA;6.69
31465040000132;2026-06-01;DIESEL S10;6.78
31465040000132;2026-06-01;ETANOL;4.59
31465040000132;2026-06-01;GASOLINA;6.35
31465040000132;2026-06-01;GASOLINA ADITIVADA;6.55
32248017000159;2026-06-01;DIESEL S10;7.39
32248017000159;2026-06-01;ETANOL;5.85
32248017000159;2026-06-01;GASOLINA;6.99
32248017000159;2026-06-01;GASOLINA ADITIVADA;7.29
04145589001149;2026-06-02;DIESEL S10;6.74
04145589001149;2026-06-02;ETANOL;4.68
04145589001149;2026-06-02;GASOLINA;6.69
04145589001149;2026-06-02;GASOLINA ADITIVADA;6.69
04145589001491;2026-06-02;DIESEL S10;6.89
04145589001491;2026-06-02;ETANOL;4.99
04145589001491;2026-06-02;GASOLINA;6.29
04145589001491;2026-06-02;GASOLINA ADITIVADA;6.59
04145589001491;2026-06-02;GNV;3.99
04361389000151;2026-06-02;DIESEL;6.78
04361389000151;2026-06-02;DIESEL S10;6.88
04361389000151;2026-06-02;ETANOL;4.55
04361389000151;2026-06-02;GASOLINA;6.25
04361389000232;2026-06-02;DIESEL S10;6.99
04361389000232;2026-06-02;ETANOL;4.99
04361389000232;2026-06-02;GASOLINA;6.29
04361389000232;2026-06-02;GASOLINA ADITIVADA;6.29
04850382000101;2026-06-02;GASOLINA;6.39
04850382000101;2026-06-02;GASOLINA ADITIVADA;6.59
04850382000101;2026-06-02;GNV;3.99
04994796000104;2026-06-02;GASOLINA;6.39
04994796000104;2026-06-02;GASOLINA ADITIVADA;6.54
05393247000139;2026-06-02;DIESEL S10;6.99
05393247000139;2026-06-02;ETANOL;4.99
05393247000139;2026-06-02;GASOLINA;6.29
05393247000139;2026-06-02;GASOLINA ADITIVADA;6.29
05738923000169;2026-06-02;DIESEL;6.89
05738923000169;2026-06-02;ETANOL;5.09
05738923000169;2026-06-02;GASOLINA;6.39
05738923000169;2026-06-02;GASOLINA ADITIVADA;6.89
07830414000197;2026-06-02;DIESEL;6.89
07830414000197;2026-06-02;ETANOL;4.99
07830414000197;2026-06-02;GASOLINA;6.64
07830414000197;2026-06-02;GASOLINA ADITIVADA;6.64
09167931000153;2026-06-02;DIESEL S10;6.99
09167931000153;2026-06-02;ETANOL;4.99
09167931000153;2026-06-02;GASOLINA;6.49
09167931000153;2026-06-02;GASOLINA ADITIVADA;6.79
12535572000154;2026-06-02;DIESEL S10;6.89
12535572000154;2026-06-02;ETANOL;4.89
12535572000154;2026-06-02;GASOLINA;6.29
12535572000154;2026-06-02;GASOLINA ADITIVADA;6.65
22356015000120;2026-06-02;DIESEL;6.79
22356015000120;2026-06-02;DIESEL S10;6.89
22356015000120;2026-06-02;ETANOL;4.79
22356015000120;2026-06-02;GASOLINA;6.39
22356015000120;2026-06-02;GASOLINA ADITIVADA;6.59
22356015000120;2026-06-02;GNV;3.99
23314250000100;2026-06-02;DIESEL S10;6.75
23314250000100;2026-06-02;ETANOL;4.54
23314250000100;2026-06-02;GASOLINA;6.34
00345721000133;2026-06-03;DIESEL S10;6.99
00345721000133;2026-06-03;GASOLINA;6.79
00580488000173;2026-06-03;DIESEL;6.65
00580488000173;2026-06-03;DIESEL S10;6.89
00580488000173;2026-06-03;ETANOL;4.89
00580488000173;2026-06-03;GASOLINA;6.39
00580488000173;2026-06-03;GASOLINA ADITIVADA;6.59
01283262000173;2026-06-03;DIESEL;6.69
01283262000173;2026-06-03;ETANOL;4.89
01283262000173;2026-06-03;GASOLINA;7.12
02582857000192;2026-06-03;ETANOL;4.79
02582857000192;2026-06-03;GASOLINA;6.35
02582857000192;2026-06-03;GASOLINA ADITIVADA;6.35
02583872000155;2026-06-03;DIESEL;6.59
02583872000155;2026-06-03;DIESEL S10;6.69
02583872000155;2026-06-03;ETANOL;4.99
02583872000155;2026-06-03;GASOLINA;7.29
02583872000155;2026-06-03;GASOLINA ADITIVADA;7.49
02665124000111;2026-06-03;DIESEL S10;7.39
02665124000111;2026-06-03;ETANOL;5.39
02665124000111;2026-06-03;GASOLINA;7.3
02665124000111;2026-06-03;GASOLINA ADITIVADA;7.6
03348196000106;2026-06-03;DIESEL;6.99
03348196000106;2026-06-03;DIESEL S10;7.09
03348196000106;2026-06-03;ETANOL;5.49
03348196000106;2026-06-03;GASOLINA;6.79
03348196000106;2026-06-03;GASOLINA ADITIVADA;6.99
03408609000192;2026-06-03;DIESEL;6.65
03408609000192;2026-06-03;DIESEL S10;6.79
03408609000192;2026-06-03;ETANOL;4.59
03408609000192;2026-06-03;GASOLINA;7.25
03408609000192;2026-06-03;GASOLINA ADITIVADA;7.37
04411606000170;2026-06-03;DIESEL S10;6.79
04411606000170;2026-06-03;ETANOL;4.69
04411606000170;2026-06-03;GASOLINA;7.09
06073382000160;2026-06-03;DIESEL S10;6.59
06073382000160;2026-06-03;ETANOL;4.52
06073382000160;2026-06-03;GASOLINA;6.32
09369995000137;2026-06-03;ETANOL;4.99
09369995000137;2026-06-03;GASOLINA;6.89
09369995000137;2026-06-03;GNV;4.98
11222333000181;2026-06-03;DIESEL;6.76
11222333000181;2026-06-03;DIESEL S10;6.82
11222333000181;2026-06-03;ETANOL;4.87
11222333000181;2026-06-03;GASOLINA;6.39
11222333000181;2026-06-03;GASOLINA ADITIVADA;6.39
11222333000181;2026-06-03;GNV;4.09
11222333000505;2026-06-03;DIESEL S10;6.99
11222333000505;2026-06-03;ETANOL;4.69
11222333000505;2026-06-03;GASOLINA;6.39
11222333000505;2026-06-03;GASOLINA ADITIVADA;6.39
11222333000505;2026-06-03;GNV;4.09
13814642000176;2026-06-03;DIESEL S10;6.89
13814642000176;2026-06-03;ETANOL;4.69
13814642000176;2026-06-03;GASOLINA;6.35
13814642000176;2026-06-03;GASOLINA ADITIVADA;6.75
15226314000184;2026-06-03;ETANOL;4.69
15226314000184;2026-06-03;GASOLINA;6.39
20863591000138;2026-06-03;DIESEL;6.89
20863591000138;2026-06-03;DIESEL S10;6.99
20863591000138;2026-06-03;ETANOL;5.19
20863591000138;2026-06-03;GASOLINA;6.99
20863591000138;2026-06-03;GASOLINA ADITIVADA;7.14
21246940000135;2026-06-03;GASOLINA;6.89
21246940000135;2026-06-03;GASOLINA ADITIVADA;7.09
21931941000119;2026-06-03;DIESEL;7.29
21931941000119;2026-06-03;DIESEL S10;7.39
21931941000119;2026-06-03;ETANOL;5.39
21931941000119;2026-06-03;GASOLINA;7.39
21931941000119;2026-06-03;GASOLINA ADITIVADA;7.69
24145665000151;2026-06-03;DIESEL S10;6.89
24145665000151;2026-06-03;ETANOL;4.69
24145665000151;2026-06-03;GASOLINA;6.39
27016518000170;2026-06-03;DIESEL;6.59
27016518000170;2026-06-03;DIESEL S10;6.69
27016518000170;2026-06-03;ETANOL;4.55
27016518000170;2026-06-03;GASOLINA;6.25
27016518000170;2026-06-03;GASOLINA ADITIVADA;6.45
27124023000164;2026-06-03;DIESEL;7.39
27124023000164;2026-06-03;DIESEL S10;7.49
27124023000164;2026-06-03;GASOLINA;7.25
27179654000342;2026-06-03;DIESEL;6.89
27179654000342;2026-06-03;ETANOL;5.39
27179654000342;2026-06-03;GASOLINA;7.29
27179654000342;2026-06-03;GASOLINA ADITIVADA;7.29
27179654000342;2026-06-03;GNV;4.59
28344206000158;2026-06-03;ETANOL;4.75
28344206000158;2026-06-03;GASOLINA;6.36
28344206000158;2026-06-03;GASOLINA ADITIVADA;6.39
28505616000133;2026-06-03;DIESEL;7.19
28505616000133;2026-06-03;GASOLINA;6.89
28505616000133;2026-06-03;GASOLINA ADITIVADA;7.19
29937036000188;2026-06-03;DIESEL S10;7.19
29937036000188;2026-06-03;ETANOL;5.5
29937036000188;2026-06-03;GASOLINA;6.79
30690682000172;2026-06-03;DIESEL S10;6.99
30690682000172;2026-06-03;ETANOL;5.49
30690682000172;2026-06-03;GASOLINA;6.79
30690682000172;2026-06-03;GASOLINA ADITIVADA;6.99
30869047000157;2026-06-03;DIESEL;6.89
30869047000157;2026-06-03;DIESEL S10;6.99
30869047000157;2026-06-03;ETANOL;4.89
30869047000157;2026-06-03;GASOLINA;6.59
31284466000190;2026-06-03;DIESEL;6.69
31284466000190;2026-06-03;DIESEL S10;6.79
31284466000190;2026-06-03;ETANOL;5.05
31284466000190;2026-06-03;GASOLINA;7.26
31284466000190;2026-06-03;GASOLINA ADITIVADA;7.56
31717226000131;2026-06-03;DIESEL;6.79
31717226000131;2026-06-03;DIESEL S10;6.87
31717226000131;2026-06-03;ETANOL;4.88
31717226000131;2026-06-03;GASOLINA;6.39
31717226000131;2026-06-03;GASOLINA ADITIVADA;6.39
31717226000131;2026-06-03;GNV;4.09
32546684000118;2026-06-03;DIESEL;6.69
32546684000118;2026-06-03;DIESEL S10;6.79
32546684000118;2026-06-03;GASOLINA;6.39
36751443000161;2026-06-03;DIESEL S10;6.59
36751443000161;2026-06-03;GASOLINA;6.89
36751443000161;2026-06-03;GASOLINA ADITIVADA;6.99
38023401000130;2026-06-03;DIESEL S10;6.75
38023401000130;2026-06-03;ETANOL;4.58
38023401000130;2026-06-03;GASOLINA;6.32
39281274000131;2026-06-03;DIESEL;6.59
39281274000131;2026-06-03;DIESEL S10;6.69
39281274000131;2026-06-03;ETANOL;5.29
39281274000131;2026-06-03;GASOLINA;7.04
39281274000131;2026-06-03;GASOLINA ADITIVADA;7.24
39281274000131;2026-06-03;GNV;4.59
47674687000104;2026-06-03;DIESEL S10;6.69
47674687000104;2026-06-03;ETANOL;4.59
47674687000104;2026-06-03;GASOLINA;6.39
03948877000369;2026-06-04;DIESEL;6.89
03948877000369;2026-06-04;DIESEL S10;6.99
03948877000369;2026-06-04;GASOLINA;6.55
03948877000369;2026-06-04;GASOLINA ADITIVADA;6.75
04814652000110;2026-06-04;GASOLINA;6.69
05791319000104;2026-06-04;DIESEL;6.89
05791319000104;2026-06-04;GASOLINA;6.69
05791319000104;2026-06-04;GASOLINA ADITIVADA;6.79
07381843000124;2026-06-04;GASOLINA;6.69
07381843000124;2026-06-04;GASOLINA ADITIVADA;6.69
08519545000110;2026-06-04;GASOLINA;6.89
08519545000110;2026-06-04;GASOLINA ADITIVADA;6.99
08971375000100;2026-06-04;DIESEL;6.78
08971375000100;2026-06-04;DIESEL S10;6.84
08971375000100;2026-06-04;ETANOL;4.98
08971375000100;2026-06-04;GASOLINA;6.63
08971375000100;2026-06-04;GASOLINA ADITIVADA;6.79
20246670000108;2026-06-04;DIESEL;6.89
20246670000108;2026-06-04;DIESEL S10;6.99
20246670000108;2026-06-04;ETANOL;4.69
20246670000108;2026-06-04;GASOLINA;6.55
27085240000192;2026-06-04;DIESEL;6.89
27085240000192;2026-06-04;DIESEL S10;6.99
27085240000192;2026-06-04;GASOLINA;6.69
27085240000192;2026-06-04;GASOLINA ADITIVADA;6.79
36411940000200;2026-06-04;DIESEL;6.89
36411940000200;2026-06-04;DIESEL S10;6.99
36411940000200;2026-06-04;ETANOL;5.09
36411940000200;2026-06-04;GASOLINA;6.64
36411940000200;2026-06-04;GASOLINA ADITIVADA;6.94
01557127000179;2026-06-08;GASOLINA;6.39
01557127000179;2026-06-08;GASOLINA ADITIVADA;6.79
01823633000162;2026-06-08;DIESEL;6.59
01823633000162;2026-06-08;DIESEL S10;6.69
01823633000162;2026-06-08;ETANOL;4.55
01823633000162;2026-06-08;GASOLINA;6.22
01823633000162;2026-06-08;GASOLINA ADITIVADA;6.42
04145589001149;2026-06-08;DIESEL S10;6.74
04145589001149;2026-06-08;ETANOL;4.68
04145589001149;2026-06-08;GASOLINA;6.69
04145589001149;2026-06-08;GASOLINA ADITIVADA;6.69
04361389000151;2026-06-08;DIESEL;6.78
04361389000151;2026-06-08;DIESEL S10;6.88
04361389000151;2026-06-08;ETANOL;4.55
04361389000151;2026-06-08;GASOLINA;6.25
05738923000169;2026-06-08;DIESEL;6.89
05738923000169;2026-06-08;ETANOL;5.09
05738923000169;2026-06-08;GASOLINA;6.39
05738923000169;2026-06-08;GASOLINA ADITIVADA;6.89
08022304000161;2026-06-08;DIESEL S10;6.99
08022304000161;2026-06-08;ETANOL;4.99
08022304000161;2026-06-08;GASOLINA;6.37
08022304000161;2026-06-08;GASOLINA ADITIVADA;6.57
10569345000114;2026-06-08;GASOLINA;6.39
10569345000114;2026-06-08;GASOLINA ADITIVADA;6.69
12535572000154;2026-06-08;DIESEL S10;6.89
12535572000154;2026-06-08;ETANOL;4.89
12535572000154;2026-06-08;GASOLINA;6.29
12535572000154;2026-06-08;GASOLINA ADITIVADA;6.65
15010530000198;2026-06-08;DIESEL S10;6.74
15010530000198;2026-06-08;ETANOL;4.59
15010530000198;2026-06-08;GASOLINA;6.35
15010530000198;2026-06-08;GASOLINA ADITIVADA;6.75
17753176000117;2026-06-08;DIESEL S10;6.74
17753176000117;2026-06-08;ETANOL;4.59
17753176000117;2026-06-08;GASOLINA;6.35
17753176000117;2026-06-08;GASOLINA ADITIVADA;6.75
22356015000120;2026-06-08;DIESEL;6.79
22356015000120;2026-06-08;DIESEL S10;6.89
22356015000120;2026-06-08;ETANOL;4.79
22356015000120;2026-06-08;GASOLINA;6.39
22356015000120;2026-06-08;GASOLINA ADITIVADA;6.59
22356015000120;2026-06-08;GNV;4.29
31465040000132;2026-06-08;DIESEL S10;6.78
31465040000132;2026-06-08;ETANOL;4.59
31465040000132;2026-06-08;GASOLINA;6.35
31465040000132;2026-06-08;GASOLINA ADITIVADA;6.55
34387806000104;2026-06-08;DIESEL S10;6.97
34387806000104;2026-06-08;ETANOL;4.97
34387806000104;2026-06-08;GASOLINA;6.39
34387806000104;2026-06-08;GASOLINA ADITIVADA;6.69
01503536000192;2026-06-09;DIESEL S10;6.89
01503536000192;2026-06-09;GASOLINA;6.39
01503536000192;2026-06-09;GASOLINA ADITIVADA;6.59
01635041000206;2026-06-09;DIESEL;6.79
01635041000206;2026-06-09;ETANOL;4.99
01635041000206;2026-06-09;GASOLINA;6.34
01635041000206;2026-06-09;GASOLINA ADITIVADA;6.74
02567214000170;2026-06-09;ETANOL;4.69
02567214000170;2026-06-09;GASOLINA;6.38
02567214000170;2026-06-09;GASOLINA ADITIVADA;6.52
04228463000166;2026-06-09;DIESEL S10;6.99
04228463000166;2026-06-09;ETANOL;4.99
04228463000166;2026-06-09;GASOLINA;6.47
04228463000166;2026-06-09;GASOLINA ADITIVADA;6.67
04960337000100;2026-06-09;ETANOL;4.69
04960337000100;2026-06-09;GASOLINA;6.38
04960337000100;2026-06-09;GASOLINA ADITIVADA;6.38
07571908000102;2026-06-09;GASOLINA;6.39
07571908000102;2026-06-09;GASOLINA ADITIVADA;6.69
08788618000170;2026-06-09;ETANOL;4.99
08788618000170;2026-06-09;GASOLINA;6.39
08788618000170;2026-06-09;GASOLINA ADITIVADA;6.69
08788618000170;2026-06-09;GNV;3.99
10813831000136;2026-06-09;DIESEL;6.99
10813831000136;2026-06-09;DIESEL S10;7.09
10813831000136;2026-06-09;GASOLINA;6.69
10813831000136;2026-06-09;GASOLINA ADITIVADA;6.99
11222333000343;2026-06-09;DIESEL S10;6.89
11222333000343;2026-06-09;ETANOL;4.69
11222333000343;2026-06-09;GASOLINA;6.38
11222333000343;2026-06-09;GASOLINA ADITIVADA;6.38
11942147000117;2026-06-09;DIESEL S10;6.98
11942147000117;2026-06-09;ETANOL;4.98
11942147000117;2026-06-09;GASOLINA;6.45
11942147000117;2026-06-09;GASOLINA ADITIVADA;6.79
14806977000105;2026-06-09;ETANOL;4.79
14806977000105;2026-06-09;GASOLINA;6.49
14806977000105;2026-06-09;GASOLINA ADITIVADA;6.69
16577742000114;2026-06-09;GASOLINA;6.38
16577742000114;2026-06-09;GASOLINA ADITIVADA;6.59
26980450000181;2026-06-09;ETANOL;4.75
26980450000181;2026-06-09;GASOLINA;6.39
26980450000181;2026-06-09;GASOLINA ADITIVADA;6.39
27066273000276;2026-06-09;ETANOL;4.69
27066273000276;2026-06-09;GASOLINA;6.38
27066273000276;2026-06-09;GASOLINA ADITIVADA;6.38
27734094000189;2026-06-09;DIESEL S10;6.79
27734094000189;2026-06-09;ETANOL;5.19
27734094000189;2026-06-09;GASOLINA;6.39
27734094000189;2026-06-09;GASOLINA ADITIVADA;6.74
28059632000140;2026-06-09;DIESEL;6.89
28059632000140;2026-06-09;DIESEL S10;6.89
28059632000140;2026-06-09;GASOLINA;6.39
28059632000140;2026-06-09;GASOLINA ADITIVADA;6.79
28413219000131;2026-06-09;GASOLINA;6.49
28413219000131;2026-06-09;GASOLINA ADITIVADA;6.79
36336386000154;2026-06-09;DIESEL;6.66
36336386000154;2026-06-09;DIESEL S10;6.78
36336386000154;2026-06-09;ETANOL;4.52
36336386000154;2026-06-09;GASOLINA;6.32
36336386000154;2026-06-09;GASOLINA ADITIVADA;6.52
03948877000369;2026-06-10;DIESEL;6.89
03948877000369;2026-06-10;DIESEL S10;6.99
03948877000369;2026-06-10;GASOLINA;6.55
03948877000369;2026-06-10;GASOLINA ADITIVADA;6.75
04145589001491;2026-06-10;DIESEL S10;6.89
04145589001491;2026-06-10;ETANOL;4.99
04145589001491;2026-06-10;GASOLINA;6.29
04145589001491;2026-06-10;GASOLINA ADITIVADA;6.59
04145589001491;2026-06-10;GNV;4.29
04361389000232;2026-06-10;ETANOL;4.85
04361389000232;2026-06-10;GASOLINA;6.29
04361389000232;2026-06-10;GASOLINA ADITIVADA;6.29
04994796000104;2026-06-10;GASOLINA;6.34
04994796000104;2026-06-10;GASOLINA ADITIVADA;6.54
05393247000139;2026-06-10;DIESEL S10;6.99
05393247000139;2026-06-10;ETANOL;4.85
05393247000139;2026-06-10;GASOLINA;6.29
05393247000139;2026-06-10;GASOLINA ADITIVADA;6.29
07381843000124;2026-06-10;GASOLINA;6.69
07381843000124;2026-06-10;GASOLINA ADITIVADA;6.69
07470392000100;2026-06-10;DIESEL;6.89
07470392000100;2026-06-10;ETANOL;4.59
07470392000100;2026-06-10;GASOLINA;6.25
07470392000100;2026-06-10;GASOLINA ADITIVADA;6.6
07830414000197;2026-06-10;DIESEL;6.89
07830414000197;2026-06-10;ETANOL;4.99
07830414000197;2026-06-10;GASOLINA;6.64
07830414000197;2026-06-10;GASOLINA ADITIVADA;6.64
08519545000110;2026-06-10;GASOLINA;6.89
08519545000110;2026-06-10;GASOLINA ADITIVADA;6.99
08971375000100;2026-06-10;DIESEL;6.78
08971375000100;2026-06-10;DIESEL S10;6.84
08971375000100;2026-06-10;ETANOL;4.98
08971375000100;2026-06-10;GASOLINA;6.63
08971375000100;2026-06-10;GASOLINA ADITIVADA;6.79
09167931000153;2026-06-10;DIESEL S10;6.99
09167931000153;2026-06-10;ETANOL;4.99
09167931000153;2026-06-10;GASOLINA;6.49
09167931000153;2026-06-10;GASOLINA ADITIVADA;6.79
20246670000108;2026-06-10;DIESEL;6.89
20246670000108;2026-06-10;DIESEL S10;6.99
20246670000108;2026-06-10;ETANOL;4.69
20246670000108;2026-06-10;GASOLINA;6.55
21246940000135;2026-06-10;GASOLINA;6.49
21246940000135;2026-06-10;GASOLINA ADITIVADA;6.89
26058218000190;2026-06-10;DIESEL;6.09
26058218000190;2026-06-10;DIESEL S10;6.19
26058218000190;2026-06-10;ETANOL;4.99
26058218000190;2026-06-10;GASOLINA;6.59
26058218000190;2026-06-10;GASOLINA ADITIVADA;6.59
27023308000109;2026-06-10;DIESEL;7.15
27023308000109;2026-06-10;DIESEL S10;7.19
27023308000109;2026-06-10;ETANOL;4.99
27023308000109;2026-06-10;GASOLINA;6.59
27023308000109;2026-06-10;GASOLINA ADITIVADA;6.65
27023308000109;2026-06-10;GNV;4.09
27085240000192;2026-06-10;DIESEL;6.89
27085240000192;2026-06-10;DIESEL S10;6.99
27085240000192;2026-06-10;GASOLINA;6.69
27085240000192;2026-06-10;GASOLINA ADITIVADA;6.79
27352004000195;2026-06-10;DIESEL;6.89
27352004000195;2026-06-10;ETANOL;4.99
27352004000195;2026-06-10;GASOLINA;6.69
27352004000195;2026-06-10;GASOLINA ADITIVADA;6.79
27495696000120;2026-06-10;ETANOL;5.29
27495696000120;2026-06-10;GASOLINA;6.79
27495696000120;2026-06-10;GASOLINA ADITIVADA;6.89
32467417000155;2026-06-10;ETANOL;4.89
32467417000155;2026-06-10;GASOLINA;6.38
32467417000155;2026-06-10;GASOLINA ADITIVADA;6.38
00580488000173;2026-06-11;DIESEL;6.65
00580488000173;2026-06-11;DIESEL S10;6.89
00580488000173;2026-06-11;ETANOL;4.59
00580488000173;2026-06-11;GASOLINA;6.39
00580488000173;2026-06-11;GASOLINA ADITIVADA;6.59
02582857000192;2026-06-11;ETANOL;4.79
02582857000192;2026-06-11;GASOLINA;6.35
02582857000192;2026-06-11;GASOLINA ADITIVADA;6.35
02802986000149;2026-06-11;DIESEL S10;7.09
02802986000149;2026-06-11;ETANOL;5.24
02802986000149;2026-06-11;GASOLINA;6.68
02802986000149;2026-06-11;GASOLINA ADITIVADA;6.83
09076862000172;2026-06-11;GASOLINA;6.99
09076862000172;2026-06-11;GASOLINA ADITIVADA;7.39
11222333000181;2026-06-11;DIESEL;6.76
11222333000181;2026-06-11;DIESEL S10;6.82
11222333000181;2026-06-11;ETANOL;4.87
11222333000181;2026-06-11;GASOLINA;6.39
11222333000181;2026-06-11;GASOLINA ADITIVADA;6.39
11222333000181;2026-06-11;GNV;4.29
11222333000262;2026-06-11;DIESEL;6.69
11222333000262;2026-06-11;DIESEL S10;6.79
11222333000262;2026-06-11;ETANOL;4.69
11222333000262;2026-06-11;GASOLINA;6.39
11222333000262;2026-06-11;GASOLINA ADITIVADA;6.59
11222333000262;2026-06-11;GNV;4.29
11222333000505;2026-06-11;DIESEL S10;6.99
11222333000505;2026-06-11;ETANOL;4.69
11222333000505;2026-06-11;GASOLINA;6.39
11222333000505;2026-06-11;GASOLINA ADITIVADA;6.39
11222333000505;2026-06-11;GNV;4.27
13814642000176;2026-06-11;DIESEL S10;6.89
13814642000176;2026-06-11;ETANOL;4.69
13814642000176;2026-06-11;GASOLINA;6.35
13814642000176;2026-06-11;GASOLINA ADITIVADA;6.75
14096313000108;2026-06-11;DIESEL;7.09
14096313000108;2026-06-11;ETANOL;5.89
14096313000108;2026-06-11;GASOLINA;6.89
14096313000108;2026-06-11;GASOLINA ADITIVADA;7.09
15226314000184;2026-06-11;ETANOL;4.69
15226314000184;2026-06-11;GASOLINA;6.39
23238396000105;2026-06-11;DIESEL S10;7.09
23238396000105;2026-06-11;ETANOL;5.24
23238396000105;2026-06-11;GASOLINA;6.68
23238396000105;2026-06-11;GASOLINA ADITIVADA;6.83
24145665000151;2026-06-11;DIESEL S10;6.89
24145665000151;2026-06-11;ETANOL;4.69
24145665000151;2026-06-11;GASOLINA;6.39
27016518000170;2026-06-11;DIESEL;6.59
27016518000170;2026-06-11;DIESEL S10;6.69
27016518000170;2026-06-11;ETANOL;4.55
27016518000170;2026-06-11;GASOLINA;6.25
27016518000170;2026-06-11;GASOLINA ADITIVADA;6.45
27020445000190;2026-06-11;GASOLINA;6.99
27020445000190;2026-06-11;GASOLINA ADITIVADA;7.39
27020445000513;2026-06-11;GASOLINA;6.99
27020445000513;2026-06-11;GASOLINA ADITIVADA;7.39
27316819000119;2026-06-11;GASOLINA;6.99
27316819000119;2026-06-11;GASOLINA ADITIVADA;7.09
27394378000173;2026-06-11;DIESEL S10;6.79
27394378000173;2026-06-11;GASOLINA;6.39
27394378000173;2026-06-11;GASOLINA ADITIVADA;6.69
27394378000173;2026-06-11;GNV;4.29
27396415000182;2026-06-11;ETANOL;4.89
27396415000182;2026-06-11;GASOLINA;6.48
27396415000182;2026-06-11;GASOLINA ADITIVADA;6.59
27396415000182;2026-06-11;GNV;4.28
27926384000124;2026-06-11;DIESEL;6.89
27926384000124;2026-06-11;DIESEL S10;6.99
27926384000124;2026-06-11;ETANOL;4.69
27926384000124;2026-06-11;GASOLINA;6.36
27926384000124;2026-06-11;GASOLINA ADITIVADA;6.39
28344206000158;2026-06-11;ETANOL;4.75
28344206000158;2026-06-11;GASOLINA;6.36
28344206000158;2026-06-11;GASOLINA ADITIVADA;6.39
32248017000159;2026-06-11;DIESEL S10;7.39
32248017000159;2026-06-11;ETANOL;5.29
32248017000159;2026-06-11;GASOLINA;6.99
32248017000159;2026-06-11;GASOLINA ADITIVADA;7.39
00345721000133;2026-06-12;DIESEL S10;6.99
00345721000133;2026-06-12;GASOLINA;6.79
30869047000157;2026-06-12;DIESEL;6.89
30869047000157;2026-06-12;DIESEL S10;6.99
30869047000157;2026-06-12;ETANOL;4.89
30869047000157;2026-06-12;GASOLINA;6.59
36751443000161;2026-06-12;DIESEL S10;6.59
36751443000161;2026-06-12;GASOLINA;6.89
36751443000161;2026-06-12;GASOLINA ADITIVADA;6.99
01496517000186;2026-06-15;DIESEL S10;6.99
01496517000186;2026-06-15;ETANOL;4.89
01496517000186;2026-06-15;GASOLINA;6.39
01496517000186;2026-06-15;GASOLINA ADITIVADA;6.59
01557127000179;2026-06-15;GASOLINA;6.39
01557127000179;2026-06-15;GASOLINA ADITIVADA;6.79
02802986000149;2026-06-15;DIESEL S10;7.09
02802986000149;2026-06-15;ETANOL;5.24
02802986000149;2026-06-15;GASOLINA;6.68
02802986000149;2026-06-15;GASOLINA ADITIVADA;6.83
07470392000100;2026-06-15;DIESEL;6.89
07470392000100;2026-06-15;ETANOL;4.69
07470392000100;2026-06-15;GASOLINA;6.64
07470392000100;2026-06-15;GASOLINA ADITIVADA;6.99
09076862000172;2026-06-15;GASOLINA;6.99
09076862000172;2026-06-15;GASOLINA ADITIVADA;7.39
10197775000152;2026-06-15;DIESEL S10;6.99
10197775000152;2026-06-15;ETANOL;4.79
10197775000152;2026-06-15;GASOLINA;6.67
10197775000152;2026-06-15;GASOLINA ADITIVADA;6.87
14096313000108;2026-06-15;DIESEL;7.09
14096313000108;2026-06-15;ETANOL;5.89
14096313000108;2026-06-15;GASOLINA;6.89
14096313000108;2026-06-15;GASOLINA ADITIVADA;7.09
15010530000198;2026-06-15;DIESEL S10;6.74
15010530000198;2026-06-15;ETANOL;4.59
15010530000198;2026-06-15;GASOLINA;6.35
15010530000198;2026-06-15;GASOLINA ADITIVADA;6.75
17375525000104;2026-06-15;DIESEL S10;6.88
17375525000104;2026-06-15;ETANOL;4.69
17375525000104;2026-06-15;GASOLINA;6.64
17375525000104;2026-06-15;GASOLINA ADITIVADA;6.84
17753176000117;2026-06-15;DIESEL S10;6.74
17753176000117;2026-06-15;ETANOL;4.59
17753176000117;2026-06-15;GASOLINA;6.35
17753176000117;2026-06-15;GASOLINA ADITIVADA;6.75
23238396000105;2026-06-15;DIESEL S10;7.09
23238396000105;2026-06-15;ETANOL;5.24
23238396000105;2026-06-15;GASOLINA;6.68
23238396000105;2026-06-15;GASOLINA ADITIVADA;6.83
27020445000190;2026-06-15;GASOLINA;6.99
27020445000190;2026-06-15;GASOLINA ADITIVADA;7.39
27020445000513;2026-06-15;GASOLINA;6.99
27020445000513;2026-06-15;GASOLINA ADITIVADA;7.39
27316819000119;2026-06-15;GASOLINA;6.99
27316819000119;2026-06-15;GASOLINA ADITIVADA;7.09
32248017000159;2026-06-15;DIESEL S10;7.39
32248017000159;2026-06-15;ETANOL;5.29
32248017000159;2026-06-15;GASOLINA;6.99
32248017000159;2026-06-15;GASOLINA ADITIVADA;7.39
01635041000206;2026-06-16;DIESEL;6.78
01635041000206;2026-06-16;ETANOL;4.59
01635041000206;2026-06-16;GASOLINA;6.32
01635041000206;2026-06-16;GASOLINA ADITIVADA;6.72
01823633000162;2026-06-16;DIESEL;6.59
01823633000162;2026-06-16;DIESEL S10;6.69
01823633000162;2026-06-16;ETANOL;4.69
01823633000162;2026-06-16;GASOLINA;6.64
01823633000162;2026-06-16;GASOLINA ADITIVADA;6.84
02567214000170;2026-06-16;ETANOL;4.69
02567214000170;2026-06-16;GASOLINA;6.38
02567214000170;2026-06-16;GASOLINA ADITIVADA;6.52
03348196000106;2026-06-16;DIESEL;6.99
03348196000106;2026-06-16;DIESEL S10;7.09
03348196000106;2026-06-16;ETANOL;5.49
03348196000106;2026-06-16;GASOLINA;6.79
03348196000106;2026-06-16;GASOLINA ADITIVADA;6.89
04228463000166;2026-06-16;DIESEL S10;6.99
04228463000166;2026-06-16;ETANOL;4.99
04228463000166;2026-06-16;GASOLINA;6.39
04228463000166;2026-06-16;GASOLINA ADITIVADA;6.59
04361389000151;2026-06-16;DIESEL;6.78
04361389000151;2026-06-16;DIESEL S10;6.88
04361389000151;2026-06-16;ETANOL;4.69
04361389000151;2026-06-16;GASOLINA;6.64
04960337000100;2026-06-16;ETANOL;4.55
04960337000100;2026-06-16;GASOLINA;6.38
04960337000100;2026-06-16;GASOLINA ADITIVADA;6.38
05738923000169;2026-06-16;DIESEL;6.89
05738923000169;2026-06-16;ETANOL;5.09
05738923000169;2026-06-16;GASOLINA;6.64
05738923000169;2026-06-16;GASOLINA ADITIVADA;7.14
07571908000102;2026-06-16;GASOLINA;6.67
07571908000102;2026-06-16;GASOLINA ADITIVADA;6.97
08788618000170;2026-06-16;ETANOL;4.99
08788618000170;2026-06-16;GASOLINA;6.69
08788618000170;2026-06-16;GASOLINA ADITIVADA;6.99
08788618000170;2026-06-16;GNV;3.99
09167931000153;2026-06-16;DIESEL S10;6.99
09167931000153;2026-06-16;ETANOL;4.99
09167931000153;2026-06-16;GASOLINA;6.69
09167931000153;2026-06-16;GASOLINA ADITIVADA;6.89
11222333000343;2026-06-16;DIESEL S10;6.89
11222333000343;2026-06-16;ETANOL;4.59
11222333000343;2026-06-16;GASOLINA;6.38
11222333000343;2026-06-16;GASOLINA ADITIVADA;6.38
11942147000117;2026-06-16;DIESEL S10;6.87
11942147000117;2026-06-16;ETANOL;4.68
11942147000117;2026-06-16;GASOLINA;6.37
11942147000117;2026-06-16;GASOLINA ADITIVADA;6.74
12535572000154;2026-06-16;DIESEL S10;6.89
12535572000154;2026-06-16;ETANOL;4.79
12535572000154;2026-06-16;GASOLINA;6.64
12535572000154;2026-06-16;GASOLINA ADITIVADA;6.94
14806977000105;2026-06-16;ETANOL;4.79
14806977000105;2026-06-16;GASOLINA;6.49
14806977000105;2026-06-16;GASOLINA ADITIVADA;6.69
16577742000114;2026-06-16;GASOLINA;6.67
16577742000114;2026-06-16;GASOLINA ADITIVADA;6.87
21246940000135;2026-06-16;GASOLINA;6.49
21246940000135;2026-06-16;GASOLINA ADITIVADA;6.89
22356015000120;2026-06-16;DIESEL;6.79
22356015000120;2026-06-16;DIESEL S10;6.89
22356015000120;2026-06-16;ETANOL;4.69
22356015000120;2026-06-16;GASOLINA;6.69
22356015000120;2026-06-16;GASOLINA ADITIVADA;6.89
22356015000120;2026-06-16;GNV;4.29
26980450000181;2026-06-16;ETANOL;4.99
26980450000181;2026-06-16;GASOLINA;6.69
26980450000181;2026-06-16;GASOLINA ADITIVADA;6.89
27066273000276;2026-06-16;GASOLINA;6.38
27066273000276;2026-06-16;GASOLINA ADITIVADA;6.38
27734094000189;2026-06-16;DIESEL S10;6.79
27734094000189;2026-06-16;ETANOL;5.19
27734094000189;2026-06-16;GASOLINA;6.69
27734094000189;2026-06-16;GASOLINA ADITIVADA;7.04
28059632000140;2026-06-16;DIESEL;6.89
28059632000140;2026-06-16;DIESEL S10;6.89
28059632000140;2026-06-16;GASOLINA;6.39
28059632000140;2026-06-16;GASOLINA ADITIVADA;6.79
28413219000131;2026-06-16;GASOLINA;6.69
28413219000131;2026-06-16;GASOLINA ADITIVADA;6.99
30690682000172;2026-06-16;DIESEL S10;6.99
30690682000172;2026-06-16;ETANOL;5.49
30690682000172;2026-06-16;GASOLINA;6.79
30690682000172;2026-06-16;GASOLINA ADITIVADA;6.99
31465040000132;2026-06-16;DIESEL S10;6.78
31465040000132;2026-06-16;ETANOL;4.55
31465040000132;2026-06-16;GASOLINA;6.35
31465040000132;2026-06-16;GASOLINA ADITIVADA;6.55
32467417000155;2026-06-16;ETANOL;4.89
32467417000155;2026-06-16;GASOLINA;6.58
32467417000155;2026-06-16;GASOLINA ADITIVADA;6.58
47674687000104;2026-06-16;DIESEL S10;6.69
47674687000104;2026-06-16;ETANOL;4.59
47674687000104;2026-06-16;GASOLINA;6.69
01503536000192;2026-06-17;DIESEL S10;6.79
01503536000192;2026-06-17;GASOLINA;6.69
01503536000192;2026-06-17;GASOLINA ADITIVADA;6.89
03948877000369;2026-06-17;DIESEL;6.89
03948877000369;2026-06-17;DIESEL S10;6.99
03948877000369;2026-06-17;GASOLINA;6.55
03948877000369;2026-06-17;GASOLINA ADITIVADA;6.75
04145589001149;2026-06-17;DIESEL S10;6.74
04145589001149;2026-06-17;ETANOL;4.59
04145589001149;2026-06-17;GASOLINA;6.34
04145589001149;2026-06-17;GASOLINA ADITIVADA;6.59
04145589001491;2026-06-17;DIESEL S10;6.89
04145589001491;2026-06-17;ETANOL;4.99
04145589001491;2026-06-17;GASOLINA;6.69
04145589001491;2026-06-17;GASOLINA ADITIVADA;6.94
04145589001491;2026-06-17;GNV;4.29
04361389000232;2026-06-17;DIESEL S10;6.99
04361389000232;2026-06-17;ETANOL;4.85
04361389000232;2026-06-17;GASOLINA;6.64
04361389000232;2026-06-17;GASOLINA ADITIVADA;6.84
04814652000110;2026-06-17;GASOLINA;6.69
04850382000101;2026-06-17;GASOLINA;6.69
04850382000101;2026-06-17;GASOLINA ADITIVADA;6.89
04850382000101;2026-06-17;GNV;4.29
04994796000104;2026-06-17;GASOLINA;6.39
04994796000104;2026-06-17;GASOLINA ADITIVADA;6.54
05393247000139;2026-06-17;DIESEL S10;6.99
05393247000139;2026-06-17;ETANOL;4.85
05393247000139;2026-06-17;GASOLINA;6.64
05393247000139;2026-06-17;GASOLINA ADITIVADA;6.84
05791319000104;2026-06-17;DIESEL;6.89
05791319000104;2026-06-17;GASOLINA;6.69
05791319000104;2026-06-17;GASOLINA ADITIVADA;6.79
05791319000104;2026-06-17;GNV;4.79
07830414000197;2026-06-17;DIESEL;6.77
07830414000197;2026-06-17;ETANOL;4.99
07830414000197;2026-06-17;GASOLINA;6.99
07830414000197;2026-06-17;GASOLINA ADITIVADA;6.99
08022304000161;2026-06-17;DIESEL S10;6.99
08022304000161;2026-06-17;ETANOL;4.99
08022304000161;2026-06-17;GASOLINA;6.69
08022304000161;2026-06-17;GASOLINA ADITIVADA;6.99
08519545000110;2026-06-17;GASOLINA;6.89
08519545000110;2026-06-17;GASOLINA ADITIVADA;6.99
10569345000114;2026-06-17;GASOLINA;6.69
10569345000114;2026-06-17;GASOLINA ADITIVADA;6.99
20246670000108;2026-06-17;DIESEL;6.89
20246670000108;2026-06-17;DIESEL S10;6.99
20246670000108;2026-06-17;ETANOL;4.69
20246670000108;2026-06-17;GASOLINA;6.65
23314250000100;2026-06-17;DIESEL S10;6.59
23314250000100;2026-06-17;ETANOL;4.49
23314250000100;2026-06-17;GASOLINA;6.69
27085240000192;2026-06-17;DIESEL;6.89
27085240000192;2026-06-17;DIESEL S10;6.99
27085240000192;2026-06-17;GASOLINA;6.69
27085240000192;2026-06-17;GASOLINA ADITIVADA;6.79
27495696000120;2026-06-17;ETANOL;5.29
27495696000120;2026-06-17;GASOLINA;6.79
27495696000120;2026-06-17;GASOLINA ADITIVADA;6.89
39814835000110;2026-06-17;DIESEL;6.89
39814835000110;2026-06-17;ETANOL;4.99
39814835000110;2026-06-17;GASOLINA;6.69
39814835000110;2026-06-17;GASOLINA ADITIVADA;6.79
00345721000133;2026-06-18;DIESEL S10;6.99
00345721000133;2026-06-18;GASOLINA;6.79
00580488000173;2026-06-18;DIESEL;6.65
00580488000173;2026-06-18;DIESEL S10;6.89
00580488000173;2026-06-18;ETANOL;4.49
00580488000173;2026-06-18;GASOLINA;6.29
00580488000173;2026-06-18;GASOLINA ADITIVADA;6.59
01283262000173;2026-06-18;DIESEL;6.75
01283262000173;2026-06-18;ETANOL;4.89
01283262000173;2026-06-18;GASOLINA;7.16
02582857000192;2026-06-18;ETANOL;4.79
02582857000192;2026-06-18;GASOLINA;6.35
02582857000192;2026-06-18;GASOLINA ADITIVADA;6.35
02583872000155;2026-06-18;DIESEL;6.59
02583872000155;2026-06-18;DIESEL S10;6.69
02583872000155;2026-06-18;ETANOL;4.99
02583872000155;2026-06-18;GASOLINA;7.29
02583872000155;2026-06-18;GASOLINA ADITIVADA;7.49
02665124000111;2026-06-18;DIESEL S10;7.39
02665124000111;2026-06-18;ETANOL;5.39
02665124000111;2026-06-18;GASOLINA;7.3
02665124000111;2026-06-18;GASOLINA ADITIVADA;7.6
03408609000192;2026-06-18;DIESEL;6.65
03408609000192;2026-06-18;DIESEL S10;6.79
03408609000192;2026-06-18;ETANOL;4.71
03408609000192;2026-06-18;GASOLINA;7.25
03408609000192;2026-06-18;GASOLINA ADITIVADA;7.37
04411606000170;2026-06-18;DIESEL S10;6.79
04411606000170;2026-06-18;ETANOL;4.59
04411606000170;2026-06-18;GASOLINA;7.09
11222333000181;2026-06-18;DIESEL;6.76
11222333000181;2026-06-18;DIESEL S10;6.82
11222333000181;2026-06-18;ETANOL;4.87
11222333000181;2026-06-18;GASOLINA;6.59
11222333000181;2026-06-18;GASOLINA ADITIVADA;6.59
11222333000181;2026-06-18;GNV;4.29
11222333000505;2026-06-18;DIESEL S10;6.99
11222333000505;2026-06-18;ETANOL;4.69
11222333000505;2026-06-18;GASOLINA;6.39
11222333000505;2026-06-18;GASOLINA ADITIVADA;6.59
11222333000505;2026-06-18;GNV;4.27
13814642000176;2026-06-18;DIESEL S10;6.89
13814642000176;2026-06-18;ETANOL;4.69
13814642000176;2026-06-18;GASOLINA;6.35
13814642000176;2026-06-18;GASOLINA ADITIVADA;6.75
15226314000184;2026-06-18;ETANOL;4.69
15226314000184;2026-06-18;GASOLINA;6.39
20863591000138;2026-06-18;DIESEL;6.89
20863591000138;2026-06-18;DIESEL S10;6.99
20863591000138;2026-06-18;ETANOL;5.19
20863591000138;2026-06-18;GASOLINA;6.99
20863591000138;2026-06-18;GASOLINA ADITIVADA;7.14
21931941000119;2026-06-18;DIESEL;6.69
21931941000119;2026-06-18;DIESEL S10;6.79
21931941000119;2026-06-18;ETANOL;5.05
21931941000119;2026-06-18;GASOLINA;7.26
21931941000119;2026-06-18;GASOLINA ADITIVADA;7.56
24145665000151;2026-06-18;DIESEL S10;6.89
24145665000151;2026-06-18;ETANOL;4.69
24145665000151;2026-06-18;GASOLINA;6.39
27016518000170;2026-06-18;DIESEL;6.59
27016518000170;2026-06-18;DIESEL S10;6.69
27016518000170;2026-06-18;ETANOL;4.59
27016518000170;2026-06-18;GASOLINA;6.29
27016518000170;2026-06-18;GASOLINA ADITIVADA;6.49
27124023000164;2026-06-18;DIESEL;7.39
27124023000164;2026-06-18;DIESEL S10;7.49
27124023000164;2026-06-18;GASOLINA;7.45
27179654000342;2026-06-18;DIESEL;6.89
27179654000342;2026-06-18;ETANOL;5.19
27179654000342;2026-06-18;GASOLINA;7.29
27179654000342;2026-06-18;GASOLINA ADITIVADA;7.29
27179654000342;2026-06-18;GNV;4.59
27394378000173;2026-06-18;DIESEL S10;6.79
27394378000173;2026-06-18;GASOLINA;6.64
27394378000173;2026-06-18;GASOLINA ADITIVADA;6.84
27394378000173;2026-06-18;GNV;4.29
27396415000182;2026-06-18;ETANOL;4.89
27396415000182;2026-06-18;GASOLINA;6.48
27396415000182;2026-06-18;GNV;4.28
27926384000124;2026-06-18;DIESEL;6.89
27926384000124;2026-06-18;DIESEL S10;6.99
27926384000124;2026-06-18;ETANOL;4.69
27926384000124;2026-06-18;GASOLINA;6.36
27926384000124;2026-06-18;GASOLINA ADITIVADA;6.39
28344206000158;2026-06-18;ETANOL;4.49
28344206000158;2026-06-18;GASOLINA;6.36
28344206000158;2026-06-18;GASOLINA ADITIVADA;6.36
28505616000133;2026-06-18;DIESEL;7.19
28505616000133;2026-06-18;DIESEL S10;7.29
28505616000133;2026-06-18;GASOLINA;6.89
28505616000133;2026-06-18;GASOLINA ADITIVADA;7.19
30869047000157;2026-06-18;DIESEL;6.89
30869047000157;2026-06-18;DIESEL S10;6.99
30869047000157;2026-06-18;ETANOL;4.79
30869047000157;2026-06-18;GASOLINA;6.99
31284466000190;2026-06-18;DIESEL;6.69
31284466000190;2026-06-18;DIESEL S10;6.79
31284466000190;2026-06-18;ETANOL;5.05
31284466000190;2026-06-18;GASOLINA;7.26
31284466000190;2026-06-18;GASOLINA ADITIVADA;7.56
39281274000131;2026-06-18;DIESEL;6.59
39281274000131;2026-06-18;DIESEL S10;6.69
39281274000131;2026-06-18;ETANOL;4.99
39281274000131;2026-06-18;GASOLINA;7.04
39281274000131;2026-06-18;GASOLINA ADITIVADA;7.24
39281274000131;2026-06-18;GNV;4.59
36411940000200;2026-06-19;DIESEL;6.89
36411940000200;2026-06-19;DIESEL S10;6.99
36411940000200;2026-06-19;ETANOL;5.09
36411940000200;2026-06-19;GASOLINA;6.64
36411940000200;2026-06-19;GASOLINA ADITIVADA;6.94
01496517000186;2026-06-22;DIESEL S10;6.99
01496517000186;2026-06-22;ETANOL;4.89
01496517000186;2026-06-22;GASOLINA;6.69
01496517000186;2026-06-22;GASOLINA ADITIVADA;6.89
01635041000206;2026-06-22;DIESEL;6.79
01635041000206;2026-06-22;ETANOL;4.59
01635041000206;2026-06-22;GASOLINA;6.69
01635041000206;2026-06-22;GASOLINA ADITIVADA;7.09
01823633000162;2026-06-22;DIESEL S10;6.69
01823633000162;2026-06-22;ETANOL;4.69
02567214000170;2026-06-22;ETANOL;4.55
02567214000170;2026-06-22;GASOLINA;6.38
02567214000170;2026-06-22;GASOLINA ADITIVADA;6.52
04145589001149;2026-06-22;DIESEL S10;6.74
04145589001149;2026-06-22;ETANOL;4.59
04145589001149;2026-06-22;GASOLINA;6.67
04145589001149;2026-06-22;GASOLINA ADITIVADA;6.92
04228463000166;2026-06-22;DIESEL S10;6.99
04228463000166;2026-06-22;ETANOL;4.99
04228463000166;2026-06-22;GASOLINA;6.69
04228463000166;2026-06-22;GASOLINA ADITIVADA;6.89
04361389000151;2026-06-22;DIESEL;6.78
04361389000151;2026-06-22;DIESEL S10;6.88
04361389000151;2026-06-22;ETANOL;4.69
04361389000151;2026-06-22;GASOLINA;6.64
04960337000100;2026-06-22;ETANOL;4.55
04960337000100;2026-06-22;GASOLINA;6.65
04960337000100;2026-06-22;GASOLINA ADITIVADA;6.65
05738923000169;2026-06-22;DIESEL;6.89
05738923000169;2026-06-22;ETANOL;5.09
05738923000169;2026-06-22;GASOLINA;6.64
05738923000169;2026-06-22;GASOLINA ADITIVADA;7.14
08788618000170;2026-06-22;ETANOL;4.99
08788618000170;2026-06-22;GASOLINA;6.69
08788618000170;2026-06-22;GASOLINA ADITIVADA;6.99
08788618000170;2026-06-22;GNV;4.29
10569345000114;2026-06-22;GASOLINA;6.69
10569345000114;2026-06-22;GASOLINA ADITIVADA;6.99
11222333000343;2026-06-22;DIESEL S10;6.89
11222333000343;2026-06-22;ETANOL;4.55
11222333000343;2026-06-22;GASOLINA;6.38
11222333000343;2026-06-22;GASOLINA ADITIVADA;6.38
11942147000117;2026-06-22;DIESEL S10;6.87
11942147000117;2026-06-22;ETANOL;4.68
11942147000117;2026-06-22;GASOLINA;6.64
11942147000117;2026-06-22;GASOLINA ADITIVADA;6.74
12535572000154;2026-06-22;DIESEL S10;6.85
12535572000154;2026-06-22;ETANOL;4.79
12535572000154;2026-06-22;GASOLINA;6.64
12535572000154;2026-06-22;GASOLINA ADITIVADA;6.94
14806977000105;2026-06-22;ETANOL;4.79
14806977000105;2026-06-22;GASOLINA;6.69
14806977000105;2026-06-22;GASOLINA ADITIVADA;6.89
15010530000198;2026-06-22;DIESEL S10;6.74
15010530000198;2026-06-22;ETANOL;4.54
15010530000198;2026-06-22;GASOLINA;6.67
15010530000198;2026-06-22;GASOLINA ADITIVADA;7.07
16577742000114;2026-06-22;GASOLINA;6.67
16577742000114;2026-06-22;GASOLINA ADITIVADA;6.87
17753176000117;2026-06-22;DIESEL S10;6.74
17753176000117;2026-06-22;ETANOL;4.54
17753176000117;2026-06-22;GASOLINA;6.67
17753176000117;2026-06-22;GASOLINA ADITIVADA;7.07
22356015000120;2026-06-22;DIESEL;6.79
22356015000120;2026-06-22;DIESEL S10;6.89
22356015000120;2026-06-22;ETANOL;4.69
22356015000120;2026-06-22;GASOLINA;6.69
22356015000120;2026-06-22;GASOLINA ADITIVADA;6.89
22356015000120;2026-06-22;GNV;4.29
26980450000181;2026-06-22;ETANOL;4.75
26980450000181;2026-06-22;GASOLINA;6.69
26980450000181;2026-06-22;GASOLINA ADITIVADA;6.89
27066273000276;2026-06-22;ETANOL;4.55
27066273000276;2026-06-22;GASOLINA;6.38
27066273000276;2026-06-22;GASOLINA ADITIVADA;6.38
27734094000189;2026-06-22;GASOLINA;6.69
27734094000189;2026-06-22;GASOLINA ADITIVADA;7.04
28059632000140;2026-06-22;DIESEL;6.89
28059632000140;2026-06-22;DIESEL S10;6.89
28059632000140;2026-06-22;GASOLINA;6.67
28059632000140;2026-06-22;GASOLINA ADITIVADA;7.07
28413219000131;2026-06-22;GASOLINA;6.69
28413219000131;2026-06-22;GASOLINA ADITIVADA;6.99
31465040000132;2026-06-22;DIESEL S10;6.78
31465040000132;2026-06-22;ETANOL;4.55
31465040000132;2026-06-22;GASOLINA;6.67
31465040000132;2026-06-22;GASOLINA ADITIVADA;6.87
01503536000192;2026-06-23;DIESEL S10;6.79
01503536000192;2026-06-23;GASOLINA;6.69
01503536000192;2026-06-23;GASOLINA ADITIVADA;6.89
02582857000192;2026-06-23;ETANOL;4.79
02582857000192;2026-06-23;GASOLINA;6.35
02582857000192;2026-06-23;GASOLINA ADITIVADA;6.35
04145589001491;2026-06-23;DIESEL S10;6.89
04145589001491;2026-06-23;ETANOL;4.99
04145589001491;2026-06-23;GASOLINA;6.69
04145589001491;2026-06-23;GASOLINA ADITIVADA;6.94
04145589001491;2026-06-23;GNV;4.29
04361389000232;2026-06-23;DIESEL S10;6.99
04361389000232;2026-06-23;ETANOL;4.85
04361389000232;2026-06-23;GASOLINA;6.64
04361389000232;2026-06-23;GASOLINA ADITIVADA;6.84
04994796000104;2026-06-23;GASOLINA;6.39
04994796000104;2026-06-23;GASOLINA ADITIVADA;6.54
05393247000139;2026-06-23;DIESEL S10;6.99
05393247000139;2026-06-23;ETANOL;4.85
05393247000139;2026-06-23;GASOLINA;6.64
05393247000139;2026-06-23;GASOLINA ADITIVADA;6.84
05892261000187;2026-06-23;DIESEL;6.59
05892261000187;2026-06-23;DIESEL S10;6.89
05892261000187;2026-06-23;ETANOL;4.59
05892261000187;2026-06-23;GASOLINA;6.69
05892261000187;2026-06-23;GASOLINA ADITIVADA;6.89
06073382000160;2026-06-23;DIESEL S10;6.86
06073382000160;2026-06-23;ETANOL;4.45
06073382000160;2026-06-23;GASOLINA;6.55
07470392000100;2026-06-23;DIESEL;6.89
07470392000100;2026-06-23;ETANOL;4.69
07470392000100;2026-06-23;GASOLINA;6.64
07470392000100;2026-06-23;GASOLINA ADITIVADA;6.99
07571908000102;2026-06-23;GASOLINA;6.67
07571908000102;2026-06-23;GASOLINA ADITIVADA;6.97
08022304000161;2026-06-23;DIESEL S10;6.99
08022304000161;2026-06-23;ETANOL;4.99
08022304000161;2026-06-23;GASOLINA;6.65
08022304000161;2026-06-23;GASOLINA ADITIVADA;6.95
09167931000153;2026-06-23;DIESEL S10;6.99
09167931000153;2026-06-23;ETANOL;4.99
09167931000153;2026-06-23;GASOLINA;6.69
09167931000153;2026-06-23;GASOLINA ADITIVADA;6.89
10197775000152;2026-06-23;DIESEL S10;6.99
10197775000152;2026-06-23;ETANOL;4.79
10197775000152;2026-06-23;GASOLINA;6.67
10197775000152;2026-06-23;GASOLINA ADITIVADA;6.87
11222333000181;2026-06-23;DIESEL;6.76
11222333000181;2026-06-23;DIESEL S10;6.82
11222333000181;2026-06-23;ETANOL;4.87
11222333000181;2026-06-23;GASOLINA;6.69
11222333000181;2026-06-23;GASOLINA ADITIVADA;6.69
11222333000181;2026-06-23;GNV;4.29
11222333000505;2026-06-23;DIESEL S10;6.99
11222333000505;2026-06-23;ETANOL;4.69
11222333000505;2026-06-23;GASOLINA;6.49
11222333000505;2026-06-23;GASOLINA ADITIVADA;6.59
11222333000505;2026-06-23;GNV;4.27
13814642000176;2026-06-23;DIESEL S10;6.89
13814642000176;2026-06-23;ETANOL;4.59
13814642000176;2026-06-23;GASOLINA;6.67
13814642000176;2026-06-23;GASOLINA ADITIVADA;7.07
15226314000184;2026-06-23;ETANOL;4.69
15226314000184;2026-06-23;GASOLINA;6.39
17375525000104;2026-06-23;DIESEL S10;6.88
17375525000104;2026-06-23;ETANOL;4.65
17375525000104;2026-06-23;GASOLINA;6.64
17375525000104;2026-06-23;GASOLINA ADITIVADA;6.84
18366697000184;2026-06-23;DIESEL;6.47
18366697000184;2026-06-23;DIESEL S10;6.65
18366697000184;2026-06-23;ETANOL;4.55
18366697000184;2026-06-23;GASOLINA;6.49
18366697000184;2026-06-23;GASOLINA ADITIVADA;6.79
21246940000135;2026-06-23;GASOLINA;6.69
21246940000135;2026-06-23;GASOLINA ADITIVADA;6.89
23305603000105;2026-06-23;GASOLINA;6.64
23305603000105;2026-06-23;GASOLINA ADITIVADA;6.99
24145665000151;2026-06-23;DIESEL S10;6.89
24145665000151;2026-06-23;ETANOL;4.69
24145665000151;2026-06-23;GASOLINA;6.39
27394378000173;2026-06-23;DIESEL S10;6.79
27394378000173;2026-06-23;GASOLINA;6.69
27394378000173;2026-06-23;GASOLINA ADITIVADA;6.89
27394378000173;2026-06-23;GNV;4.29
27396415000182;2026-06-23;ETANOL;4.89
27396415000182;2026-06-23;GASOLINA;6.61
27396415000182;2026-06-23;GNV;4.28
29986296000143;2026-06-23;ETANOL;4.89
29986296000143;2026-06-23;GASOLINA;6.59
29986296000143;2026-06-23;GASOLINA ADITIVADA;6.99
00580488000173;2026-06-24;DIESEL;6.65
00580488000173;2026-06-24;DIESEL S10;6.89
00580488000173;2026-06-24;ETANOL;4.49
00580488000173;2026-06-24;GASOLINA;6.29
00580488000173;2026-06-24;GASOLINA ADITIVADA;6.59
27016518000170;2026-06-24;DIESEL;6.59
27016518000170;2026-06-24;DIESEL S10;6.69
27016518000170;2026-06-24;ETANOL;4.59
27016518000170;2026-06-24;GASOLINA;6.29
27016518000170;2026-06-24;GASOLINA ADITIVADA;6.49
27926384000124;2026-06-24;DIESEL;6.69
27926384000124;2026-06-24;DIESEL S10;6.79
27926384000124;2026-06-24;ETANOL;4.59
27926384000124;2026-06-24;GASOLINA;6.35
27926384000124;2026-06-24;GASOLINA ADITIVADA;6.35
00345721000133;2026-06-25;DIESEL S10;6.99
00345721000133;2026-06-25;GASOLINA;6.79
01283262000173;2026-06-25;DIESEL;6.75
01283262000173;2026-06-25;ETANOL;4.89
01283262000173;2026-06-25;GASOLINA;7.16
02583872000155;2026-06-25;DIESEL;6.59
02583872000155;2026-06-25;DIESEL S10;6.69
02583872000155;2026-06-25;ETANOL;4.99
02583872000155;2026-06-25;GASOLINA;7.29
02583872000155;2026-06-25;GASOLINA ADITIVADA;7.49
02665124000111;2026-06-25;DIESEL S10;7.39
02665124000111;2026-06-25;ETANOL;5.39
02665124000111;2026-06-25;GASOLINA;7.3
02665124000111;2026-06-25;GASOLINA ADITIVADA;7.6
02802986000149;2026-06-25;DIESEL S10;7.09
02802986000149;2026-06-25;ETANOL;5.15
02802986000149;2026-06-25;GASOLINA;6.68
02802986000149;2026-06-25;GASOLINA ADITIVADA;6.83
03408609000192;2026-06-25;DIESEL;6.65
03408609000192;2026-06-25;DIESEL S10;6.79
03408609000192;2026-06-25;ETANOL;4.71
03408609000192;2026-06-25;GASOLINA;7.25
03408609000192;2026-06-25;GASOLINA ADITIVADA;7.37
03948877000369;2026-06-25;DIESEL;6.89
03948877000369;2026-06-25;DIESEL S10;6.99
03948877000369;2026-06-25;GASOLINA;6.55
03948877000369;2026-06-25;GASOLINA ADITIVADA;6.75
04411606000170;2026-06-25;DIESEL S10;6.79
04411606000170;2026-06-25;ETANOL;4.59
04411606000170;2026-06-25;GASOLINA;7.09
04814652000110;2026-06-25;GASOLINA;6.69
07381843000124;2026-06-25;GASOLINA;6.69
07381843000124;2026-06-25;GASOLINA ADITIVADA;6.69
08519545000110;2026-06-25;GASOLINA;6.89
08519545000110;2026-06-25;GASOLINA ADITIVADA;6.99
08971375000100;2026-06-25;DIESEL;6.78
08971375000100;2026-06-25;DIESEL S10;6.84
08971375000100;2026-06-25;ETANOL;4.98
08971375000100;2026-06-25;GASOLINA;6.63
08971375000100;2026-06-25;GASOLINA ADITIVADA;6.77
09076862000172;2026-06-25;GASOLINA;6.79
09076862000172;2026-06-25;GASOLINA ADITIVADA;7.39
10813831000136;2026-06-25;DIESEL;6.99
10813831000136;2026-06-25;DIESEL S10;7.09
10813831000136;2026-06-25;GASOLINA;6.69
10813831000136;2026-06-25;GASOLINA ADITIVADA;6.99
11222333000262;2026-06-25;DIESEL;6.69
11222333000262;2026-06-25;DIESEL S10;6.79
11222333000262;2026-06-25;ETANOL;4.69
11222333000262;2026-06-25;GASOLINA;6.69
11222333000262;2026-06-25;GASOLINA ADITIVADA;6.89
11222333000262;2026-06-25;GNV;4.29
14096313000108;2026-06-25;DIESEL;7.09
14096313000108;2026-06-25;ETANOL;5.19
14096313000108;2026-06-25;GASOLINA;6.69
14096313000108;2026-06-25;GASOLINA ADITIVADA;7.09
20246670000108;2026-06-25;DIESEL;6.89
20246670000108;2026-06-25;DIESEL S10;6.99
20246670000108;2026-06-25;ETANOL;4.69
20246670000108;2026-06-25;GASOLINA;6.65
20863591000138;2026-06-25;DIESEL;6.89
20863591000138;2026-06-25;ETANOL;5.19
20863591000138;2026-06-25;GASOLINA;6.99
21931941000119;2026-06-25;DIESEL;6.69
21931941000119;2026-06-25;DIESEL S10;6.79
21931941000119;2026-06-25;ETANOL;5.05
21931941000119;2026-06-25;GASOLINA;7.26
21931941000119;2026-06-25;GASOLINA ADITIVADA;7.56
23238396000105;2026-06-25;DIESEL S10;7.29
23238396000105;2026-06-25;ETANOL;5.17
23238396000105;2026-06-25;GASOLINA;6.68
23238396000105;2026-06-25;GASOLINA ADITIVADA;6.83
27020445000190;2026-06-25;GASOLINA;6.79
27020445000190;2026-06-25;GASOLINA ADITIVADA;7.39
27020445000513;2026-06-25;GASOLINA;6.79
27020445000513;2026-06-25;GASOLINA ADITIVADA;7.39
27085240000192;2026-06-25;DIESEL;6.89
27085240000192;2026-06-25;DIESEL S10;6.99
27085240000192;2026-06-25;GASOLINA;6.69
27085240000192;2026-06-25;GASOLINA ADITIVADA;6.79
27124023000164;2026-06-25;DIESEL;7.39
27124023000164;2026-06-25;DIESEL S10;7.49
27124023000164;2026-06-25;GASOLINA;7.45
27179654000342;2026-06-25;DIESEL;6.89
27179654000342;2026-06-25;ETANOL;5.19
27179654000342;2026-06-25;GASOLINA;7.29
27179654000342;2026-06-25;GASOLINA ADITIVADA;7.29
27179654000342;2026-06-25;GNV;4.59
27316819000119;2026-06-25;GASOLINA;6.79
27316819000119;2026-06-25;GASOLINA ADITIVADA;7.09
28505616000133;2026-06-25;DIESEL;7.19
28505616000133;2026-06-25;DIESEL S10;7.29
28505616000133;2026-06-25;GASOLINA;6.89
28505616000133;2026-06-25;GASOLINA ADITIVADA;7.19
31284466000190;2026-06-25;DIESEL;6.69
31284466000190;2026-06-25;DIESEL S10;6.79
31284466000190;2026-06-25;ETANOL;5.05
31284466000190;2026-06-25;GASOLINA;7.26
31284466000190;2026-06-25;GASOLINA ADITIVADA;7.56
32248017000159;2026-06-25;DIESEL S10;7.39
32248017000159;2026-06-25;ETANOL;5.19
32248017000159;2026-06-25;GASOLINA;6.79
32248017000159;2026-06-25;GASOLINA ADITIVADA;7.19
39281274000131;2026-06-25;DIESEL;6.59
39281274000131;2026-06-25;DIESEL S10;6.69
39281274000131;2026-06-25;ETANOL;4.99
39281274000131;2026-06-25;GASOLINA;7.04
39281274000131;2026-06-25;GASOLINA ADITIVADA;7.24
39281274000131;2026-06-25;GNV;4.59
39814835000110;2026-06-25;DIESEL;6.89
39814835000110;2026-06-25;DIESEL S10;6.99
39814835000110;2026-06-25;ETANOL;4.99
39814835000110;2026-06-25;GASOLINA;6.69
39814835000110;2026-06-25;GASOLINA ADITIVADA;6.79
01496517000186;2026-06-29;DIESEL S10;6.99
01496517000186;2026-06-29;ETANOL;4.89
01496517000186;2026-06-29;GASOLINA;6.69
01496517000186;2026-06-29;GASOLINA ADITIVADA;6.89
01557127000179;2026-06-29;GASOLINA;6.49
01557127000179;2026-06-29;GASOLINA ADITIVADA;6.89
01635041000206;2026-06-29;DIESEL;6.79
01635041000206;2026-06-29;ETANOL;4.59
01635041000206;2026-06-29;GASOLINA;6.56
01635041000206;2026-06-29;GASOLINA ADITIVADA;6.96
01823633000162;2026-06-29;DIESEL;6.59
01823633000162;2026-06-29;DIESEL S10;6.69
01823633000162;2026-06-29;ETANOL;4.49
01823633000162;2026-06-29;GASOLINA;6.59
01823633000162;2026-06-29;GASOLINA ADITIVADA;6.79
02567214000170;2026-06-29;ETANOL;4.55
02567214000170;2026-06-29;GASOLINA;6.37
02567214000170;2026-06-29;GASOLINA ADITIVADA;6.49
02802986000149;2026-06-29;DIESEL S10;7.09
02802986000149;2026-06-29;ETANOL;5.15
02802986000149;2026-06-29;GASOLINA;6.68
02802986000149;2026-06-29;GASOLINA ADITIVADA;6.83
04145589001149;2026-06-29;DIESEL S10;6.74
04145589001149;2026-06-29;ETANOL;4.59
04145589001149;2026-06-29;GASOLINA;6.67
04145589001149;2026-06-29;GASOLINA ADITIVADA;6.92
04228463000166;2026-06-29;DIESEL S10;6.99
04228463000166;2026-06-29;ETANOL;4.59
04228463000166;2026-06-29;GASOLINA;6.65
04228463000166;2026-06-29;GASOLINA ADITIVADA;6.85
04960337000100;2026-06-29;ETANOL;4.48
04960337000100;2026-06-29;GASOLINA;6.37
04960337000100;2026-06-29;GASOLINA ADITIVADA;6.37
07470392000100;2026-06-29;DIESEL;6.89
07470392000100;2026-06-29;ETANOL;4.69
07470392000100;2026-06-29;GASOLINA;6.64
07470392000100;2026-06-29;GASOLINA ADITIVADA;6.99
07571908000102;2026-06-29;GASOLINA;6.59
07571908000102;2026-06-29;GASOLINA ADITIVADA;6.89
08788618000170;2026-06-29;ETANOL;4.99
08788618000170;2026-06-29;GASOLINA;6.69
08788618000170;2026-06-29;GASOLINA ADITIVADA;6.99
08788618000170;2026-06-29;GNV;4.29
09076862000172;2026-06-29;GASOLINA;6.79
09076862000172;2026-06-29;GASOLINA ADITIVADA;7.39
10197775000152;2026-06-29;DIESEL S10;6.99
10197775000152;2026-06-29;ETANOL;4.79
10197775000152;2026-06-29;GASOLINA;6.59
10197775000152;2026-06-29;GASOLINA ADITIVADA;6.79
14096313000108;2026-06-29;DIESEL;7.09
14096313000108;2026-06-29;ETANOL;5.19
14096313000108;2026-06-29;GASOLINA;6.69
14096313000108;2026-06-29;GASOLINA ADITIVADA;7.09
14806977000105;2026-06-29;ETANOL;4.79
14806977000105;2026-06-29;GASOLINA;6.69
14806977000105;2026-06-29;GASOLINA ADITIVADA;6.89
15010530000198;2026-06-29;DIESEL S10;6.74
15010530000198;2026-06-29;ETANOL;4.54
15010530000198;2026-06-29;GASOLINA;6.67
15010530000198;2026-06-29;GASOLINA ADITIVADA;7.07
16577742000114;2026-06-29;GASOLINA;6.49
16577742000114;2026-06-29;GASOLINA ADITIVADA;6.69
17375525000104;2026-06-29;DIESEL S10;6.78
17375525000104;2026-06-29;ETANOL;4.65
17375525000104;2026-06-29;GASOLINA;6.59
17375525000104;2026-06-29;GASOLINA ADITIVADA;6.79
17753176000117;2026-06-29;DIESEL S10;6.74
17753176000117;2026-06-29;ETANOL;4.54
17753176000117;2026-06-29;GASOLINA;6.67
17753176000117;2026-06-29;GASOLINA ADITIVADA;7.07
21246940000135;2026-06-29;GASOLINA;6.69
21246940000135;2026-06-29;GASOLINA ADITIVADA;6.89
23238396000105;2026-06-29;DIESEL S10;7.29
23238396000105;2026-06-29;ETANOL;5.17
23238396000105;2026-06-29;GASOLINA;6.68
23238396000105;2026-06-29;GASOLINA ADITIVADA;6.83
26980450000181;2026-06-29;ETANOL;4.75
26980450000181;2026-06-29;GASOLINA;6.69
26980450000181;2026-06-29;GASOLINA ADITIVADA;6.89
27020445000190;2026-06-29;GASOLINA;6.79
27020445000190;2026-06-29;GASOLINA ADITIVADA;7.39
27020445000513;2026-06-29;GASOLINA;6.79
27020445000513;2026-06-29;GASOLINA ADITIVADA;7.39
27066273000276;2026-06-29;ETANOL;4.55
27066273000276;2026-06-29;GASOLINA;6.37
27066273000276;2026-06-29;GASOLINA ADITIVADA;6.37
27316819000119;2026-06-29;ETANOL;5.79
27316819000119;2026-06-29;GASOLINA;6.79
27316819000119;2026-06-29;GASOLINA ADITIVADA;7.09
27734094000189;2026-06-29;DIESEL S10;6.79
27734094000189;2026-06-29;ETANOL;4.99
27734094000189;2026-06-29;GASOLINA;6.69
27734094000189;2026-06-29;GASOLINA ADITIVADA;7.04
28413219000131;2026-06-29;GASOLINA;6.65
28413219000131;2026-06-29;GASOLINA ADITIVADA;6.95
28761038000104;2026-06-29;ETANOL;4.59
28761038000104;2026-06-29;GASOLINA;6.37
28761038000104;2026-06-29;GASOLINA ADITIVADA;6.57
29326587000105;2026-06-29;GASOLINA;6.69
29326587000105;2026-06-29;GASOLINA ADITIVADA;6.69
29326587000105;2026-06-29;GNV;4.29
32248017000159;2026-06-29;DIESEL S10;7.39
32248017000159;2026-06-29;ETANOL;5.19
32248017000159;2026-06-29;GASOLINA;6.79
32248017000159;2026-06-29;GASOLINA ADITIVADA;7.19
01283262000173;2026-06-30;DIESEL;6.75
01283262000173;2026-06-30;ETANOL;4.89
01283262000173;2026-06-30;GASOLINA;7.16
01503536000192;2026-06-30;DIESEL S10;6.79
01503536000192;2026-06-30;GASOLINA;6.56
01503536000192;2026-06-30;GASOLINA ADITIVADA;6.76
02583872000155;2026-06-30;DIESEL;6.49
02583872000155;2026-06-30;DIESEL S10;6.69
02583872000155;2026-06-30;ETANOL;4.89
02583872000155;2026-06-30;GASOLINA;7.19
02583872000155;2026-06-30;GASOLINA ADITIVADA;7.39
02665124000111;2026-06-30;DIESEL S10;7.39
02665124000111;2026-06-30;ETANOL;5.39
02665124000111;2026-06-30;GASOLINA;7.3
02665124000111;2026-06-30;GASOLINA ADITIVADA;7.6
03408609000192;2026-06-30;DIESEL;6.65
03408609000192;2026-06-30;DIESEL S10;6.79
03408609000192;2026-06-30;ETANOL;4.71
03408609000192;2026-06-30;GASOLINA;7.25
03408609000192;2026-06-30;GASOLINA ADITIVADA;7.37
04145589001491;2026-06-30;DIESEL S10;6.89
04145589001491;2026-06-30;ETANOL;4.99
04145589001491;2026-06-30;GASOLINA;6.64
04145589001491;2026-06-30;GASOLINA ADITIVADA;6.89
04145589001491;2026-06-30;GNV;4.29
04361389000151;2026-06-30;DIESEL;6.78
04361389000151;2026-06-30;DIESEL S10;6.88
04361389000151;2026-06-30;ETANOL;4.69
04361389000151;2026-06-30;GASOLINA;6.64
04361389000232;2026-06-30;DIESEL S10;6.99
04361389000232;2026-06-30;ETANOL;4.85
04361389000232;2026-06-30;GASOLINA;6.64
04361389000232;2026-06-30;GASOLINA ADITIVADA;6.84
04411606000170;2026-06-30;DIESEL S10;6.79
04411606000170;2026-06-30;ETANOL;4.59
04411606000170;2026-06-30;GASOLINA;7.09
04850382000101;2026-06-30;GASOLINA;6.49
04850382000101;2026-06-30;GASOLINA ADITIVADA;6.69
04850382000101;2026-06-30;GNV;4.29
04994796000104;2026-06-30;GASOLINA;6.39
04994796000104;2026-06-30;GASOLINA ADITIVADA;6.54
05393247000139;2026-06-30;DIESEL S10;6.99
05393247000139;2026-06-30;ETANOL;4.85
05393247000139;2026-06-30;GASOLINA;6.64
05393247000139;2026-06-30;GASOLINA ADITIVADA;6.64
05738923000169;2026-06-30;DIESEL;6.89
05738923000169;2026-06-30;ETANOL;4.69
05738923000169;2026-06-30;GASOLINA;6.64
05738923000169;2026-06-30;GASOLINA ADITIVADA;7.14
07830414000197;2026-06-30;DIESEL;6.69
07830414000197;2026-06-30;ETANOL;4.99
07830414000197;2026-06-30;GASOLINA;6.94
07830414000197;2026-06-30;GASOLINA ADITIVADA;6.94
08022304000161;2026-06-30;DIESEL S10;6.99
08022304000161;2026-06-30;ETANOL;4.99
08022304000161;2026-06-30;GASOLINA;6.54
08022304000161;2026-06-30;GASOLINA ADITIVADA;6.84
09167931000153;2026-06-30;DIESEL S10;6.99
09167931000153;2026-06-30;ETANOL;4.99
09167931000153;2026-06-30;GASOLINA;6.69
09167931000153;2026-06-30;GASOLINA ADITIVADA;6.89
10569345000114;2026-06-30;GASOLINA;6.59
10569345000114;2026-06-30;GASOLINA ADITIVADA;6.86
11222333000181;2026-06-30;DIESEL;6.76
11222333000181;2026-06-30;DIESEL S10;6.82
11222333000181;2026-06-30;ETANOL;4.87
11222333000181;2026-06-30;GASOLINA;6.69
11222333000181;2026-06-30;GASOLINA ADITIVADA;6.69
11222333000181;2026-06-30;GNV;4.29
12535572000154;2026-06-30;DIESEL S10;6.79
12535572000154;2026-06-30;ETANOL;4.79
12535572000154;2026-06-30;GASOLINA;6.59
12535572000154;2026-06-30;GASOLINA ADITIVADA;6.89
13814642000176;2026-06-30;DIESEL S10;6.89
13814642000176;2026-06-30;ETANOL;4.59
13814642000176;2026-06-30;GASOLINA;6.67
13814642000176;2026-06-30;GASOLINA ADITIVADA;7.07
20863591000138;2026-06-30;DIESEL;6.79
20863591000138;2026-06-30;DIESEL S10;6.89
20863591000138;2026-06-30;ETANOL;5.19
20863591000138;2026-06-30;GASOLINA;6.99
20863591000138;2026-06-30;GASOLINA ADITIVADA;7.14
21931941000119;2026-06-30;DIESEL;6.49
21931941000119;2026-06-30;DIESEL S10;6.69
21931941000119;2026-06-30;ETANOL;4.99
21931941000119;2026-06-30;GASOLINA;7.26
21931941000119;2026-06-30;GASOLINA ADITIVADA;7.56
22356015000120;2026-06-30;DIESEL;6.79
22356015000120;2026-06-30;DIESEL S10;6.89
22356015000120;2026-06-30;ETANOL;4.69
22356015000120;2026-06-30;GASOLINA;6.65
22356015000120;2026-06-30;GASOLINA ADITIVADA;6.85
22356015000120;2026-06-30;GNV;4.29
23314250000100;2026-06-30;DIESEL S10;6.59
23314250000100;2026-06-30;ETANOL;4.45
23314250000100;2026-06-30;GASOLINA;6.49
27124023000164;2026-06-30;DIESEL;7.39
27124023000164;2026-06-30;DIESEL S10;7.49
27124023000164;2026-06-30;GASOLINA;7.25
27179654000342;2026-06-30;DIESEL;6.89
27179654000342;2026-06-30;ETANOL;4.89
27179654000342;2026-06-30;GASOLINA;7.19
27179654000342;2026-06-30;GASOLINA ADITIVADA;7.19
27179654000342;2026-06-30;GNV;4.59
28505616000133;2026-06-30;DIESEL;7.09
28505616000133;2026-06-30;DIESEL S10;7.29
28505616000133;2026-06-30;GASOLINA;6.89
28505616000133;2026-06-30;GASOLINA ADITIVADA;7.19
30690682000172;2026-06-30;DIESEL S10;6.99
30690682000172;2026-06-30;ETANOL;5.49
30690682000172;2026-06-30;GASOLINA;6.79
30690682000172;2026-06-30;GASOLINA ADITIVADA;6.99
31284466000190;2026-06-30;DIESEL;6.69
31284466000190;2026-06-30;DIESEL S10;6.79
31284466000190;2026-06-30;ETANOL;4.89
31284466000190;2026-06-30;GASOLINA;7.19
31284466000190;2026-06-30;GASOLINA ADITIVADA;7.49
39281274000131;2026-06-30;DIESEL;6.59
39281274000131;2026-06-30;DIESEL S10;6.69
39281274000131;2026-06-30;ETANOL;4.99
39281274000131;2026-06-30;GASOLINA;7.04
39281274000131;2026-06-30;GASOLINA ADITIVADA;7.24
39281274000131;2026-06-30;GNV;4.59
47674687000104;2026-06-30;DIESEL S10;6.69
47674687000104;2026-06-30;ETANOL;4.59
47674687000104;2026-06-30;GASOLINA;6.63
