data_coleta;semana_ref;tipo_posto;cnpj;razao_social;grupo_economico;bandeira;endereco;cep;municipio;uf;regiao;produtos;precos;unidades;servicos;gerente;telefones_gerente;concorrentes_diretos;observacoes
02/01/2026;2026-S01;CONCORRENTE; 00.345.721/0001-33;RUBENS SCHUENG FILHO;RUBENS SCHUENG FILHO;IPIRANGA;RUA DOUTOR RAIMUNDO GUILHERME SOBRINHO, 605 - FRENTE - SERNAMBY;29930-480;SAO MATEUS;ES;SE;DIESEL S10, GASOLINA;5,99 / 6,39;"R$ / litro; R$ / litro";Conveniencia;;;;
02/01/2026;2026-S01;CONCORRENTE; 05.349.237/0001-04;POSTO IRMAOS CAMATTA;POSTO IRMAOS CAMATTA LTDA;VIBRA;RODOVIA BR 101, KM 143, S/N - CANIVETE;29909-010;LINHARES;ES;SE;GASOLINA, GASOLINA ADITIVADA;6,59 / 6,59;"R$ / litro; R$ / litro";Troca de oleo, Caixa eletronico;;;;
02/01/2026;2026-S01;CONCORRENTE; 05.609.081/0001-45;AUTO SERVICO FLORESTA LTDA;AUTO SERVICO FLORESTA LTDA;VIBRA;AVENIDA PREFEITO SAMUEL BATISTA CRUZ, 1276 - ARACA;29900-100;LINHARES;ES;SE;DIESEL, GASOLINA;5,89 / 6,59;"R$ / litro; R$ / litro";Lava-jato,Troca de oleo,Caixa eletronico,Borracharia;;;;
02/01/2026;2026-S01;CONCORRENTE; 09.369.995/0001-37;POSTO DE COMBUSTIVEIS FERRARI SAO MATEUS LTDA;POSTO DE COMBUSTIVEIS FERRARI SAO MATEUS LTDA;BRANCA;"RODOVIA BR-101 NORTE, 921 - KM: 63; - VILA NOVA";29941-010;SAO MATEUS;ES;SE;ETANOL, GASOLINA, GNV;4,79 / 6,39 / 4,49;"R$ / litro; R$ / litro; R$ / m³";Lava-jato,Troca de oleo,Conveniencia;;;;
02/01/2026;2026-S01;CONCORRENTE; 10.223.356/0001-48;POSTO TREVO DA PONTE LTDA;POSTO TREVO DA PONTE LTDA;IPIRANGA;AVENIDA GOVERNADOR JONES DOS SANTOS NEVES, 160 - AVISO;29900-384;LINHARES;ES;SE;DIESEL, GASOLINA, GASOLINA ADITIVADA;5,89 / 6,59 / 6,59;"R$ / litro; R$ / litro; R$ / litro";Borracharia;;;;ver com gerente
02/01/2026;2026-S01;CONCORRENTE; 10.331.576/0001-95;AUTO POSTO LINHARES;AUTO POSTO LINHARES LTDA;IPIRANGA;AVENIDA JOSE TESCH, 657 - SHELL;29901-500;LINHARES;ES;SE;DIESEL, GASOLINA, GASOLINA ADITIVADA;5,99 / 6,59 / 6,59;"R$ / litro; R$ / litro; R$ / litro";"Conveniencia; Caixa eletronico; Troca de oleo; Borracharia";;;;
02/01/2026;2026-S01;CONCORRENTE; 13.602.147/0001-01;AUTO POSTO LAGOA DO MEIO LTDA;AUTO POSTO LAGOA DO MEIO LTDA;IPIRANGA;RUA GUAICURUS, 18 - LAGOA DO MEIO;29904-010;LINHARES;ES;SE;DIESEL S10, GASOLINA;5,99 / 6,59;"R$ / litro; R$ / litro";Borracharia,Caixa eletronico;;;;
02/01/2026;2026-S01;CONCORRENTE; 14.509.900/0001-73;POSTO DE COMBUSTIVEIS LINHARES LTDA;POSTO DE COMBUSTIVEIS LINHARES LTDA;BRANCA;AVENIDA SAO MATEUS, S/N - SHELL;29901-630;LINHARES;ES;SE;ETANOL, GASOLINA;4,49 / 6,59;"R$ / litro; R$ / litro";"Lava-jato; Calibragem; Caixa eletronico; Troca de oleo";;;;
02/01/2026;2026-S01;CONCORRENTE; 27.303.411/0001-02;AUTO POSTO DADINHO LTDA;AUTO POSTO DADINHO LTDA;IPIRANGA;RODOVIA BR 101, S/N - KM 140 - CANIVETE;29901-401;LINHARES;ES;SE;DIESEL, DIESEL S10, ETANOL, GASOLINA, GASOLINA ADITIVADA;5,99 / 6,09 / 4,99 / 6,59 / 6,69;"R$ / litro; R$ / litro; R$ / litro; R$ / litro; R$ / litro";Conveniencia;;;;
02/01/2026;2026-S01;CONCORRENTE; 27.303.411/0003-74;AUTO POSTO DADINHO LTDA;AUTO POSTO DADINHO LTDA;ALE;AVENIDA VEREADOR WILMO VITORIO GUIZANI, 12 - SAO JOSE;29905-080;LINHARES;ES;SE;DIESEL, GASOLINA, GASOLINA ADITIVADA;5,87 / 6,59 / 6,69;"R$ / litro; R$ / litro; R$ / litro";Caixa eletronico,Lava-jato;;;;
02/01/2026;2026-S01;CONCORRENTE; 27.664.597/0007-10;AUTO POSTO SCHUENG LTDA;AUTO POSTO SCHUENG LTDA;IPIRANGA;AVENIDA DOUTOR RAIMUNDO GUILHERME SOBRINHO, 176 - BOA VISTA;29931-630;SAO MATEUS;ES;SE;ETANOL, GASOLINA, GASOLINA ADITIVADA;4,49 / 6,39 / 6,39;"R$ / litro; R$ / litro; R$ / litro";Conveniencia, Borracharia, Calibragem;;;;
02/01/2026;2026-S01;CONCORRENTE; 29.937.036/0001-88;LOCVAN TRANSPORTE E TURISMO LTDA;LOCVAN TRANSPORTE E TURISMO LTDA;BRANCA;RODOVIA GOVERNADOR MARIO COVAS, 573 - VILA NOVA;29941-010;SAO MATEUS;ES;SE;DIESEL S10, ETANOL, GASOLINA, GASOLINA ADITIVADA;6,09 / 4,89 / 6,39 / 6,39;"R$ / litro; R$ / litro; R$ / litro; R$ / litro";Calibragem,Conveniencia;;;;
02/01/2026;2026-S01;CONCORRENTE; 30.578.975/0001-62;CAMATTA & CIA LTDA;CAMATTA & CIA LTDA;IPIRANGA;AVENIDA WENCESLAU BRAZ, 133 - CENTRO;29901-260;LINHARES;ES;SE;DIESEL, GASOLINA, GASOLINA ADITIVADA;5,89 / 6,59 / 6,59;"R$ / litro; R$ / litro; R$ / litro";Calibragem;;;;
02/01/2026;2026-S01;CONCORRENTE; 30.690.682/0001-72;MACPLAN AUTO POSTO SAO MATEUS LTDA;MACPLAN AUTO POSTO SAO MATEUS LTDA;IPIRANGA;RUA HUMBERTO CONDE RIOS, 39 - SERNAMBY;29930-580;SAO MATEUS;ES;SE;DIESEL S10, ETANOL, GASOLINA, GASOLINA ADITIVADA;6,49 / 4,99 / 6,69 / 6,69;"R$ / litro; R$ / litro; R$ / litro; R$ / litro";Troca de oleo / Calibragem;;;;
2026-01-02;2026-S01;CONCORRENTE; 37.361.618/0001-97;AUTO POSTO MAX COMBUSTIVEIS E DERIVADOS LTDA;AUTO POSTO MAX COMBUSTIVEIS E DERIVADOS LTDA;BRANCA;AVENIDA CEREJEIRA, 694 - LOTE  01                  QUADRA12 - MOVELAR;29906-014;LINHARES;ES;SE;ETANOL, GASOLINA, GASOLINA ADITIVADA;4,49 / 6,59 / 6,59;"R$ / litro; R$ / litro; R$ / litro";Caixa eletronico,Calibragem;;;;
02/01/2026;2026-S01;CONCORRENTE; 47.674.687/0001-04;POSTO ATUAL SAO MATEUS LTDA;POSTO ATUAL SAO MATEUS LTDA;ATLÂNTICA;RUA MONSENHOR GUILHERME SCHIMITZ, 363 - SERNAMBY;29930-660;SAO MATEUS;ES;SE;DIESEL S10, ETANOL, GASOLINA;5,95 / 4,45 / 6,35;"R$ / litro; R$ / litro; R$ / litro";Calibragem,Caixa eletronico;;;;
05/01/2026;2026-S02;CONCORRENTE; 07.470.392/0001-00;POSTO DE COMBUSTIVEIS OTAVIO EIRELI;POSTO DE COMBUSTIVEIS OTAVIO EIRELI;RAIZEN;AVENIDA ABDO SAAD, 833 - JACARAIPE;29173-510;SERRA;ES;SE;DIESEL, ETANOL, GASOLINA, GASOLINA ADITIVADA;5,99 / 4,58 / 6,29 / 6,59;"R$ / litro; R$ / litro; R$ / litro; R$ / litro";Borracharia;;;;
2026-01-05;2026-S02;CONCORRENTE; 10.197.775/0001-52;REDE DE POSTOS SAGUI LTDA;REDE DE POSTOS SAGUI LTDA;ATLÂNTICA;RUA EUCLIDES DA CUNHA, 421 - SAO DIOGO I;29163-265;SERRA;ES;SE;DIESEL S10, ETANOL, GASOLINA, GASOLINA ADITIVADA;5,99 / 4,49 / 6,29 / 6,29;"R$ / litro; R$ / litro; R$ / litro; R$ / litro";Caixa eletronico,Conveniencia;;;;
05/01/2026;2026-S02;CONCORRENTE; 17.375.525/0001-04;AUTO POSTO LUCAS - EPP.;AUTO POSTO LUCAS - EPP.;ALE;AVENIDA ROMULO CASTELLO, 791 - LOTES 20 A 23 - CASTELANDIA;29172-620;SERRA;ES;SE;DIESEL S10, ETANOL, GASOLINA, GASOLINA ADITIVADA;5,88 / 4,49 / 6,29 / 6,49;"R$ / litro; R$ / litro; R$ / litro; R$ / litro";"Troca de oleo; Calibragem; Borracharia; Caixa eletronico";;;;
06/01/2026;2026-S02;CONCORRENTE; 00.762.780/0002-98;POSTO SD LTDA;POSTO SD LTDA;VIBRA;AVENIDA GOVERNADOR EURICO VIEIRA DE REZENDE, 278 - LOTE  1-2-3-4-5 - GURIRI NORTE;29946-100;SAO MATEUS;ES;SE;DIESEL S10, GASOLINA, GASOLINA ADITIVADA;5,99 / 6,69 / 6,79;"R$ / litro; R$ / litro; R$ / litro";Borracharia;;;;
06/01/2026;2026-S02;CONCORRENTE; 01.514.752/0001-33;POSTO THIAGO LIMITADA;POSTO THIAGO LIMITADA;VIBRA;AVENIDA CEZAR HILAL, 868 - BENTO FERREIRA;29050-662;VITORIA;ES;SE;ETANOL, GASOLINA, GASOLINA ADITIVADA;4,39 / 6,05 / 6,25;"R$ / litro; R$ / litro; R$ / litro";Caixa eletronico;;;;
06/01/2026;2026-S02;CONCORRENTE; 01.823.633/0001-62;POSTO METROPOLITANO LTDA;POSTO METROPOLITANO LTDA;IPIRANGA;VIA DOIS, 226 - ANEXO QUADRA 03 MODULO 03 - TIMS;29161-373;SERRA;ES;SE;DIESEL, DIESEL S10, ETANOL, GASOLINA, GASOLINA ADITIVADA;5,79 / 5,89 / 4,49 / 6,29 / 6,49;"R$ / litro; R$ / litro; R$ / litro; R$ / litro; R$ / litro";Borracharia, Calibragem;;;;
06/01/2026;2026-S02;CONCORRENTE; 04.228.463/0001-66;AUTO POSTO MARLIN LTDA;AUTO POSTO MARLIN LTDA;ATLÂNTICA;RUA JUIZ ALEXANDRE MARTINS DE CASTRO FILHO, 285 - SANTA LUCIA;29056-295;VITORIA;ES;SE;DIESEL S10, ETANOL, GASOLINA, GASOLINA ADITIVADA;5,99 / 4,49 / 6,29 / 6,29;"R$ / litro; R$ / litro; R$ / litro; R$ / litro";Caixa eletronico,Troca de oleo;;;;
06/01/2026;2026-S02;CONCORRENTE; 04.361.389/0001-51;AUTO POSTO WAVE LTDA;AUTO POSTO WAVE LTDA;ALE;AVENIDA TALMA RODRIGUES RIBEIRO, 5416 A - PORTAL DE JACARAIPE;29173-795;SERRA;ES;SE;DIESEL, DIESEL S10, ETANOL, GASOLINA;5,89 / 5,99 / 4,59 / 6,29;"R$ / litro; R$ / litro; R$ / litro; R$ / litro";"Calibragem; Borracharia";;;;
06/01/2026;2026-S02;CONCORRENTE; 04.361.389/0002-32;AUTO POSTO WAVE LTDA;AUTO POSTO WAVE LTDA;ALE;AVENIDA MARTIN PESCADOR, 12 - PORTO CANOA;29168-460;SERRA;ES;SE;DIESEL S10, ETANOL, GASOLINA, GASOLINA ADITIVADA;5,99 / 4,68 / 6,29 / 6,49;"R$ / litro; R$ / litro; R$ / litro; R$ / litro";Borracharia,Caixa eletronico,Troca de oleo;;;;
06/01/2026;2026-S02;CONCORRENTE; 04.960.337/0001-00;Renova Comercio Combustivel E Servicos Ltda;RENOVA COMERCIO COMBUSTIVEL E SERVICOS LTDA;BRANCA;AVENIDA LEITAO DA SILVA, 1150 - SANTA LUCIA;29056-184;VITORIA;ES;SE;ETANOL, GASOLINA, GASOLINA ADITIVADA;4,35 / 6,05 / 6,05;"R$ / litro; R$ / litro; R$ / litro";"Borracharia; Calibragem";;;;
06/01/2026;2026-S02;CONCORRENTE; 04.994.796/0001-04;POSTO SB LTDA;POSTO SB LTDA;VIBRA;AVENIDA BRASILIA, 1360 - PLANICIE DA SERRA;29168-710;SERRA;ES;SE;GASOLINA, GASOLINA ADITIVADA;6,29 / 6,44;"R$ / litro; R$ / litro";"Borracharia; Calibragem; Troca de oleo; Caixa eletronico";;;;
06/01/2026;2026-S02;CONCORRENTE; 05.393.247/0001-39;POSTO CANOA DERIVADOS DE PETROLEO LTDA;POSTO CANOA DERIVADOS DE PETROLEO LTDA;ALE;AVENIDA BRASILIA, 575 - PORTO CANOA;29168-600;SERRA;ES;SE;DIESEL S10, ETANOL, GASOLINA, GASOLINA ADITIVADA;5,99 / 4,68 / 6,29 / 6,49;"R$ / litro; R$ / litro; R$ / litro; R$ / litro";Borracharia / Caixa eletronico / Calibragem;;;;
06/01/2026;2026-S02;CONCORRENTE; 05.738.923/0001-69;GEGEL AUTO POSTO LTDA;GEGEL AUTO POSTO LTDA;RAIZEN;AVENIDA CENTRAL B, S/N - QUADRAEC VII - CIVIT II;29168-071;SERRA;ES;SE;DIESEL, ETANOL, GASOLINA, GASOLINA ADITIVADA;5,89 / 4,49 / 6,29 / 6,69;"R$ / litro; R$ / litro; R$ / litro; R$ / litro";"Conveniencia; Borracharia; Caixa eletronico; Calibragem";;;;
06/01/2026;2026-S02;CONCORRENTE; 07.571.908/0001-02;AUTO POSTO CORAL LTDA;AUTO POSTO CORAL LTDA;VIBRA;AVENIDA NORTE SUL, 259 - N.S.DO ROSARIO DE FATIMA;29176-798;SERRA;ES;SE;GASOLINA, GASOLINA ADITIVADA;6,29 / 6,59;"R$ / litro; R$ / litro";Borracharia, Lava-jato, Conveniencia;;;;
06/01/2026;2026-S02;CONCORRENTE; 07.830.414/0001-97;REVENDA DE COMBUSTIVEIS BKR LTDA;REVENDA DE COMBUSTIVEIS BKR LTDA;RAIZEN;RODOVIA GOVERNADOR MARIO COVAS, 122 - BARCELONA;29166-095;SERRA;ES;SE;DIESEL, ETANOL, GASOLINA, GASOLINA ADITIVADA;5,89 / 4,87 / 6,29 / 6,64;"R$ / litro; R$ / litro; R$ / litro; R$ / litro";"Calibragem; Troca de oleo; Borracharia";;;;
06/01/2026;2026-S02;CONCORRENTE; 08.788.618/0001-70;J. S. PETROLEO E COMERCIO LTDA.;J. S. PETROLEO E COMERCIO LTDA.;RAIZEN;AVENIDA DANTE MICHELINI, 2461 - MATA DA PRAIA;29066-430;VITORIA;ES;SE;ETANOL, GASOLINA, GASOLINA ADITIVADA, GNV;4,59 / 6,29 / 6,59 / 4,09;"R$ / litro; R$ / litro; R$ / litro; R$ / m³";Borracharia, Caixa eletronico, Troca de oleo;;;;
06/01/2026;2026-S02;PROPRIO; 11.222.333/0003-43;REDE MARE COMBUSTIVEIS LTDA.;REDE MARE;BRANCA;AVENIDA VITORIA, 2667 - HORTO;29027-080;VITORIA;ES;SE;DIESEL S10, ETANOL, GASOLINA, GASOLINA ADITIVADA;5,89 / 4,39 / 6,05 / 6,05;"R$/l; R$/l; R$/l; R$/l";Conveniencia / Borracharia;Paulo Ferraz;(27) 99945-7810 / (27) 3226-4410;"02.567.214/0001-70; 14.806.977/0001-05; 26.980.450/0001-81";
06/01/2026;2026-S02;PROPRIO; 11.222.333/0004-24;REDE MARE COMBUSTIVEIS LTDA;REDE MARE;BRANCA;RODOVIA GOVERNADOR MARIO COVAS, 4324 - KM    265   POSTO - PLANALTO DE CARAPINA;29162-702;SERRA;ES;SE;DIESEL S10, ETANOL, GASOLINA, GASOLINA ADITIVADA;5,99 / 4,59 / 6,24 / 6,44;"R$ / litro; R$ / litro; R$ / litro; R$ / litro";Troca de oleo;Renata Alves;(27) 99633-9021;"01.823.633/0001-62; 04.361.389/0002-32; 05.393.247/0001-39";
06/01/2026;2026-S02;CONCORRENTE; 11.942.147/0001-17;POSTO PARADA VITORIA LTDA;POSTO PARADA VITORIA LTDA;ALE;AVENIDA MARECHALCAMPOS, 370 - CONSOLACAO;29045-460;VITORIA;ES;SE;DIESEL S10, ETANOL, GASOLINA, GASOLINA ADITIVADA;5,99 / 4,45 / 6,05 / 6,25;"R$ / litro; R$ / litro; R$ / litro; R$ / litro";"Conveniencia; Caixa eletronico; Troca de oleo";;;;
06/01/2026;2026-S02;CONCORRENTE; 12.535.572/0001-54;AUTO POSTO MORADA LTDA;AUTO POSTO MORADA LTDA;IPIRANGA;AVENIDA PAULO PEREIRA GOMES, S/N - LOTE  03C                 QUADRAUE IV               SETOR II - MORADA DE LARANJEIRAS;29166-828;SERRA;ES;SE;DIESEL S10, ETANOL, GASOLINA, GASOLINA ADITIVADA;5,95 / 4,69 / 6,29 / 6,39;"R$ / litro; R$ / litro; R$ / litro; R$ / litro";"Borracharia; Calibragem; Troca de oleo";;;;
06/01/2026;2026-S02;CONCORRENTE; 14.806.977/0001-05;AUTO POSTO SILVARES LTDA;AUTO POSTO SILVARES LTDA;IPIRANGA;AVENIDA   NAIR AZEVEDO SILVA, 430 - ILHA DO PRINCIPE;29020-240;VITORIA;ES;SE;ETANOL, GASOLINA, GASOLINA ADITIVADA;4,69 / 6,29 / 6,49;"R$ / litro; R$ / litro; R$ / litro";Borracharia;;;;
06/01/2026;2026-S02;CONCORRENTE; 16.577.742/0001-14;AUTO POSTO ESCOLA COMERCIO DE COMBUSTIVEIS, LUBRIFICANTES E SERVICOS LTDA;AUTO POSTO ESCOLA COMERCIO DE COMBUSTIVEIS, LUBRIFICANTES E SERVICOS LTDA;VIBRA;"AVENIDA AMERICO BUAIZ, 1 - : POSTO; - ENSEADA DO SUA";29050-463;VITORIA;ES;SE;GASOLINA, GASOLINA ADITIVADA;6,07 / 6,27;"R$ / litro; R$ / litro";Troca de oleo / Caixa eletronico;;;;
06/01/2026;2026-S02;CONCORRENTE; 22.356.015/0001-20;CENTRAL COMERCIO DE COMBUSTIVEIS LTDA;CENTRAL COMERCIO DE COMBUSTIVEIS LTDA;IPIRANGA;"AVENIDA ELDES SCHERRER SOUZA, 2100 - : POSTO; - CIVIT II";29168-060;SERRA;ES;SE;DIESEL, DIESEL S10, ETANOL, GASOLINA, GASOLINA ADITIVADA, GNV;5,89 / 5,99 / 4,49 / 6,29 / 6,49 / 4,09;"R$ / litro; R$ / litro; R$ / litro; R$ / litro; R$ / litro; R$ / m³";Troca de oleo / Borracharia / Lava-jato / Conveniencia;;;;
06/01/2026;2026-S02;CONCORRENTE; 26.980.450/0001-81;AUTO POSTO VITORIA COMERCIO DE COMBUSTIVEIS LTDA;AUTO POSTO VITORIA COMERCIO DE COMBUSTIVEIS LTDA;VIBRA;RUA OLYMPIO RODRIGUES PASSOS, 14 - LOJA  01 - JABOUR;29072-290;VITORIA;ES;SE;ETANOL, GASOLINA, GASOLINA ADITIVADA;4,89 / 6,29 / 6,49;"R$/l; R$/l; R$/l";Caixa eletronico;;;;
06/01/2026;2026-S02;CONCORRENTE; 27.066.273/0002-76;POSTO ARVOREDO LTDA;POSTO ARVOREDO LTDA;BRANCA;AVENIDA VITORIA, 1600 - POSTO - ILHA DE SANTA MARIA;29051-040;VITORIA;ES;SE;ETANOL, GASOLINA, GASOLINA ADITIVADA;4,39 / 6,05 / 6,05;"R$ / litro; R$ / litro; R$ / litro";Lava-jato / Troca de oleo / Borracharia;;;;
06/01/2026;2026-S02;CONCORRENTE;27493675000176;POSTO RIO DOCE LTDA.;POSTO RIO DOCE LTDA.;BRANCA;R SEVERINO DAMIANI, 177 - CENTRO;29700-013;COLATINA;ES;SE;DIESEL S10, ETANOL, GASOLINA, GASOLINA ADITIVADA;6,38 / 4,88 / 6,58 / 6,58;"R$ / litro; R$ / litro; R$ / litro; R$ / litro";"Borracharia; Conveniencia; Troca de oleo";;;;
06/01/2026;2026-S02;CONCORRENTE; 27.664.597/0006-30;AUTO POSTO SCHUENG LTDA;AUTO POSTO SCHUENG LTDA;ALE;RUA DOMINGOS CARRAFA, 49 - GURIRI SUL;29945-170;SAO MATEUS;ES;SE;DIESEL S10, GASOLINA;6,19 / 6,59;"R$ / litro; R$ / litro";Troca de oleo, Lava-jato, Calibragem;;;;ATUALIZAR!!
06/01/2026;2026-S02;CONCORRENTE; 27.664.597/0009-82;AUTO POSTO SCHUENG LTDA;AUTO POSTO SCHUENG LTDA;IPIRANGA;AVENIDA ESBERTALINA BARBOSA DAMIANI, 41-N - GURIRI NORTE;29946-490;SAO MATEUS;ES;SE;DIESEL, DIESEL S10, ETANOL, GASOLINA;6,09 / 6,19 / 4,69 / 6,59;"R$/l; R$/l; R$/l; R$/l";Conveniencia / Borracharia / Lava-jato;;;;
06/01/2026;2026-S02;CONCORRENTE; 27.734.094/0001-89;POSTO ATLANTICO LTDA;POSTO ATLANTICO LTDA;RAIZEN;AVENIDA DANTE MICHELINI, 4655 - POSTO - JARDIM CAMBURI;29090-070;VITORIA;ES;SE;DIESEL S10, ETANOL, GASOLINA, GASOLINA ADITIVADA;6,39 / 4,99 / 6,29 / 6,64;"R$ / litro; R$ / litro; R$ / litro; R$ / litro";Borracharia,Calibragem;;;;
06/01/2026;2026-S02;CONCORRENTE; 28.059.632/0001-40;A.B.C. AUTO SERVICOS LTDA;A.B.C. AUTO SERVICOS LTDA;RAIZEN;AVENIDA ROBERT KENNEDY, 21 - A - SAO TORQUATO;29114-000;VILA VELHA;ES;SE;DIESEL, DIESEL S10, GASOLINA, GASOLINA ADITIVADA;6,09 / 6,09 / 6,29 / 6,69;"R$/l; R$/l; R$/l; R$/l";"Caixa eletronico; Borracharia; Troca de oleo";;;;
06/01/2026;2026-S02;CONCORRENTE; 28.413.219/0001-31;COMERCIAL NORTE SUL LTDA;COMERCIAL NORTE SUL LTDA;VIBRA;AVENIDA MARUIPE, 2757 - SANTA LUIZA;29045-230;VITORIA;ES;SE;GASOLINA, GASOLINA ADITIVADA;6,29 / 6,59;"R$ / litro; R$ / litro";Lava-jato;;;;
06/01/2026;2026-S02;CONCORRENTE; 31.465.040/0001-32;POSTO ITAPOA LTDA;POSTO ITAPOA LTDA;IPIRANGA;AVENIDA FRANCELINA SETUBAL, 333 - ITAPOAN;29100-000;VILA VELHA;ES;SE;DIESEL S10, ETANOL, GASOLINA, GASOLINA ADITIVADA;5,99 / 4,68 / 6,29 / 6,59;"R$ / litro; R$ / litro; R$ / litro; R$ / litro";"Calibragem; Lava-jato";;;;
06/01/2026;2026-S02;CONCORRENTE; 47.674.687/0001-04;POSTO ATUAL SAO MATEUS LTDA;POSTO ATUAL SAO MATEUS LTDA;ATLÂNTICA;RUA MONSENHOR GUILHERME SCHIMITZ, 363 - SERNAMBY;29930-660;SAO MATEUS;ES;SE;DIESEL S10, ETANOL, GASOLINA;5,95 / 4,45 / 6,35;"R$ / litro; R$ / litro; R$ / litro";Calibragem,Caixa eletronico;;;;
07/01/2026;2026-S02;CONCORRENTE; 00.580.488/0001-73;POSTO DE GASOLINA MARACANA LTDA;POSTO DE GASOLINA MARACANA LTDA;IPIRANGA;AVENIDA ALICE COUTINHO SANTOS, 2101 - POSTO DE GASOLINA - MARACANA;29142-887;CARIACICA;ES;SE;DIESEL, DIESEL S10, ETANOL, GASOLINA, GASOLINA ADITIVADA;5,99 / 5,99 / 4,65 / 6,25 / 6,39;"R$ / litro; R$ / litro; R$ / litro; R$ / litro; R$ / litro";Troca de oleo / Borracharia / Caixa eletronico;;;;preco conferido por telefone
07/01/2026;2026-S02;CONCORRENTE; 01.496.517/0001-86;POSTO PERIM LTDA;POSTO PERIM LTDA;VIBRA;RUA SANTA LEOPOLDINA, 1650 - ITAPARICA;29102-040;VILA VELHA;ES;SE;DIESEL S10, ETANOL, GASOLINA, GASOLINA ADITIVADA;6,19 / 4,89 / 6,29 / 6,49;"R$ / litro; R$ / litro; R$ / litro; R$ / litro";Conveniencia, Borracharia, Caixa eletronico, Calibragem;;;;
07/01/2026;2026-S02;CONCORRENTE; 01.557.127/0001-79;AUTO POSTO ILHA DAS GARCAS LTDA;AUTO POSTO ILHA DAS GARCAS LTDA;VIBRA;RUA MARIA DE OLIVEIRA MARES GUIA, 40 - PRAIA DAS GAIVOTAS;29102-567;VILA VELHA;ES;SE;GASOLINA, GASOLINA ADITIVADA;6,39 / 6,69;"R$ / litro; R$ / litro";Borracharia / Caixa eletronico;;;;
07/01/2026;2026-S02;CONCORRENTE; 02.582.857/0001-92;POSTO CAMPO GRANDE LTDA;POSTO CAMPO GRANDE LTDA;ATLÂNTICA;AVENIDA EXPEDITO GARCIA, 222 - CAMPO GRANDE;29157-405;Cariacica;ES;SE;ETANOL, GASOLINA, GASOLINA ADITIVADA;4,59 / 6,19 / 6,19;"R$ / litro; R$ / litro; R$ / litro";Lava-jato;;;;
07/01/2026;2026-S02;CONCORRENTE;04145589001149;Arara Azul Rede De Postos Ltda;ARARA AZUL REDE DE POSTOS LTDA;BRANCA;RODOVIA RODOVIA DO SOL, 530 - PRAIA DE ITAPARICA;29102-020;VILA VELHA;ES;SE;DIESEL S10, ETANOL, GASOLINA, GASOLINA ADITIVADA;5,95 / 4,59 / 6,29 / 6,49;"R$/l; R$/l; R$/l; R$/l";"Lava-jato; Troca de oleo; Borracharia";;;;
07/01/2026;2026-S02;CONCORRENTE; 04.850.382/0001-01;POSTO ARIBIRI DO GAS LTDA;POSTO ARIBIRI DO GAS LTDA;VIBRA;AVENIDA CARLOS LINDEMBERG, 1944 - SANTA INEZ;29108-075;VILA VELHA;ES;SE;GASOLINA, GASOLINA ADITIVADA, GNV;6,29 / 6,49 / 4,09;"R$ / litro; R$ / litro; R$ / m³";Caixa eletronico, Lava-jato;;;;
07/01/2026;2026-S02;CONCORRENTE; 05.609.081/0001-45;AUTO SERVICO FLORESTA LTDA;AUTO SERVICO FLORESTA LTDA;VIBRA;AVENIDA PREFEITO SAMUEL BATISTA CRUZ, 1276 - ARACA;29900-100;LINHARES;ES;SE;DIESEL, GASOLINA;5,99 / 6,59;"R$ / litro; R$ / litro";Lava-jato / Troca de oleo / Caixa eletronico / Borracharia;;;;
07/01/2026;2026-S02;CONCORRENTE; 05.892.261/0001-87;AUTO POSTO VALE ENCANTADO LTDA.;AUTO POSTO VALE ENCANTADO LTDA.;VIBRA;RUA SOBREIRO, 395 - RIO MARINHO;29112-112;VILA VELHA;ES;SE;DIESEL, DIESEL S10, GASOLINA, GASOLINA ADITIVADA;6,19 / 6,29 / 6,19 / 6,29;"R$ / litro; R$ / litro; R$ / litro; R$ / litro";Calibragem;;;;
07/01/2026;2026-S02;CONCORRENTE; 06.073.382/0001-60;AUTO POSTO SUCESSO LTDA;AUTO POSTO SUCESSO LTDA;BRANCA;AVENIDA JOAO FRANCISCO GONCALVES, 746 - COBILANDIA;29111-300;VILA VELHA;ES;SE;DIESEL S10, ETANOL, GASOLINA;5,89 / 4,43 / 6,15;"R$ / litro; R$ / litro; R$ / litro";Caixa eletronico / Calibragem / Lava-jato / Borracharia;;;;
07/01/2026;2026-S02;CONCORRENTE; 09.167.931/0001-53;POSTO CHAMPAGNAT LTDA;POSTO CHAMPAGNAT LTDA;IPIRANGA;RUA HUGO MUSSO, 550 - PRAIA DA COSTA;29101-280;VILA VELHA;ES;SE;DIESEL S10, ETANOL, GASOLINA, GASOLINA ADITIVADA;6,09 / 4,59 / 6,39 / 6,69;"R$ / litro; R$ / litro; R$ / litro; R$ / litro";Calibragem,Conveniencia,Caixa eletronico;;;;
07/01/2026;2026-S02;CONCORRENTE; 09.369.995/0001-37;POSTO DE COMBUSTIVEIS FERRARI SAO MATEUS LTDA;POSTO DE COMBUSTIVEIS FERRARI SAO MATEUS LTDA;BRANCA;"RODOVIA BR-101 NORTE, 921 - KM: 63; - VILA NOVA";29941-010;SAO MATEUS;ES;SE;ETANOL, GASOLINA, GNV;4,79 / 6,59 / 4,49;"R$ / litro; R$ / litro; R$ / m³";Lava-jato, Troca de oleo, Conveniencia;;;;promo fim de semana?
07/01/2026;2026-S02;CONCORRENTE; 10.223.356/0001-48;POSTO TREVO DA PONTE LTDA;POSTO TREVO DA PONTE LTDA;IPIRANGA;AVENIDA GOVERNADOR JONES DOS SANTOS NEVES, 160 - AVISO;29900-384;LINHARES;ES;SE;DIESEL, GASOLINA, GASOLINA ADITIVADA;5,99 / 6,59 / 6,59;"R$ / litro; R$ / litro; R$ / litro";Borracharia;;;;
07/01/2026;2026-S02;CONCORRENTE; 10.331.576/0001-95;AUTO POSTO LINHARES LTDA;AUTO POSTO LINHARES LTDA;IPIRANGA;AVENIDA JOSE TESCH, 657 - SHELL;29901-500;LINHARES;ES;SE;DIESEL, GASOLINA, GASOLINA ADITIVADA;5,99 / 6,59 / 6,59;"R$/l; R$/l; R$/l";"Conveniencia; Caixa eletronico; Troca de oleo; Borracharia";;;;
07/01/2026;2026-S02;CONCORRENTE; 10.569.345/0001-14;POSTO CRISTOVAO COLOMBO LTDA;POSTO CRISTOVAO COLOMBO LTDA;VIBRA;RUA CRISTOVAO COLOMBO, 582 - CRISTOVAO COLOMBO;29106-595;VILA VELHA;ES;SE;DIESEL S10, GASOLINA, GASOLINA ADITIVADA;5,99 / 6,19 / 6,49;"R$ / litro; R$ / litro; R$ / litro";Caixa eletronico / Troca de oleo / Lava-jato / Calibragem;;;;
07/01/2026;2026-S02;PROPRIO; 11.222.333/0001-81;REDE MARE COMBUSTIVEIS LTDA;REDE MARE;BRANCA;AVENIDA MARIO GURGEL, 1092 - ITAQUARI;29151-570;CARIACICA;ES;SE;DIESEL, DIESEL S10, ETANOL, GASOLINA, GASOLINA ADITIVADA, GNV;5,90 / 5,97 / 4,65 / 6,19 / 6,19 / 4,09;"R$ / litro; R$ / litro; R$ / litro; R$ / litro; R$ / litro; R$ / m³";Conveniencia, Troca de oleo, Caixa eletronico, Borracharia;Carlos Menezes;(27) 99811-2041 / (27) 3334-1100;00.580.488/0001-73 / 13.814.642/0001-76 / 15.226.314/0001-84;
07/01/2026;2026-S02;PROPRIO; 11.222.333/0005-05;REDE MARE COMBUSTIVEIS LTDA;REDE MARE;BRANCA;AVENIDA MARIO GURGEL, 3127 - FUNDOSCOM A AV EXPEDITO GA - CAMPO GRANDE;29146-012;CARIACICA;ES;SE;DIESEL S10, ETANOL, GASOLINA, GASOLINA ADITIVADA, GNV;5,99 / 4,59 / 6,19 / 6,19 / 4,09;"R$/l; R$/l; R$/l; R$/l; R$ / m³";Conveniencia;Marcos Lyrio;(27) 99890-1276 / (27) 3345-0098;"00.580.488/0001-73; 13.814.642/0001-76; 15.226.314/0001-84";
07/01/2026;2026-S02;CONCORRENTE; 13.602.147/0001-01;AUTO POSTO LAGOA DO MEIO LTDA;AUTO POSTO LAGOA DO MEIO LTDA;IPIRANGA;RUA GUAICURUS, 18 - LAGOA DO MEIO;29904-010;LINHARES;ES;SE;DIESEL S10, GASOLINA;6,09 / 6,59;"R$ / litro; R$ / litro";Borracharia,Caixa eletronico;;;;
07/01/2026;2026-S02;CONCORRENTE; 13.814.642/0001-76;POSTO BR 31 AUTO SERVICOS LTDA;POSTO BR 31 AUTO SERVICOS LTDA;RAIZEN;AVENIDA MARIO GURGEL, 2844 - ALTO LAJE;29151-026;CARIACICA;ES;SE;DIESEL S10, ETANOL, GASOLINA, GASOLINA ADITIVADA;6,09 / 4,69 / 6,15 / 6,55;"R$ / litro; R$ / litro; R$ / litro; R$ / litro";Troca de oleo,Calibragem,Caixa eletronico,Conveniencia;;;;
07/01/2026;2026-S02;CONCORRENTE; 14.509.900/0001-73;POSTO DE COMBUSTIVEIS LINHARES LTDA;POSTO DE COMBUSTIVEIS LINHARES LTDA;BRANCA;AVENIDA SAO MATEUS, S/N - SHELL;29901-630;LINHARES;ES;SE;ETANOL, GASOLINA;4,59 / 6,59;"R$ / litro; R$ / litro";Lava-jato / Calibragem / Caixa eletronico / Troca de oleo;;;;
07/01/2026;2026-S02;CONCORRENTE; 15.010.530/0001-98;AUTO POSTO R M LTDA;AUTO POSTO R M LTDA;RAIZEN;"RODOVIA DO SOL, 3701 - LOTE: 11; QUADRA: 64; - PRAIA DE ITAPARICA";29102-023;VILA VELHA;ES;SE;DIESEL S10, ETANOL, GASOLINA, GASOLINA ADITIVADA;6,09 / 4,72 / 6,29 / 6,69;"R$ / litro; R$ / litro; R$ / litro; R$ / litro";Conveniencia;;;;
07/01/2026;2026-S02;CONCORRENTE;15226314000184;MAIS COMERCIO DE COMBUSTIVEL CARIACICA LTDA;MAIS COMERCIO DE COMBUSTIVEL CARIACICA LTDA;BRANCA;AVENIDA MARIO GURGEL, 4935 - VILA PALESTINA;29145-711;CARIACICA;ES;SE;ETANOL, GASOLINA;4,49 / 6,19;"R$ / litro; R$ / litro";"Borracharia; Lava-jato; Conveniencia; Calibragem";;;;
07/01/2026;2026-S02;CONCORRENTE; 23.314.250/0001-00;COMERCIO DE COMBUSTIVEIS LINDENBERG LTDA;COMERCIO DE COMBUSTIVEIS LINDENBERG LTDA;BRANCA;AVENIDA CARLOS LINDENBERG, 5718 - LOTE  2. 3. 14 E 15       QUADRAD - SANTA INES;29108-075;VILA VELHA;ES;SE;DIESEL S10, ETANOL, GASOLINA;5,85 / 4,43 / 6,25;"R$ / litro; R$ / litro; R$ / litro";Conveniencia / Borracharia / Calibragem;;;;
07/01/2026;2026-S02;CONCORRENTE; 24.145.665/0001-51;C.R.B. DEZAN E CIA LTDA;C.R.B. DEZAN E CIA LTDA;ATLÂNTICA;AVENIDA MARIO GURGEL, 5913 - AUTO POSTO - SAO FRANCISCO;29145-409;CARIACICA;ES;SE;DIESEL S10, ETANOL, GASOLINA;5,99 / 4,59 / 6,19;"R$ / litro; R$ / litro; R$ / litro";Conveniencia,Caixa eletronico;;;;
07/01/2026;2026-S02;CONCORRENTE; 27.016.518/0001-70;AUTO POSTO CONTORNO LTDA;AUTO POSTO CONTORNO LTDA;ALE;RODOVIA GOVERNADOR MARIO COVAS, 11282 - SERRA DO ANIL;29147-030;Cariacica;ES;SE;DIESEL, DIESEL S10, ETANOL, GASOLINA, GASOLINA ADITIVADA;5,99 / 6,09 / 4,79 / 6,29 / 6,49;"R$ / litro; R$ / litro; R$ / litro; R$ / litro; R$ / litro";Borracharia;;;;
07/01/2026;2026-S02;CONCORRENTE; 27.303.411/0003-74;AUTO POSTO DADINHO LTDA;AUTO POSTO DADINHO LTDA;ALE;AVENIDA VEREADOR WILMO VITORIO GUIZANI, 12 - SAO JOSE;29905-080;LINHARES;ES;SE;DIESEL S10, GASOLINA, GASOLINA ADITIVADA;6,07 / 6,59 / 6,69;"R$ / litro; R$ / litro; R$ / litro";"Caixa eletronico; Lava-jato";;;;
07/01/2026;2026-S02;CONCORRENTE; 27.394.378/0001-73;POSTO DE PRODUTOS DE PETROLEO OASIS LTDA;POSTO DE PRODUTOS DE PETROLEO OASIS LTDA;IPIRANGA;AVENIDA MARIO GURGEL, 297 - JARDIM AMERICA;29140-261;CARIACICA;ES;SE;DIESEL S10, ETANOL, GASOLINA, GASOLINA ADITIVADA, GNV;6,09 / 4,49 / 6,29 / 6,49 / 4,09;"R$ / litro; R$ / litro; R$ / litro; R$ / litro; R$ / m³";Calibragem, Caixa eletronico;;;;
07/01/2026;2026-S02;CONCORRENTE; 27.396.415/0001-82;AUTO SERVICO SAO CRISTOVAO LTDA;AUTO SERVICO SAO CRISTOVAO LTDA;VIBRA;AVENIDA MARIO GURGEL, 4 - KM    4 5  BR 262 - DOM BOSCO;29147-345;CARIACICA;ES;SE;DIESEL, ETANOL, GASOLINA, GASOLINA ADITIVADA, GNV;6,03 / 4,48 / 6,16 / 6,24 / 4,07;"R$ / litro; R$ / litro; R$ / litro; R$ / litro; R$ / m³";"Caixa eletronico; Borracharia; Conveniencia";;;;
07/01/2026;2026-S02;CONCORRENTE; 27.664.597/0007-10;AUTO POSTO SCHUENG LTDA;AUTO POSTO SCHUENG LTDA;IPIRANGA;AVENIDA DOUTOR RAIMUNDO GUILHERME SOBRINHO, 176 - BOA VISTA;29931-630;SAO MATEUS;ES;SE;ETANOL, GASOLINA, GASOLINA ADITIVADA;4,69 / 6,59 / 6,59;"R$ / litro; R$ / litro; R$ / litro";"Conveniencia; Borracharia; Calibragem";;;;
07/01/2026;2026-S02;CONCORRENTE; 27.926.384/0001-24;PETROVERA - POSTO DE PRODUTOS DE PETROLEO E TRANSPORTES LTDA - ME;PETROVERA - POSTO DE PRODUTOS DE PETROLEO E TRANSPORTES LTDA - ME;IPIRANGA;RODOVIA GOVERNADOR JOSE HENRIQUE SETTE, 906 - PAVMTO01 - ALTO LAGE;29151-055;CARIACICA;ES;SE;DIESEL, DIESEL S10, ETANOL, GASOLINA, GASOLINA ADITIVADA;5,89 / 5,99 / 4,69 / 6,15 / 6,15;"R$ / litro; R$ / litro; R$ / litro; R$ / litro; R$ / litro";Caixa eletronico / Conveniencia / Borracharia / Calibragem;;;;
07/01/2026;2026-S02;CONCORRENTE; 28.344.206/0001-58;POSTO DE COMBUSTIVEIS ITACIBA LTDA;POSTO DE COMBUSTIVEIS ITACIBA LTDA;BRANCA;RUA MANOEL JOAQUIM DOS SANTOS, 317 - ITACIBA;29150-270;CARIACICA;ES;SE;ETANOL, GASOLINA, GASOLINA ADITIVADA;4,59 / 6,15 / 6,15;"R$ / litro; R$ / litro; R$ / litro";Troca de oleo, Conveniencia, Lava-jato, Borracharia;;;;
07/01/2026;2026-S02;CONCORRENTE; 29.937.036/0001-88;LOCVAN TRANSPORTE E TURISMO LTDA;LOCVAN TRANSPORTE E TURISMO LTDA;BRANCA;RODOVIA GOVERNADOR MARIO COVAS, 573 - VILA NOVA;29941-010;SAO MATEUS;ES;SE;DIESEL S10, ETANOL, GASOLINA, GASOLINA ADITIVADA;6,09 / 5,09 / 6,59 / 6,59;"R$ / litro; R$ / litro; R$ / litro; R$ / litro";Calibragem,Conveniencia;;;;
07/01/2026;2026-S02;CONCORRENTE; 30.578.975/0001-62;CAMATTA & CIA LTDA.;CAMATTA & CIA LTDA;IPIRANGA;AVENIDA WENCESLAU BRAZ, 133 - CENTRO;29901-260;LINHARES;ES;SE;DIESEL, GASOLINA, GASOLINA ADITIVADA;5,99 / 6,59 / 6,59;"R$ / litro; R$ / litro; R$ / litro";Calibragem;;;;promo fim de semana?
2026-01-07;2026-S02;CONCORRENTE; 36.004.950/0001-31;DERIVADOS PETROLEO SANTA INES LTDA;DERIVADOS PETROLEO SANTA INES LTDA;IPIRANGA;RODOVIA CARLOS LINDEMBERG, 1801 - SANTA INES;29100-000;VILA VELHA;ES;SE;ETANOL, GASOLINA, GASOLINA ADITIVADA;4,69 / 6,29 / 6,49;"R$ / litro; R$ / litro; R$ / litro";Calibragem,Lava-jato,Troca de oleo;;;;
07/01/2026;2026-S02;CONCORRENTE; 36.751.443/0001-61;BOA VISTA SERVICO AUTOMOTIVO LTDA;BOA VISTA SERVICO AUTOMOTIVO LTDA;ALE;AVENIDA JOAO XXIII, 1339 - BOA VISTA;29931-225;SAO MATEUS;ES;SE;DIESEL S10, GASOLINA, GASOLINA ADITIVADA;6,59 / 6,69 / 6,69;"R$ / litro; R$ / litro; R$ / litro";Calibragem, Borracharia, Caixa eletronico;;;;
07/01/2026;2026-S02;CONCORRENTE; 37.361.618/0001-97;AUTO POSTO MAX COMBUSTIVEIS E DERIVADOS LTDA;AUTO POSTO MAX COMBUSTIVEIS E DERIVADOS LTDA;BRANCA;AVENIDA CEREJEIRA, 694 - LOTE  01                  QUADRA12 - MOVELAR;29906-014;LINHARES;ES;SE;ETANOL, GASOLINA, GASOLINA ADITIVADA;4,59 / 6,59 / 6,59;"R$ / litro; R$ / litro; R$ / litro";Caixa eletronico, Calibragem;;;;
07/01/2026;2026-S02;CONCORRENTE; 42.176.421/0001-18;AUTOPOSTO DE COMBUSTIVEIS MASP SANTA INES LTDA;AUTOPOSTO DE COMBUSTIVEIS MASP SANTA INES LTDA;IPIRANGA;AVENIDA CARLOS LINDENBERG, 3241 - SANTA INES;29108-075;VILA VELHA;ES;SE;ETANOL, GASOLINA, GASOLINA ADITIVADA;4,69 / 6,29 / 6,49;"R$ / litro; R$ / litro; R$ / litro";Troca de oleo, Borracharia, Calibragem, Conveniencia;;;;
07/01/2026;2026-S02;CONCORRENTE; 45.543.915/0046-83;CARREFOUR COMERCIO E INDUSTRIA LTDA;CARREFOUR COMERCIO E INDUSTRIA LTDA;BRANCA;AVENIDA DARLY SANTOS, 4393 - NOSSA SENHORA DA PENHA;29123-600;VILA VELHA;ES;SE;ETANOL, GASOLINA, GASOLINA ADITIVADA;4,39 / 6,29 / 6,39;"R$ / litro; R$ / litro; R$ / litro";Conveniencia / Calibragem;;;;
08/01/2026;2026-S02;CONCORRENTE; 01.283.262/0001-73;POSTO CARIOQUINHA LTDA;POSTO CARIOQUINHA LTDA;BRANCA;AVENIDA FRANCISCO MARDEGAN, 90 - BOA VISTA;29315-477;CACHOEIRO DE ITAPEMIRIM;ES;SE;DIESEL, ETANOL, GASOLINA;5,98 / 4,89 / 6,77;"R$ / litro; R$ / litro; R$ / litro";Caixa eletronico;;;;
08/01/2026;2026-S02;CONCORRENTE; 01.503.536/0001-92;POSTO MARCELA LTDA;POSTO MARCELA LTDA;VIBRA;RUA DO PESSEGUEIRO, S/N - DIVINO ESPÍRITO SANTO;29107-230;VILA VELHA;ES;SE;DIESEL S10, GASOLINA, GASOLINA ADITIVADA;5,99 / 6,29 / 6,49;"R$ / litro; R$ / litro; R$ / litro";Caixa eletronico, Borracharia;;;;preco conferido por telefone
08/01/2026;2026-S02;CONCORRENTE; 02.583.872/0001-55;SANTA CLARA COMERCIO DE COMBUSTIVEIS LTDA;SANTA CLARA COMERCIO DE COMBUSTIVEIS LTDA;VIBRA;"RODOVIA ENGENHEIRO FABIANO VIVACQUA, 1414 - : A 1452; - MORRO GRANDE";29318-400;CACHOEIRO DE ITAPEMIRIM;ES;SE;DIESEL, DIESEL S10, ETANOL, GASOLINA, GASOLINA ADITIVADA;5,96 / 6,06 / 5,19 / 6,99 / 7,19;"R$ / litro; R$ / litro; R$ / litro; R$ / litro; R$ / litro";Caixa eletronico,Lava-jato,Conveniencia;;;;
08/01/2026;2026-S02;CONCORRENTE; 02.665.124/0001-11;AUTO POSTO SENNA LTDA..;AUTO POSTO SENNA LTDA.;RAIZEN;AVENIDA FRANCISCO LACERDA DE AGUIAR, 350 - GILBERTO MACHADO;29303-384;CACHOEIRO DE ITAPEMIRIM;ES;SE;DIESEL S10, ETANOL, GASOLINA, GASOLINA ADITIVADA;6,39 / 5,18 / 7,14 / 7,34;"R$/l; R$/l; R$/l; R$/l";Caixa eletronico,Conveniencia,Calibragem,Borracharia;;;;
08/01/2026;2026-S02;CONCORRENTE; 02.802.986/0001-49;A S SALES JUNIOR LTDA;A S SALES JUNIOR LTDA;ATLÂNTICA;RUA DAVINO MATOS, S/N - PARQUE AREIA PRETA;29200-615;GUARAPARI;ES;SE;DIESEL S10, ETANOL, GASOLINA, GASOLINA ADITIVADA;6,09 / 4,79 / 6,23 / 6,35;"R$ / litro; R$ / litro; R$ / litro; R$ / litro";"Borracharia; Caixa eletronico; Lava-jato";;;;
08/01/2026;2026-S02;CONCORRENTE;03408609000192;POSTO FREEWAY LTDA;POSTO FREEWAY LTDA;IPIRANGA;AVENIDA FRANCISCO MARDEGAN, 535 - MARBRASA;29313-690;CACHOEIRO DE ITAPEMIRIM;ES;SE;DIESEL, DIESEL S10, ETANOL, GASOLINA, GASOLINA ADITIVADA;5,94 / 5,99 / 4,89 / 6,98 / 7,08;"R$ / litro; R$ / litro; R$ / litro; R$ / litro; R$ / litro";Conveniencia,Calibragem;;;;
08/01/2026;2026-S02;CONCORRENTE;03948877000369;AUTO POSTO SANTA ANA LTDA.;AUTO POSTO SANTA ANA LTDA;ALE;RODOVIA DO CAFE, 1871 - CARLOS GERMANO NAUMANN;29705-200;COLATINA;ES;SE;DIESEL, DIESEL S10, GASOLINA, GASOLINA ADITIVADA;5,89 / 5,99 / 6,55 / 6,75;"R$ / litro; R$ / litro; R$ / litro; R$ / litro";"Calibragem; Lava-jato; Troca de oleo";;;;
08/01/2026;2026-S02;CONCORRENTE; 04.411.606/0001-70;AUTO POSTO VALAO LTDA;AUTO POSTO VALAO LTDA;BRANCA;RUA JOSE AMARAL, 232 - ELPIDIO VOLPINI;29309-760;CACHOEIRO DE ITAPEMIRIM;ES;SE;DIESEL S10, ETANOL, GASOLINA;5,87 / 4,74 / 6,65;"R$/l; R$/l; R$/l";Conveniencia, Troca de oleo, Borracharia;;;;
08/01/2026;2026-S02;CONCORRENTE; 04.814.652/0001-10;POSTO MOTOCAP LTDA;POSTO MOTOCAP LTDA;VIBRA;PRACA ALMIRANTE BARROSO, 52 - LETRA A - LACE;29703-055;COLATINA;ES;SE;GASOLINA;6,59;R$ / litro;Calibragem / Lava-jato / Conveniencia;;;;
08/01/2026;2026-S02;CONCORRENTE; 05.349.237/0001-04;POSTO IRMAOS CAMATTA LTDA;POSTO IRMAOS CAMATTA LTDA;VIBRA;RODOVIA BR 101, KM 143, S/N - CANIVETE;29909-010;LINHARES;ES;SE;DIESEL, GASOLINA, GASOLINA ADITIVADA;5,99 / 6,59 / 6,59;"R$ / litro; R$ / litro; R$ / litro";Troca de oleo / Caixa eletronico;;;;
08/01/2026;2026-S02;CONCORRENTE; 05.791.319/0001-04;MOTOCAP COMBUSTIVEIS LTDA;MOTOCAP COMBUSTIVEIS LTDA;VIBRA;RODOVIA GETHER LOPES DE FARIAS, 2600 - CARLOS GERMANO NAUMANN;29705-390;COLATINA;ES;SE;DIESEL, GASOLINA, GASOLINA ADITIVADA, GNV;6,19 / 6,79 / 6,89 / 4,49;"R$ / litro; R$ / litro; R$ / litro; R$ / m³";Borracharia, Calibragem;;;;
08/01/2026;2026-S02;CONCORRENTE; 07.381.843/0001-24;POSTO DE COMBUSTIVEIS BRUNO LTDA;POSTO DE COMBUSTIVEIS BRUNO LTDA;BRANCA;RUA FIORAVANTE ROSSI, 738 - SAO BRAZ;29704-700;COLATINA;ES;SE;GASOLINA, GASOLINA ADITIVADA;6,55 / 6,55;"R$ / litro; R$ / litro";Borracharia;;;;
08/01/2026;2026-S02;CONCORRENTE; 08.519.545/0001-10;SAO FRANCISCO DE ASSIS COMERCIO DE COMBUSTIVEIS LTDA;SAO FRANCISCO DE ASSIS COMERCIO DE COMBUSTIVEIS LTDA;VIBRA;PRACA FIDELIS FERRARI, 35 - LACE;29703-030;COLATINA;ES;SE;GASOLINA, GASOLINA ADITIVADA;6,79 / 6,89;"R$ / litro; R$ / litro";Caixa eletronico,Troca de oleo,Conveniencia;;;;
08/01/2026;2026-S02;CONCORRENTE; 08.971.375/0001-00;BRAX COMBUSTIVEIS;BRAX COMBUSTIVEIS LTDA;IPIRANGA;RODOVIA CONEGO JOAO GUILHERME, 1516 - MARIO GIURIZATTO;29706-557;COLATINA;ES;SE;DIESEL, DIESEL S10, ETANOL, GASOLINA, GASOLINA ADITIVADA;6,08 / 6,18 / 4,69 / 6,35 / 6,46;"R$ / litro; R$ / litro; R$ / litro; R$ / litro; R$ / litro";"Lava-jato; Troca de oleo";;;;
08/01/2026;2026-S02;CONCORRENTE; 09.076.862/0001-72;VALOR POSTOS PRAIA DO MORRO LTDA;VALOR POSTOS PRAIA DO MORRO LTDA;VIBRA;RODOVIA RODOVIA DO SOL, S/ NR - KM    41 - AEROPORTO;29216-705;GUARAPARI;ES;SE;GASOLINA, GASOLINA ADITIVADA;6,59 / 7,09;"R$/l; R$/l";Caixa eletronico;;;;
08/01/2026;2026-S02;CONCORRENTE; 10.813.831/0001-36;AUTO POSTO E SERVICOS ARACRUZ - COLINA DE BELA VISTA LTDA;AUTO POSTO E SERVICOS ARACRUZ - COLINA DE BELA VISTA LTDA;RAIZEN;AVENIDA CASTELO BRANCO, 14 - QUADRARC 06 -                   LOTEAMENTO COLINA - BELA VISTA;29192-066;ARACRUZ;ES;SE;DIESEL, DIESEL S10, GASOLINA, GASOLINA ADITIVADA;5,95 / 6,15 / 6,44 / 6,74;"R$ / litro; R$ / litro; R$ / litro; R$ / litro";Troca de oleo / Caixa eletronico / Borracharia / Lava-jato;;;;
08/01/2026;2026-S02;CONCORRENTE; 14.096.313/0001-08;AUTO POSTO GUARAPARI LTDA;AUTO POSTO GUARAPARI LTDA;RAIZEN;AVENIDA GOVERNADOR JONES DOS SANTOS NEVES, 15 - VARZEA NOVA;29211-630;GUARAPARI;ES;SE;DIESEL, DIESEL S10, ETANOL, GASOLINA, GASOLINA ADITIVADA;6,05 / 6,09 / 4,99 / 6,59 / 6,89;"R$ / litro; R$ / litro; R$ / litro; R$ / litro; R$ / litro";Conveniencia;;;;
08/01/2026;2026-S02;CONCORRENTE; 20.246.670/0001-08;POSTO DE COMBUSTIVEIS COLATINA LTDA;POSTO DE COMBUSTIVEIS COLATINA LTDA;BRANCA;RODOVIA DO CAFE, 606 - CARLOS GERMANO NAUMANN;29705-200;COLATINA;ES;SE;DIESEL, DIESEL S10, ETANOL, GASOLINA;5,89 / 5,99 / 4,65 / 6,49;"R$ / litro; R$ / litro; R$ / litro; R$ / litro";Troca de oleo,Calibragem;;;;
08/01/2026;2026-S02;CONCORRENTE; 20.863.591/0001-38;AUTO POSTO ZAMPIROLO LTDA;AUTO POSTO ZAMPIROLO LTDA;VIBRA;RODOVIA GOVERNADOR LACERDA DE AGUIAR, SN - CORONEL BORGES;29306-095;CACHOEIRO DE ITAPEMIRIM;ES;SE;DIESEL, DIESEL S10, GASOLINA, GASOLINA ADITIVADA;6,09 / 6,19 / 6,79 / 6,94;"R$ / litro; R$ / litro; R$ / litro; R$ / litro";Calibragem,Troca de oleo,Borracharia,Conveniencia;;;;
08/01/2026;2026-S02;CONCORRENTE; 21.931.941/0001-19;AUTO POSTO INDEPENDENCIA LTDA;AUTO POSTO INDEPENDENCIA LTDA;IPIRANGA;"AVENIDA MAURO MIRANDA MADUREIRA, 1662 - : 1662 A 1720; - CENTRAL PARQUE";29313-162;CACHOEIRO DE ITAPEMIRIM;ES;SE;DIESEL, DIESEL S10, ETANOL, GASOLINA, GASOLINA ADITIVADA;5,89 / 5,99 / 5,29 / 6,99 / 7,29;"R$ / litro; R$ / litro; R$ / litro; R$ / litro; R$ / litro";Lava-jato, Calibragem, Borracharia, Troca de oleo;;;;preco conferido por telefone
08/01/2026;2026-S02;CONCORRENTE; 23.238.396/0001-05;CAPIXABA COMERCIO DE PRODUTOS AUTOMOTIVOS LTDA;CAPIXABA COMERCIO DE PRODUTOS AUTOMOTIVOS LTDA;ATLÂNTICA;RUA PROFESSOR MELCHIADES PEREIRA MARTINS, 15 - CENTRO;29200-480;GUARAPARI;ES;SE;DIESEL S10, ETANOL, GASOLINA, GASOLINA ADITIVADA;6,07 / 4,79 / 6,23 / 6,35;"R$ / litro; R$ / litro; R$ / litro; R$ / litro";Caixa eletronico;;;;
08/01/2026;2026-S02;CONCORRENTE; 27.020.445/0001-90;GUARAVE GUARAPARI VEICULOS LTDA;GUARAVE GUARAPARI VEICULOS LTDA;VIBRA;AVENIDA EWERSON DE ABREU SODRE, 300 - MUQUICABA;29215-010;GUARAPARI;ES;SE;GASOLINA, GASOLINA ADITIVADA;6,59 / 6,99;"R$ / litro; R$ / litro";Calibragem, Conveniencia;;;;
08/01/2026;2026-S02;CONCORRENTE; 27.020.445/0005-13;GUARAVE GUARAPARI VEICULOS LTDA;GUARAVE GUARAPARI VEICULOS LTDA;VIBRA;RODOVIA DO SOL, S/N - MUQUICABA;29215-005;GUARAPARI;ES;SE;GASOLINA, GASOLINA ADITIVADA;6,59 / 6,89;"R$ / litro; R$ / litro";Caixa eletronico / Borracharia;;;;preco conferido por telefone
08/01/2026;2026-S02;CONCORRENTE; 27.124.023/0001-64;POSTO NOGUEIRA LTDA;POSTO NOGUEIRA LTDA;BRANCA;RUA CORONEL FRANCISCO BRAGA, 2 - 02 A 08 - CENTRO;29300-220;CACHOEIRO DE ITAPEMIRIM;ES;SE;DIESEL, DIESEL S10, GASOLINA;6,19 / 6,29 / 7,09;"R$ / litro; R$ / litro; R$ / litro";"Borracharia; Lava-jato";;;;
08/01/2026;2026-S02;CONCORRENTE; 27.179.654/0003-42;ITAPEMIRIM ORGANIZACAO DE PETROLEO LTDA;ITAPEMIRIM ORGANIZACAO DE PETROLEO LTDA;ATLÂNTICA;AVENIDA JONES DOS SANTOS NEVES, 1196 - CAICARA;29310-376;CACHOEIRO DE ITAPEMIRIM;ES;SE;DIESEL, DIESEL S10, ETANOL, GASOLINA, GASOLINA ADITIVADA, GNV;6,09 / 6,19 / 5,19 / 6,99 / 7,04 / 4,59;"R$ / litro; R$ / litro; R$ / litro; R$ / litro; R$ / litro; R$ / m³";Lava-jato,Conveniencia,Caixa eletronico,Troca de oleo;;;;
08/01/2026;2026-S02;CONCORRENTE; 27.303.411/0001-02;AUTO POSTO DADINHO LTDA;AUTO POSTO DADINHO LTDA;IPIRANGA;RODOVIA BR 101, S/N - KM 140 - CANIVETE;29901-401;LINHARES;ES;SE;DIESEL, DIESEL S10, ETANOL, GASOLINA, GASOLINA ADITIVADA;5,99 / 6,09 / 4,99 / 6,79 / 6,89;"R$ / litro; R$ / litro; R$ / litro; R$ / litro; R$ / litro";Conveniencia;;;;
08/01/2026;2026-S02;CONCORRENTE; 27.316.819/0001-19;BECAR PETROLEO LTDA;BECAR PETROLEO LTDA;RAIZEN;AVENIDA GOVERNADOR JONES DOS SANTOS NEVES, S/N - CONFLUENCIA COM RODOVIA DO SOL - MUQUICABA;29215-002;GUARAPARI;ES;SE;GASOLINA, GASOLINA ADITIVADA;6,59 / 6,69;"R$ / litro; R$ / litro";Lava-jato,Conveniencia;;;;
08/01/2026;2026-S02;CONCORRENTE; 28.505.616/0001-33;SUDESTE  COMERCIO DE COMBUSTIVEIS LTDA;SUDESTE  COMERCIO DE COMBUSTIVEIS LTDA;VIBRA;FAZENDA NASSAU I, S/N - AREA RURAL DE CACHOEIRO DE ITAPEMIRIM;29320-899;CACHOEIRO DE ITAPEMIRIM;ES;SE;DIESEL, GASOLINA, GASOLINA ADITIVADA;6,49 / 6,89 / 7,19;"R$ / litro; R$ / litro; R$ / litro";Borracharia / Troca de oleo;;;;
08/01/2026;2026-S02;CONCORRENTE; 31.284.466/0001-90;POSTO DUAS BARRAS LTDA;POSTO DUAS BARRAS LTDA;RAIZEN;RODOVIA BR -482 CACHOEIRO X ALEGRE, 8 - WALDIR F. DE AMORIM;29313-760;CACHOEIRO DE ITAPEMIRIM;ES;SE;DIESEL, DIESEL S10, ETANOL, GASOLINA, GASOLINA ADITIVADA;5,96 / 6,24 / 5,18 / 7,14 / 7,44;"R$ / litro; R$ / litro; R$ / litro; R$ / litro; R$ / litro";Borracharia;;;;
08/01/2026;2026-S02;CONCORRENTE; 32.248.017/0001-59;AUTO POSTO ALDEIA DA PRAIA LTDA;AUTO POSTO ALDEIA DA PRAIA LTDA;IPIRANGA;AVENIDA PARIS, S/N - PRAIA DO MORRO;29216-570;GUARAPARI;ES;SE;DIESEL S10, ETANOL, GASOLINA, GASOLINA ADITIVADA;6,09 / 4,99 / 6,59 / 6,89;"R$ / litro; R$ / litro; R$ / litro; R$ / litro";Caixa eletronico, Lava-jato;;;;
08/01/2026;2026-S02;CONCORRENTE; 36.411.940/0002-00;VESCOVI & BITTI LTDA;VESCOVI & BITTI LTDA;VIBRA;AVENIDA FLORESTAL, 838 - SEGATTO;29192-154;ARACRUZ;ES;SE;DIESEL, DIESEL S10, ETANOL, GASOLINA, GASOLINA ADITIVADA;5,94 / 5,99 / 4,79 / 6,44 / 6,74;"R$ / litro; R$ / litro; R$ / litro; R$ / litro; R$ / litro";Calibragem, Caixa eletronico, Conveniencia;;;;
08/01/2026;2026-S02;CONCORRENTE; 39.281.274/0001-31;UNIPOSTO DERIVADOS DE PETROLEO LTDA;UNIPOSTO DERIVADOS DE PETROLEO LTDA;VIBRA;RODOVIA ENGENHEIRO FABIANO VIVACQUA, 2114 - ANEXO 2162 - BR 482 - ALVARO TAVARES;29316-258;CACHOEIRO DE ITAPEMIRIM;ES;SE;DIESEL, DIESEL S10, ETANOL, GASOLINA, GASOLINA ADITIVADA, GNV;5,96 / 6,06 / 5,19 / 6,99 / 7,19 / 4,59;"R$ / litro; R$ / litro; R$ / litro; R$ / litro; R$ / litro; R$ / m³";Conveniencia;;;;
12/01/2026;2026-S03;CONCORRENTE; 01.514.752/0001-33;POSTO THIAGO LIMITADA;POSTO THIAGO LIMITADA;VIBRA;AVENIDA CEZAR HILAL, 868 - BENTO FERREIRA;29050-662;Vitoria;ES;SE;ETANOL, GASOLINA, GASOLINA ADITIVADA;4,49 / 5,99 / 6,19;"R$ / litro; R$ / litro; R$ / litro";Caixa eletronico;;;;
12/01/2026;2026-S03;CONCORRENTE; 01.557.127/0001-79;AUTO POSTO ILHA DAS GARCAS LTDA;AUTO POSTO ILHA DAS GARCAS LTDA;VIBRA;RUA MARIA DE OLIVEIRA MARES GUIA, 40 - PRAIA DAS GAIVOTAS;29102-567;VILA VELHA;ES;SE;GASOLINA, GASOLINA ADITIVADA;6,39 / 6,69;"R$ / litro; R$ / litro";Borracharia, Caixa eletronico;;;;conferir bandeira
12/01/2026;2026-S03;CONCORRENTE;02567214000170;POSTO DE COMBUSTIVEL IDEAL LTDA;POSTO DE COMBUSTIVEL IDEAL LTDA;IPIRANGA;AVENIDA VITORIA, 3031 - GURIGICA;29027-080;VITORIA;ES;SE;ETANOL, GASOLINA, GASOLINA ADITIVADA;4,59 / 6,05 / 6,19;"R$ / litro; R$ / litro; R$ / litro";Conveniencia, Borracharia, Calibragem;;;;
12/01/2026;2026-S03;CONCORRENTE; 02.802.986/0001-49;A S SALES JUNIOR LTDA;A S SALES JUNIOR LTDA;ATLÂNTICA;RUA DAVINO MATOS, S/N - PARQUE AREIA PRETA;29200-615;GUARAPARI;ES;SE;DIESEL S10, ETANOL, GASOLINA, GASOLINA ADITIVADA;6,09 / 4,79 / 6,23 / 6,35;"R$ / litro; R$ / litro; R$ / litro; R$ / litro";Borracharia, Caixa eletronico, Lava-jato;;;;ver com gerente
12/01/2026;2026-S03;CONCORRENTE; 04.228.463/0001-66;AUTO POSTO MARLIN LTDA;AUTO POSTO MARLIN LTDA;ATLÂNTICA;RUA JUIZ ALEXANDRE MARTINS DE CASTRO FILHO, 285 - SANTA LUCIA;29056-295;VITORIA;ES;SE;DIESEL S10, ETANOL, GASOLINA, GASOLINA ADITIVADA;5,99 / 4,89 / 6,29 / 6,29;"R$ / litro; R$ / litro; R$ / litro; R$ / litro";Caixa eletronico, Troca de oleo;;;;
12/01/2026;2026-S03;CONCORRENTE;04960337000100;RENOVA COMERCIO COMBUSTIVEL E SERVICOS LTDA;RENOVA COMERCIO COMBUSTIVEL E SERVICOS LTDA;BRANCA;AVENIDA LEITAO DA SILVA, 1150 - SANTA LUCIA;29056-184;VITORIA;ES;SE;ETANOL, GASOLINA, GASOLINA ADITIVADA;4,35 / 5,99 / 5,99;"R$ / litro; R$ / litro; R$ / litro";Borracharia,Calibragem;;;;
12/01/2026;2026-S03;CONCORRENTE; 08.788.618/0001-70;J. S. PETROLEO E COMERCIO.;J. S. PETROLEO E COMERCIO LTDA.;RAIZEN;AVENIDA DANTE MICHELINI, 2461 - MATA DA PRAIA;29066-430;VITORIA;ES;SE;ETANOL, GASOLINA, GASOLINA ADITIVADA, GNV;4,59 / 6,29 / 6,59 / 4,09;"R$ / litro; R$ / litro; R$ / litro; R$ / m³";Borracharia,Caixa eletronico,Troca de oleo;;;;
12/01/2026;2026-S03;CONCORRENTE; 09.076.862/0001-72;VALOR POSTOS PRAIA DO MORRO LTDA;VALOR POSTOS PRAIA DO MORRO LTDA;VIBRA;RODOVIA RODOVIA DO SOL, S/ NR - KM    41 - AEROPORTO;29216-705;GUARAPARI;ES;SE;GASOLINA, GASOLINA ADITIVADA;6,59 / 7,99;"R$ / litro; R$ / litro";Caixa eletronico;;;;
12/01/2026;2026-S03;CONCORRENTE; 09.167.931/0001-53;POSTO CHAMPAGNAT LTDA;POSTO CHAMPAGNAT LTDA;IPIRANGA;RUA HUGO MUSSO, 550 - PRAIA DA COSTA;29101-280;VILA VELHA;ES;SE;DIESEL S10, ETANOL, GASOLINA, GASOLINA ADITIVADA;6,09 / 4,59 / 6,39 / 6,69;"R$ / litro; R$ / litro; R$ / litro; R$ / litro";Calibragem,Conveniencia,Caixa eletronico;;;;
12/01/2026;2026-S03;PROPRIO; 11.222.333/0002-62;REDE MARE COMBUSTIVEIS LTDA;REDE MARE;BRANCA;RODOVIA DARLY SANTOS, S/N - KM    2 5 - POSTO - POLO EMPRESARIAL NOVO MEXICO;29104-360;VILA VELHA;ES;SE;DIESEL, DIESEL S10, ETANOL, GASOLINA, GASOLINA ADITIVADA, GNV;5,89 / 5,99 / 4,49 / 6,29 / 6,49 / 4,09;"R$ / litro; R$ / litro; R$ / litro; R$ / litro; R$ / litro; R$ / m³";Conveniencia, Caixa eletronico, Troca de oleo;Juliana Rocha;(27) 99702-3355;15.010.530/0001-98 / 04.145.589/0011-49 / 10.569.345/0001-14;
12/01/2026;2026-S03;PROPRIO; 11.222.333/0003-43;REDE MARE COMBUSTIVEIS LTDA;REDE MARE;BRANCA;AVENIDA VITORIA, 2667 - HORTO;29027-080;VITORIA;ES;SE;DIESEL S10, ETANOL, GASOLINA, GASOLINA ADITIVADA;5,89 / 4,49 / 5,99 / 5,99;"R$ / litro; R$ / litro; R$ / litro; R$ / litro";Conveniencia, Borracharia;Paulo Ferraz;(27) 99945-7810 / (27) 3226-4410;02.567.214/0001-70 / 14.806.977/0001-05 / 26.980.450/0001-81;
12/01/2026;2026-S03;CONCORRENTE; 11.942.147/0001-17;POSTO PARADA VITORIA LTDA;POSTO PARADA VITORIA LTDA;ALE;AVENIDA MARECHALCAMPOS, 370 - CONSOLACAO;29045-460;VITORIA;ES;SE;DIESEL S10, ETANOL, GASOLINA, GASOLINA ADITIVADA;5,99 / 4,45 / 6,05 / 6,25;"R$ / litro; R$ / litro; R$ / litro; R$ / litro";Conveniencia / Caixa eletronico / Troca de oleo;;;;
12/01/2026;2026-S03;CONCORRENTE; 14.096.313/0001-08;AUTO POSTO GUARAPARI LTDA;AUTO POSTO GUARAPARI LTDA;RAIZEN;AVENIDA GOVERNADOR JONES DOS SANTOS NEVES, 15 - VARZEA NOVA;29211-630;GUARAPARI;ES;SE;DIESEL, DIESEL S10, ETANOL, GASOLINA, GASOLINA ADITIVADA;6,05 / 6,09 / 4,99 / 6,09 / 6,89;"R$/l; R$/l; R$/l; R$/l; R$/l";Conveniencia;;;;
12/01/2026;2026-S03;CONCORRENTE; 14.806.977/0001-05;AUTO POSTO SILVARES LTDA;AUTO POSTO SILVARES LTDA;IPIRANGA;AVENIDA   NAIR AZEVEDO SILVA, 430 - ILHA DO PRINCIPE;29020-240;VITORIA;ES;SE;ETANOL, GASOLINA, GASOLINA ADITIVADA;4,69 / 6,29 / 6,49;"R$ / litro; R$ / litro; R$ / litro";Borracharia;;;;preco conferido por telefone
12/01/2026;2026-S03;CONCORRENTE; 15.010.530/0001-98;AUTO POSTO R M LTDA;AUTO POSTO R M LTDA;RAIZEN;"RODOVIA DO SOL, 3701 - LOTE: 11; QUADRA: 64; - PRAIA DE ITAPARICA";29102-023;VILA VELHA;ES;SE;DIESEL S10, ETANOL, GASOLINA, GASOLINA ADITIVADA;6,09 / 4,72 / 6,29 / 6,69;"R$ / litro; R$ / litro; R$ / litro; R$ / litro";Conveniencia;;;;
12/01/2026;2026-S03;CONCORRENTE; 16.577.742/0001-14;AUTO POSTO ESCOLA COMERCIO DE COMBUSTIVEIS, LUBRIFICANTES E SERVICOS LTDA;AUTO POSTO ESCOLA COMERCIO DE COMBUSTIVEIS, LUBRIFICANTES E SERVICOS LTDA;VIBRA;"AVENIDA AMERICO BUAIZ, 1 - : POSTO; - ENSEADA DO SUA";29050-463;VITORIA;ES;SE;GASOLINA, GASOLINA ADITIVADA;6,07 / 6,27;"R$ / litro; R$ / litro";Troca de oleo,Caixa eletronico;;;;
12/01/2026;2026-S03;CONCORRENTE; 17.753.176/0001-17;AUTO POSTO BOULEVARD LTDA;AUTO POSTO BOULEVARD LTDA;ALE;"RODOVIA DO SOL, S/N - LOTE: 08 E 09; QUADRA: 59; - PRAIA DE ITAPARICA";29102-020;VILA VELHA;ES;SE;DIESEL S10, ETANOL, GASOLINA, GASOLINA ADITIVADA;6,09 / 4,69 / 6,29 / 6,69;"R$ / litro; R$ / litro; R$ / litro; R$ / litro";Troca de oleo / Conveniencia / Calibragem / Lava-jato;;;;
12/01/2026;2026-S03;CONCORRENTE; 21.246.940/0001-35;AUTO POSTO GASCROMA COMERCIO DE COMBUSTIVEIS, LUBRIFICANTES E SERVICOS LTDA;AUTO POSTO GASCROMA COMERCIO DE COMBUSTIVEIS, LUBRIFICANTES E SERVICOS LTDA;VIBRA;AVENIDA JERONIMO MONTEIRO, 840 - JABURUNA;29100-600;VILA VELHA;ES;SE;DIESEL, GASOLINA, GASOLINA ADITIVADA;6,29 / 6,29 / 6,99;"R$ / litro; R$ / litro; R$ / litro";Calibragem / Conveniencia;;;;
12/01/2026;2026-S03;CONCORRENTE; 23.238.396/0001-05;CAPIXABA COMERCIO DE PRODUTOS AUTOMOTIVOS LTDA;CAPIXABA COMERCIO DE PRODUTOS AUTOMOTIVOS LTDA;ATLÂNTICA;RUA PROFESSOR MELCHIADES PEREIRA MARTINS, 15 - CENTRO;29200-480;GUARAPARI;ES;SE;DIESEL S10, ETANOL, GASOLINA, GASOLINA ADITIVADA;6,07 / 4,79 / 6,23 / 6,35;"R$ / litro; R$ / litro; R$ / litro; R$ / litro";Caixa eletronico;;;;
12/01/2026;2026-S03;CONCORRENTE; 27.020.445/0001-90;GUARAVE GUARAPARI VEICULOS LTDA;GUARAVE GUARAPARI VEICULOS LTDA;VIBRA;AVENIDA EWERSON DE ABREU SODRE, 300 - MUQUICABA;29215-010;GUARAPARI;ES;SE;GASOLINA, GASOLINA ADITIVADA;6,59 / 6,99;"R$ / litro; R$ / litro";"Calibragem; Conveniencia";;;;
12/01/2026;2026-S03;CONCORRENTE; 27.020.445/0005-13;GUARAVE GUARAPARI VEICULOS LTDA;GUARAVE GUARAPARI VEICULOS LTDA;VIBRA;RODOVIA DO SOL, S/N - MUQUICABA;29215-005;GUARAPARI;ES;SE;GASOLINA, GASOLINA ADITIVADA;6,59 / 6,89;"R$ / litro; R$ / litro";Caixa eletronico, Borracharia;;;;
12/01/2026;2026-S03;CONCORRENTE; 27.020.445/0005-13;GUARAVE GUARAPARI VEICULOS LTDA;GUARAVE GUARAPARI VEICULOS LTDA;VIBRA;RODOVIA DO SOL, S/N - MUQUICABA;29215-005;GUARAPARI;ES;SE;GASOLINA, GASOLINA ADITIVADA;6,59 / 6,89;"R$ / litro; R$ / litro";Caixa eletronico, Borracharia;;;;
12/01/2026;2026-S03;CONCORRENTE; 27.066.273/0002-76;POSTO ARVOREDO LTDA;POSTO ARVOREDO LTDA;BRANCA;AVENIDA VITORIA, 1600 - POSTO - ILHA DE SANTA MARIA;29051-040;VITORIA;ES;SE;ETANOL, GASOLINA, GASOLINA ADITIVADA;4,49 / 5,99 / 5,99;"R$ / litro; R$ / litro; R$ / litro";Lava-jato, Troca de oleo, Borracharia;;;;
12/01/2026;2026-S03;CONCORRENTE; 27.316.819/0001-19;BECAR PETROLEO LTDA;BECAR PETROLEO LTDA;RAIZEN;AVENIDA GOVERNADOR JONES DOS SANTOS NEVES, S/N - CONFLUENCIA COM RODOVIA DO SOL - MUQUICABA;29215-002;GUARAPARI;ES;SE;GASOLINA, GASOLINA ADITIVADA;6,59 / 6,69;"R$ / litro; R$ / litro";Lava-jato, Conveniencia;;;;
12/01/2026;2026-S03;CONCORRENTE; 28.059.632/0001-40;A.B.C. AUTO SERVICOS LTDA;A.B.C. AUTO SERVICOS LTDA;RAIZEN;AVENIDA ROBERT KENNEDY, 21 - A - SAO TORQUATO;29114-000;VILA VELHA;ES;SE;DIESEL, DIESEL S10, GASOLINA, GASOLINA ADITIVADA;6,09 / 6,09 / 6,29 / 6,69;"R$ / litro; R$ / litro; R$ / litro; R$ / litro";"Caixa eletronico; Borracharia; Troca de oleo";;;;
12/01/2026;2026-S03;CONCORRENTE; 32.248.017/0001-59;AUTO POSTO ALDEIA DA PRAIA LTDA;AUTO POSTO ALDEIA DA PRAIA LTDA;IPIRANGA;AVENIDA PARIS, S/N - PRAIA DO MORRO;29216-570;GUARAPARI;ES;SE;DIESEL S10, ETANOL, GASOLINA, GASOLINA ADITIVADA;6,09 / 4,99 / 6,59 / 6,89;"R$ / litro; R$ / litro; R$ / litro; R$ / litro";Caixa eletronico / Lava-jato;;;;
12/01/2026;2026-S03;CONCORRENTE; 32.467.417/0001-55;J C RODRIGUES NETO E FILHOS LTDA;J C RODRIGUES NETO E FILHOS LTDA;VIBRA;RUA CEARA, S/N - LOTES 01/04  Q.01 - PRAIA DA COSTA;29101-290;VILA VELHA;ES;SE;GASOLINA, GASOLINA ADITIVADA;6,19 / 6,19;"R$ / litro; R$ / litro";Lava-jato / Borracharia / Calibragem / Caixa eletronico;;;;
12/01/2026;2026-S03;CONCORRENTE; 36.336.386/0001-54;POSTO TRES COQUEIROS;POSTO TRES COQUEIROS LTDA;IPIRANGA;RODOVIA CARLOS LINDEMBERG, SN - ALVORADA;29123-600;VILA VELHA;ES;SE;DIESEL, DIESEL S10, ETANOL, GASOLINA, GASOLINA ADITIVADA;5,79 / 5,89 / 4,69 / 6,29 / 6,49;"R$ / litro; R$ / litro; R$ / litro; R$ / litro; R$ / litro";Caixa eletronico,Borracharia;;;;
13/01/2026;2026-S03;CONCORRENTE; 01.823.633/0001-62;POSTO METROPOLITANO LTDA;POSTO METROPOLITANO LTDA;IPIRANGA;VIA DOIS, 226 - ANEXO QUADRA 03 MODULO 03 - TIMS;29161-373;SERRA;ES;SE;DIESEL, DIESEL S10, ETANOL, GASOLINA, GASOLINA ADITIVADA;5,79 / 5,89 / 4,69 / 6,29 / 6,49;"R$ / litro; R$ / litro; R$ / litro; R$ / litro; R$ / litro";Borracharia / Calibragem;;;;
2026-01-13;2026-S03;CONCORRENTE; 04.361.389/0001-51;AUTO POSTO WAVE LTDA;AUTO POSTO WAVE LTDA;ALE;AVENIDA TALMA RODRIGUES RIBEIRO, 5416 A - PORTAL DE JACARAIPE;29173-795;SERRA;ES;SE;DIESEL, DIESEL S10, ETANOL, GASOLINA;5,99 / 6,09 / 4,79 / 6,39;"R$ / litro; R$ / litro; R$ / litro; R$ / litro";Calibragem, Borracharia;;;;
13/01/2026;2026-S03;CONCORRENTE; 05.738.923/0001-69;GEGEL AUTO POSTO LTDA;GEGEL AUTO POSTO LTDA;RAIZEN;AVENIDA CENTRAL B, S/N - QUADRAEC VII - CIVIT II;29168-071;SERRA;ES;SE;DIESEL, ETANOL, GASOLINA, GASOLINA ADITIVADA;5,99 / 4,79 / 6,39 / 6,89;"R$ / litro; R$ / litro; R$ / litro; R$ / litro";Conveniencia,Borracharia,Caixa eletronico,Calibragem;;;;
13/01/2026;2026-S03;CONCORRENTE; 12.535.572/0001-54;AUTO POSTO MORADA LTDA;AUTO POSTO MORADA LTDA;IPIRANGA;AVENIDA PAULO PEREIRA GOMES, S/N - LOTE  03C                 QUADRAUE IV               SETOR II - MORADA DE LARANJEIRAS;29166-828;SERRA;ES;SE;DIESEL S10, ETANOL, GASOLINA, GASOLINA ADITIVADA;5,95 / 4,69 / 6,29 / 6,39;"R$ / litro; R$ / litro; R$ / litro; R$ / litro";Borracharia,Calibragem,Troca de oleo;;;;
13/01/2026;2026-S03;CONCORRENTE; 22.356.015/0001-20;CENTRAL COMERCIO DE COMBUSTIVEIS LTDA;CENTRAL COMERCIO DE COMBUSTIVEIS LTDA;IPIRANGA;"AVENIDA ELDES SCHERRER SOUZA, 2100 - : POSTO; - CIVIT II";29168-060;SERRA;ES;SE;DIESEL, DIESEL S10, ETANOL, GASOLINA, GASOLINA ADITIVADA, GNV;5,89 / 5,99 / 4,69 / 6,39 / 6,59 / 4,09;"R$ / litro; R$ / litro; R$ / litro; R$ / litro; R$ / litro; R$ / m³";Troca de oleo, Borracharia, Lava-jato, Conveniencia;;;;
14/01/2026;2026-S03;CONCORRENTE; 00.762.780/0002-98;POSTO SD LTDA;POSTO SD LTDA;VIBRA;AVENIDA GOVERNADOR EURICO VIEIRA DE REZENDE, 278 - LOTE  1-2-3-4-5 - GURIRI NORTE;29946-100;SAO MATEUS;ES;SE;DIESEL S10, GASOLINA, GASOLINA ADITIVADA;5,99 / 6,69 / 6,79;"R$ / litro; R$ / litro; R$ / litro";Borracharia;;;;
14/01/2026;2026-S03;CONCORRENTE; 01.496.517/0001-86;POSTO PERIM LTDA;POSTO PERIM LTDA;VIBRA;RUA SANTA LEOPOLDINA, 1650 - ITAPARICA;29102-040;VILA VELHA;ES;SE;DIESEL S10, ETANOL, GASOLINA, GASOLINA ADITIVADA;6,19 / 4,89 / 6,29 / 6,49;"R$ / litro; R$ / litro; R$ / litro; R$ / litro";Conveniencia,Borracharia,Caixa eletronico,Calibragem;;;;
14/01/2026;2026-S03;CONCORRENTE; 01.503.536/0001-92;POSTO MARCELA;POSTO MARCELA LTDA;VIBRA;RUA DO PESSEGUEIRO, S/N - DIVINO ESPÍRITO SANTO;29107-230;VILA VELHA;ES;SE;DIESEL S10, GASOLINA, GASOLINA ADITIVADA;5,99 / 6,29 / 6,49;"R$ / litro; R$ / litro; R$ / litro";Caixa eletronico,Borracharia;;;;
14/01/2026;2026-S03;CONCORRENTE; 04.145.589/0011-49;ARARA AZUL REDE DE POSTOS LTDA;ARARA AZUL REDE DE POSTOS LTDA;BRANCA;RODOVIA RODOVIA DO SOL, 530 - PRAIA DE ITAPARICA;29102-020;VILA VELHA;ES;SE;DIESEL S10, ETANOL, GASOLINA, GASOLINA ADITIVADA;5,95 / 4,59 / 6,29 / 6,49;"R$ / litro; R$ / litro; R$ / litro; R$ / litro";Lava-jato,Troca de oleo,Borracharia;;;;
14/01/2026;2026-S03;CONCORRENTE; 04.361.389/0002-32;AUTO POSTO WAVE LTDA;AUTO POSTO WAVE LTDA;ALE;AVENIDA MARTIN PESCADOR, 12 - PORTO CANOA;29168-460;SERRA;ES;SE;DIESEL S10, ETANOL, GASOLINA, GASOLINA ADITIVADA;5,99 / 4,89 / 6,39 / 6,59;"R$ / litro; R$ / litro; R$ / litro; R$ / litro";"Borracharia; Caixa eletronico; Troca de oleo";;;;
14/01/2026;2026-S03;CONCORRENTE; 04.994.796/0001-04;POSTO SB LTDA;POSTO SB LTDA;VIBRA;AVENIDA BRASILIA, 1360 - PLANICIE DA SERRA;29168-710;SERRA;ES;SE;GASOLINA, GASOLINA ADITIVADA;6,39 / 6,56;"R$ / litro; R$ / litro";Borracharia,Calibragem,Troca de oleo,Caixa eletronico;;;;
14/01/2026;2026-S03;CONCORRENTE; 05.393.247/0001-39;POSTO CANOA DERIVADOS DE PETROLEO LTDA;POSTO CANOA DERIVADOS DE PETROLEO LTDA;ALE;AVENIDA BRASILIA, 575 - PORTO CANOA;29168-600;SERRA;ES;SE;DIESEL S10, ETANOL, GASOLINA, GASOLINA ADITIVADA;5,99 / 4,89 / 6,39 / 6,59;"R$ / litro; R$ / litro; R$ / litro; R$ / litro";Borracharia / Caixa eletronico / Calibragem;;;;
14/01/2026;2026-S03;CONCORRENTE; 07.571.908/0001-02;AUTO POSTO CORAL;AUTO POSTO CORAL LTDA;VIBRA;AVENIDA NORTE SUL, 259 - N.S.DO ROSARIO DE FATIMA;29176-798;Serra ;ES;SE;GASOLINA, GASOLINA ADITIVADA;6,29 / 6,59;"R$/l; R$/l";Borracharia,Lava-jato,Conveniencia;;;;
14/01/2026;2026-S03;CONCORRENTE; 08.022.304/0001-61;AUTO POSTO DE COMBUSTIVEL RTT LTDA;AUTO POSTO DE COMBUSTIVEL RTT LTDA;BRANCA;RUA MOEMA, 38 - DIVINO ESPIRITO SANTO;29107-250;VILA VELHA;ES;SE;DIESEL S10, ETANOL, GASOLINA, GASOLINA ADITIVADA;5,99 / 4,69 / 6,29 / 6,39;"R$ / litro; R$ / litro; R$ / litro; R$ / litro";Borracharia;;;;
14/01/2026;2026-S03;CONCORRENTE; 10.569.345/0001-14;POSTO CRISTOVAO COLOMBO LTDA;POSTO CRISTOVAO COLOMBO LTDA;VIBRA;RUA CRISTOVAO COLOMBO, 582 - CRISTOVAO COLOMBO;29106-595;VILA VELHA;ES;SE;GASOLINA, GASOLINA ADITIVADA;6,19 / 6,49;"R$ / litro; R$ / litro";"Caixa eletronico; Troca de oleo; Lava-jato; Calibragem";;;;
14/01/2026;2026-S03;PROPRIO; 11.222.333/0004-24;REDE MARE COMBUSTIVEIS LTDA;REDE MARE;BRANCA;RODOVIA GOVERNADOR MARIO COVAS, 4324 - KM    265   POSTO - PLANALTO DE CARAPINA;29162-702;SERRA;ES;SE;DIESEL S10, ETANOL, GASOLINA, GASOLINA ADITIVADA;5,99 / 4,59 / 6,24 / 6,44;"R$ / litro; R$ / litro; R$ / litro; R$ / litro";Troca de oleo;Renata Alves;(27) 99633-9021;"01.823.633/0001-62; 04.361.389/0002-32; 05.393.247/0001-39";
14/01/2026;2026-S03;CONCORRENTE; 26.058.218/0001-90;AUTO POSTO 5 ESTRELAS EIRELI;AUTO POSTO 5 ESTRELAS EIRELI;IPIRANGA;RODOVIA GOVERNADOR MARIO COVAS, S/N - KM    245.2 - CALOGI;29181-100;SERRA;ES;SE;DIESEL, DIESEL S10, ETANOL, GASOLINA, GASOLINA ADITIVADA;6,09 / 6,19 / 4,69 / 6,29 / 6,39;"R$ / litro; R$ / litro; R$ / litro; R$ / litro; R$ / litro";Troca de oleo;;;;
14/01/2026;2026-S03;CONCORRENTE; 26.980.450/0001-81;AUTO POSTO VITORIA COMERCIO DE COMBUSTIVEIS LTDA;AUTO POSTO VITORIA COMERCIO DE COMBUSTIVEIS LTDA;VIBRA;RUA OLYMPIO RODRIGUES PASSOS, 14 - LOJA  01 - JABOUR;29072-290;VITORIA;ES;SE;ETANOL, GASOLINA, GASOLINA ADITIVADA;4,89 / 6,29 / 6,49;"R$ / litro; R$ / litro; R$ / litro";Caixa eletronico;;;;
14/01/2026;2026-S03;CONCORRENTE; 26.980.450/0001-81;AUTO POSTO VITORIA COMERCIO DE COMBUSTIVEIS LTDA;AUTO POSTO VITORIA COMERCIO DE COMBUSTIVEIS LTDA;VIBRA;RUA OLYMPIO RODRIGUES PASSOS, 14 - LOJA  01 - JABOUR;29072-290;VITORIA;ES;SE;ETANOL, GASOLINA, GASOLINA ADITIVADA;4,89 / 6,29 / 6,49;"R$ / litro; R$ / litro; R$ / litro";Caixa eletronico;;;;
14/01/2026;2026-S03;CONCORRENTE; 27.025.907/0001-61;INCAP INDUSTRIA E COMERCIO AGRO PECUARIO LTDA;INCAP INDUSTRIA E COMERCIO AGRO PECUARIO LTDA;ALE;AVENIDA JOSE MARTINS RATO, S/N - NOSSA SENHORA DE FATIMA;29160-790;SERRA;ES;SE;DIESEL S10, ETANOL, GASOLINA, GASOLINA ADITIVADA;6,19 / 4,69 / 6,29 / 6,49;"R$ / litro; R$ / litro; R$ / litro; R$ / litro";Calibragem;;;;
14/01/2026;2026-S03;CONCORRENTE; 27.664.597/0006-30;AUTO POSTO SCHUENG LTDA;AUTO POSTO SCHUENG LTDA;ALE;RUA DOMINGOS CARRAFA, 49 - GURIRI SUL;29945-170;SAO MATEUS;ES;SE;DIESEL S10, GASOLINA;6,19 / 6,59;"R$ / litro; R$ / litro";Troca de oleo, Lava-jato, Calibragem;;;;
14/01/2026;2026-S03;CONCORRENTE; 27.664.597/0009-82;AUTO POSTO SCHUENG LTDA;AUTO POSTO SCHUENG LTDA;IPIRANGA;AVENIDA ESBERTALINA BARBOSA DAMIANI, 41-N - GURIRI NORTE;29946-490;SAO MATEUS;ES;SE;DIESEL, DIESEL S10, ETANOL, GASOLINA;6,09 / 6,49 / 4,99 / 6,59;"R$ / litro; R$ / litro; R$ / litro; R$ / litro";Conveniencia, Borracharia, Lava-jato;;;;
14/01/2026;2026-S03;CONCORRENTE; 27.664.597/0012-88;AUTO POSTO SCHUENG LTDA;AUTO POSTO SCHUENG LTDA;IPIRANGA;RODOVIA GOVERNADOR MARIO COVAS, S/N - QUADRA092                 LOTE  007 - ROSARIO DE FATIMA;29161-160;SERRA;ES;SE;ETANOL, GASOLINA;4,69 / 6,29;"R$ / litro; R$ / litro";Borracharia,Lava-jato;;;;
14/01/2026;2026-S03;CONCORRENTE; 27.734.094/0001-89;POSTO ATLANTICO LTDA;POSTO ATLANTICO LTDA;RAIZEN;AVENIDA DANTE MICHELINI, 4655 - POSTO - JARDIM CAMBURI;29090-070;VITORIA;ES;SE;DIESEL S10, ETANOL, GASOLINA, GASOLINA ADITIVADA;6,39 / 4,99 / 6,29 / 6,64;"R$ / litro; R$ / litro; R$ / litro; R$ / litro";"Borracharia; Calibragem";;;;
14/01/2026;2026-S03;CONCORRENTE; 28.037.679/0001-02;POSTO TUBARAO COM DE DERIVADOS DE PETROLEO LTDA;POSTO TUBARAO COM DE DERIVADOS DE PETROLEO LTDA;RAIZEN;AVENIDA PRESIDENTE CASTELO BRANCO, 315 - NOSSA SENHORA DO ROSARIO DE FATIMA;29161-135;SERRA;ES;SE;DIESEL S10, ETANOL, GASOLINA, GASOLINA ADITIVADA;6,09 / 4,73 / 6,29 / 6,69;"R$ / litro; R$ / litro; R$ / litro; R$ / litro";Caixa eletronico,Conveniencia;;;;
14/01/2026;2026-S03;CONCORRENTE; 31.465.040/0001-32;POSTO ITAPOA;POSTO ITAPOA LTDA;IPIRANGA;AVENIDA FRANCELINA SETUBAL, 333 - ITAPOAN;29100-000;VILA VELHA;ES;SE;DIESEL S10, ETANOL, GASOLINA, GASOLINA ADITIVADA;5,99 / 4,68 / 6,29 / 6,59;"R$ / litro; R$ / litro; R$ / litro; R$ / litro";"Calibragem; Lava-jato";;;;
14/01/2026;2026-S03;CONCORRENTE; 34.387.806/0001-04;POSTO SATURNINO RANGEL MAURO LTDA;POSTO SATURNINO RANGEL MAURO LTDA;ALE;RUA PROFESSOR AUGUSTO RUSCH, 121 - PRAIA DE ITAPARICA;29102-080;VILA VELHA;ES;SE;DIESEL S10, ETANOL, GASOLINA, GASOLINA ADITIVADA;6,09 / 4,67 / 6,29 / 6,59;"R$ / litro; R$ / litro; R$ / litro; R$ / litro";"Conveniencia; Lava-jato; Caixa eletronico; Calibragem";;;;
15/01/2026;2026-S03;CONCORRENTE; 00.345.721/0001-33;RUBENS SCHUENG FILHO;RUBENS SCHUENG FILHO;IPIRANGA;RUA DOUTOR RAIMUNDO GUILHERME SOBRINHO, 605 - FRENTE - SERNAMBY;29930-480;SAO MATEUS;ES;SE;DIESEL S10, GASOLINA;6,19 / 6,59;"R$ / litro; R$ / litro";Conveniencia;;;;
15/01/2026;2026-S03;CONCORRENTE; 00.580.488/0001-73;POSTO DE GASOLINA MARACANA LTDA;POSTO DE GASOLINA MARACANA LTDA;IPIRANGA;AVENIDA ALICE COUTINHO SANTOS, 2101 - POSTO DE GASOLINA - MARACANA;29142-887;CARIACICA;ES;SE;DIESEL, DIESEL S10, ETANOL, GASOLINA, GASOLINA ADITIVADA;5,99 / 6,09 / 4,65 / 6,25 / 6,39;"R$ / litro; R$ / litro; R$ / litro; R$ / litro; R$ / litro";Troca de oleo / Borracharia / Caixa eletronico;;;;
15/01/2026;2026-S03;CONCORRENTE; 02.582.857/0001-92;POSTO CAMPO GRANDE LTDA;POSTO CAMPO GRANDE LTDA;ATLÂNTICA;AVENIDA EXPEDITO GARCIA, 222 - CAMPO GRANDE;29157-405;CARIACICA;ES;SE;ETANOL, GASOLINA, GASOLINA ADITIVADA;4,59 / 6,19 / 6,19;"R$ / litro; R$ / litro; R$ / litro";Lava-jato;;;;
15/01/2026;2026-S03;CONCORRENTE; 03.948.877/0003-69;AUTO POSTO SANTA ANA LTDA;AUTO POSTO SANTA ANA LTDA;ALE;RODOVIA DO CAFE, 1871 - CARLOS GERMANO NAUMANN;29705-200;COLATINA;ES;SE;DIESEL, DIESEL S10, GASOLINA, GASOLINA ADITIVADA;5,89 / 5,99 / 6,55 / 6,75;"R$ / litro; R$ / litro; R$ / litro; R$ / litro";Calibragem / Lava-jato / Troca de oleo;;;;
15/01/2026;2026-S03;CONCORRENTE; 04.814.652/0001-10;POSTO MOTOCAP LTDA;POSTO MOTOCAP LTDA;VIBRA;PRACA ALMIRANTE BARROSO, 52 - LETRA A - LACE;29703-055;COLATINA;ES;SE;GASOLINA;6,59;R$ / litro;Calibragem,Lava-jato,Conveniencia;;;;
15/01/2026;2026-S03;CONCORRENTE; 05.349.237/0001-04;POSTO IRMAOS CAMATTA LTDA;POSTO IRMAOS CAMATTA LTDA;VIBRA;RODOVIA BR 101, KM 143, S/N - CANIVETE;29909-010;LINHARES;ES;SE;DIESEL, GASOLINA, GASOLINA ADITIVADA;5,99 / 6,59 / 6,59;"R$ / litro; R$ / litro; R$ / litro";Troca de oleo / Caixa eletronico;;;;
15/01/2026;2026-S03;CONCORRENTE;05609081000145;AUTO SERVICO FLORESTA LTDA;AUTO SERVICO FLORESTA LTDA;VIBRA;AVENIDA PREFEITO SAMUEL BATISTA CRUZ, 1276 - ARACA;29900-100;LINHARES;ES;SE;DIESEL, GASOLINA;5,99 / 6,59;"R$ / litro; R$ / litro";Lava-jato,Troca de oleo,Caixa eletronico,Borracharia;;;;
15/01/2026;2026-S03;CONCORRENTE; 05.791.319/0001-04;MOTOCAP COMBUSTIVEIS LTDA;MOTOCAP COMBUSTIVEIS LTDA;VIBRA;RODOVIA GETHER LOPES DE FARIAS, 2600 - CARLOS GERMANO NAUMANN;29705-390;COLATINA;ES;SE;DIESEL, GASOLINA, GASOLINA ADITIVADA, GNV;6,19 / 6,73 / 6,83 / 4,49;"R$ / litro; R$ / litro; R$ / litro; R$ / m³";Borracharia, Calibragem;;;;
15/01/2026;2026-S03;CONCORRENTE; 07.381.843/0001-24;POSTO DE COMBUSTIVEIS BRUNO LTDA;POSTO DE COMBUSTIVEIS BRUNO LTDA;BRANCA;RUA FIORAVANTE ROSSI, 738 - SAO BRAZ;29704-700;COLATINA;ES;SE;GASOLINA, GASOLINA ADITIVADA;6,55 / 6,55;"R$ / litro; R$ / litro";Borracharia;;;;
15/01/2026;2026-S03;CONCORRENTE; 08.519.545/0001-10;SAO FRANCISCO DE ASSIS COMERCIO DE COMBUSTIVEIS LTDA;SAO FRANCISCO DE ASSIS COMERCIO DE COMBUSTIVEIS LTDA;VIBRA;PRACA FIDELIS FERRARI, 35 - LACE;29703-030;COLATINA;ES;SE;GASOLINA, GASOLINA ADITIVADA;6,75 / 6,89;"R$ / litro; R$ / litro";Caixa eletronico / Troca de oleo / Conveniencia;;;;
15/01/2026;2026-S03;CONCORRENTE; 08.971.375/0001-00;BRAX COMBUSTIVEIS LTDA;BRAX COMBUSTIVEIS LTDA;IPIRANGA;RODOVIA CONEGO JOAO GUILHERME, 1516 - MARIO GIURIZATTO;29706-557;COLATINA;ES;SE;DIESEL, DIESEL S10, ETANOL, GASOLINA, GASOLINA ADITIVADA;6,08 / 6,18 / 4,72 / 6,37 / 6,48;"R$ / litro; R$ / litro; R$ / litro; R$ / litro; R$ / litro";Lava-jato,Troca de oleo;;;;
15/01/2026;2026-S03;CONCORRENTE; 09.369.995/0001-37;POSTO DE COMBUSTIVEIS FERRARI SAO MATEUS LTDA;POSTO DE COMBUSTIVEIS FERRARI SAO MATEUS LTDA;BRANCA;"RODOVIA BR-101 NORTE, 921 - KM: 63; - VILA NOVA";29941-010;SAO MATEUS;ES;SE;ETANOL, GASOLINA, GNV;4,79 / 6,59 / 4,98;"R$ / litro; R$ / litro; R$ / m³";Lava-jato / Troca de oleo / Conveniencia;;;;
15/01/2026;2026-S03;CONCORRENTE; 10.223.356/0001-48;POSTO TREVO DA PONTE LTDA;POSTO TREVO DA PONTE LTDA;IPIRANGA;AVENIDA GOVERNADOR JONES DOS SANTOS NEVES, 160 - AVISO;29900-384;LINHARES;ES;SE;DIESEL, GASOLINA, GASOLINA ADITIVADA;5,99 / 6,59 / 6,59;"R$ / litro; R$ / litro; R$ / litro";Borracharia;;;;
15/01/2026;2026-S03;CONCORRENTE; 10.331.576/0001-95;AUTO POSTO LINHARES LTDA;AUTO POSTO LINHARES LTDA;IPIRANGA;AVENIDA JOSE TESCH, 657 - SHELL;29901-500;LINHARES;ES;SE;DIESEL, GASOLINA, GASOLINA ADITIVADA;5,99 / 6,59 / 6,59;"R$ / litro; R$ / litro; R$ / litro";Conveniencia, Caixa eletronico, Troca de oleo, Borracharia;;;;
15/01/2026;2026-S03;CONCORRENTE; 10.813.831/0001-36;AUTO POSTO E SERVICOS ARACRUZ - COLINA DE BELA VISTA LTDA;AUTO POSTO E SERVICOS ARACRUZ - COLINA DE BELA VISTA LTDA;RAIZEN;AVENIDA CASTELO BRANCO, 14 - QUADRARC 06 -                   LOTEAMENTO COLINA - BELA VISTA;29192-066;ARACRUZ;ES;SE;DIESEL, DIESEL S10, GASOLINA, GASOLINA ADITIVADA;5,95 / 6,15 / 6,54 / 6,84;"R$ / litro; R$ / litro; R$ / litro; R$ / litro";Troca de oleo, Caixa eletronico, Borracharia, Lava-jato;;;;
15/01/2026;2026-S03;PROPRIO; 11.222.333/0001-81;REDE MARE COMBUSTIVEIS LTDA;REDE MARE;BRANCA;AVENIDA MARIO GURGEL, 1092 - ITAQUARI;29151-570;CARIACICA;ES;SE;DIESEL, DIESEL S10, ETANOL, GASOLINA, GASOLINA ADITIVADA, GNV;5,90 / 5,97 / 4,65 / 6,19 / 6,19 / 4,09;"R$ / litro; R$ / litro; R$ / litro; R$ / litro; R$ / litro; R$ / m³";Conveniencia / Troca de oleo / Caixa eletronico / Borracharia;Carlos Menezes;(27) 99811-2041 / (27) 3334-1100;00.580.488/0001-73 / 13.814.642/0001-76 / 15.226.314/0001-84;
15/01/2026;2026-S03;PROPRIO; 11.222.333/0005-05;REDE MARE COMBUSTIVEIS LTDA;REDE MARE;BRANCA;AVENIDA MARIO GURGEL, 3127 - FUNDOSCOM A AV EXPEDITO GA - CAMPO GRANDE;29146-012;CARIACICA;ES;SE;DIESEL S10, ETANOL, GASOLINA, GASOLINA ADITIVADA, GNV;5,99 / 4,69 / 6,19 / 6,19 / 4,09;"R$ / litro; R$ / litro; R$ / litro; R$ / litro; R$ / m³";Conveniencia;Marcos Lyrio;(27) 99890-1276 / (27) 3345-0098;00.580.488/0001-73 / 13.814.642/0001-76 / 15.226.314/0001-84;
15/01/2026;2026-S03;CONCORRENTE; 13.602.147/0001-01;AUTO POSTO LAGOA DO MEIO LTDA;AUTO POSTO LAGOA DO MEIO LTDA;IPIRANGA;RUA GUAICURUS, 18 - LAGOA DO MEIO;29904-010;LINHARES;ES;SE;DIESEL S10, GASOLINA;6,09 / 6,59;"R$ / litro; R$ / litro";Borracharia, Caixa eletronico;;;;
15/01/2026;2026-S03;CONCORRENTE; 13.814.642/0001-76;POSTO BR 31 AUTO SERVICOS LTDA;POSTO BR 31 AUTO SERVICOS LTDA;RAIZEN;AVENIDA MARIO GURGEL, 2844 - ALTO LAJE;29151-026;CARIACICA;ES;SE;DIESEL S10, ETANOL, GASOLINA, GASOLINA ADITIVADA;6,09 / 4,76 / 6,15 / 6,55;"R$ / litro; R$ / litro; R$ / litro; R$ / litro";Troca de oleo, Calibragem, Caixa eletronico, Conveniencia;;;;
15/01/2026;2026-S03;CONCORRENTE; 14.509.900/0001-73;POSTO DE COMBUSTIVEIS LINHARES LTDA;POSTO DE COMBUSTIVEIS LINHARES LTDA;BRANCA;AVENIDA SAO MATEUS, S/N - SHELL;29901-630;LINHARES;ES;SE;ETANOL, GASOLINA;4,74 / 6,59;"R$ / litro; R$ / litro";"Lava-jato; Calibragem; Caixa eletronico; Troca de oleo";;;;
15/01/2026;2026-S03;CONCORRENTE; 15.226.314/0001-84;MAIS COMERCIO DE COMBUSTIVEL CARIACICA LTDA.;MAIS COMERCIO DE COMBUSTIVEL CARIACICA LTDA;BRANCA;AVENIDA MARIO GURGEL, 4935 - VILA PALESTINA;29145-711;CARIACICA;ES;SE;ETANOL, GASOLINA;4,69 / 6,19;"R$ / litro; R$ / litro";"Borracharia; Lava-jato; Conveniencia; Calibragem";;;;
15/01/2026;2026-S03;CONCORRENTE; 20.246.670/0001-08;POSTO DE COMBUSTIVEIS COLATINA LTDA;POSTO DE COMBUSTIVEIS COLATINA LTDA;BRANCA;RODOVIA DO CAFE, 606 - CARLOS GERMANO NAUMANN;29705-200;COLATINA;ES;SE;DIESEL, DIESEL S10, ETANOL, GASOLINA;5,89 / 5,99 / 4,75 / 6,49;"R$ / litro; R$ / litro; R$ / litro; R$ / litro";Troca de oleo / Calibragem;;;;
15/01/2026;2026-S03;CONCORRENTE; 24.145.665/0001-51;C.R.B. DEZAN E CIA LTDA;C.R.B. DEZAN E CIA LTDA;ATLÂNTICA;AVENIDA MARIO GURGEL, 5913 - AUTO POSTO - SAO FRANCISCO;29145-409;CARIACICA;ES;SE;DIESEL S10, ETANOL, GASOLINA;5,99 / 4,69 / 6,19;"R$/l; R$/l; R$/l";Conveniencia / Caixa eletronico;;;;
15/01/2026;2026-S03;CONCORRENTE; 27.016.518/0001-70;AUTO POSTO CONTORNO LTDA;AUTO POSTO CONTORNO LTDA;ALE;RODOVIA GOVERNADOR MARIO COVAS, 11282 - SERRA DO ANIL;29147-030;CARIACICA;ES;SE;DIESEL, DIESEL S10, ETANOL, GASOLINA, GASOLINA ADITIVADA;5,89 / 5,99 / 4,79 / 6,19 / 6,39;"R$ / litro; R$ / litro; R$ / litro; R$ / litro; R$ / litro";Borracharia;;;;
15/01/2026;2026-S03;CONCORRENTE; 27.085.240/0001-92;POSTO DE GASOLINA SANTO ANTONIO LTDA;POSTO DE GASOLINA SANTO ANTONIO LTDA;ALE;AVENIDA SILVIO AVIDOS, 3251 - SANTO ANTONIO;29704-053;COLATINA;ES;SE;DIESEL, DIESEL S10, GASOLINA, GASOLINA ADITIVADA;6,25 / 6,35 / 6,59 / 6,72;"R$ / litro; R$ / litro; R$ / litro; R$ / litro";"Lava-jato; Calibragem";;;;
15/01/2026;2026-S03;CONCORRENTE; 27.303.411/0001-02;AUTO POSTO DADINHO LTDA;AUTO POSTO DADINHO LTDA;IPIRANGA;RODOVIA BR 101, S/N - KM 140 - CANIVETE;29901-401;LINHARES;ES;SE;DIESEL, DIESEL S10, ETANOL, GASOLINA, GASOLINA ADITIVADA;5,99 / 6,09 / 4,99 / 6,79 / 6,89;"R$ / litro; R$ / litro; R$ / litro; R$ / litro; R$ / litro";Conveniencia;;;;
15/01/2026;2026-S03;CONCORRENTE; 27.303.411/0003-74;AUTO POSTO DADINHO LTDA;AUTO POSTO DADINHO LTDA;ALE;AVENIDA VEREADOR WILMO VITORIO GUIZANI, 12 - SAO JOSE;29905-080;LINHARES;ES;SE;GASOLINA, GASOLINA ADITIVADA;6,59 / 6,69;"R$ / litro; R$ / litro";"Caixa eletronico; Lava-jato";;;;
15/01/2026;2026-S03;CONCORRENTE; 27.394.378/0001-73;POSTO DE PRODUTOS DE PETROLEO OASIS LTDA;POSTO DE PRODUTOS DE PETROLEO OASIS LTDA;IPIRANGA;AVENIDA MARIO GURGEL, 297 - JARDIM AMERICA;29140-261;CARIACICA;ES;SE;DIESEL S10, GASOLINA, GASOLINA ADITIVADA, GNV;6,09 / 6,29 / 6,49 / 4,09;"R$ / litro; R$ / litro; R$ / litro; R$ / m³";Calibragem,Caixa eletronico;;;;ATUALIZAR!!
15/01/2026;2026-S03;CONCORRENTE; 27.396.415/0001-82;AUTO SERVICO SAO CRISTOVAO LTDA;AUTO SERVICO SAO CRISTOVAO LTDA;VIBRA;AVENIDA MARIO GURGEL, 4 - KM    4 5  BR 262 - DOM BOSCO;29147-345;CARIACICA;ES;SE;GASOLINA, GNV;6,24 / 4,07;"R$ / litro; R$ / m³";Caixa eletronico,Borracharia,Conveniencia;;;;
15/01/2026;2026-S03;CONCORRENTE; 27.664.597/0007-10;AUTO POSTO SCHUENG LTDA;AUTO POSTO SCHUENG LTDA;IPIRANGA;AVENIDA DOUTOR RAIMUNDO GUILHERME SOBRINHO, 176 - BOA VISTA;29931-630;SAO MATEUS;ES;SE;ETANOL, GASOLINA, GASOLINA ADITIVADA;4,99 / 6,59 / 6,59;"R$ / litro; R$ / litro; R$ / litro";Conveniencia, Borracharia, Calibragem;;;;promo fim de semana?
15/01/2026;2026-S03;CONCORRENTE; 27.926.384/0001-24;PETROVERA - POSTO DE PRODUTOS DE PETROLEO E TRANSPORTES LTDA - ME;PETROVERA - POSTO DE PRODUTOS DE PETROLEO E TRANSPORTES LTDA - ME;IPIRANGA;RODOVIA GOVERNADOR JOSE HENRIQUE SETTE, 906 - PAVMTO01 - ALTO LAGE;29151-055;CARIACICA;ES;SE;DIESEL, DIESEL S10, ETANOL, GASOLINA, GASOLINA ADITIVADA;5,89 / 5,99 / 4,69 / 6,15 / 6,15;"R$ / litro; R$ / litro; R$ / litro; R$ / litro; R$ / litro";Caixa eletronico, Conveniencia, Borracharia, Calibragem;;;;
15/01/2026;2026-S03;CONCORRENTE; 28.344.206/0001-58;POSTO DE COMBUSTIVEIS ITACIBA LTDA;POSTO DE COMBUSTIVEIS ITACIBA LTDA;BRANCA;RUA MANOEL JOAQUIM DOS SANTOS, 317 - ITACIBA;29150-270;CARIACICA;ES;SE;ETANOL, GASOLINA, GASOLINA ADITIVADA;4,49 / 6,15 / 6,15;"R$ / litro; R$ / litro; R$ / litro";Troca de oleo / Conveniencia / Lava-jato / Borracharia;;;;
15/01/2026;2026-S03;CONCORRENTE; 29.937.036/0001-88;LOCVAN TRANSPORTE E TURISMO LTDA;LOCVAN TRANSPORTE E TURISMO LTDA;BRANCA;RODOVIA GOVERNADOR MARIO COVAS, 573 - VILA NOVA;29941-010;SAO MATEUS;ES;SE;DIESEL S10, ETANOL, GASOLINA, GASOLINA ADITIVADA;6,19 / 5,09 / 6,59 / 6,59;"R$ / litro; R$ / litro; R$ / litro; R$ / litro";Calibragem, Conveniencia;;;;
15/01/2026;2026-S03;CONCORRENTE;30578975000162;CAMATTA & CIA LTDA;CAMATTA & CIA LTDA;IPIRANGA;AVENIDA WENCESLAU BRAZ, 133 - CENTRO;29901-260;LINHARES;ES;SE;DIESEL, GASOLINA, GASOLINA ADITIVADA;5,99 / 6,59 / 6,59;"R$ / litro; R$ / litro; R$ / litro";Calibragem;;;;
15/01/2026;2026-S03;CONCORRENTE; 30.869.047/0001-57;ABT COMERCIO DE COMBUSTIVEIS LTDA;ABT COMERCIO DE COMBUSTIVEIS LTDA;BRANCA;RODOVIA GOVERNADOR MARIO COVAS, 1874 - KM    65 - BOA VISTA;29931-200;SAO MATEUS;ES;SE;DIESEL, DIESEL S10, ETANOL, GASOLINA;5,99 / 6,09 / 4,99 / 6,59;"R$ / litro; R$ / litro; R$ / litro; R$ / litro";Lava-jato / Troca de oleo / Caixa eletronico;;;;
15/01/2026;2026-S03;CONCORRENTE; 36.751.443/0001-61;BOA VISTA SERVICO AUTOMOTIVO LTDA;BOA VISTA SERVICO AUTOMOTIVO LTDA;ALE;AVENIDA JOAO XXIII, 1339 - BOA VISTA;29931-225;SAO MATEUS;ES;SE;DIESEL S10, GASOLINA, GASOLINA ADITIVADA;6,59 / 6,69 / 6,69;"R$ / litro; R$ / litro; R$ / litro";Calibragem / Borracharia / Caixa eletronico;;;;
15/01/2026;2026-S03;CONCORRENTE; 37.361.618/0001-97;AUTO POSTO MAX COMBUSTIVEIS E DERIVADOS LTDA;AUTO POSTO MAX COMBUSTIVEIS E DERIVADOS LTDA;BRANCA;AVENIDA CEREJEIRA, 694 - LOTE  01                  QUADRA12 - MOVELAR;29906-014;LINHARES;ES;SE;ETANOL, GASOLINA, GASOLINA ADITIVADA;4,74 / 6,59 / 6,59;"R$ / litro; R$ / litro; R$ / litro";Caixa eletronico, Calibragem;;;;
19/01/2026;2026-S04;CONCORRENTE; 00.580.488/0001-73;POSTO DE GASOLINA MARACANA LTDA;POSTO DE GASOLINA MARACANA LTDA;IPIRANGA;AVENIDA ALICE COUTINHO SANTOS, 2101 - POSTO DE GASOLINA - MARACANA;29142-887;CARIACICA;ES;SE;DIESEL, DIESEL S10, ETANOL, GASOLINA, GASOLINA ADITIVADA;5,99 / 6,09 / 4,65 / 6,25 / 6,39;"R$ / litro; R$ / litro; R$ / litro; R$ / litro; R$ / litro";Troca de oleo / Borracharia / Caixa eletronico;;;;
19/01/2026;2026-S04;CONCORRENTE; 02.582.857/0001-92;POSTO CAMPO GRANDE LTDA;POSTO CAMPO GRANDE LTDA;ATLÂNTICA;AVENIDA EXPEDITO GARCIA, 222 - CAMPO GRANDE;29157-405;CARIACICA;ES;SE;ETANOL, GASOLINA, GASOLINA ADITIVADA;4,59 / 6,19 / 6,19;"R$ / litro; R$ / litro; R$ / litro";Lava-jato;;;;
19/01/2026;2026-S04;CONCORRENTE; 04.850.382/0001-01;POSTO ARIBIRI DO GAS LTDA;POSTO ARIBIRI DO GAS LTDA;VIBRA;AVENIDA CARLOS LINDEMBERG, 1944 - SANTA INEZ;29108-075;VILA VELHA;ES;SE;GASOLINA, GASOLINA ADITIVADA, GNV;6,29 / 6,49 / 4,09;"R$ / litro; R$ / litro; R$ / m³";Caixa eletronico / Lava-jato;;;;
19/01/2026;2026-S04;CONCORRENTE; 05.892.261/0001-87;AUTO POSTO VALE ENCANTADO LTDA.;AUTO POSTO VALE ENCANTADO LTDA.;VIBRA;RUA SOBREIRO, 395 - RIO MARINHO;29112-112;V. VELHA;ES;SE;DIESEL, DIESEL S10, GASOLINA, GASOLINA ADITIVADA;6,19 / 6,29 / 6,19 / 6,29;"R$ / litro; R$ / litro; R$ / litro; R$ / litro";Calibragem;;;;
19/01/2026;2026-S04;CONCORRENTE; 06.073.382/0001-60;AUTO POSTO SUCESSO LTDA;AUTO POSTO SUCESSO LTDA;BRANCA;AVENIDA JOAO FRANCISCO GONCALVES, 746 - COBILANDIA;29111-300;VILA VELHA;ES;SE;DIESEL S10, ETANOL, GASOLINA;5,89 / 4,59 / 6,15;"R$ / litro; R$ / litro; R$ / litro";Caixa eletronico, Calibragem, Lava-jato, Borracharia;;;;
19/01/2026;2026-S04;PROPRIO; 11.222.333/0001-81;REDE MARE COMBUSTIVEIS LTDA;REDE MARE;BRANCA;AVENIDA MARIO GURGEL, 1092 - ITAQUARI;29151-570;CARIACICA;ES;SE;DIESEL, DIESEL S10, ETANOL, GASOLINA, GASOLINA ADITIVADA, GNV;5,90 / 5,97 / 4,65 / 6,19 / 6,19 / 4,09;"R$ / litro; R$ / litro; R$ / litro; R$ / litro; R$ / litro; R$ / m³";"Conveniencia; Troca de oleo; Caixa eletronico; Borracharia";Carlos Menezes;(27) 99811-2041 / (27) 3334-1100;00.580.488/0001-73 / 13.814.642/0001-76 / 15.226.314/0001-84;
19/01/2026;2026-S04;PROPRIO; 11.222.333/0005-05;REDE MARE COMBUSTIVEIS LTDA;REDE MARE;BRANCA;AVENIDA MARIO GURGEL, 3127 - FUNDOSCOM A AV EXPEDITO GA - CAMPO GRANDE;29146-012;CARIACICA;ES;SE;DIESEL S10, ETANOL, GASOLINA, GASOLINA ADITIVADA, GNV;5,99 / 4,69 / 6,19 / 6,19 / 4,09;"R$ / litro; R$ / litro; R$ / litro; R$ / litro; R$ / m³";Conveniencia;Marcos Lyrio;(27) 99890-1276 / (27) 3345-0098;"00.580.488/0001-73; 13.814.642/0001-76; 15.226.314/0001-84";
19/01/2026;2026-S04;CONCORRENTE; 13.814.642/0001-76;POSTO BR 31 AUTO SERVICOS LTDA;POSTO BR 31 AUTO SERVICOS LTDA;RAIZEN;AVENIDA MARIO GURGEL, 2844 - ALTO LAJE;29151-026;CARIACICA;ES;SE;DIESEL S10, ETANOL, GASOLINA, GASOLINA ADITIVADA;6,09 / 4,76 / 6,15 / 6,55;"R$ / litro; R$ / litro; R$ / litro; R$ / litro";Troca de oleo / Calibragem / Caixa eletronico / Conveniencia;;;;
19/01/2026;2026-S04;CONCORRENTE; 15.010.530/0001-98;AUTO POSTO R M LTDA;AUTO POSTO R M LTDA;RAIZEN;"RODOVIA DO SOL, 3701 - LOTE: 11; QUADRA: 64; - PRAIA DE ITAPARICA";29102-023;VILA VELHA;ES;SE;DIESEL S10, ETANOL, GASOLINA, GASOLINA ADITIVADA;6,09 / 4,76 / 6,29 / 6,69;"R$ / litro; R$ / litro; R$ / litro; R$ / litro";Conveniencia;;;;
19/01/2026;2026-S04;CONCORRENTE; 15.226.314/0001-84;MAIS COMERCIO DE COMBUSTIVEL CARIACICA LTDA;MAIS COMERCIO DE COMBUSTIVEL CARIACICA LTDA;BRANCA;AVENIDA MARIO GURGEL, 4935 - VILA PALESTINA;29145-711;CARIACICA;ES;SE;ETANOL, GASOLINA;4,69 / 6,19;"R$ / litro; R$ / litro";Borracharia,Lava-jato,Conveniencia,Calibragem;;;;
19/01/2026;2026-S04;CONCORRENTE; 17.753.176/0001-17;AUTO POSTO BOULEVARD LTDA;AUTO POSTO BOULEVARD LTDA;ALE;"RODOVIA DO SOL, S/N - LOTE: 08 E 09; QUADRA: 59; - PRAIA DE ITAPARICA";29102-020;VILA VELHA;ES;SE;DIESEL S10, ETANOL, GASOLINA, GASOLINA ADITIVADA;6,09 / 4,72 / 6,29 / 6,69;"R$ / litro; R$ / litro; R$ / litro; R$ / litro";Troca de oleo / Conveniencia / Calibragem / Lava-jato;;;;
19/01/2026;2026-S04;CONCORRENTE; 18.366.697/0001-84;POSTO RIO MARINHO COMERCIO DE DERIVADOS DE PETROLEO EIRELI - EPP;POSTO RIO MARINHO COMERCIO DE DERIVADOS DE PETROLEO EIRELI - EPP;VIBRA;AVENIDA RIO MARINHO, S/N - RIO MARINHO;29112-690;VILA VELHA;ES;SE;DIESEL, DIESEL S10, ETANOL, GASOLINA, GASOLINA ADITIVADA;6,05 / 6,09 / 4,67 / 6,17 / 6,49;"R$ / litro; R$ / litro; R$ / litro; R$ / litro; R$ / litro";Conveniencia;;;;
19/01/2026;2026-S04;CONCORRENTE; 23.314.250/0001-00;COMERCIO DE COMBUSTIVEIS LINDENBERG LTDA;COMERCIO DE COMBUSTIVEIS LINDENBERG LTDA;BRANCA;AVENIDA CARLOS LINDENBERG, 5718 - LOTE  2. 3. 14 E 15       QUADRAD - SANTA INES;29108-075;VILA VELHA;ES;SE;DIESEL S10, ETANOL, GASOLINA;5,85 / 4,59 / 6,25;"R$ / litro; R$ / litro; R$ / litro";"Conveniencia; Borracharia; Calibragem";;;;
19/01/2026;2026-S04;CONCORRENTE; 24.145.665/0001-51;C.R.B. DEZAN E CIA LTDA;C.R.B. DEZAN E CIA LTDA;ATLÂNTICA;AVENIDA MARIO GURGEL, 5913 - AUTO POSTO - SAO FRANCISCO;29145-409;CARIACICA;ES;SE;DIESEL S10, ETANOL, GASOLINA;6,09 / 4,69 / 6,19;"R$ / litro; R$ / litro; R$ / litro";Conveniencia,Caixa eletronico;;;;
19/01/2026;2026-S04;CONCORRENTE; 27.016.518/0001-70;AUTO POSTO CONTORNO LTDA;AUTO POSTO CONTORNO LTDA;ALE;RODOVIA GOVERNADOR MARIO COVAS, 11282 - SERRA DO ANIL;29147-030;CARIACICA;ES;SE;DIESEL, DIESEL S10, ETANOL, GASOLINA, GASOLINA ADITIVADA;5,89 / 5,99 / 4,79 / 6,19 / 6,39;"R$ / litro; R$ / litro; R$ / litro; R$ / litro; R$ / litro";Borracharia;;;;
19/01/2026;2026-S04;CONCORRENTE; 27.394.378/0001-73;Posto De Produtos De Petroleo Oasis Ltda;POSTO DE PRODUTOS DE PETROLEO OASIS LTDA;IPIRANGA;AVENIDA MARIO GURGEL, 297 - JARDIM AMERICA;29140-261;CARIACICA;ES;SE;DIESEL S10, GASOLINA, GASOLINA ADITIVADA, GNV;6,09 / 5,97 / 6,49 / 4,09;"R$ / litro; R$ / litro; R$ / litro; R$ / m³";Calibragem,Caixa eletronico;;;;
19/01/2026;2026-S04;CONCORRENTE; 27.396.415/0001-82;AUTO SERVICO SAO CRISTOVAO LTDA;AUTO SERVICO SAO CRISTOVAO LTDA;VIBRA;AVENIDA MARIO GURGEL, 4 - KM    4 5  BR 262 - DOM BOSCO;29147-345;CARIACICA;ES;SE;ETANOL, GASOLINA, GASOLINA ADITIVADA, GNV;4,68 / 6,24 / 6,35 / 4,07;"R$ / litro; R$ / litro; R$ / litro; R$ / m³";Caixa eletronico / Borracharia / Conveniencia;;;;
19/01/2026;2026-S04;CONCORRENTE; 27.926.384/0001-24;PETROVERA - POSTO DE PRODUTOS DE PETROLEO E TRANSPORTES LTDA - ME;PETROVERA - POSTO DE PRODUTOS DE PETROLEO E TRANSPORTES LTDA - ME;IPIRANGA;RODOVIA GOVERNADOR JOSE HENRIQUE SETTE, 906 - PAVMTO01 - ALTO LAGE;29151-055;CARIACICA;ES;SE;DIESEL, DIESEL S10, ETANOL, GASOLINA, GASOLINA ADITIVADA;5,89 / 5,99 / 4,69 / 6,15 / 6,15;"R$ / litro; R$ / litro; R$ / litro; R$ / litro; R$ / litro";Caixa eletronico,Conveniencia,Borracharia,Calibragem;;;;
19/01/2026;2026-S04;CONCORRENTE; 28.344.206/0001-58;POSTO DE COMBUSTIVEIS ITACIBA LTDA;POSTO DE COMBUSTIVEIS ITACIBA LTDA;BRANCA;RUA MANOEL JOAQUIM DOS SANTOS, 317 - ITACIBA;29150-270;Cariacica;ES;SE;ETANOL, GASOLINA, GASOLINA ADITIVADA;4,65 / 6,15 / 6,15;"R$ / litro; R$ / litro; R$ / litro";Troca de oleo, Conveniencia, Lava-jato, Borracharia;;;;
19/01/2026;2026-S04;CONCORRENTE; 34.765.133/0001-70;RGM 2 COMERCIO DE PETROLEO LTDA;RGM 2 COMERCIO DE PETROLEO LTDA;IPIRANGA;AVENIDA CARLOS LINDENBERG, 2423 - ANEXO 1 - IBES;29108-335;VILA VELHA;ES;SE;DIESEL S10, ETANOL, GASOLINA, GASOLINA ADITIVADA;5,99 / 4,79 / 6,29 / 6,49;"R$ / litro; R$ / litro; R$ / litro; R$ / litro";Borracharia;;;;preco conferido por telefone
19/01/2026;2026-S04;CONCORRENTE; 36.004.950/0001-31;DERIVADOS PETROLEO SANTA INES LTDA;DERIVADOS PETROLEO SANTA INES LTDA;IPIRANGA;RODOVIA CARLOS LINDEMBERG, 1801 - SANTA INES;29100-000;VILA VELHA;ES;SE;ETANOL, GASOLINA, GASOLINA ADITIVADA;4,69 / 6,29 / 6,49;"R$ / litro; R$ / litro; R$ / litro";Calibragem / Lava-jato / Troca de oleo;;;;
19/01/2026;2026-S04;CONCORRENTE; 36.336.386/0001-54;POSTO TRES COQUEIROS LTDA;POSTO TRES COQUEIROS LTDA;IPIRANGA;RODOVIA CARLOS LINDEMBERG, SN - ALVORADA;29123-600;VILA VELHA;ES;SE;DIESEL, DIESEL S10, ETANOL, GASOLINA, GASOLINA ADITIVADA;5,79 / 5,89 / 4,69 / 6,29 / 6,49;"R$ / litro; R$ / litro; R$ / litro; R$ / litro; R$ / litro";"Caixa eletronico; Borracharia";;;;
19/01/2026;2026-S04;CONCORRENTE; 38.530.950/0001-09;POSTO CAPUABA LTDA;POSTO CAPUABA LTDA;BRANCA;ESTRADA CAPUABA, 21 - ATAIDE;29119-060;VILA VELHA;ES;SE;DIESEL, DIESEL S10, ETANOL, GASOLINA, GASOLINA ADITIVADA;5,99 / 6,09 / 4,49 / 6,29 / 6,59;"R$ / litro; R$ / litro; R$ / litro; R$ / litro; R$ / litro";"Caixa eletronico; Borracharia; Lava-jato";;;;
19/01/2026;2026-S04;CONCORRENTE;42176421000118;AUTOPOSTO DE COMBUSTIVEIS MASP SANTA INES LTDA;AUTOPOSTO DE COMBUSTIVEIS MASP SANTA INES LTDA;IPIRANGA;AVENIDA CARLOS LINDENBERG, 3241 - SANTA INES;29108-075;VILA VELHA;ES;SE;ETANOL, GASOLINA, GASOLINA ADITIVADA;4,69 / 6,29 / 6,49;"R$ / litro; R$ / litro; R$ / litro";"Troca de oleo; Borracharia; Calibragem; Conveniencia";;;;
19/01/2026;2026-S04;CONCORRENTE; 45.543.915/0046-83;CARREFOUR COMERCIO E INDUSTRIA LTDA;CARREFOUR COMERCIO E INDUSTRIA LTDA;BRANCA;AVENIDA DARLY SANTOS, 4393 - NOSSA SENHORA DA PENHA;29123-600;VILA VELHA;ES;SE;ETANOL, GASOLINA, GASOLINA ADITIVADA;4,39 / 6,29 / 6,39;"R$ / litro; R$ / litro; R$ / litro";"Conveniencia; Calibragem";;;;
20/01/2026;2026-S04;CONCORRENTE; 01.514.752/0001-33;POSTO THIAGO LIMITADA;POSTO THIAGO LIMITADA;VIBRA;AVENIDA CEZAR HILAL, 868 - BENTO FERREIRA;29050-662;VITORIA;ES;SE;ETANOL, GASOLINA, GASOLINA ADITIVADA;4,49 / 5,99 / 6,19;"R$ / litro; R$ / litro; R$ / litro";Caixa eletronico;;;;
20/01/2026;2026-S04;CONCORRENTE; 01.823.633/0001-62;POSTO METROPOLITANO LTDA;POSTO METROPOLITANO LTDA;IPIRANGA;VIA DOIS, 226 - ANEXO QUADRA 03 MODULO 03 - TIMS;29161-373;SERRA;ES;SE;DIESEL, DIESEL S10, ETANOL, GASOLINA, GASOLINA ADITIVADA;5,79 / 5,89 / 4,69 / 6,17 / 6,37;"R$ / litro; R$ / litro; R$ / litro; R$ / litro; R$ / litro";Borracharia,Calibragem;;;;
20/01/2026;2026-S04;CONCORRENTE; 02.567.214/0001-70;POSTO DE COMBUSTIVEL IDEAL LTDA;POSTO DE COMBUSTIVEL IDEAL LTDA;IPIRANGA;AVENIDA VITORIA, 3031 - GURIGICA;29027-080;VITORIA;ES;SE;ETANOL, GASOLINA, GASOLINA ADITIVADA;4,59 / 6,05 / 6,19;"R$ / litro; R$ / litro; R$ / litro";Conveniencia, Borracharia, Calibragem;;;;
20/01/2026;2026-S04;CONCORRENTE; 04.228.463/0001-66;AUTO POSTO MARLIN LTDA;AUTO POSTO MARLIN LTDA;ATLÂNTICA;RUA JUIZ ALEXANDRE MARTINS DE CASTRO FILHO, 285 - SANTA LUCIA;29056-295;VITORIA;ES;SE;DIESEL S10, ETANOL, GASOLINA, GASOLINA ADITIVADA;5,99 / 4,89 / 6,29 / 6,29;"R$ / litro; R$ / litro; R$ / litro; R$ / litro";Caixa eletronico,Troca de oleo;;;;
20/01/2026;2026-S04;CONCORRENTE; 04.361.389/0002-32;AUTO POSTO WAVE LTDA;AUTO POSTO WAVE LTDA;ALE;AVENIDA MARTIN PESCADOR, 12 - PORTO CANOA;29168-460;SERRA;ES;SE;DIESEL S10, ETANOL, GASOLINA, GASOLINA ADITIVADA;5,99 / 4,89 / 6,39 / 6,59;"R$ / litro; R$ / litro; R$ / litro; R$ / litro";Borracharia,Caixa eletronico,Troca de oleo;;;;
20/01/2026;2026-S04;CONCORRENTE; 04.960.337/0001-00;RENOVA COMERCIO COMBUSTIVEL E SERVICOS LTDA;RENOVA COMERCIO COMBUSTIVEL E SERVICOS LTDA;BRANCA;AVENIDA LEITAO DA SILVA, 1150 - SANTA LUCIA;29056-184;VITORIA;ES;SE;ETANOL, GASOLINA, GASOLINA ADITIVADA;4,45 / 5,99 / 5,99;"R$ / litro; R$ / litro; R$ / litro";"Borracharia; Calibragem";;;;
2026-01-20;2026-S04;CONCORRENTE; 04.994.796/0001-04;POSTO SB LTDA;POSTO SB LTDA;VIBRA;AVENIDA BRASILIA, 1360 - PLANICIE DA SERRA;29168-710;SERRA;ES;SE;GASOLINA, GASOLINA ADITIVADA;6,39 / 6,56;"R$ / litro; R$ / litro";Borracharia / Calibragem / Troca de oleo / Caixa eletronico;;;;
20/01/2026;2026-S04;CONCORRENTE; 05.393.247/0001-39;POSTO CANOA DERIVADOS DE PETROLEO LTDA;POSTO CANOA DERIVADOS DE PETROLEO LTDA;ALE;AVENIDA BRASILIA, 575 - PORTO CANOA;29168-600;SERRA;ES;SE;DIESEL S10, ETANOL, GASOLINA, GASOLINA ADITIVADA;5,99 / 4,89 / 6,39 / 6,59;"R$ / litro; R$ / litro; R$ / litro; R$ / litro";Borracharia, Caixa eletronico, Calibragem;;;;
20/01/2026;2026-S04;CONCORRENTE; 07.470.392/0001-00;POSTO DE COMBUSTIVEIS OTAVIO EIRELI;POSTO DE COMBUSTIVEIS OTAVIO EIRELI;RAIZEN;AVENIDA ABDO SAAD, 833 - JACARAIPE;29173-510;SERRA;ES;SE;DIESEL, ETANOL, GASOLINA, GASOLINA ADITIVADA;5,99 / 4,79 / 6,29 / 6,59;"R$ / litro; R$ / litro; R$ / litro; R$ / litro";Borracharia;;;;
20/01/2026;2026-S04;CONCORRENTE; 07.571.908/0001-02;AUTO POSTO CORAL LTDA;AUTO POSTO CORAL LTDA;VIBRA;AVENIDA NORTE SUL, 259 - N.S.DO ROSARIO DE FATIMA;29176-798;SERRA;ES;SE;GASOLINA, GASOLINA ADITIVADA;6,29 / 6,59;"R$ / litro; R$ / litro";Borracharia, Lava-jato, Conveniencia;;;;
20/01/2026;2026-S04;CONCORRENTE; 08.788.618/0001-70;J. S. PETROLEO E COMERCIO LTDA.;J. S. PETROLEO E COMERCIO LTDA.;RAIZEN;AVENIDA DANTE MICHELINI, 2461 - MATA DA PRAIA;29066-430;VITORIA;ES;SE;ETANOL, GASOLINA, GASOLINA ADITIVADA, GNV;4,59 / 6,29 / 6,59 / 4,09;"R$ / litro; R$ / litro; R$ / litro; R$ / m³";Borracharia,Caixa eletronico,Troca de oleo;;;;
20/01/2026;2026-S04;CONCORRENTE; 10.197.775/0001-52;REDE DE POSTOS SAGUI LTDA;REDE DE POSTOS SAGUI LTDA;ATLÂNTICA;RUA EUCLIDES DA CUNHA, 421 - SAO DIOGO I;29163-265;SERRA;ES;SE;DIESEL S10, ETANOL, GASOLINA, GASOLINA ADITIVADA;6,09 / 4,69 / 6,29 / 6,29;"R$ / litro; R$ / litro; R$ / litro; R$ / litro";Caixa eletronico,Conveniencia;;;;
20/01/2026;2026-S04;PROPRIO; 11.222.333/0003-43;REDE MARE COMBUSTIVEIS LTDA.;REDE MARE;BRANCA;AVENIDA VITORIA, 2667 - HORTO;29027-080;VITORIA;ES;SE;DIESEL S10, GASOLINA, GASOLINA ADITIVADA;5,89 / 5,99 / 5,99;"R$ / litro; R$ / litro; R$ / litro";Conveniencia, Borracharia;Paulo Ferraz;(27) 99945-7810 / (27) 3226-4410;"02.567.214/0001-70; 14.806.977/0001-05; 26.980.450/0001-81";
20/01/2026;2026-S04;PROPRIO; 11.222.333/0004-24;REDE MARE COMBUSTIVEIS LTDA;REDE MARE;BRANCA;RODOVIA GOVERNADOR MARIO COVAS, 4324 - KM    265   POSTO - PLANALTO DE CARAPINA;29162-702;SERRA;ES;SE;DIESEL S10, ETANOL, GASOLINA, GASOLINA ADITIVADA;5,99 / 4,69 / 6,24 / 6,44;"R$ / litro; R$ / litro; R$ / litro; R$ / litro";Troca de oleo;Renata Alves;(27) 99633-9021;"01.823.633/0001-62; 04.361.389/0002-32; 05.393.247/0001-39";
20/01/2026;2026-S04;CONCORRENTE; 11.942.147/0001-17;POSTO PARADA VITORIA LTDA;POSTO PARADA VITORIA LTDA;ALE;AVENIDA MARECHALCAMPOS, 370 - CONSOLACAO;29045-460;VITORIA;ES;SE;DIESEL S10, ETANOL, GASOLINA, GASOLINA ADITIVADA;5,99 / 4,65 / 6,05 / 6,25;"R$ / litro; R$ / litro; R$ / litro; R$ / litro";Conveniencia / Caixa eletronico / Troca de oleo;;;;
20/01/2026;2026-S04;CONCORRENTE; 14.806.977/0001-05;AUTO POSTO SILVARES LTDA;AUTO POSTO SILVARES LTDA;IPIRANGA;AVENIDA   NAIR AZEVEDO SILVA, 430 - ILHA DO PRINCIPE;29020-240;VITORIA;ES;SE;ETANOL, GASOLINA, GASOLINA ADITIVADA;4,79 / 6,29 / 6,49;"R$ / litro; R$ / litro; R$ / litro";Borracharia;;;;
20/01/2026;2026-S04;CONCORRENTE; 16.577.742/0001-14;AUTO POSTO ESCOLA COMERCIO DE COMBUSTIVEIS, LUBRIFICANTES E SERVICOS LTDA;AUTO POSTO ESCOLA COMERCIO DE COMBUSTIVEIS, LUBRIFICANTES E SERVICOS LTDA;VIBRA;"AVENIDA AMERICO BUAIZ, 1 - : POSTO; - ENSEADA DO SUA";29050-463;VITORIA;ES;SE;GASOLINA, GASOLINA ADITIVADA;6,07 / 6,27;"R$ / litro; R$ / litro";Troca de oleo / Caixa eletronico;;;;
20/01/2026;2026-S04;CONCORRENTE; 17.375.525/0001-04;AUTO POSTO LUCAS - EPP.;AUTO POSTO LUCAS - EPP.;ALE;AVENIDA ROMULO CASTELLO, 791 - LOTES 20 A 23 - CASTELANDIA;29172-620;SERRA;ES;SE;DIESEL S10, ETANOL, GASOLINA, GASOLINA ADITIVADA;5,88 / 4,67 / 6,29 / 6,49;"R$ / litro; R$ / litro; R$ / litro; R$ / litro";"Troca de oleo; Calibragem; Borracharia; Caixa eletronico";;;;
20/01/2026;2026-S04;CONCORRENTE; 23.305.603/0001-05;POSTO MARLIM BRANCO LTDA - ME;POSTO MARLIM BRANCO LTDA - ME;VIBRA;AVENIDA ROMULO CASTELLO, 161 - LOTE  16 17 18 - CASTELANDIA;29172-620;SERRA;ES;SE;GASOLINA, GASOLINA ADITIVADA;6,29 / 6,69;"R$ / litro; R$ / litro";Borracharia;;;;
20/01/2026;2026-S04;CONCORRENTE; 26.058.218/0001-90;AUTO POSTO 5 ESTRELAS EIRELI;AUTO POSTO 5 ESTRELAS EIRELI;IPIRANGA;RODOVIA GOVERNADOR MARIO COVAS, S/N - KM    245.2 - CALOGI;29181-100;Serra ;ES;SE;DIESEL, DIESEL S10, ETANOL, GASOLINA, GASOLINA ADITIVADA;6,09 / 6,19 / 4,69 / 6,29 / 6,39;"R$ / litro; R$ / litro; R$ / litro; R$ / litro; R$ / litro";Troca de oleo;;;;
20/01/2026;2026-S04;CONCORRENTE; 26.980.450/0001-81;AUTO POSTO VITORIA COMERCIO DE COMBUSTIVEIS LTDA;AUTO POSTO VITORIA COMERCIO DE COMBUSTIVEIS LTDA;VIBRA;RUA OLYMPIO RODRIGUES PASSOS, 14 - LOJA  01 - JABOUR;29072-290;VITORIA;ES;SE;ETANOL, GASOLINA, GASOLINA ADITIVADA;4,69 / 6,21 / 6,49;"R$ / litro; R$ / litro; R$ / litro";Caixa eletronico;;;;
20/01/2026;2026-S04;CONCORRENTE; 27.025.907/0001-61;INCAP INDUSTRIA E COMERCIO AGRO PECUARIO LTDA;INCAP INDUSTRIA E COMERCIO AGRO PECUARIO LTDA;ALE;AVENIDA JOSE MARTINS RATO, S/N - NOSSA SENHORA DE FATIMA;29160-790;SERRA;ES;SE;DIESEL S10, ETANOL, GASOLINA, GASOLINA ADITIVADA;6,19 / 4,69 / 6,29 / 6,29;"R$ / litro; R$ / litro; R$ / litro; R$ / litro";Calibragem;;;;
20/01/2026;2026-S04;CONCORRENTE; 27.066.273/0002-76;POSTO ARVOREDO LTDA;POSTO ARVOREDO LTDA;BRANCA;AVENIDA VITORIA, 1600 - POSTO - ILHA DE SANTA MARIA;29051-040;VITORIA;ES;SE;GASOLINA, GASOLINA ADITIVADA;5,99 / 5,99;"R$ / litro; R$ / litro";Lava-jato,Troca de oleo,Borracharia;;;;
20/01/2026;2026-S04;CONCORRENTE; 27.664.597/0012-88;AUTO POSTO SCHUENG LTDA;AUTO POSTO SCHUENG LTDA;IPIRANGA;RODOVIA GOVERNADOR MARIO COVAS, S/N - QUADRA092                 LOTE  007 - ROSARIO DE FATIMA;29161-160;SERRA;ES;SE;ETANOL, GASOLINA;4,69 / 6,19;"R$ / litro; R$ / litro";Borracharia, Lava-jato;;;;
20/01/2026;2026-S04;CONCORRENTE; 27.734.094/0001-89;POSTO ATLANTICO LTDA;POSTO ATLANTICO LTDA;RAIZEN;AVENIDA DANTE MICHELINI, 4655 - POSTO - JARDIM CAMBURI;29090-070;VITORIA;ES;SE;DIESEL S10, ETANOL, GASOLINA, GASOLINA ADITIVADA;6,39 / 4,99 / 6,29 / 6,64;"R$ / litro; R$ / litro; R$ / litro; R$ / litro";"Borracharia; Calibragem";;;;
20/01/2026;2026-S04;CONCORRENTE; 28.037.679/0001-02;POSTO TUBARAO COM DE DERIVADOS DE PETROLEO LTDA;POSTO TUBARAO COM DE DERIVADOS DE PETROLEO LTDA;RAIZEN;AVENIDA PRESIDENTE CASTELO BRANCO, 315 - NOSSA SENHORA DO ROSARIO DE FATIMA;29161-135;Serra ;ES;SE;DIESEL S10, ETANOL, GASOLINA, GASOLINA ADITIVADA;6,09 / 4,73 / 6,19 / 6,59;"R$ / litro; R$ / litro; R$ / litro; R$ / litro";Caixa eletronico / Conveniencia;;;;
20/01/2026;2026-S04;CONCORRENTE; 28.059.632/0001-40;A.B.C. AUTO SERVICOS LTDA;A.B.C. AUTO SERVICOS LTDA;RAIZEN;AVENIDA ROBERT KENNEDY, 21 - A - SAO TORQUATO;29114-000;VILA VELHA;ES;SE;DIESEL, DIESEL S10, GASOLINA, GASOLINA ADITIVADA;6,09 / 6,09 / 5,99 / 6,39;"R$ / litro; R$ / litro; R$ / litro; R$ / litro";Caixa eletronico, Borracharia, Troca de oleo;;;;
21/01/2026;2026-S04;CONCORRENTE; 00.345.721/0001-33;RUBENS SCHUENG FILHO;RUBENS SCHUENG FILHO;IPIRANGA;RUA DOUTOR RAIMUNDO GUILHERME SOBRINHO, 605 - FRENTE - SERNAMBY;29930-480;SAO MATEUS;ES;SE;DIESEL S10, GASOLINA;6,19 / 6,59;"R$ / litro; R$ / litro";Conveniencia;;;;
21/01/2026;2026-S04;CONCORRENTE; 09.369.995/0001-37;POSTO DE COMBUSTIVEIS FERRARI SAO MATEUS LTDA;POSTO DE COMBUSTIVEIS FERRARI SAO MATEUS LTDA;BRANCA;"RODOVIA BR-101 NORTE, 921 - KM: 63; - VILA NOVA";29941-010;SAO MATEUS;ES;SE;ETANOL, GASOLINA, GNV;4,79 / 6,59 / 4,98;"R$ / litro; R$ / litro; R$ / m³";Lava-jato, Troca de oleo, Conveniencia;;;;
21/01/2026;2026-S04;CONCORRENTE; 29.937.036/0001-88;LOCVAN TRANSPORTE E TURISMO LTDA;LOCVAN TRANSPORTE E TURISMO LTDA;BRANCA;RODOVIA GOVERNADOR MARIO COVAS, 573 - VILA NOVA;29941-010;SAO MATEUS;ES;SE;DIESEL S10, ETANOL, GASOLINA;6,19 / 5,09 / 6,59;"R$ / litro; R$ / litro; R$ / litro";"Calibragem; Conveniencia";;;;
21/01/2026;2026-S04;CONCORRENTE; 30.869.047/0001-57;ABT COMERCIO DE COMBUSTIVEIS LTDA;ABT COMERCIO DE COMBUSTIVEIS LTDA;BRANCA;RODOVIA GOVERNADOR MARIO COVAS, 1874 - KM    65 - BOA VISTA;29931-200;SAO MATEUS;ES;SE;DIESEL, DIESEL S10, ETANOL, GASOLINA;5,99 / 6,09 / 4,99 / 6,59;"R$ / litro; R$ / litro; R$ / litro; R$ / litro";Lava-jato, Troca de oleo, Caixa eletronico;;;;
22/01/2026;2026-S04;CONCORRENTE; 01.496.517/0001-86;POSTO PERIM LTDA;POSTO PERIM LTDA;VIBRA;RUA SANTA LEOPOLDINA, 1650 - ITAPARICA;29102-040;V. VELHA;ES;SE;DIESEL S10, ETANOL, GASOLINA, GASOLINA ADITIVADA;6,19 / 4,89 / 6,29 / 6,49;"R$ / litro; R$ / litro; R$ / litro; R$ / litro";Conveniencia, Borracharia, Caixa eletronico, Calibragem;;;;preco conferido por telefone
22/01/2026;2026-S04;CONCORRENTE; 02.468.894/0001-74;POSTO OURO NEGRO LTDA;POSTO OURO NEGRO LTDA;VIBRA;AVENIDA SAMUEL BATISTA CRUZ, 2319 - COLINA;29901-401;LINHARES;ES;SE;GASOLINA, GNV;6,79 / 4,29;"R$ / litro; R$ / m³";Lava-jato,Troca de oleo,Caixa eletronico;;;;
22/01/2026;2026-S04;CONCORRENTE; 02.802.986/0001-49;A S SALES JUNIOR LTDA;A S SALES JUNIOR LTDA;ATLÂNTICA;RUA DAVINO MATOS, S/N - PARQUE AREIA PRETA;29200-615;GUARAPARI;ES;SE;DIESEL S10, ETANOL, GASOLINA, GASOLINA ADITIVADA;6,09 / 4,79 / 6,23 / 6,35;"R$ / litro; R$ / litro; R$ / litro; R$ / litro";Borracharia,Caixa eletronico,Lava-jato;;;;
22/01/2026;2026-S04;CONCORRENTE; 05.609.081/0001-45;AUTO SERVICO FLORESTA LTDA;AUTO SERVICO FLORESTA LTDA;VIBRA;AVENIDA PREFEITO SAMUEL BATISTA CRUZ, 1276 - ARACA;29900-100;LINHARES;ES;SE;DIESEL, GASOLINA;5,99 / 6,79;"R$ / litro; R$ / litro";Lava-jato, Troca de oleo, Caixa eletronico, Borracharia;;;;
22/01/2026;2026-S04;CONCORRENTE; 09.076.862/0001-72;VALOR POSTOS PRAIA DO MORRO LTDA;VALOR POSTOS PRAIA DO MORRO LTDA;VIBRA;RODOVIA RODOVIA DO SOL, S/ NR - KM    41 - AEROPORTO;29216-705;GUARAPARI;ES;SE;GASOLINA, GASOLINA ADITIVADA;6,59 / 7,09;"R$ / litro; R$ / litro";Caixa eletronico;;;;
22/01/2026;2026-S04;CONCORRENTE; 10.223.356/0001-48;POSTO TREVO DA PONTE LTDA;POSTO TREVO DA PONTE LTDA;IPIRANGA;AVENIDA GOVERNADOR JONES DOS SANTOS NEVES, 160 - AVISO;29900-384;LINHARES;ES;SE;DIESEL, GASOLINA, GASOLINA ADITIVADA;5,99 / 6,59 / 6,59;"R$ / litro; R$ / litro; R$ / litro";Borracharia;;;;
22/01/2026;2026-S04;CONCORRENTE; 10.331.576/0001-95;AUTO POSTO LINHARES LTDA;AUTO POSTO LINHARES LTDA;IPIRANGA;AVENIDA JOSE TESCH, 657 - SHELL;29901-500;LINHARES;ES;SE;DIESEL, GASOLINA, GASOLINA ADITIVADA;5,99 / 6,59 / 6,59;"R$ / litro; R$ / litro; R$ / litro";Conveniencia / Caixa eletronico / Troca de oleo / Borracharia;;;;
22/01/2026;2026-S04;CONCORRENTE; 10.813.831/0001-36;AUTO POSTO E SERVICOS ARACRUZ - COLINA DE BELA VISTA LTDA;AUTO POSTO E SERVICOS ARACRUZ - COLINA DE BELA VISTA LTDA;RAIZEN;AVENIDA CASTELO BRANCO, 14 - QUADRARC 06 -                   LOTEAMENTO COLINA - BELA VISTA;29192-066;ARACRUZ;ES;SE;DIESEL, DIESEL S10, GASOLINA, GASOLINA ADITIVADA;5,95 / 6,15 / 6,54 / 6,84;"R$ / litro; R$ / litro; R$ / litro; R$ / litro";Troca de oleo, Caixa eletronico, Borracharia, Lava-jato;;;;
22/01/2026;2026-S04;CONCORRENTE; 14.096.313/0001-08;AUTO POSTO GUARAPARI LTDA;AUTO POSTO GUARAPARI LTDA;RAIZEN;AVENIDA GOVERNADOR JONES DOS SANTOS NEVES, 15 - VARZEA NOVA;29211-630;GUARAPARI;ES;SE;DIESEL, DIESEL S10, ETANOL, GASOLINA, GASOLINA ADITIVADA;6,25 / 6,29 / 5,18 / 6,69 / 6,89;"R$ / litro; R$ / litro; R$ / litro; R$ / litro; R$ / litro";Conveniencia;;;;
22/01/2026;2026-S04;CONCORRENTE; 14.509.900/0001-73;POSTO DE COMBUSTIVEIS LINHARES LTDA;POSTO DE COMBUSTIVEIS LINHARES LTDA;BRANCA;AVENIDA SAO MATEUS, S/N - SHELL;29901-630;LINHARES;ES;SE;ETANOL, GASOLINA;4,74 / 6,59;"R$ / litro; R$ / litro";Lava-jato / Calibragem / Caixa eletronico / Troca de oleo;;;;
22/01/2026;2026-S04;CONCORRENTE; 20.246.670/0001-08;POSTO DE COMBUSTIVEIS COLATINA LTDA;POSTO DE COMBUSTIVEIS COLATINA LTDA;BRANCA;RODOVIA DO CAFE, 606 - CARLOS GERMANO NAUMANN;29705-200;COLATINA;ES;SE;DIESEL, DIESEL S10, ETANOL, GASOLINA;5,89 / 5,99 / 4,75 / 6,49;"R$ / litro; R$ / litro; R$ / litro; R$ / litro";Troca de oleo / Calibragem;;;;
22/01/2026;2026-S04;CONCORRENTE; 23.238.396/0001-05;CAPIXABA COMERCIO DE PRODUTOS AUTOMOTIVOS LTDA;CAPIXABA COMERCIO DE PRODUTOS AUTOMOTIVOS LTDA;ATLÂNTICA;RUA PROFESSOR MELCHIADES PEREIRA MARTINS, 15 - CENTRO;29200-480;GUARAPARI;ES;SE;DIESEL S10, ETANOL, GASOLINA, GASOLINA ADITIVADA;6,07 / 4,79 / 6,23 / 6,35;"R$ / litro; R$ / litro; R$ / litro; R$ / litro";Caixa eletronico;;;;
22/01/2026;2026-S04;CONCORRENTE; 27.020.445/0001-90;GUARAVE GUARAPARI VEICULOS LTDA;GUARAVE GUARAPARI VEICULOS LTDA;VIBRA;AVENIDA EWERSON DE ABREU SODRE, 300 - MUQUICABA;29215-010;GUARAPARI;ES;SE;GASOLINA, GASOLINA ADITIVADA;6,59 / 6,99;"R$ / litro; R$ / litro";"Calibragem; Conveniencia";;;;
22/01/2026;2026-S04;CONCORRENTE; 27.020.445/0005-13;GUARAVE GUARAPARI VEICULOS LTDA;GUARAVE GUARAPARI VEICULOS LTDA;VIBRA;RODOVIA DO SOL, S/N - MUQUICABA;29215-005;GUARAPARI;ES;SE;GASOLINA, GASOLINA ADITIVADA;6,59 / 6,89;"R$ / litro; R$ / litro";"Caixa eletronico; Borracharia";;;;
22/01/2026;2026-S04;CONCORRENTE;27085240000192;POSTO DE GASOLINA SANTO ANTONIO LTDA;POSTO DE GASOLINA SANTO ANTONIO LTDA;ALE;AVENIDA SILVIO AVIDOS, 3251 - SANTO ANTONIO;29704-053;COLATINA;ES;SE;DIESEL, DIESEL S10, GASOLINA, GASOLINA ADITIVADA;6,25 / 6,35 / 6,59 / 6,72;"R$ / litro; R$ / litro; R$ / litro; R$ / litro";Lava-jato,Calibragem;;;;
22/01/2026;2026-S04;CONCORRENTE; 27.316.819/0001-19;BECAR PETROLEO LTDA;BECAR PETROLEO LTDA;RAIZEN;AVENIDA GOVERNADOR JONES DOS SANTOS NEVES, S/N - CONFLUENCIA COM RODOVIA DO SOL - MUQUICABA;29215-002;GUARAPARI;ES;SE;GASOLINA, GASOLINA ADITIVADA;6,59 / 6,69;"R$ / litro; R$ / litro";Lava-jato, Conveniencia;;;;
22/01/2026;2026-S04;CONCORRENTE;27495696000120;POSTO VIAFOR LTDA;POSTO VIAFOR LTDA;IPIRANGA;AVENIDA SILVIO AVIDOS, 2 - VILA AMELIA;29706-297;COLATINA;ES;SE;DIESEL S10, ETANOL, GASOLINA, GASOLINA ADITIVADA;6,55 / 4,88 / 6,59 / 6,75;"R$ / litro; R$ / litro; R$ / litro; R$ / litro";Conveniencia, Borracharia, Troca de oleo;;;;
22/01/2026;2026-S04;CONCORRENTE; 27.664.597/0007-10;AUTO POSTO SCHUENG LTDA;AUTO POSTO SCHUENG LTDA;IPIRANGA;AVENIDA DOUTOR RAIMUNDO GUILHERME SOBRINHO, 176 - BOA VISTA;29931-630;SAO MATEUS;ES;SE;ETANOL, GASOLINA, GASOLINA ADITIVADA;4,99 / 6,59 / 6,59;"R$ / litro; R$ / litro; R$ / litro";"Conveniencia; Borracharia; Calibragem";;;;
22/01/2026;2026-S04;CONCORRENTE; 30.578.975/0001-62;CAMATTA & CIA LTDA;CAMATTA & CIA LTDA;IPIRANGA;AVENIDA WENCESLAU BRAZ, 133 - CENTRO;29901-260;LINHARES;ES;SE;DIESEL, GASOLINA, GASOLINA ADITIVADA;5,99 / 6,59 / 6,59;"R$ / litro; R$ / litro; R$ / litro";Calibragem;;;;
22/01/2026;2026-S04;CONCORRENTE; 32.248.017/0001-59;AUTO POSTO ALDEIA DA PRAIA LTDA;AUTO POSTO ALDEIA DA PRAIA LTDA;IPIRANGA;AVENIDA PARIS, S/N - PRAIA DO MORRO;29216-570;GUARAPARI;ES;SE;DIESEL S10, ETANOL, GASOLINA, GASOLINA ADITIVADA;6,09 / 5,18 / 6,59 / 6,89;"R$ / litro; R$ / litro; R$ / litro; R$ / litro";Caixa eletronico / Lava-jato;;;;
23/01/2026;2026-S04;CONCORRENTE; 00.762.780/0002-98;POSTO SD LTDA;POSTO SD LTDA;VIBRA;AVENIDA GOVERNADOR EURICO VIEIRA DE REZENDE, 278 - LOTE  1-2-3-4-5 - GURIRI NORTE;29946-100;SAO MATEUS;ES;SE;DIESEL S10, GASOLINA, GASOLINA ADITIVADA;5,99 / 6,69 / 6,79;"R$ / litro; R$ / litro; R$ / litro";Borracharia;;;;
23/01/2026;2026-S04;CONCORRENTE; 01.503.536/0001-92;POSTO MARCELA LTDA;POSTO MARCELA LTDA;VIBRA;RUA DO PESSEGUEIRO, S/N - DIVINO ESPÍRITO SANTO;29107-230;VILA VELHA;ES;SE;DIESEL S10, GASOLINA, GASOLINA ADITIVADA;5,99 / 6,29 / 6,49;"R$ / litro; R$ / litro; R$ / litro";Caixa eletronico, Borracharia;;;;
23/01/2026;2026-S04;CONCORRENTE; 03.948.877/0003-69;AUTO POSTO SANTA ANA LTDA;AUTO POSTO SANTA ANA LTDA;ALE;RODOVIA DO CAFE, 1871 - CARLOS GERMANO NAUMANN;29705-200;COLATINA;ES;SE;DIESEL, DIESEL S10, GASOLINA, GASOLINA ADITIVADA;5,89 / 5,99 / 6,49 / 6,69;"R$ / litro; R$ / litro; R$ / litro; R$ / litro";Calibragem / Lava-jato / Troca de oleo;;;;
23/01/2026;2026-S04;CONCORRENTE;08971375000100;BRAX COMBUSTIVEIS LTDA;BRAX COMBUSTIVEIS LTDA;IPIRANGA;RODOVIA CONEGO JOAO GUILHERME, 1516 - MARIO GIURIZATTO;29706-557;COLATINA;ES;SE;DIESEL, DIESEL S10, ETANOL, GASOLINA, GASOLINA ADITIVADA;6,08 / 6,18 / 4,85 / 6,39 / 6,50;"R$ / litro; R$ / litro; R$ / litro; R$ / litro; R$ / litro";Lava-jato / Troca de oleo;;;;
23/01/2026;2026-S04;CONCORRENTE; 27.352.004/0001-95;POSTO DE COMBUSTIVEIS GIRASSOL LTDA;POSTO DE COMBUSTIVEIS GIRASSOL LTDA;VIBRA;AVENIDA DAS NACOES, 852 - COLATINA VELHA;29700-543;COLATINA;ES;SE;DIESEL, ETANOL, GASOLINA, GASOLINA ADITIVADA;6,19 / 4,99 / 6,59 / 6,69;"R$ / litro; R$ / litro; R$ / litro; R$ / litro";Lava-jato, Borracharia;;;;
23/01/2026;2026-S04;CONCORRENTE; 27.493.675/0001-76;POSTO RIO DOCE LTDA.;POSTO RIO DOCE LTDA.;BRANCA;R SEVERINO DAMIANI, 177 - CENTRO;29700-013;COLATINA;ES;SE;DIESEL S10, ETANOL, GASOLINA, GASOLINA ADITIVADA;6,68 / 5,18 / 6,78 / 6,78;"R$ / litro; R$ / litro; R$ / litro; R$ / litro";Borracharia,Conveniencia,Troca de oleo;;;;
23/01/2026;2026-S04;CONCORRENTE; 27.664.597/0006-30;AUTO POSTO SCHUENG LTDA;AUTO POSTO SCHUENG LTDA;ALE;RUA DOMINGOS CARRAFA, 49 - GURIRI SUL;29945-170;SAO MATEUS;ES;SE;DIESEL S10, GASOLINA;6,19 / 6,59;"R$ / litro; R$ / litro";Troca de oleo, Lava-jato, Calibragem;;;;preco conferido por telefone
23/01/2026;2026-S04;CONCORRENTE; 27.664.597/0009-82;AUTO POSTO SCHUENG LTDA;AUTO POSTO SCHUENG LTDA;IPIRANGA;AVENIDA ESBERTALINA BARBOSA DAMIANI, 41-N - GURIRI NORTE;29946-490;SAO MATEUS;ES;SE;DIESEL, DIESEL S10, ETANOL, GASOLINA;6,09 / 6,19 / 4,99 / 6,59;"R$ / litro; R$ / litro; R$ / litro; R$ / litro";Conveniencia / Borracharia / Lava-jato;;;;
23/01/2026;2026-S04;CONCORRENTE; 30.538.318/0001-91;ZAM COMERCIO DE COMBUSTIVEIS LTDA;ZAM COMERCIO DE COMBUSTIVEIS LTDA;RAIZEN;AVENIDA SILVIO AVIDOS, 815 - SAO SILVANO;29703-100;COLATINA;ES;SE;DIESEL S10, ETANOL, GASOLINA;6,29 / 5,59 / 6,59;"R$ / litro; R$ / litro; R$ / litro";Calibragem;;;;
23/01/2026;2026-S04;CONCORRENTE; 36.411.940/0002-00;VESCOVI & BITTI LTDA;VESCOVI & BITTI LTDA;VIBRA;AVENIDA FLORESTAL, 838 - SEGATTO;29192-154;ARACRUZ;ES;SE;DIESEL, DIESEL S10, ETANOL, GASOLINA, GASOLINA ADITIVADA;5,94 / 5,99 / 4,99 / 6,54 / 6,84;"R$ / litro; R$ / litro; R$ / litro; R$ / litro; R$ / litro";Calibragem,Caixa eletronico,Conveniencia;;;;
23/01/2026;2026-S04;CONCORRENTE; 47.674.687/0001-04;POSTO ATUAL SAO MATEUS LTDA;POSTO ATUAL SAO MATEUS LTDA;ATLÂNTICA;RUA MONSENHOR GUILHERME SCHIMITZ, 363 - SERNAMBY;29930-660;SAO MATEUS;ES;SE;DIESEL S10, ETANOL, GASOLINA;5,95 / 4,55 / 5,89;"R$ / litro; R$ / litro; R$ / litro";Calibragem, Caixa eletronico;;;;
26/01/2026;2026-S05;CONCORRENTE; 01.496.517/0001-86;POSTO PERIM LTDA;POSTO PERIM LTDA;VIBRA;RUA SANTA LEOPOLDINA, 1650 - ITAPARICA;29102-040;VILA VELHA;ES;SE;DIESEL S10, ETANOL, GASOLINA, GASOLINA ADITIVADA;6,19 / 4,89 / 6,29 / 6,49;"R$ / litro; R$ / litro; R$ / litro; R$ / litro";Conveniencia, Borracharia, Caixa eletronico, Calibragem;;;;
26/01/2026;2026-S05;CONCORRENTE; 01.557.127/0001-79;AUTO POSTO ILHA DAS GARCAS LTDA;AUTO POSTO ILHA DAS GARCAS LTDA;VIBRA;RUA MARIA DE OLIVEIRA MARES GUIA, 40 - PRAIA DAS GAIVOTAS;29102-567;VILA VELHA;ES;SE;GASOLINA, GASOLINA ADITIVADA;6,39 / 6,69;"R$ / litro; R$ / litro";Borracharia, Caixa eletronico;;;;
26/01/2026;2026-S05;CONCORRENTE; 02.802.986/0001-49;A S SALES JUNIOR LTDA;A S SALES JUNIOR LTDA;ATLÂNTICA;RUA DAVINO MATOS, S/N - PARQUE AREIA PRETA;29200-615;GUARAPARI;ES;SE;DIESEL S10, ETANOL, GASOLINA, GASOLINA ADITIVADA;6,09 / 4,79 / 6,23 / 6,35;"R$ / litro; R$ / litro; R$ / litro; R$ / litro";"Borracharia; Caixa eletronico; Lava-jato";;;;
26/01/2026;2026-S05;CONCORRENTE; 07.470.392/0001-00;POSTO DE COMBUSTIVEIS OTAVIO EIRELI;POSTO DE COMBUSTIVEIS OTAVIO EIRELI;RAIZEN;AVENIDA ABDO SAAD, 833 - JACARAIPE;29173-510;SERRA;ES;SE;DIESEL, ETANOL, GASOLINA, GASOLINA ADITIVADA;5,99 / 4,79 / 6,09 / 6,39;"R$ / litro; R$ / litro; R$ / litro; R$ / litro";Borracharia;;;;
26/01/2026;2026-S05;CONCORRENTE; 09.076.862/0001-72;VALOR POSTOS PRAIA DO MORRO LTDA;VALOR POSTOS PRAIA DO MORRO LTDA;VIBRA;RODOVIA RODOVIA DO SOL, S/ NR - KM    41 - AEROPORTO;29216-705;GUARAPARI;ES;SE;GASOLINA, GASOLINA ADITIVADA;6,59 / 7,09;"R$ / litro; R$ / litro";Caixa eletronico;;;;
26/01/2026;2026-S05;CONCORRENTE; 10.197.775/0001-52;REDE DE POSTOS SAGUI LTDA;REDE DE POSTOS SAGUI LTDA;ATLÂNTICA;RUA EUCLIDES DA CUNHA, 421 - SAO DIOGO I;29163-265;SERRA;ES;SE;DIESEL S10, ETANOL, GASOLINA, GASOLINA ADITIVADA;6,09 / 4,69 / 6,29 / 6,29;"R$ / litro; R$ / litro; R$ / litro; R$ / litro";Caixa eletronico / Conveniencia;;;;
26/01/2026;2026-S05;PROPRIO; 11.222.333/0002-62;REDE MARE COMBUSTIVEIS LTDA;REDE MARE;BRANCA;RODOVIA DARLY SANTOS, S/N - KM    2 5 - POSTO - POLO EMPRESARIAL NOVO MEXICO;29104-360;VILA VELHA;ES;SE;DIESEL, DIESEL S10, ETANOL, GASOLINA, GASOLINA ADITIVADA, GNV;5,89 / 5,99 / 4,65 / 6,29 / 6,49 / 4,09;"R$ / litro; R$ / litro; R$ / litro; R$ / litro; R$ / litro; R$ / m³";Conveniencia, Caixa eletronico, Troca de oleo;Juliana Rocha;(27) 99702-3355;"15.010.530/0001-98; 04.145.589/0011-49; 10.569.345/0001-14";
26/01/2026;2026-S05;CONCORRENTE; 14.096.313/0001-08;AUTO POSTO GUARAPARI LTDA;AUTO POSTO GUARAPARI LTDA;RAIZEN;AVENIDA GOVERNADOR JONES DOS SANTOS NEVES, 15 - VARZEA NOVA;29211-630;GUARAPARI;ES;SE;DIESEL, DIESEL S10, ETANOL, GASOLINA, GASOLINA ADITIVADA;6,25 / 6,29 / 5,18 / 6,69 / 6,89;"R$ / litro; R$ / litro; R$ / litro; R$ / litro; R$ / litro";Conveniencia;;;;
26/01/2026;2026-S05;CONCORRENTE; 15.010.530/0001-98;AUTO POSTO R M LTDA;AUTO POSTO R M LTDA;RAIZEN;"RODOVIA DO SOL, 3701 - LOTE: 11; QUADRA: 64; - PRAIA DE ITAPARICA";29102-023;VILA VELHA;ES;SE;DIESEL S10, ETANOL, GASOLINA, GASOLINA ADITIVADA;6,09 / 4,76 / 6,29 / 6,69;"R$ / litro; R$ / litro; R$ / litro; R$ / litro";Conveniencia;;;;
26/01/2026;2026-S05;CONCORRENTE; 17.375.525/0001-04;AUTO POSTO LUCAS - EPP.;AUTO POSTO LUCAS - EPP.;ALE;AVENIDA ROMULO CASTELLO, 791 - LOTES 20 A 23 - CASTELANDIA;29172-620;SERRA;ES;SE;DIESEL S10, ETANOL, GASOLINA, GASOLINA ADITIVADA;5,88 / 4,66 / 5,97 / 5,97;"R$ / litro; R$ / litro; R$ / litro; R$ / litro";Troca de oleo,Calibragem,Borracharia,Caixa eletronico;;;;
26/01/2026;2026-S05;CONCORRENTE; 17.753.176/0001-17;AUTO POSTO BOULEVARD LTDA;AUTO POSTO BOULEVARD LTDA;ALE;"RODOVIA DO SOL, S/N - LOTE: 08 E 09; QUADRA: 59; - PRAIA DE ITAPARICA";29102-020;VILA VELHA;ES;SE;DIESEL S10, ETANOL, GASOLINA, GASOLINA ADITIVADA;6,09 / 4,72 / 6,29 / 6,69;"R$ / litro; R$ / litro; R$ / litro; R$ / litro";Troca de oleo, Conveniencia, Calibragem, Lava-jato;;;;
26/01/2026;2026-S05;CONCORRENTE; 23.238.396/0001-05;CAPIXABA COMERCIO DE PRODUTOS AUTOMOTIVOS LTDA;CAPIXABA COMERCIO DE PRODUTOS AUTOMOTIVOS LTDA;ATLÂNTICA;RUA PROFESSOR MELCHIADES PEREIRA MARTINS, 15 - CENTRO;29200-480;GUARAPARI;ES;SE;DIESEL S10, ETANOL, GASOLINA, GASOLINA ADITIVADA;6,07 / 4,79 / 6,23 / 6,35;"R$ / litro; R$ / litro; R$ / litro; R$ / litro";Caixa eletronico;;;;
26/01/2026;2026-S05;CONCORRENTE; 27.020.445/0001-90;GUARAVE GUARAPARI VEICULOS LTDA;GUARAVE GUARAPARI VEICULOS LTDA;VIBRA;AVENIDA EWERSON DE ABREU SODRE, 300 - MUQUICABA;29215-010;GUARAPARI;ES;SE;GASOLINA, GASOLINA ADITIVADA;6,59 / 6,99;"R$ / litro; R$ / litro";Calibragem, Conveniencia;;;;
26/01/2026;2026-S05;CONCORRENTE; 27.020.445/0005-13;GUARAVE GUARAPARI VEICULOS LTDA;GUARAVE GUARAPARI VEICULOS LTDA;VIBRA;RODOVIA DO SOL, S/N - MUQUICABA;29215-005;GUARAPARI;ES;SE;GASOLINA, GASOLINA ADITIVADA;6,59 / 6,89;"R$ / litro; R$ / litro";Caixa eletronico,Borracharia;;;;
26/01/2026;2026-S05;CONCORRENTE;27316819000119;BECAR PETROLEO LTDA;BECAR PETROLEO LTDA;RAIZEN;AVENIDA GOVERNADOR JONES DOS SANTOS NEVES, S/N - CONFLUENCIA COM RODOVIA DO SOL - MUQUICABA;29215-002;GUARAPARI;ES;SE;GASOLINA, GASOLINA ADITIVADA;6,59 / 6,69;"R$ / litro; R$ / litro";Lava-jato / Conveniencia;;;;
26/01/2026;2026-S05;CONCORRENTE;27316819000119;BECAR PETROLEO LTDA;BECAR PETROLEO LTDA;RAIZEN;AVENIDA GOVERNADOR JONES DOS SANTOS NEVES, S/N - CONFLUENCIA COM RODOVIA DO SOL - MUQUICABA;29215-002;GUARAPARI;ES;SE;GASOLINA, GASOLINA ADITIVADA;6,59 / 6,69;"R$ / litro; R$ / litro";Lava-jato / Conveniencia;;;;
26/01/2026;2026-S05;CONCORRENTE; 32.248.017/0001-59;AUTO POSTO ALDEIA DA PRAIA LTDA;AUTO POSTO ALDEIA DA PRAIA LTDA;IPIRANGA;AVENIDA PARIS, S/N - PRAIA DO MORRO;29216-570;GUARAPARI;ES;SE;DIESEL S10, ETANOL, GASOLINA, GASOLINA ADITIVADA;6,09 / 5,18 / 6,59 / 6,89;"R$ / litro; R$ / litro; R$ / litro; R$ / litro";Caixa eletronico, Lava-jato;;;;
27/01/2026;2026-S05;CONCORRENTE; 00.580.488/0001-73;POSTO DE GASOLINA MARACANA LTDA.;POSTO DE GASOLINA MARACANA LTDA;IPIRANGA;AVENIDA ALICE COUTINHO SANTOS, 2101 - POSTO DE GASOLINA - MARACANA;29142-887;CARIACICA;ES;SE;DIESEL, DIESEL S10, ETANOL, GASOLINA, GASOLINA ADITIVADA;5,99 / 6,09 / 4,79 / 6,17 / 6,29;"R$ / litro; R$ / litro; R$ / litro; R$ / litro; R$ / litro";Troca de oleo, Borracharia, Caixa eletronico;;;;
27/01/2026;2026-S05;CONCORRENTE;01823633000162;POSTO METROPOLITANO LTDA;POSTO METROPOLITANO LTDA;IPIRANGA;VIA DOIS, 226 - ANEXO QUADRA 03 MODULO 03 - TIMS;29161-373;SERRA;ES;SE;DIESEL, DIESEL S10, ETANOL, GASOLINA, GASOLINA ADITIVADA;5,79 / 5,89 / 4,69 / 5,99 / 6,29;"R$ / litro; R$ / litro; R$ / litro; R$ / litro; R$ / litro";"Borracharia; Calibragem";;;;
27/01/2026;2026-S05;CONCORRENTE; 02.567.214/0001-70;POSTO DE COMBUSTIVEL IDEAL LTDA;POSTO DE COMBUSTIVEL IDEAL LTDA;IPIRANGA;AVENIDA VITORIA, 3031 - GURIGICA;29027-080;VITORIA;ES;SE;ETANOL, GASOLINA, GASOLINA ADITIVADA;4,59 / 5,99 / 6,14;"R$ / litro; R$ / litro; R$ / litro";Conveniencia / Borracharia / Calibragem;;;;
27/01/2026;2026-S05;CONCORRENTE; 02.582.857/0001-92;POSTO CAMPO GRANDE LTDA;POSTO CAMPO GRANDE LTDA;ATLÂNTICA;AVENIDA EXPEDITO GARCIA, 222 - CAMPO GRANDE;29157-405;CARIACICA;ES;SE;ETANOL, GASOLINA, GASOLINA ADITIVADA;4,69 / 6,19 / 6,19;"R$ / litro; R$ / litro; R$ / litro";Lava-jato;;;;
27/01/2026;2026-S05;CONCORRENTE; 04.228.463/0001-66;AUTO POSTO MARLIN LTDA;AUTO POSTO MARLIN LTDA;ATLÂNTICA;RUA JUIZ ALEXANDRE MARTINS DE CASTRO FILHO, 285 - SANTA LUCIA;29056-295;VITORIA;ES;SE;DIESEL S10, ETANOL, GASOLINA, GASOLINA ADITIVADA;5,99 / 4,89 / 6,09 / 6,09;"R$ / litro; R$ / litro; R$ / litro; R$ / litro";Caixa eletronico,Troca de oleo;;;;
27/01/2026;2026-S05;CONCORRENTE;04361389000151;AUTO POSTO WAVE LTDA;AUTO POSTO WAVE LTDA;ALE;AVENIDA TALMA RODRIGUES RIBEIRO, 5416 A - PORTAL DE JACARAIPE;29173-795;Serra ;ES;SE;DIESEL, DIESEL S10, ETANOL, GASOLINA;5,99 / 6,09 / 4,79 / 6,09;"R$/l; R$/l; R$/l; R$/l";Calibragem,Borracharia;;;;
27/01/2026;2026-S05;CONCORRENTE; 04.361.389/0002-32;AUTO POSTO WAVE LTDA;AUTO POSTO WAVE LTDA;ALE;AVENIDA MARTIN PESCADOR, 12 - PORTO CANOA;29168-460;SERRA;ES;SE;DIESEL S10, ETANOL, GASOLINA, GASOLINA ADITIVADA;5,99 / 4,89 / 6,39 / 6,39;"R$ / litro; R$ / litro; R$ / litro; R$ / litro";Borracharia,Caixa eletronico,Troca de oleo;;;;
27/01/2026;2026-S05;CONCORRENTE; 04.960.337/0001-00;RENOVA COMERCIO COMBUSTIVEL E SERVICOS LTDA;RENOVA COMERCIO COMBUSTIVEL E SERVICOS LTDA;BRANCA;AVENIDA LEITAO DA SILVA, 1150 - SANTA LUCIA;29056-184;VITORIA;ES;SE;ETANOL, GASOLINA, GASOLINA ADITIVADA;4,45 / 5,99 / 5,99;"R$ / litro; R$ / litro; R$ / litro";"Borracharia; Calibragem";;;;
27/01/2026;2026-S05;CONCORRENTE;04994796000104;POSTO SB LTDA.;POSTO SB LTDA;VIBRA;AVENIDA BRASILIA, 1360 - PLANICIE DA SERRA;29168-710;SERRA;ES;SE;GASOLINA, GASOLINA ADITIVADA;6,39 / 6,56;"R$ / litro; R$ / litro";Borracharia / Calibragem / Troca de oleo / Caixa eletronico;;;;
27/01/2026;2026-S05;CONCORRENTE; 05.393.247/0001-39;POSTO CANOA DERIVADOS DE PETROLEO LTDA;POSTO CANOA DERIVADOS DE PETROLEO LTDA;ALE;AVENIDA BRASILIA, 575 - PORTO CANOA;29168-600;SERRA;ES;SE;DIESEL S10, ETANOL, GASOLINA, GASOLINA ADITIVADA;5,99 / 4,89 / 6,39 / 6,39;"R$ / litro; R$ / litro; R$ / litro; R$ / litro";Borracharia,Caixa eletronico,Calibragem;;;;
27/01/2026;2026-S05;CONCORRENTE;05738923000169;GEGEL AUTO POSTO LTDA;GEGEL AUTO POSTO LTDA;RAIZEN;AVENIDA CENTRAL B, S/N - QUADRAEC VII - CIVIT II;29168-071;SERRA;ES;SE;DIESEL, ETANOL, GASOLINA, GASOLINA ADITIVADA;5,99 / 4,79 / 6,09 / 6,59;"R$ / litro; R$ / litro; R$ / litro; R$ / litro";Conveniencia, Borracharia, Caixa eletronico, Calibragem;;;;
27/01/2026;2026-S05;CONCORRENTE; 05.892.261/0001-87;AUTO POSTO VALE ENCANTADO LTDA.;AUTO POSTO VALE ENCANTADO LTDA.;VIBRA;RUA SOBREIRO, 395 - RIO MARINHO;29112-112;VILA VELHA;ES;SE;DIESEL, DIESEL S10, GASOLINA, GASOLINA ADITIVADA;6,19 / 6,29 / 6,19 / 6,29;"R$ / litro; R$ / litro; R$ / litro; R$ / litro";Calibragem;;;;
27/01/2026;2026-S05;CONCORRENTE; 06.073.382/0001-60;AUTO POSTO SUCESSO LTDA;AUTO POSTO SUCESSO LTDA;BRANCA;AVENIDA JOAO FRANCISCO GONCALVES, 746 - COBILANDIA;29111-300;VILA VELHA;ES;SE;DIESEL S10, ETANOL, GASOLINA;5,89 / 4,59 / 6,15;"R$ / litro; R$ / litro; R$ / litro";"Caixa eletronico; Calibragem; Lava-jato; Borracharia";;;;conferir bandeira
27/01/2026;2026-S05;CONCORRENTE; 07.571.908/0001-02;AUTO POSTO CORAL LTDA;AUTO POSTO CORAL LTDA;VIBRA;AVENIDA NORTE SUL, 259 - N.S.DO ROSARIO DE FATIMA;29176-798;SERRA;ES;SE;GASOLINA, GASOLINA ADITIVADA;6,09 / 6,39;"R$/l; R$/l";Borracharia / Lava-jato / Conveniencia;;;;
27/01/2026;2026-S05;CONCORRENTE; 07.830.414/0001-97;REVENDA DE COMBUSTIVEIS BKR LTDA;REVENDA DE COMBUSTIVEIS BKR LTDA;RAIZEN;RODOVIA GOVERNADOR MARIO COVAS, 122 - BARCELONA;29166-095;SERRA;ES;SE;DIESEL, ETANOL, GASOLINA, GASOLINA ADITIVADA;5,95 / 4,89 / 6,19 / 6,54;"R$ / litro; R$ / litro; R$ / litro; R$ / litro";Calibragem,Troca de oleo,Borracharia;;;;
27/01/2026;2026-S05;CONCORRENTE; 08.022.304/0001-61;AUTO POSTO DE COMBUSTIVEL RTT LTDA;AUTO POSTO DE COMBUSTIVEL RTT LTDA;IPIRANGA;RUA MOEMA, 38 - DIVINO ESPIRITO SANTO;29107-250;VILA VELHA;ES;SE;DIESEL S10, ETANOL, GASOLINA, GASOLINA ADITIVADA;5,99 / 4,99 / 6,29 / 6,39;"R$ / litro; R$ / litro; R$ / litro; R$ / litro";Borracharia;;;;
27/01/2026;2026-S05;CONCORRENTE; 08.788.618/0001-70;J. S. PETROLEO E COMERCIO LTDA.;J. S. PETROLEO E COMERCIO LTDA.;RAIZEN;AVENIDA DANTE MICHELINI, 2461 - MATA DA PRAIA;29066-430;VITORIA;ES;SE;ETANOL, GASOLINA, GASOLINA ADITIVADA, GNV;4,79 / 6,09 / 6,49 / 4,09;"R$ / litro; R$ / litro; R$ / litro; R$ / m³";"Borracharia; Caixa eletronico; Troca de oleo";;;;
27/01/2026;2026-S05;CONCORRENTE; 09.167.931/0001-53;POSTO CHAMPAGNAT LTDA;POSTO CHAMPAGNAT LTDA;IPIRANGA;RUA HUGO MUSSO, 550 - PRAIA DA COSTA;29101-280;VILA VELHA;ES;SE;DIESEL S10, ETANOL, GASOLINA, GASOLINA ADITIVADA;6,29 / 4,79 / 6,29 / 6,69;"R$ / litro; R$ / litro; R$ / litro; R$ / litro";Calibragem, Conveniencia, Caixa eletronico;;;;
27/01/2026;2026-S05;CONCORRENTE; 10.569.345/0001-14;POSTO CRISTOVAO COLOMBO LTDA;POSTO CRISTOVAO COLOMBO LTDA;VIBRA;RUA CRISTOVAO COLOMBO, 582 - CRISTOVAO COLOMBO;29106-595;VILA VELHA;ES;SE;GASOLINA, GASOLINA ADITIVADA;6,19 / 6,49;"R$ / litro; R$ / litro";Caixa eletronico,Troca de oleo,Lava-jato,Calibragem;;;;
27/01/2026;2026-S05;CONCORRENTE; 10.813.831/0001-36;AUTO POSTO E SERVICOS ARACRUZ - COLINA DE BELA VISTA LTDA;AUTO POSTO E SERVICOS ARACRUZ - COLINA DE BELA VISTA LTDA;RAIZEN;AVENIDA CASTELO BRANCO, 14 - QUADRARC 06 -                   LOTEAMENTO COLINA - BELA VISTA;29192-066;ARACRUZ;ES;SE;DIESEL, DIESEL S10, GASOLINA, GASOLINA ADITIVADA;5,95 / 6,15 / 6,54 / 6,84;"R$ / litro; R$ / litro; R$ / litro; R$ / litro";Troca de oleo / Caixa eletronico / Borracharia / Lava-jato;;;;
27/01/2026;2026-S05;PROPRIO; 11.222.333/0001-81;REDE MARE COMBUSTIVEIS LTDA.;REDE MARE;BRANCA;AVENIDA MARIO GURGEL, 1092 - ITAQUARI;29151-570;CARIACICA;ES;SE;DIESEL, DIESEL S10, ETANOL, GASOLINA, GASOLINA ADITIVADA, GNV;5,90 / 5,97 / 4,65 / 6,19 / 6,19 / 4,09;"R$ / litro; R$ / litro; R$ / litro; R$ / litro; R$ / litro; R$ / m³";"Conveniencia; Troca de oleo; Caixa eletronico; Borracharia";Carlos Menezes;(27) 99811-2041 / (27) 3334-1100;"00.580.488/0001-73; 13.814.642/0001-76; 15.226.314/0001-84";
27/01/2026;2026-S05;PROPRIO; 11.222.333/0003-43;REDE MARE COMBUSTIVEIS LTDA;REDE MARE;BRANCA;AVENIDA VITORIA, 2667 - HORTO;29027-080;VITORIA;ES;SE;DIESEL S10, ETANOL, GASOLINA, GASOLINA ADITIVADA;5,89 / 4,49 / 5,99 / 5,99;"R$ / litro; R$ / litro; R$ / litro; R$ / litro";Conveniencia,Borracharia;Paulo Ferraz;(27) 99945-7810 / (27) 3226-4410;02.567.214/0001-70 / 14.806.977/0001-05 / 26.980.450/0001-81;
27/01/2026;2026-S05;PROPRIO; 11.222.333/0004-24;REDE MARE COMBUSTIVEIS LTDA;REDE MARE;BRANCA;RODOVIA GOVERNADOR MARIO COVAS, 4324 - KM    265   POSTO - PLANALTO DE CARAPINA;29162-702;SERRA;ES;SE;DIESEL S10, ETANOL, GASOLINA, GASOLINA ADITIVADA;5,99 / 4,69 / 6,24 / 6,44;"R$ / litro; R$ / litro; R$ / litro; R$ / litro";Troca de oleo;Renata Alves;(27) 99633-9021;"01.823.633/0001-62; 04.361.389/0002-32; 05.393.247/0001-39";
27/01/2026;2026-S05;PROPRIO; 11.222.333/0005-05;REDE MARE COMBUSTIVEIS LTDA;REDE MARE;BRANCA;AVENIDA MARIO GURGEL, 3127 - FUNDOSCOM A AV EXPEDITO GA - CAMPO GRANDE;29146-012;Cariacica;ES;SE;DIESEL S10, ETANOL, GASOLINA, GASOLINA ADITIVADA, GNV;5,99 / 4,79 / 6,19 / 6,19 / 4,09;"R$ / litro; R$ / litro; R$ / litro; R$ / litro; R$ / m³";Conveniencia;Marcos Lyrio;(27) 99890-1276 / (27) 3345-0098;00.580.488/0001-73 / 13.814.642/0001-76 / 15.226.314/0001-84;
27/01/2026;2026-S05;CONCORRENTE; 11.942.147/0001-17;POSTO PARADA VITORIA LTDA;POSTO PARADA VITORIA LTDA;ALE;AVENIDA MARECHALCAMPOS, 370 - CONSOLACAO;29045-460;VITORIA;ES;SE;DIESEL S10, ETANOL, GASOLINA, GASOLINA ADITIVADA;5,99 / 4,65 / 5,99 / 6,25;"R$ / litro; R$ / litro; R$ / litro; R$ / litro";Conveniencia, Caixa eletronico, Troca de oleo;;;;
27/01/2026;2026-S05;CONCORRENTE; 12.535.572/0001-54;AUTO POSTO MORADA LTDA;AUTO POSTO MORADA LTDA;IPIRANGA;AVENIDA PAULO PEREIRA GOMES, S/N - LOTE  03C                 QUADRAUE IV               SETOR II - MORADA DE LARANJEIRAS;29166-828;SERRA;ES;SE;DIESEL S10, ETANOL, GASOLINA, GASOLINA ADITIVADA;6,05 / 4,89 / 6,09 / 6,29;"R$ / litro; R$ / litro; R$ / litro; R$ / litro";Borracharia, Calibragem, Troca de oleo;;;;
27/01/2026;2026-S05;CONCORRENTE; 13.814.642/0001-76;POSTO BR 31 AUTO SERVICOS LTDA;POSTO BR 31 AUTO SERVICOS LTDA;RAIZEN;AVENIDA MARIO GURGEL, 2844 - ALTO LAJE;29151-026;CARIACICA;ES;SE;DIESEL S10, ETANOL, GASOLINA, GASOLINA ADITIVADA;5,99 / 4,46 / 6,09 / 6,49;"R$ / litro; R$ / litro; R$ / litro; R$ / litro";Troca de oleo / Calibragem / Caixa eletronico / Conveniencia;;;;
27/01/2026;2026-S05;CONCORRENTE; 15.226.314/0001-84;MAIS COMERCIO DE COMBUSTIVEL CARIACICA LTDA;MAIS COMERCIO DE COMBUSTIVEL CARIACICA LTDA;BRANCA;AVENIDA MARIO GURGEL, 4935 - VILA PALESTINA;29145-711;CARIACICA;ES;SE;ETANOL, GASOLINA;4,69 / 6,19;"R$ / litro; R$ / litro";Borracharia,Lava-jato,Conveniencia,Calibragem;;;;
27/01/2026;2026-S05;CONCORRENTE; 18.366.697/0001-84;POSTO RIO MARINHO COMERCIO DE DERIVADOS DE PETROLEO EIRELI - EPP;POSTO RIO MARINHO COMERCIO DE DERIVADOS DE PETROLEO EIRELI - EPP;VIBRA;AVENIDA RIO MARINHO, S/N - RIO MARINHO;29112-690;VILA VELHA;ES;SE;DIESEL, DIESEL S10, ETANOL, GASOLINA, GASOLINA ADITIVADA;6,05 / 6,09 / 4,89 / 6,15 / 6,45;"R$ / litro; R$ / litro; R$ / litro; R$ / litro; R$ / litro";Conveniencia;;;;
27/01/2026;2026-S05;CONCORRENTE; 21.246.940/0001-35;AUTO POSTO GASCROMA COMERCIO DE COMBUSTIVEIS, LUBRIFICANTES E SERVICOS LTDA;AUTO POSTO GASCROMA COMERCIO DE COMBUSTIVEIS, LUBRIFICANTES E SERVICOS LTDA;VIBRA;AVENIDA JERONIMO MONTEIRO, 840 - JABURUNA;29100-600;VILA VELHA;ES;SE;DIESEL, GASOLINA, GASOLINA ADITIVADA;6,19 / 6,29 / 6,99;"R$ / litro; R$ / litro; R$ / litro";Calibragem,Conveniencia;;;;
27/01/2026;2026-S05;CONCORRENTE; 22.356.015/0001-20;CENTRAL COMERCIO DE COMBUSTIVEIS LTDA;CENTRAL COMERCIO DE COMBUSTIVEIS LTDA;IPIRANGA;"AVENIDA ELDES SCHERRER SOUZA, 2100 - : POSTO; - CIVIT II";29168-060;Serra ;ES;SE;DIESEL, DIESEL S10, ETANOL, GASOLINA, GASOLINA ADITIVADA, GNV;5,86 / 5,99 / 4,69 / 6,09 / 6,29 / 4,09;"R$ / litro; R$ / litro; R$ / litro; R$ / litro; R$ / litro; R$ / m³";Troca de oleo, Borracharia, Lava-jato, Conveniencia;;;;
27/01/2026;2026-S05;CONCORRENTE; 24.145.665/0001-51;C.R.B. DEZAN E CIA LTDA;C.R.B. DEZAN E CIA LTDA;ATLÂNTICA;AVENIDA MARIO GURGEL, 5913 - AUTO POSTO - SAO FRANCISCO;29145-409;CARIACICA;ES;SE;DIESEL S10, ETANOL, GASOLINA;6,09 / 4,69 / 6,19;"R$ / litro; R$ / litro; R$ / litro";Conveniencia,Caixa eletronico;;;;
27/01/2026;2026-S05;CONCORRENTE; 26.980.450/0001-81;AUTO POSTO VITORIA COMERCIO DE COMBUSTIVEIS LTDA;AUTO POSTO VITORIA COMERCIO DE COMBUSTIVEIS LTDA;VIBRA;RUA OLYMPIO RODRIGUES PASSOS, 14 - LOJA  01 - JABOUR;29072-290;VITORIA;ES;SE;ETANOL, GASOLINA, GASOLINA ADITIVADA;4,69 / 6,09 / 6,39;"R$ / litro; R$ / litro; R$ / litro";Caixa eletronico;;;;
27/01/2026;2026-S05;CONCORRENTE; 27.016.518/0001-70;AUTO POSTO CONTORNO;AUTO POSTO CONTORNO LTDA;ALE;RODOVIA GOVERNADOR MARIO COVAS, 11282 - SERRA DO ANIL;29147-030;CARIACICA;ES;SE;DIESEL, DIESEL S10, ETANOL, GASOLINA, GASOLINA ADITIVADA;5,89 / 5,99 / 4,79 / 6,29 / 6,49;"R$ / litro; R$ / litro; R$ / litro; R$ / litro; R$ / litro";Borracharia;;;;
27/01/2026;2026-S05;CONCORRENTE; 27.394.378/0001-73;POSTO DE PRODUTOS DE PETROLEO OASIS LTDA;POSTO DE PRODUTOS DE PETROLEO OASIS LTDA;IPIRANGA;AVENIDA MARIO GURGEL, 297 - JARDIM AMERICA;29140-261;CARIACICA;ES;SE;DIESEL S10, GASOLINA, GASOLINA ADITIVADA, GNV;6,09 / 6,05 / 6,39 / 4,09;"R$ / litro; R$ / litro; R$ / litro; R$ / m³";Calibragem / Caixa eletronico;;;;
27/01/2026;2026-S05;CONCORRENTE; 27.396.415/0001-82;AUTO SERVICO SAO CRISTOVAO LTDA;AUTO SERVICO SAO CRISTOVAO LTDA;VIBRA;AVENIDA MARIO GURGEL, 4 - KM    4 5  BR 262 - DOM BOSCO;29147-345;CARIACICA;ES;SE;ETANOL, GASOLINA, GASOLINA ADITIVADA, GNV;4,68 / 6,24 / 6,35 / 4,07;"R$ / litro; R$ / litro; R$ / litro; R$ / m³";Caixa eletronico,Borracharia,Conveniencia;;;;
27/01/2026;2026-S05;CONCORRENTE; 27.664.597/0007-10;AUTO POSTO SCHUENG LTDA;AUTO POSTO SCHUENG LTDA;IPIRANGA;AVENIDA DOUTOR RAIMUNDO GUILHERME SOBRINHO, 176 - BOA VISTA;29931-630;SAO MATEUS;ES;SE;ETANOL, GASOLINA, GASOLINA ADITIVADA;4,99 / 6,59 / 6,59;"R$ / litro; R$ / litro; R$ / litro";Conveniencia,Borracharia,Calibragem;;;;
2026-01-27;2026-S05;CONCORRENTE;27734094000189;POSTO ATLANTICO LTDA;POSTO ATLANTICO LTDA;RAIZEN;AVENIDA DANTE MICHELINI, 4655 - POSTO - JARDIM CAMBURI;29090-070;VITORIA;ES;SE;DIESEL S10, ETANOL, GASOLINA, GASOLINA ADITIVADA;6,39 / 4,99 / 5,95 / 6,45;"R$ / litro; R$ / litro; R$ / litro; R$ / litro";Borracharia / Calibragem;;;;
27/01/2026;2026-S05;CONCORRENTE; 27.926.384/0001-24;PETROVERA - POSTO DE PRODUTOS DE PETROLEO E TRANSPORTES LTDA - ME;PETROVERA - POSTO DE PRODUTOS DE PETROLEO E TRANSPORTES LTDA - ME;IPIRANGA;RODOVIA GOVERNADOR JOSE HENRIQUE SETTE, 906 - PAVMTO01 - ALTO LAGE;29151-055;CARIACICA;ES;SE;DIESEL, DIESEL S10, ETANOL, GASOLINA, GASOLINA ADITIVADA;5,89 / 5,99 / 4,69 / 6,15 / 6,15;"R$/l; R$/l; R$/l; R$/l; R$/l";Caixa eletronico / Conveniencia / Borracharia / Calibragem;;;;
27/01/2026;2026-S05;CONCORRENTE; 28.344.206/0001-58;POSTO DE COMBUSTIVEIS ITACIBA LTDA;POSTO DE COMBUSTIVEIS ITACIBA LTDA;BRANCA;RUA MANOEL JOAQUIM DOS SANTOS, 317 - ITACIBA;29150-270;CARIACICA;ES;SE;ETANOL, GASOLINA, GASOLINA ADITIVADA;4,65 / 6,15 / 6,15;"R$ / litro; R$ / litro; R$ / litro";Troca de oleo, Conveniencia, Lava-jato, Borracharia;;;;
27/01/2026;2026-S05;CONCORRENTE; 28.413.219/0001-31;COMERCIAL NORTE SUL LTDA;COMERCIAL NORTE SUL LTDA;VIBRA;AVENIDA MARUIPE, 2757 - SANTA LUIZA;29045-230;VITORIA;ES;SE;GASOLINA, GASOLINA ADITIVADA;6,09 / 6,39;"R$ / litro; R$ / litro";Lava-jato;;;;
27/01/2026;2026-S05;CONCORRENTE; 30.869.047/0001-57;ABT COMERCIO DE COMBUSTIVEIS LTDA;ABT COMERCIO DE COMBUSTIVEIS LTDA;BRANCA;RODOVIA GOVERNADOR MARIO COVAS, 1874 - KM    65 - BOA VISTA;29931-200;SAO MATEUS;ES;SE;DIESEL, DIESEL S10, ETANOL, GASOLINA;5,99 / 6,09 / 4,99 / 6,59;"R$ / litro; R$ / litro; R$ / litro; R$ / litro";"Lava-jato; Troca de oleo; Caixa eletronico";;;;ver com gerente
27/01/2026;2026-S05;CONCORRENTE; 36.751.443/0001-61;BOA VISTA SERVICO AUTOMOTIVO LTDA;BOA VISTA SERVICO AUTOMOTIVO LTDA;ALE;AVENIDA JOAO XXIII, 1339 - BOA VISTA;29931-225;SAO MATEUS;ES;SE;DIESEL S10, GASOLINA, GASOLINA ADITIVADA;6,59 / 6,69 / 6,69;"R$ / litro; R$ / litro; R$ / litro";Calibragem / Borracharia / Caixa eletronico;;;;
28/01/2026;2026-S05;CONCORRENTE; 01.503.536/0001-92;POSTO MARCELA LTDA;POSTO MARCELA LTDA;VIBRA;RUA DO PESSEGUEIRO, S/N - DIVINO ESPÍRITO SANTO;29107-230;Vila Velha;ES;SE;DIESEL S10, GASOLINA, GASOLINA ADITIVADA;5,99 / 6,29 / 6,49;"R$ / litro; R$ / litro; R$ / litro";Caixa eletronico, Borracharia;;;;
28/01/2026;2026-S05;CONCORRENTE; 04.145.589/0011-49;ARARA AZUL REDE DE POSTOS LTDA;ARARA AZUL REDE DE POSTOS LTDA;BRANCA;RODOVIA RODOVIA DO SOL, 530 - PRAIA DE ITAPARICA;29102-020;VILA VELHA;ES;SE;DIESEL S10, ETANOL, GASOLINA, GASOLINA ADITIVADA;5,95 / 4,59 / 6,29 / 6,49;"R$ / litro; R$ / litro; R$ / litro; R$ / litro";Lava-jato,Troca de oleo,Borracharia;;;;
28/01/2026;2026-S05;CONCORRENTE; 09.369.995/0001-37;POSTO DE COMBUSTIVEIS FERRARI SAO MATEUS LTDA;POSTO DE COMBUSTIVEIS FERRARI SAO MATEUS LTDA;BRANCA;"RODOVIA BR-101 NORTE, 921 - KM: 63; - VILA NOVA";29941-010;SAO MATEUS;ES;SE;ETANOL, GASOLINA, GNV;4,79 / 6,59 / 4,98;"R$ / litro; R$ / litro; R$ / m³";"Lava-jato; Troca de oleo; Conveniencia";;;;
28/01/2026;2026-S05;CONCORRENTE; 14.806.977/0001-05;AUTO POSTO SILVARES LTDA;AUTO POSTO SILVARES LTDA;IPIRANGA;AVENIDA   NAIR AZEVEDO SILVA, 430 - ILHA DO PRINCIPE;29020-240;VITORIA;ES;SE;ETANOL, GASOLINA, GASOLINA ADITIVADA;4,89 / 6,29 / 6,49;"R$ / litro; R$ / litro; R$ / litro";Borracharia;;;;
28/01/2026;2026-S05;CONCORRENTE; 27.066.273/0002-76;POSTO ARVOREDO LTDA;POSTO ARVOREDO LTDA;BRANCA;AVENIDA VITORIA, 1600 - POSTO - ILHA DE SANTA MARIA;29051-040;VITORIA;ES;SE;ETANOL, GASOLINA, GASOLINA ADITIVADA;4,49 / 5,99 / 5,99;"R$ / litro; R$ / litro; R$ / litro";Lava-jato / Troca de oleo / Borracharia;;;;
28/01/2026;2026-S05;CONCORRENTE; 28.059.632/0001-40;A.B.C. AUTO SERVICOS LTDA;A.B.C. AUTO SERVICOS LTDA;RAIZEN;AVENIDA ROBERT KENNEDY, 21 - A - SAO TORQUATO;29114-000;VILA VELHA;ES;SE;DIESEL, DIESEL S10, GASOLINA, GASOLINA ADITIVADA;6,09 / 6,09 / 5,99 / 6,39;"R$ / litro; R$ / litro; R$ / litro; R$ / litro";Caixa eletronico,Borracharia,Troca de oleo;;;;
28/01/2026;2026-S05;CONCORRENTE; 28.761.038/0001-04;AUTO POSTO PORTO LTDA;AUTO POSTO PORTO LTDA;VIBRA;AVENIDA PRESIDENTE FLORENTINO AVIDOS, 190 - PARQUE MOSCOSO;29018-190;VITORIA;ES;SE;DIESEL S10, GASOLINA, GASOLINA ADITIVADA;5,89 / 5,99 / 6,29;"R$ / litro; R$ / litro; R$ / litro";Lava-jato;;;;
28/01/2026;2026-S05;CONCORRENTE; 29.937.036/0001-88;LOCVAN TRANSPORTE E TURISMO LTDA;LOCVAN TRANSPORTE E TURISMO LTDA;BRANCA;RODOVIA GOVERNADOR MARIO COVAS, 573 - VILA NOVA;29941-010;SAO MATEUS;ES;SE;DIESEL S10, ETANOL, GASOLINA;6,19 / 5,09 / 6,59;"R$ / litro; R$ / litro; R$ / litro";Calibragem,Conveniencia;;;;
2026-01-28;2026-S05;CONCORRENTE; 31.465.040/0001-32;POSTO ITAPOA LTDA;POSTO ITAPOA LTDA;IPIRANGA;AVENIDA FRANCELINA SETUBAL, 333 - ITAPOAN;29100-000;V. VELHA;ES;SE;DIESEL S10, ETANOL, GASOLINA, GASOLINA ADITIVADA;5,99 / 4,78 / 6,29 / 6,59;"R$ / litro; R$ / litro; R$ / litro; R$ / litro";Calibragem,Lava-jato;;;;promo fim de semana?
29/01/2026;2026-S05;CONCORRENTE; 03.948.877/0003-69;AUTO POSTO SANTA ANA LTDA;AUTO POSTO SANTA ANA LTDA;ALE;RODOVIA DO CAFE, 1871 - CARLOS GERMANO NAUMANN;29705-200;COLATINA;ES;SE;DIESEL, DIESEL S10, GASOLINA, GASOLINA ADITIVADA;5,89 / 5,99 / 6,49 / 6,69;"R$/l; R$/l; R$/l; R$/l";Calibragem,Lava-jato,Troca de oleo;;;;
29/01/2026;2026-S05;CONCORRENTE; 04.814.652/0001-10;POSTO MOTOCAP LTDA;POSTO MOTOCAP LTDA;VIBRA;PRACA ALMIRANTE BARROSO, 52 - LETRA A - LACE;29703-055;COLATINA;ES;SE;GASOLINA;6,59;R$ / litro;Calibragem, Lava-jato, Conveniencia;;;;
29/01/2026;2026-S05;CONCORRENTE; 05.349.237/0001-04;POSTO IRMAOS CAMATTA LTDA;POSTO IRMAOS CAMATTA LTDA;VIBRA;RODOVIA BR 101, KM 143, S/N - CANIVETE;29909-010;LINHARES;ES;SE;DIESEL, GASOLINA, GASOLINA ADITIVADA;6,09 / 6,59 / 6,59;"R$ / litro; R$ / litro; R$ / litro";Troca de oleo,Caixa eletronico;;;;
29/01/2026;2026-S05;CONCORRENTE; 05.609.081/0001-45;AUTO SERVICO FLORESTA LTDA;AUTO SERVICO FLORESTA LTDA;VIBRA;AVENIDA PREFEITO SAMUEL BATISTA CRUZ, 1276 - ARACA;29900-100;LINHARES;ES;SE;DIESEL, GASOLINA;5,99 / 6,59;"R$ / litro; R$ / litro";"Lava-jato; Troca de oleo; Caixa eletronico; Borracharia";;;;
29/01/2026;2026-S05;CONCORRENTE; 07.381.843/0001-24;POSTO DE COMBUSTIVEIS BRUNO LTDA;POSTO DE COMBUSTIVEIS BRUNO LTDA;BRANCA;RUA FIORAVANTE ROSSI, 738 - SAO BRAZ;29704-700;COLATINA;ES;SE;GASOLINA, GASOLINA ADITIVADA;6,55 / 6,55;"R$ / litro; R$ / litro";Borracharia;;;;
29/01/2026;2026-S05;CONCORRENTE; 08.519.545/0001-10;SAO FRANCISCO DE ASSIS COMERCIO DE COMBUSTIVEIS LTDA;SAO FRANCISCO DE ASSIS COMERCIO DE COMBUSTIVEIS LTDA;VIBRA;PRACA FIDELIS FERRARI, 35 - LACE;29703-030;COLATINA;ES;SE;GASOLINA, GASOLINA ADITIVADA;6,79 / 6,89;"R$ / litro; R$ / litro";"Caixa eletronico; Troca de oleo; Conveniencia";;;;
29/01/2026;2026-S05;CONCORRENTE; 08.971.375/0001-00;BRAX COMBUSTIVEIS LTDA;BRAX COMBUSTIVEIS LTDA;IPIRANGA;RODOVIA CONEGO JOAO GUILHERME, 1516 - MARIO GIURIZATTO;29706-557;COLATINA;ES;SE;DIESEL, DIESEL S10, ETANOL, GASOLINA, GASOLINA ADITIVADA;6,08 / 6,18 / 4,85 / 6,34 / 6,45;"R$ / litro; R$ / litro; R$ / litro; R$ / litro; R$ / litro";Lava-jato, Troca de oleo;;;;
29/01/2026;2026-S05;CONCORRENTE; 10.223.356/0001-48;POSTO TREVO DA PONTE LTDA;POSTO TREVO DA PONTE LTDA;IPIRANGA;AVENIDA GOVERNADOR JONES DOS SANTOS NEVES, 160 - AVISO;29900-384;LINHARES;ES;SE;DIESEL, GASOLINA, GASOLINA ADITIVADA;5,99 / 6,59 / 6,59;"R$ / litro; R$ / litro; R$ / litro";Borracharia;;;;
29/01/2026;2026-S05;CONCORRENTE; 10.331.576/0001-95;AUTO POSTO LINHARES LTDA;AUTO POSTO LINHARES LTDA;IPIRANGA;AVENIDA JOSE TESCH, 657 - SHELL;29901-500;LINHARES;ES;SE;DIESEL, GASOLINA, GASOLINA ADITIVADA;5,99 / 6,59 / 6,59;"R$ / litro; R$ / litro; R$ / litro";Conveniencia, Caixa eletronico, Troca de oleo, Borracharia;;;;conferir bandeira
29/01/2026;2026-S05;CONCORRENTE; 13.602.147/0001-01;AUTO POSTO LAGOA DO MEIO LTDA;AUTO POSTO LAGOA DO MEIO LTDA;IPIRANGA;RUA GUAICURUS, 18 - LAGOA DO MEIO;29904-010;LINHARES;ES;SE;DIESEL S10, GASOLINA;6,09 / 6,59;"R$ / litro; R$ / litro";Borracharia / Caixa eletronico;;;;
29/01/2026;2026-S05;CONCORRENTE; 14.509.900/0001-73;POSTO DE COMBUSTIVEIS LINHARES LTDA;POSTO DE COMBUSTIVEIS LINHARES LTDA;BRANCA;AVENIDA SAO MATEUS, S/N - SHELL;29901-630;LINHARES;ES;SE;ETANOL, GASOLINA;4,74 / 6,59;"R$ / litro; R$ / litro";Lava-jato, Calibragem, Caixa eletronico, Troca de oleo;;;;
29/01/2026;2026-S05;CONCORRENTE; 20.246.670/0001-08;POSTO DE COMBUSTIVEIS COLATINA LTDA;POSTO DE COMBUSTIVEIS COLATINA LTDA;BRANCA;RODOVIA DO CAFE, 606 - CARLOS GERMANO NAUMANN;29705-200;COLATINA;ES;SE;DIESEL, DIESEL S10, ETANOL, GASOLINA;5,89 / 5,99 / 4,75 / 6,49;"R$ / litro; R$ / litro; R$ / litro; R$ / litro";Troca de oleo / Calibragem;;;;
29/01/2026;2026-S05;CONCORRENTE; 27.085.240/0001-92;POSTO DE GASOLINA SANTO ANTONIO LTDA;POSTO DE GASOLINA SANTO ANTONIO LTDA;ALE;AVENIDA SILVIO AVIDOS, 3251 - SANTO ANTONIO;29704-053;COLATINA;ES;SE;DIESEL, DIESEL S10, GASOLINA, GASOLINA ADITIVADA;6,25 / 6,35 / 6,59 / 6,72;"R$ / litro; R$ / litro; R$ / litro; R$ / litro";"Lava-jato; Calibragem";;;;
29/01/2026;2026-S05;CONCORRENTE; 27.303.411/0003-74;AUTO POSTO DADINHO LTDA;AUTO POSTO DADINHO LTDA;ALE;AVENIDA VEREADOR WILMO VITORIO GUIZANI, 12 - SAO JOSE;29905-080;LINHARES;ES;SE;DIESEL S10, GASOLINA, GASOLINA ADITIVADA;6,07 / 6,59 / 6,69;"R$ / litro; R$ / litro; R$ / litro";Caixa eletronico, Lava-jato;;;;
29/01/2026;2026-S05;CONCORRENTE; 30.578.975/0001-62;CAMATTA & CIA LTDA;CAMATTA & CIA LTDA;IPIRANGA;AVENIDA WENCESLAU BRAZ, 133 - CENTRO;29901-260;LINHARES;ES;SE;DIESEL, GASOLINA, GASOLINA ADITIVADA;5,99 / 6,59 / 6,59;"R$ / litro; R$ / litro; R$ / litro";Calibragem;;;;
29/01/2026;2026-S05;CONCORRENTE; 37.361.618/0001-97;AUTO POSTO MAX COMBUSTIVEIS E DERIVADOS LTDA;AUTO POSTO MAX COMBUSTIVEIS E DERIVADOS LTDA;BRANCA;AVENIDA CEREJEIRA, 694 - LOTE  01                  QUADRA12 - MOVELAR;29906-014;LINHARES;ES;SE;ETANOL, GASOLINA, GASOLINA ADITIVADA;4,79 / 6,59 / 6,59;"R$ / litro; R$ / litro; R$ / litro";Caixa eletronico, Calibragem;;;;
29/01/2026;2026-S05;CONCORRENTE; 39.814.835/0001-10;PNEUMAX LTDA;PNEUMAX LTDA;VIBRA;AVENIDA SILVIO AVIDOS, 1358 - SAO SILVANO;29703-100;COLATINA;ES;SE;DIESEL, ETANOL, GASOLINA, GASOLINA ADITIVADA;6,19 / 4,99 / 6,59 / 6,69;"R$ / litro; R$ / litro; R$ / litro; R$ / litro";Conveniencia;;;;
2026-02-02;2026-S06;CONCORRENTE; 01.514.752/0001-33;POSTO THIAGO LIMITADA;POSTO THIAGO LIMITADA;VIBRA;AVENIDA CEZAR HILAL, 868 - BENTO FERREIRA;29050-662;VITORIA;ES;SE;ETANOL, GASOLINA, GASOLINA ADITIVADA;4,49 / 5,99 / 6,19;"R$ / litro; R$ / litro; R$ / litro";Caixa eletronico;;;;
02/02/2026;2026-S06;CONCORRENTE; 01.823.633/0001-62;POSTO METROPOLITANO LTDA;POSTO METROPOLITANO LTDA;IPIRANGA;VIA DOIS, 226 - ANEXO QUADRA 03 MODULO 03 - TIMS;29161-373;SERRA;ES;SE;DIESEL, DIESEL S10, ETANOL, GASOLINA, GASOLINA ADITIVADA;5,79 / 5,89 / 4,69 / 5,89 / 6,09;"R$ / litro; R$ / litro; R$ / litro; R$ / litro; R$ / litro";Borracharia,Calibragem;;;;
02/02/2026;2026-S06;CONCORRENTE; 02.567.214/0001-70;POSTO DE COMBUSTIVEL IDEAL LTDA;POSTO DE COMBUSTIVEL IDEAL LTDA;IPIRANGA;AVENIDA VITORIA, 3031 - GURIGICA;29027-080;VITORIA;ES;SE;ETANOL, GASOLINA, GASOLINA ADITIVADA;4,59 / 5,99 / 6,14;"R$ / litro; R$ / litro; R$ / litro";"Conveniencia; Borracharia; Calibragem";;;;
02/02/2026;2026-S06;CONCORRENTE; 04.145.589/0011-49;ARARA AZUL REDE DE POSTOS LTDA;ARARA AZUL REDE DE POSTOS LTDA;BRANCA;RODOVIA RODOVIA DO SOL, 530 - PRAIA DE ITAPARICA;29102-020;VILA VELHA;ES;SE;DIESEL S10, ETANOL, GASOLINA, GASOLINA ADITIVADA;5,95 / 4,59 / 6,29 / 6,49;"R$ / litro; R$ / litro; R$ / litro; R$ / litro";Lava-jato / Troca de oleo / Borracharia;;;;
02/02/2026;2026-S06;CONCORRENTE; 04.228.463/0001-66;AUTO POSTO MARLIN LTDA;AUTO POSTO MARLIN LTDA;ATLÂNTICA;RUA JUIZ ALEXANDRE MARTINS DE CASTRO FILHO, 285 - SANTA LUCIA;29056-295;VITORIA;ES;SE;DIESEL S10, ETANOL, GASOLINA, GASOLINA ADITIVADA;5,99 / 4,89 / 6,09 / 6,09;"R$ / litro; R$ / litro; R$ / litro; R$ / litro";Caixa eletronico, Troca de oleo;;;;
02/02/2026;2026-S06;CONCORRENTE; 04.361.389/0001-51;AUTO POSTO WAVE LTDA;AUTO POSTO WAVE LTDA;ALE;AVENIDA TALMA RODRIGUES RIBEIRO, 5416 A - PORTAL DE JACARAIPE;29173-795;SERRA;ES;SE;DIESEL, DIESEL S10, ETANOL, GASOLINA;5,99 / 6,09 / 4,66 / 5,99;"R$ / litro; R$ / litro; R$ / litro; R$ / litro";Calibragem, Borracharia;;;;
02/02/2026;2026-S06;CONCORRENTE; 04.960.337/0001-00;RENOVA COMERCIO COMBUSTIVEL E SERVICOS LTDA;RENOVA COMERCIO COMBUSTIVEL E SERVICOS LTDA;BRANCA;AVENIDA LEITAO DA SILVA, 1150 - SANTA LUCIA;29056-184;VITORIA;ES;SE;ETANOL, GASOLINA, GASOLINA ADITIVADA;4,45 / 5,99 / 5,99;"R$ / litro; R$ / litro; R$ / litro";Borracharia,Calibragem;;;;
02/02/2026;2026-S06;CONCORRENTE; 05.738.923/0001-69;GEGEL AUTO POSTO LTDA;GEGEL AUTO POSTO LTDA;RAIZEN;AVENIDA CENTRAL B, S/N - QUADRAEC VII - CIVIT II;29168-071;SERRA;ES;SE;DIESEL, ETANOL, GASOLINA, GASOLINA ADITIVADA;5,99 / 4,79 / 6,09 / 6,59;"R$ / litro; R$ / litro; R$ / litro; R$ / litro";Conveniencia,Borracharia,Caixa eletronico,Calibragem;;;;
02/02/2026;2026-S06;CONCORRENTE; 09.167.931/0001-53;POSTO CHAMPAGNAT LTDA;POSTO CHAMPAGNAT LTDA;IPIRANGA;RUA HUGO MUSSO, 550 - PRAIA DA COSTA;29101-280;VILA VELHA;ES;SE;DIESEL S10, ETANOL, GASOLINA, GASOLINA ADITIVADA;6,29 / 4,79 / 6,29 / 6,69;"R$ / litro; R$ / litro; R$ / litro; R$ / litro";Calibragem, Conveniencia, Caixa eletronico;;;;
02/02/2026;2026-S06;CONCORRENTE; 11.942.147/0001-17;POSTO PARADA VITORIA LTDA;POSTO PARADA VITORIA LTDA;ALE;AVENIDA MARECHALCAMPOS, 370 - CONSOLACAO;29045-460;VITORIA;ES;SE;DIESEL S10, ETANOL, GASOLINA, GASOLINA ADITIVADA;5,99 / 4,65 / 5,99 / 6,25;"R$ / litro; R$ / litro; R$ / litro; R$ / litro";Conveniencia, Caixa eletronico, Troca de oleo;;;;
02/02/2026;2026-S06;CONCORRENTE;12535572000154;AUTO POSTO MORADA LTDA;AUTO POSTO MORADA LTDA;IPIRANGA;AVENIDA PAULO PEREIRA GOMES, S/N - LOTE  03C                 QUADRAUE IV               SETOR II - MORADA DE LARANJEIRAS;29166-828;SERRA;ES;SE;DIESEL S10, ETANOL, GASOLINA, GASOLINA ADITIVADA;6,05 / 4,89 / 5,99 / 6,19;"R$ / litro; R$ / litro; R$ / litro; R$ / litro";"Borracharia; Calibragem; Troca de oleo";;;;
02/02/2026;2026-S06;CONCORRENTE; 22.356.015/0001-20;CENTRAL COMERCIO DE COMBUSTIVEIS LTDA;CENTRAL COMERCIO DE COMBUSTIVEIS LTDA;IPIRANGA;"AVENIDA ELDES SCHERRER SOUZA, 2100 - : POSTO; - CIVIT II";29168-060;SERRA;ES;SE;DIESEL, DIESEL S10, ETANOL, GASOLINA, GASOLINA ADITIVADA;5,89 / 5,99 / 4,69 / 6,09 / 6,29;"R$ / litro; R$ / litro; R$ / litro; R$ / litro; R$ / litro";"Troca de oleo; Borracharia; Lava-jato; Conveniencia";;;;
02/02/2026;2026-S06;CONCORRENTE; 28.059.632/0001-40;A.B.C. AUTO SERVICOS LTDA;A.B.C. AUTO SERVICOS LTDA;RAIZEN;AVENIDA ROBERT KENNEDY, 21 - A - SAO TORQUATO;29114-000;VILA VELHA;ES;SE;DIESEL, DIESEL S10, GASOLINA, GASOLINA ADITIVADA;6,09 / 6,09 / 5,99 / 6,29;"R$ / litro; R$ / litro; R$ / litro; R$ / litro";"Caixa eletronico; Borracharia; Troca de oleo";;;;
02/02/2026;2026-S06;CONCORRENTE; 28.413.219/0001-31;COMERCIAL NORTE SUL LTDA;COMERCIAL NORTE SUL LTDA;VIBRA;AVENIDA MARUIPE, 2757 - SANTA LUIZA;29045-230;VITORIA;ES;SE;GASOLINA, GASOLINA ADITIVADA;6,09 / 6,39;"R$ / litro; R$ / litro";Lava-jato;;;;
02/02/2026;2026-S06;CONCORRENTE; 36.309.276/0001-01;AUTO SERVICO OURO NEGRO LTDA;AUTO SERVICO OURO NEGRO LTDA;VIBRA;AVENIDA DUARTE LEMOS, 345 - ILHA DO PRINCIPE;29020-370;VITORIA;ES;SE;GASOLINA, GASOLINA ADITIVADA;5,99 / 6,29;"R$ / litro; R$ / litro";Calibragem, Borracharia;;;;
03/02/2026;2026-S06;CONCORRENTE; 01.496.517/0001-86;POSTO PERIM LTDA;POSTO PERIM LTDA;VIBRA;RUA SANTA LEOPOLDINA, 1650 - ITAPARICA;29102-040;VILA VELHA;ES;SE;DIESEL S10, ETANOL, GASOLINA, GASOLINA ADITIVADA;6,19 / 4,89 / 6,29 / 6,49;"R$ / litro; R$ / litro; R$ / litro; R$ / litro";Conveniencia,Borracharia,Caixa eletronico,Calibragem;;;;
03/02/2026;2026-S06;CONCORRENTE;01557127000179;AUTO POSTO ILHA DAS GARCAS LTDA;AUTO POSTO ILHA DAS GARCAS LTDA;VIBRA;RUA MARIA DE OLIVEIRA MARES GUIA, 40 - PRAIA DAS GAIVOTAS;29102-567;VILA VELHA;ES;SE;GASOLINA, GASOLINA ADITIVADA;6,29 / 6,59;"R$ / litro; R$ / litro";Borracharia / Caixa eletronico;;;;
2026-02-03;2026-S06;CONCORRENTE; 04.361.389/0002-32;AUTO POSTO WAVE LTDA;AUTO POSTO WAVE LTDA;ALE;AVENIDA MARTIN PESCADOR, 12 - PORTO CANOA;29168-460;SERRA;ES;SE;DIESEL S10, ETANOL, GASOLINA, GASOLINA ADITIVADA;5,99 / 4,89 / 5,99 / 5,99;"R$ / litro; R$ / litro; R$ / litro; R$ / litro";Borracharia / Caixa eletronico / Troca de oleo;;;;
03/02/2026;2026-S06;CONCORRENTE; 04.994.796/0001-04;POSTO SB LTDA;POSTO SB LTDA;VIBRA;AVENIDA BRASILIA, 1360 - PLANICIE DA SERRA;29168-710;SERRA;ES;SE;GASOLINA, GASOLINA ADITIVADA;6,19 / 6,36;"R$ / litro; R$ / litro";Borracharia / Calibragem / Troca de oleo / Caixa eletronico;;;;
03/02/2026;2026-S06;CONCORRENTE; 05.393.247/0001-39;POSTO CANOA DERIVADOS DE PETROLEO LTDA;POSTO CANOA DERIVADOS DE PETROLEO LTDA;ALE;AVENIDA BRASILIA, 575 - PORTO CANOA;29168-600;SERRA;ES;SE;DIESEL S10, ETANOL, GASOLINA, GASOLINA ADITIVADA;5,99 / 4,89 / 5,99 / 5,99;"R$ / litro; R$ / litro; R$ / litro; R$ / litro";Borracharia, Caixa eletronico, Calibragem;;;;
03/02/2026;2026-S06;CONCORRENTE; 07.470.392/0001-00;POSTO DE COMBUSTIVEIS OTAVIO EIRELI;POSTO DE COMBUSTIVEIS OTAVIO EIRELI;RAIZEN;AVENIDA ABDO SAAD, 833 - JACARAIPE;29173-510;SERRA;ES;SE;DIESEL, ETANOL, GASOLINA, GASOLINA ADITIVADA;5,99 / 4,79 / 6,09 / 6,39;"R$ / litro; R$ / litro; R$ / litro; R$ / litro";Borracharia;;;;
03/02/2026;2026-S06;CONCORRENTE; 07.571.908/0001-02;AUTO POSTO CORAL LTDA;AUTO POSTO CORAL LTDA;VIBRA;AVENIDA NORTE SUL, 259 - N.S.DO ROSARIO DE FATIMA;29176-798;SERRA;ES;SE;GASOLINA, GASOLINA ADITIVADA;5,99 / 6,29;"R$ / litro; R$ / litro";"Borracharia; Lava-jato; Conveniencia";;;;
03/02/2026;2026-S06;CONCORRENTE; 10.197.775/0001-52;REDE DE POSTOS SAGUI LTDA;REDE DE POSTOS SAGUI LTDA;ATLÂNTICA;RUA EUCLIDES DA CUNHA, 421 - SAO DIOGO I;29163-265;SERRA;ES;SE;DIESEL, ETANOL, GASOLINA, GASOLINA ADITIVADA;6,09 / 4,69 / 5,99 / 5,99;"R$/l; R$/l; R$/l; R$/l";Caixa eletronico, Conveniencia;;;;
03/02/2026;2026-S06;CONCORRENTE; 14.509.900/0001-73;Posto De Combustiveis Linhares Ltda;POSTO DE COMBUSTIVEIS LINHARES LTDA;BRANCA;AVENIDA SAO MATEUS, S/N - SHELL;29901-630;LINHARES;ES;SE;ETANOL, GASOLINA;4,74 / 6,59;"R$ / litro; R$ / litro";"Lava-jato; Calibragem; Caixa eletronico; Troca de oleo";;;;
03/02/2026;2026-S06;CONCORRENTE; 15.010.530/0001-98;AUTO POSTO R M LTDA;AUTO POSTO R M LTDA;RAIZEN;"RODOVIA DO SOL, 3701 - LOTE: 11; QUADRA: 64; - PRAIA DE ITAPARICA";29102-023;VILA VELHA;ES;SE;DIESEL S10, ETANOL, GASOLINA, GASOLINA ADITIVADA;6,06 / 4,79 / 6,19 / 6,59;"R$ / litro; R$ / litro; R$ / litro; R$ / litro";Conveniencia;;;;
03/02/2026;2026-S06;CONCORRENTE; 16.577.742/0001-14;AUTO POSTO ESCOLA COMERCIO DE COMBUSTIVEIS, LUBRIFICANTES E SERVICOS LTDA;AUTO POSTO ESCOLA COMERCIO DE COMBUSTIVEIS, LUBRIFICANTES E SERVICOS LTDA;VIBRA;"AVENIDA AMERICO BUAIZ, 1 - : POSTO; - ENSEADA DO SUA";29050-463;VITORIA;ES;SE;GASOLINA, GASOLINA ADITIVADA;5,99 / 6,19;"R$ / litro; R$ / litro";Troca de oleo, Caixa eletronico;;;;
03/02/2026;2026-S06;CONCORRENTE; 17.375.525/0001-04;AUTO POSTO LUCAS - EPP.;AUTO POSTO LUCAS - EPP.;ALE;AVENIDA ROMULO CASTELLO, 791 - LOTES 20 A 23 - CASTELANDIA;29172-620;SERRA;ES;SE;DIESEL S10, ETANOL, GASOLINA, GASOLINA ADITIVADA;5,95 / 4,66 / 5,87 / 6,07;"R$ / litro; R$ / litro; R$ / litro; R$ / litro";Troca de oleo, Calibragem, Borracharia, Caixa eletronico;;;;
03/02/2026;2026-S06;CONCORRENTE; 17.753.176/0001-17;AUTO POSTO BOULEVARD LTDA;AUTO POSTO BOULEVARD LTDA;ALE;"RODOVIA DO SOL, S/N - LOTE: 08 E 09; QUADRA: 59; - PRAIA DE ITAPARICA";29102-020;VILA VELHA;ES;SE;DIESEL S10, ETANOL, GASOLINA, GASOLINA ADITIVADA;6,09 / 4,84 / 6,19 / 6,59;"R$ / litro; R$ / litro; R$ / litro; R$ / litro";Troca de oleo,Conveniencia,Calibragem,Lava-jato;;;;
03/02/2026;2026-S06;CONCORRENTE; 21.246.940/0001-35;AUTO POSTO GASCROMA COMERCIO DE COMBUSTIVEIS, LUBRIFICANTES E SERVICOS LTDA;AUTO POSTO GASCROMA COMERCIO DE COMBUSTIVEIS, LUBRIFICANTES E SERVICOS LTDA;VIBRA;AVENIDA JERONIMO MONTEIRO, 840 - JABURUNA;29100-600;VILA VELHA;ES;SE;DIESEL, GASOLINA, GASOLINA ADITIVADA;6,19 / 6,29 / 6,99;"R$ / litro; R$ / litro; R$ / litro";Calibragem / Conveniencia;;;;
03/02/2026;2026-S06;CONCORRENTE; 23.305.603/0001-05;POSTO MARLIM BRANCO LTDA - ME;POSTO MARLIM BRANCO LTDA - ME;VIBRA;AVENIDA ROMULO CASTELLO, 161 - LOTE  16 17 18 - CASTELANDIA;29172-620;SERRA;ES;SE;GASOLINA, GASOLINA ADITIVADA;5,97 / 6,69;"R$ / litro; R$ / litro";Borracharia;;;;
03/02/2026;2026-S06;CONCORRENTE; 29.326.587/0001-05;AUTO POSTO PRAIA DE CAMBURI LTDA;AUTO POSTO PRAIA DE CAMBURI LTDA;VIBRA;AVENIDA DANTE MICHELINI, 1187 - JARDIM DA PENHA;29060-235;VITORIA;ES;SE;GASOLINA, GASOLINA ADITIVADA, GNV;6,09 / 6,39 / 4,09;"R$ / litro; R$ / litro; R$ / m³";Caixa eletronico,Troca de oleo,Borracharia,Conveniencia;;;;
03/02/2026;2026-S06;CONCORRENTE; 32.311.728/0001-20;POSTO CAMBURI I LTDA;POSTO CAMBURI I LTDA;ATLÂNTICA;RUA GELU VERVLOET DOS SANTOS, 714 - JARDIM CAMBURI;29090-100;VITORIA;ES;SE;DIESEL S10, ETANOL, GASOLINA, GASOLINA ADITIVADA;6,19 / 4,79 / 6,04 / 6,19;"R$ / litro; R$ / litro; R$ / litro; R$ / litro";Conveniencia;;;;
03/02/2026;2026-S06;CONCORRENTE; 33.869.754/0001-31;POSTO PRIME NORTE SUL LTDA;POSTO PRIME NORTE SUL LTDA;RAIZEN;AVENIDA JOSE MARIA VIVACQUA SANTOS, 100 - JARDIM CAMBURI;29092-105;VITORIA;ES;SE;ETANOL, GASOLINA, GASOLINA ADITIVADA;4,69 / 5,99 / 6,39;"R$ / litro; R$ / litro; R$ / litro";"Lava-jato; Conveniencia";;;;
03/02/2026;2026-S06;CONCORRENTE; 35.798.964/0001-01;S.A.BIAZUTTI LEITE - AUTO POSTO REDE SHOW LTDA;S.A.BIAZUTTI LEITE - AUTO POSTO REDE SHOW LTDA;BRANCA;AVENIDA SAO FRANCISCO, 131 - BLOCO A - PLANALTO SERRANO;29178-400;SERRA;ES;SE;DIESEL S10, ETANOL, GASOLINA, GASOLINA ADITIVADA;6,39 / 4,99 / 6,39 / 6,54;"R$ / litro; R$ / litro; R$ / litro; R$ / litro";Caixa eletronico,Lava-jato,Calibragem;;;;
03/02/2026;2026-S06;CONCORRENTE; 39.383.880/0001-68;AUTO SERVICO AEROPORTO LTDA;AUTO SERVICO AEROPORTO LTDA;VIBRA; -V. ADALBERTO SIMAO NADER, 1001 - REPUBLICA;29070-010;VITORIA;ES;SE;GASOLINA, GASOLINA ADITIVADA;6,09 / 6,39;"R$ / litro; R$ / litro";Borracharia, Caixa eletronico, Troca de oleo, Lava-jato;;;;
04/02/2026;2026-S06;CONCORRENTE; 01.503.536/0001-92;POSTO MARCELA LTDA;POSTO MARCELA LTDA;VIBRA;RUA DO PESSEGUEIRO, S/N - DIVINO ESPÍRITO SANTO;29107-230;VILA VELHA;ES;SE;DIESEL S10, GASOLINA, GASOLINA ADITIVADA;5,99 / 6,19 / 6,39;"R$ / litro; R$ / litro; R$ / litro";Caixa eletronico / Borracharia;;;;
04/02/2026;2026-S06;CONCORRENTE; 04.850.382/0001-01;POSTO ARIBIRI DO GAS LTDA;POSTO ARIBIRI DO GAS LTDA;VIBRA;AVENIDA CARLOS LINDEMBERG, 1944 - SANTA INEZ;29108-075;VILA VELHA;ES;SE;GASOLINA, GASOLINA ADITIVADA;6,16 / 6,36;"R$ / litro; R$ / litro";Caixa eletronico, Lava-jato;;;;
04/02/2026;2026-S06;CONCORRENTE; 05.609.081/0001-45;AUTO SERVICO FLORESTA LTDA;AUTO SERVICO FLORESTA LTDA;VIBRA;AVENIDA PREFEITO SAMUEL BATISTA CRUZ, 1276 - ARACA;29900-100;LINHARES;ES;SE;DIESEL, GASOLINA;5,99 / 6,59;"R$ / litro; R$ / litro";Lava-jato, Troca de oleo, Caixa eletronico, Borracharia;;;;
04/02/2026;2026-S06;CONCORRENTE; 08.022.304/0001-61;AUTO POSTO DE COMBUSTIVEL RTT LTDA;AUTO POSTO DE COMBUSTIVEL RTT LTDA;IPIRANGA;RUA MOEMA, 38 - DIVINO ESPIRITO SANTO;29107-250;VILA VELHA;ES;SE;DIESEL S10, ETANOL, GASOLINA, GASOLINA ADITIVADA;5,99 / 4,99 / 6,29 / 6,39;"R$ / litro; R$ / litro; R$ / litro; R$ / litro";Borracharia;;;;
04/02/2026;2026-S06;CONCORRENTE; 10.331.576/0001-95;AUTO POSTO LINHARES LTDA;AUTO POSTO LINHARES LTDA;IPIRANGA;AVENIDA JOSE TESCH, 657 - SHELL;29901-500;LINHARES;ES;SE;DIESEL, GASOLINA, GASOLINA ADITIVADA;5,99 / 6,59 / 6,59;"R$ / litro; R$ / litro; R$ / litro";Conveniencia, Caixa eletronico, Troca de oleo, Borracharia;;;;
04/02/2026;2026-S06;CONCORRENTE; 10.569.345/0001-14;POSTO CRISTOVAO COLOMBO LTDA;POSTO CRISTOVAO COLOMBO LTDA;VIBRA;RUA CRISTOVAO COLOMBO, 582 - CRISTOVAO COLOMBO;29106-595;VILA VELHA;ES;SE;GASOLINA, GASOLINA ADITIVADA;6,19 / 6,49;"R$ / litro; R$ / litro";Caixa eletronico / Troca de oleo / Lava-jato / Calibragem;;;;
04/02/2026;2026-S06;CONCORRENTE; 13.602.147/0001-01;AUTO POSTO LAGOA DO MEIO LTDA;AUTO POSTO LAGOA DO MEIO LTDA;IPIRANGA;RUA GUAICURUS, 18 - LAGOA DO MEIO;29904-010;LINHARES;ES;SE;DIESEL S10, ETANOL, GASOLINA;6,09 / 4,79 / 6,59;"R$ / litro; R$ / litro; R$ / litro";Borracharia / Caixa eletronico;;;;
04/02/2026;2026-S06;CONCORRENTE; 23.314.250/0001-00;COMERCIO DE COMBUSTIVEIS LINDENBERG LTDA;COMERCIO DE COMBUSTIVEIS LINDENBERG LTDA;BRANCA;AVENIDA CARLOS LINDENBERG, 5718 - LOTE  2. 3. 14 E 15       QUADRAD - SANTA INES;29108-075;VILA VELHA;ES;SE;DIESEL S10, ETANOL, GASOLINA;5,85 / 4,57 / 6,08;"R$ / litro; R$ / litro; R$ / litro";Conveniencia,Borracharia,Calibragem;;;;ver com gerente
05/02/2026;2026-S06;CONCORRENTE; 00.580.488/0001-73;POSTO DE GASOLINA MARACANA LTDA;POSTO DE GASOLINA MARACANA LTDA;IPIRANGA;AVENIDA ALICE COUTINHO SANTOS, 2101 - POSTO DE GASOLINA - MARACANA;29142-887;CARIACICA;ES;SE;DIESEL, DIESEL S10, ETANOL, GASOLINA, GASOLINA ADITIVADA;5,99 / 6,09 / 4,79 / 6,17 / 6,29;"R$ / litro; R$ / litro; R$ / litro; R$ / litro; R$ / litro";"Troca de oleo; Borracharia; Caixa eletronico";;;;
05/02/2026;2026-S06;CONCORRENTE; 02.582.857/0001-92;POSTO CAMPO GRANDE LTDA;POSTO CAMPO GRANDE LTDA;ATLÂNTICA;AVENIDA EXPEDITO GARCIA, 222 - CAMPO GRANDE;29157-405;CARIACICA;ES;SE;ETANOL, GASOLINA, GASOLINA ADITIVADA;4,69 / 6,05 / 6,05;"R$ / litro; R$ / litro; R$ / litro";Lava-jato;;;;
05/02/2026;2026-S06;CONCORRENTE; 02.802.986/0001-49;A S SALES JUNIOR LTDA;A S SALES JUNIOR LTDA;ATLÂNTICA;RUA DAVINO MATOS, S/N - PARQUE AREIA PRETA;29200-615;GUARAPARI;ES;SE;DIESEL S10, ETANOL, GASOLINA, GASOLINA ADITIVADA;6,09 / 4,99 / 6,18 / 6,30;"R$ / litro; R$ / litro; R$ / litro; R$ / litro";Borracharia,Caixa eletronico,Lava-jato;;;;
05/02/2026;2026-S06;CONCORRENTE; 05.349.237/0001-04;POSTO IRMAOS CAMATTA LTDA;POSTO IRMAOS CAMATTA LTDA;VIBRA;RODOVIA BR 101, KM 143, S/N - CANIVETE;29909-010;LINHARES;ES;SE;GASOLINA, GASOLINA ADITIVADA;6,59 / 6,59;"R$ / litro; R$ / litro";"Troca de oleo; Caixa eletronico";;;;ATUALIZAR!!
05/02/2026;2026-S06;CONCORRENTE; 05.892.261/0001-87;AUTO POSTO VALE ENCANTADO LTDA.;AUTO POSTO VALE ENCANTADO LTDA.;VIBRA;RUA SOBREIRO, 395 - RIO MARINHO;29112-112;VILA VELHA;ES;SE;DIESEL, DIESEL S10, GASOLINA, GASOLINA ADITIVADA;6,19 / 6,29 / 6,19 / 6,29;"R$/l; R$/l; R$/l; R$/l";Calibragem;;;;
05/02/2026;2026-S06;CONCORRENTE; 06.073.382/0001-60;AUTO POSTO SUCESSO LTDA;AUTO POSTO SUCESSO LTDA;BRANCA;AVENIDA JOAO FRANCISCO GONCALVES, 746 - COBILANDIA;29111-300;VILA VELHA;ES;SE;DIESEL S10, ETANOL, GASOLINA;5,89 / 4,59 / 6,06;"R$ / litro; R$ / litro; R$ / litro";Caixa eletronico / Calibragem / Lava-jato / Borracharia;;;;
05/02/2026;2026-S06;CONCORRENTE; 09.076.862/0001-72;VALOR POSTOS PRAIA DO MORRO LTDA;VALOR POSTOS PRAIA DO MORRO LTDA;VIBRA;RODOVIA RODOVIA DO SOL, S/ NR - KM    41 - AEROPORTO;29216-705;GUARAPARI;ES;SE;GASOLINA, GASOLINA ADITIVADA;6,59 / 7,09;"R$ / litro; R$ / litro";Caixa eletronico;;;;
05/02/2026;2026-S06;CONCORRENTE; 10.223.356/0001-48;POSTO TREVO DA PONTE LTDA;POSTO TREVO DA PONTE LTDA;IPIRANGA;AVENIDA GOVERNADOR JONES DOS SANTOS NEVES, 160 - AVISO;29900-384;LINHARES;ES;SE;DIESEL, GASOLINA, GASOLINA ADITIVADA;5,99 / 6,59 / 6,59;"R$ / litro; R$ / litro; R$ / litro";Borracharia;;;;
05/02/2026;2026-S06;CONCORRENTE; 10.813.831/0001-36;AUTO POSTO E SERVICOS ARACRUZ - COLINA DE BELA VISTA LTDA;AUTO POSTO E SERVICOS ARACRUZ - COLINA DE BELA VISTA LTDA;RAIZEN;AVENIDA CASTELO BRANCO, 14 - QUADRARC 06 -                   LOTEAMENTO COLINA - BELA VISTA;29192-066;ARACRUZ;ES;SE;DIESEL, DIESEL S10, GASOLINA, GASOLINA ADITIVADA;5,95 / 6,15 / 6,54 / 6,84;"R$ / litro; R$ / litro; R$ / litro; R$ / litro";Troca de oleo, Caixa eletronico, Borracharia, Lava-jato;;;;
05/02/2026;2026-S06;PROPRIO; 11.222.333/0001-81;REDE MARE COMBUSTIVEIS LTDA;REDE MARE;BRANCA;AVENIDA MARIO GURGEL, 1092 - ITAQUARI;29151-570;CARIACICA;ES;SE;DIESEL, DIESEL S10, ETANOL, GASOLINA, GASOLINA ADITIVADA;5,90 / 5,97 / 4,65 / 6,19 / 6,19;"R$ / litro; R$ / litro; R$ / litro; R$ / litro; R$ / litro";Conveniencia, Troca de oleo, Caixa eletronico, Borracharia;Carlos Menezes;(27) 99811-2041 / (27) 3334-1100;00.580.488/0001-73 / 13.814.642/0001-76 / 15.226.314/0001-84;
05/02/2026;2026-S06;PROPRIO;11222333000505;REDE MARE COMBUSTIVEIS LTDA;REDE MARE;BRANCA;AVENIDA MARIO GURGEL, 3127 - FUNDOSCOM A AV EXPEDITO GA - CAMPO GRANDE;29146-012;Cariacica;ES;SE;DIESEL S10, ETANOL, GASOLINA, GASOLINA ADITIVADA;5,99 / 4,79 / 6,09 / 6,09;"R$ / litro; R$ / litro; R$ / litro; R$ / litro";Conveniencia;Marcos Lyrio;(27) 99890-1276 / (27) 3345-0098;00.580.488/0001-73 / 13.814.642/0001-76 / 15.226.314/0001-84;
05/02/2026;2026-S06;CONCORRENTE; 13.814.642/0001-76;POSTO BR 31 AUTO SERVICOS LTDA;POSTO BR 31 AUTO SERVICOS LTDA;RAIZEN;AVENIDA MARIO GURGEL, 2844 - ALTO LAJE;29151-026;CARIACICA;ES;SE;DIESEL S10, ETANOL, GASOLINA, GASOLINA ADITIVADA;6,09 / 4,59 / 6,09 / 6,49;"R$ / litro; R$ / litro; R$ / litro; R$ / litro";Troca de oleo, Calibragem, Caixa eletronico, Conveniencia;;;;
05/02/2026;2026-S06;CONCORRENTE; 14.096.313/0001-08;AUTO POSTO GUARAPARI LTDA;AUTO POSTO GUARAPARI LTDA;RAIZEN;AVENIDA GOVERNADOR JONES DOS SANTOS NEVES, 15 - VARZEA NOVA;29211-630;GUARAPARI;ES;SE;DIESEL, DIESEL S10, ETANOL, GASOLINA, GASOLINA ADITIVADA;6,25 / 6,29 / 5,18 / 6,69 / 6,89;"R$ / litro; R$ / litro; R$ / litro; R$ / litro; R$ / litro";Conveniencia;;;;
05/02/2026;2026-S06;CONCORRENTE; 15.226.314/0001-84;MAIS COMERCIO DE COMBUSTIVEL CARIACICA LTDA;MAIS COMERCIO DE COMBUSTIVEL CARIACICA LTDA;BRANCA;AVENIDA MARIO GURGEL, 4935 - VILA PALESTINA;29145-711;CARIACICA;ES;SE;ETANOL, GASOLINA;4,69 / 6,19;"R$ / litro; R$ / litro";Borracharia,Lava-jato,Conveniencia,Calibragem;;;;
05/02/2026;2026-S06;CONCORRENTE; 18.366.697/0001-84;POSTO RIO MARINHO COMERCIO DE DERIVADOS DE PETROLEO EIRELI - EPP;POSTO RIO MARINHO COMERCIO DE DERIVADOS DE PETROLEO EIRELI - EPP;VIBRA;AVENIDA RIO MARINHO, S/N - RIO MARINHO;29112-690;VILA VELHA;ES;SE;DIESEL, DIESEL S10, ETANOL, GASOLINA, GASOLINA ADITIVADA;6,05 / 6,09 / 4,89 / 6,15 / 6,45;"R$ / litro; R$ / litro; R$ / litro; R$ / litro; R$ / litro";Conveniencia;;;;
05/02/2026;2026-S06;CONCORRENTE; 23.238.396/0001-05;CAPIXABA COMERCIO DE PRODUTOS AUTOMOTIVOS LTDA;CAPIXABA COMERCIO DE PRODUTOS AUTOMOTIVOS LTDA;ATLÂNTICA;RUA PROFESSOR MELCHIADES PEREIRA MARTINS, 15 - CENTRO;29200-480;GUARAPARI;ES;SE;DIESEL S10, ETANOL, GASOLINA, GASOLINA ADITIVADA;6,07 / 4,99 / 6,18 / 6,35;"R$ / litro; R$ / litro; R$ / litro; R$ / litro";Caixa eletronico;;;;
05/02/2026;2026-S06;CONCORRENTE; 24.145.665/0001-51;C.R.B. DEZAN E CIA LTDA;C.R.B. DEZAN E CIA LTDA;ATLÂNTICA;AVENIDA MARIO GURGEL, 5913 - AUTO POSTO - SAO FRANCISCO;29145-409;CARIACICA;ES;SE;DIESEL S10, ETANOL, GASOLINA;6,09 / 4,79 / 6,19;"R$ / litro; R$ / litro; R$ / litro";"Conveniencia; Caixa eletronico";;;;
05/02/2026;2026-S06;CONCORRENTE; 27.016.518/0001-70;AUTO POSTO CONTORNO LTDA;AUTO POSTO CONTORNO LTDA;ALE;RODOVIA GOVERNADOR MARIO COVAS, 11282 - SERRA DO ANIL;29147-030;CARIACICA;ES;SE;DIESEL, DIESEL S10, ETANOL, GASOLINA, GASOLINA ADITIVADA;5,89 / 5,99 / 4,79 / 6,19 / 6,39;"R$ / litro; R$ / litro; R$ / litro; R$ / litro; R$ / litro";Borracharia;;;;
05/02/2026;2026-S06;CONCORRENTE; 27.020.445/0001-90;GUARAVE GUARAPARI VEICULOS LTDA;GUARAVE GUARAPARI VEICULOS LTDA;VIBRA;AVENIDA EWERSON DE ABREU SODRE, 300 - MUQUICABA;29215-010;GUARAPARI;ES;SE;GASOLINA, GASOLINA ADITIVADA;6,59 / 6,99;"R$ / litro; R$ / litro";Calibragem, Conveniencia;;;;
05/02/2026;2026-S06;CONCORRENTE;27020445000513;GUARAVE GUARAPARI VEICULOS LTDA;GUARAVE GUARAPARI VEICULOS LTDA;VIBRA;RODOVIA DO SOL, S/N - MUQUICABA;29215-005;GUARAPARI;ES;SE;GASOLINA, GASOLINA ADITIVADA;6,59 / 6,89;"R$ / litro; R$ / litro";Caixa eletronico,Borracharia;;;;
05/02/2026;2026-S06;CONCORRENTE; 27.303.411/0001-02;AUTO POSTO DADINHO LTDA;AUTO POSTO DADINHO LTDA;IPIRANGA;RODOVIA BR 101, S/N - KM 140 - CANIVETE;29901-401;LINHARES;ES;SE;DIESEL, DIESEL S10, ETANOL, GASOLINA, GASOLINA ADITIVADA;5,99 / 6,09 / 4,99 / 6,59 / 6,69;"R$ / litro; R$ / litro; R$ / litro; R$ / litro; R$ / litro";Conveniencia;;;;
05/02/2026;2026-S06;CONCORRENTE; 27.303.411/0003-74;AUTO POSTO DADINHO LTDA;AUTO POSTO DADINHO LTDA;ALE;AVENIDA VEREADOR WILMO VITORIO GUIZANI, 12 - SAO JOSE;29905-080;LINHARES;ES;SE;DIESEL S10, GASOLINA, GASOLINA ADITIVADA;6,07 / 6,59 / 6,69;"R$ / litro; R$ / litro; R$ / litro";"Caixa eletronico; Lava-jato";;;;
05/02/2026;2026-S06;CONCORRENTE; 27.316.819/0001-19;BECAR PETROLEO LTDA;BECAR PETROLEO LTDA;RAIZEN;AVENIDA GOVERNADOR JONES DOS SANTOS NEVES, S/N - CONFLUENCIA COM RODOVIA DO SOL - MUQUICABA;29215-002;GUARAPARI;ES;SE;GASOLINA, GASOLINA ADITIVADA;6,59 / 6,79;"R$ / litro; R$ / litro";Lava-jato / Conveniencia;;;;
05/02/2026;2026-S06;CONCORRENTE; 27.394.378/0001-73;Posto De Produtos De Petroleo Oasis Ltda;POSTO DE PRODUTOS DE PETROLEO OASIS LTDA;IPIRANGA;AVENIDA MARIO GURGEL, 297 - JARDIM AMERICA;29140-261;CARIACICA;ES;SE;DIESEL S10, GASOLINA, GASOLINA ADITIVADA;6,09 / 5,88 / 6,39;"R$ / litro; R$ / litro; R$ / litro";Calibragem, Caixa eletronico;;;;
05/02/2026;2026-S06;CONCORRENTE; 27.396.415/0001-82;AUTO SERVICO SAO CRISTOVAO LTDA;AUTO SERVICO SAO CRISTOVAO LTDA;VIBRA;AVENIDA MARIO GURGEL, 4 - KM    4 5  BR 262 - DOM BOSCO;29147-345;CARIACICA;ES;SE;DIESEL, ETANOL, GASOLINA, GASOLINA ADITIVADA;6,03 / 4,68 / 6,24 / 6,35;"R$ / litro; R$ / litro; R$ / litro; R$ / litro";"Caixa eletronico; Borracharia; Conveniencia";;;;
05/02/2026;2026-S06;CONCORRENTE; 27.664.597/0007-10;AUTO POSTO SCHUENG LTDA;AUTO POSTO SCHUENG LTDA;IPIRANGA;AVENIDA DOUTOR RAIMUNDO GUILHERME SOBRINHO, 176 - BOA VISTA;29931-630;SAO MATEUS;ES;SE;ETANOL, GASOLINA, GASOLINA ADITIVADA;4,99 / 6,59 / 6,59;"R$ / litro; R$ / litro; R$ / litro";Conveniencia,Borracharia,Calibragem;;;;
05/02/2026;2026-S06;CONCORRENTE; 27.926.384/0001-24;PETROVERA - POSTO DE PRODUTOS DE PETROLEO E TRANSPORTES LTDA - ME;PETROVERA - POSTO DE PRODUTOS DE PETROLEO E TRANSPORTES LTDA - ME;IPIRANGA;RODOVIA GOVERNADOR JOSE HENRIQUE SETTE, 906 - PAVMTO01 - ALTO LAGE;29151-055;Cariacica;ES;SE;DIESEL, DIESEL S10, ETANOL, GASOLINA, GASOLINA ADITIVADA;5,89 / 5,99 / 4,69 / 6,15 / 6,15;"R$ / litro; R$ / litro; R$ / litro; R$ / litro; R$ / litro";Caixa eletronico,Conveniencia,Borracharia,Calibragem;;;;
05/02/2026;2026-S06;CONCORRENTE; 28.344.206/0001-58;POSTO DE COMBUSTIVEIS ITACIBA LTDA;POSTO DE COMBUSTIVEIS ITACIBA LTDA;BRANCA;RUA MANOEL JOAQUIM DOS SANTOS, 317 - ITACIBA;29150-270;CARIACICA;ES;SE;ETANOL, GASOLINA, GASOLINA ADITIVADA;4,65 / 6,15 / 6,15;"R$ / litro; R$ / litro; R$ / litro";"Troca de oleo; Conveniencia; Lava-jato; Borracharia";;;;conferir bandeira
05/02/2026;2026-S06;CONCORRENTE; 30.578.975/0001-62;CAMATTA & CIA LTDA;CAMATTA & CIA LTDA;IPIRANGA;AVENIDA WENCESLAU BRAZ, 133 - CENTRO;29901-260;LINHARES;ES;SE;DIESEL, GASOLINA, GASOLINA ADITIVADA;6,09 / 6,59 / 6,59;"R$ / litro; R$ / litro; R$ / litro";Calibragem;;;;
05/02/2026;2026-S06;CONCORRENTE; 30.869.047/0001-57;ABT COMERCIO DE COMBUSTIVEIS LTDA;ABT COMERCIO DE COMBUSTIVEIS LTDA;BRANCA;RODOVIA GOVERNADOR MARIO COVAS, 1874 - KM    65 - BOA VISTA;29931-200;SAO MATEUS;ES;SE;DIESEL, DIESEL S10, ETANOL, GASOLINA;5,99 / 6,09 / 4,99 / 6,59;"R$ / litro; R$ / litro; R$ / litro; R$ / litro";Lava-jato / Troca de oleo / Caixa eletronico;;;;
05/02/2026;2026-S06;CONCORRENTE; 32.248.017/0001-59;AUTO POSTO ALDEIA DA PRAIA LTDA;AUTO POSTO ALDEIA DA PRAIA LTDA;IPIRANGA;AVENIDA PARIS, S/N - PRAIA DO MORRO;29216-570;GUARAPARI;ES;SE;DIESEL S10, ETANOL, GASOLINA, GASOLINA ADITIVADA;6,09 / 5,18 / 6,59 / 6,89;"R$ / litro; R$ / litro; R$ / litro; R$ / litro";Caixa eletronico,Lava-jato;;;;conferir bandeira
05/02/2026;2026-S06;CONCORRENTE; 36.751.443/0001-61;BOA VISTA SERVICO AUTOMOTIVO LTDA;BOA VISTA SERVICO AUTOMOTIVO LTDA;ALE;AVENIDA JOAO XXIII, 1339 - BOA VISTA;29931-225;SAO MATEUS;ES;SE;DIESEL S10, GASOLINA, GASOLINA ADITIVADA;6,59 / 6,69 / 6,69;"R$ / litro; R$ / litro; R$ / litro";Calibragem, Borracharia, Caixa eletronico;;;;
05/02/2026;2026-S06;CONCORRENTE; 37.361.618/0001-97;AUTO POSTO MAX COMBUSTIVEIS E DERIVADOS;AUTO POSTO MAX COMBUSTIVEIS E DERIVADOS LTDA;BRANCA;AVENIDA CEREJEIRA, 694 - LOTE  01                  QUADRA12 - MOVELAR;29906-014;LINHARES;ES;SE;ETANOL, GASOLINA, GASOLINA ADITIVADA;4,79 / 6,59 / 6,59;"R$ / litro; R$ / litro; R$ / litro";"Caixa eletronico; Calibragem";;;;
09/02/2026;2026-S07;CONCORRENTE; 01.503.536/0001-92;POSTO MARCELA LTDA;POSTO MARCELA LTDA;VIBRA;RUA DO PESSEGUEIRO, S/N - DIVINO ESPÍRITO SANTO;29107-230;VILA VELHA;ES;SE;DIESEL S10, GASOLINA, GASOLINA ADITIVADA;5,99 / 6,19 / 6,39;"R$ / litro; R$ / litro; R$ / litro";"Caixa eletronico; Borracharia";;;;
09/02/2026;2026-S07;CONCORRENTE; 01.557.127/0001-79;AUTO POSTO ILHA DAS GARCAS LTDA;AUTO POSTO ILHA DAS GARCAS LTDA;VIBRA;RUA MARIA DE OLIVEIRA MARES GUIA, 40 - PRAIA DAS GAIVOTAS;29102-567;VILA VELHA;ES;SE;GASOLINA, GASOLINA ADITIVADA;6,29 / 6,59;"R$ / litro; R$ / litro";Borracharia,Caixa eletronico;;;;
09/02/2026;2026-S07;CONCORRENTE; 02.802.986/0001-49;A S SALES JUNIOR LTDA;A S SALES JUNIOR LTDA;ATLÂNTICA;RUA DAVINO MATOS, S/N - PARQUE AREIA PRETA;29200-615;GUARAPARI;ES;SE;DIESEL S10, ETANOL, GASOLINA, GASOLINA ADITIVADA;6,09 / 4,99 / 6,18 / 6,30;"R$ / litro; R$ / litro; R$ / litro; R$ / litro";Borracharia,Caixa eletronico,Lava-jato;;;;
09/02/2026;2026-S07;CONCORRENTE; 04.960.337/0001-00;RENOVA COMERCIO COMBUSTIVEL E SERVICOS LTDA;RENOVA COMERCIO COMBUSTIVEL E SERVICOS LTDA;BRANCA;AVENIDA LEITAO DA SILVA, 1150 - SANTA LUCIA;29056-184;VITORIA;ES;SE;ETANOL, GASOLINA, GASOLINA ADITIVADA;4,45 / 5,99 / 5,99;"R$ / litro; R$ / litro; R$ / litro";Borracharia / Calibragem;;;;
09/02/2026;2026-S07;CONCORRENTE;08022304000161;AUTO POSTO DE COMBUSTIVEL RTT LTDA;AUTO POSTO DE COMBUSTIVEL RTT LTDA;IPIRANGA;RUA MOEMA, 38 - DIVINO ESPIRITO SANTO;29107-250;VILA VELHA;ES;SE;DIESEL S10, ETANOL, GASOLINA, GASOLINA ADITIVADA;5,99 / 4,99 / 6,29 / 6,39;"R$ / litro; R$ / litro; R$ / litro; R$ / litro";Borracharia;;;;
09/02/2026;2026-S07;CONCORRENTE; 09.076.862/0001-72;VALOR POSTOS PRAIA DO MORRO LTDA;VALOR POSTOS PRAIA DO MORRO LTDA;VIBRA;RODOVIA RODOVIA DO SOL, S/ NR - KM    41 - AEROPORTO;29216-705;GUARAPARI;ES;SE;GASOLINA, GASOLINA ADITIVADA;6,59 / 7,09;"R$ / litro; R$ / litro";Caixa eletronico;;;;ATUALIZAR!!
09/02/2026;2026-S07;CONCORRENTE; 10.569.345/0001-14;POSTO CRISTOVAO COLOMBO;POSTO CRISTOVAO COLOMBO LTDA;VIBRA;RUA CRISTOVAO COLOMBO, 582 - CRISTOVAO COLOMBO;29106-595;VILA VELHA;ES;SE;GASOLINA, GASOLINA ADITIVADA;6,19 / 6,49;"R$/l; R$/l";Caixa eletronico,Troca de oleo,Lava-jato,Calibragem;;;;
09/02/2026;2026-S07;PROPRIO; 11.222.333/0002-62;REDE MARE COMBUSTIVEIS LTDA;REDE MARE;BRANCA;RODOVIA DARLY SANTOS, S/N - KM    2 5 - POSTO - POLO EMPRESARIAL NOVO MEXICO;29104-360;VILA VELHA;ES;SE;DIESEL, DIESEL S10, ETANOL, GASOLINA, GASOLINA ADITIVADA, GNV;5,89 / 5,99 / 4,69 / 6,09 / 6,29 / 3,99;"R$ / litro; R$ / litro; R$ / litro; R$ / litro; R$ / litro; R$ / m³";Conveniencia,Caixa eletronico,Troca de oleo;Juliana Rocha;(27) 99702-3355;15.010.530/0001-98 / 04.145.589/0011-49 / 10.569.345/0001-14;
09/02/2026;2026-S07;CONCORRENTE; 14.096.313/0001-08;AUTO POSTO GUARAPARI LTDA;AUTO POSTO GUARAPARI LTDA;RAIZEN;AVENIDA GOVERNADOR JONES DOS SANTOS NEVES, 15 - VARZEA NOVA;29211-630;GUARAPARI;ES;SE;DIESEL, DIESEL S10, ETANOL, GASOLINA, GASOLINA ADITIVADA;6,25 / 6,29 / 5,18 / 6,69 / 6,89;"R$ / litro; R$ / litro; R$ / litro; R$ / litro; R$ / litro";Conveniencia;;;;
09/02/2026;2026-S07;CONCORRENTE; 15.010.530/0001-98;AUTO POSTO R M LTDA.;AUTO POSTO R M LTDA;RAIZEN;"RODOVIA DO SOL, 3701 - LOTE: 11; QUADRA: 64; - PRAIA DE ITAPARICA";29102-023;VILA VELHA;ES;SE;DIESEL S10, ETANOL, GASOLINA, GASOLINA ADITIVADA;6,06 / 4,79 / 6,19 / 6,59;"R$/l; R$/l; R$/l; R$/l";Conveniencia;;;;
09/02/2026;2026-S07;CONCORRENTE; 17.753.176/0001-17;AUTO POSTO BOULEVARD LTDA;AUTO POSTO BOULEVARD LTDA;ALE;"RODOVIA DO SOL, S/N - LOTE: 08 E 09; QUADRA: 59; - PRAIA DE ITAPARICA";29102-020;VILA VELHA;ES;SE;DIESEL S10, ETANOL, GASOLINA, GASOLINA ADITIVADA;6,09 / 4,84 / 6,19 / 6,59;"R$ / litro; R$ / litro; R$ / litro; R$ / litro";Troca de oleo / Conveniencia / Calibragem / Lava-jato;;;;
09/02/2026;2026-S07;CONCORRENTE; 23.238.396/0001-05;CAPIXABA COMERCIO DE PRODUTOS AUTOMOTIVOS LTDA;CAPIXABA COMERCIO DE PRODUTOS AUTOMOTIVOS LTDA;ATLÂNTICA;RUA PROFESSOR MELCHIADES PEREIRA MARTINS, 15 - CENTRO;29200-480;GUARAPARI;ES;SE;DIESEL S10, ETANOL, GASOLINA, GASOLINA ADITIVADA;6,07 / 4,99 / 6,18 / 6,30;"R$ / litro; R$ / litro; R$ / litro; R$ / litro";Caixa eletronico;;;;
09/02/2026;2026-S07;CONCORRENTE; 27.020.445/0001-90;GUARAVE GUARAPARI VEICULOS LTDA;GUARAVE GUARAPARI VEICULOS LTDA;VIBRA;AVENIDA EWERSON DE ABREU SODRE, 300 - MUQUICABA;29215-010;GUARAPARI;ES;SE;GASOLINA, GASOLINA ADITIVADA;6,59 / 6,99;"R$ / litro; R$ / litro";Calibragem, Conveniencia;;;;
09/02/2026;2026-S07;CONCORRENTE; 27.020.445/0005-13;GUARAVE GUARAPARI VEICULOS LTDA;GUARAVE GUARAPARI VEICULOS LTDA;VIBRA;RODOVIA DO SOL, S/N - MUQUICABA;29215-005;GUARAPARI;ES;SE;GASOLINA, GASOLINA ADITIVADA;6,59 / 6,89;"R$/l; R$/l";Caixa eletronico, Borracharia;;;;
09/02/2026;2026-S07;CONCORRENTE; 27.316.819/0001-19;BECAR PETROLEO LTDA;BECAR PETROLEO LTDA;RAIZEN;AVENIDA GOVERNADOR JONES DOS SANTOS NEVES, S/N - CONFLUENCIA COM RODOVIA DO SOL - MUQUICABA;29215-002;GUARAPARI;ES;SE;GASOLINA, GASOLINA ADITIVADA;6,59 / 6,79;"R$ / litro; R$ / litro";Lava-jato, Conveniencia;;;;
09/02/2026;2026-S07;CONCORRENTE; 32.248.017/0001-59;AUTO POSTO ALDEIA DA PRAIA LTDA;AUTO POSTO ALDEIA DA PRAIA LTDA;IPIRANGA;AVENIDA PARIS, S/N - PRAIA DO MORRO;29216-570;GUARAPARI;ES;SE;DIESEL S10, ETANOL, GASOLINA, GASOLINA ADITIVADA;6,09 / 5,18 / 6,59 / 6,89;"R$ / litro; R$ / litro; R$ / litro; R$ / litro";"Caixa eletronico; Lava-jato";;;;
09/02/2026;2026-S07;CONCORRENTE; 36.336.386/0001-54;POSTO TRES COQUEIROS LTDA;POSTO TRES COQUEIROS LTDA;IPIRANGA;RODOVIA CARLOS LINDEMBERG, SN - ALVORADA;29123-600;VILA VELHA;ES;SE;DIESEL, DIESEL S10, ETANOL, GASOLINA, GASOLINA ADITIVADA;5,79 / 5,89 / 4,69 / 6,09 / 6,29;"R$ / litro; R$ / litro; R$ / litro; R$ / litro; R$ / litro";Caixa eletronico,Borracharia;;;;
09/02/2026;2026-S07;CONCORRENTE;39343553000182;FRED ROSALEM HELIODORO;FRED ROSALEM HELIODORO;ATLÂNTICA;RUA JOSE ROSALEM, 1 - SANTA INES;29105-645;VILA VELHA;ES;SE;DIESEL, DIESEL S10, ETANOL, GASOLINA, GASOLINA ADITIVADA;5,92 / 5,98 / 4,88 / 6,08 / 6,08;"R$/l; R$/l; R$/l; R$/l; R$/l";Calibragem / Caixa eletronico;;;;
09/02/2026;2026-S07;CONCORRENTE; 45.543.915/0046-83;CARREFOUR COMERCIO E INDUSTRIA LTDA;CARREFOUR COMERCIO E INDUSTRIA LTDA;BRANCA;AVENIDA DARLY SANTOS, 4393 - NOSSA SENHORA DA PENHA;29123-600;VILA VELHA;ES;SE;ETANOL, GASOLINA, GASOLINA ADITIVADA;4,59 / 6,09 / 6,19;"R$ / litro; R$ / litro; R$ / litro";"Conveniencia; Calibragem";;;;
10/02/2026;2026-S07;CONCORRENTE; 00.345.721/0001-33;RUBENS SCHUENG FILHO;RUBENS SCHUENG FILHO;IPIRANGA;RUA DOUTOR RAIMUNDO GUILHERME SOBRINHO, 605 - FRENTE - SERNAMBY;29930-480;SAO MATEUS;ES;SE;DIESEL S10, GASOLINA;6,19 / 6,59;"R$ / litro; R$ / litro";Conveniencia;;;;
10/02/2026;2026-S07;CONCORRENTE; 01.496.517/0001-86;POSTO PERIM LTDA;POSTO PERIM LTDA;VIBRA;RUA SANTA LEOPOLDINA, 1650 - ITAPARICA;29102-040;VILA VELHA;ES;SE;DIESEL S10, ETANOL, GASOLINA, GASOLINA ADITIVADA;6,19 / 4,89 / 6,19 / 6,39;"R$ / litro; R$ / litro; R$ / litro; R$ / litro";"Conveniencia; Borracharia; Caixa eletronico; Calibragem";;;;
10/02/2026;2026-S07;CONCORRENTE; 01.823.633/0001-62;POSTO METROPOLITANO LTDA;POSTO METROPOLITANO LTDA;IPIRANGA;VIA DOIS, 226 - ANEXO QUADRA 03 MODULO 03 - TIMS;29161-373;SERRA;ES;SE;DIESEL, DIESEL S10, ETANOL, GASOLINA, GASOLINA ADITIVADA;5,79 / 5,89 / 4,69 / 5,89 / 6,09;"R$ / litro; R$ / litro; R$ / litro; R$ / litro; R$ / litro";Borracharia,Calibragem;;;;
10/02/2026;2026-S07;CONCORRENTE; 02.567.214/0001-70;POSTO DE COMBUSTIVEL IDEAL LTDA;POSTO DE COMBUSTIVEL IDEAL LTDA;IPIRANGA;AVENIDA VITORIA, 3031 - GURIGICA;29027-080;VITORIA;ES;SE;ETANOL, GASOLINA, GASOLINA ADITIVADA;4,59 / 5,99 / 6,14;"R$ / litro; R$ / litro; R$ / litro";Conveniencia,Borracharia,Calibragem;;;;
10/02/2026;2026-S07;CONCORRENTE; 04.228.463/0001-66;AUTO POSTO MARLIN LTDA;AUTO POSTO MARLIN LTDA;ATLÂNTICA;RUA JUIZ ALEXANDRE MARTINS DE CASTRO FILHO, 285 - SANTA LUCIA;29056-295;VITORIA;ES;SE;DIESEL S10, ETANOL, GASOLINA, GASOLINA ADITIVADA;5,99 / 4,89 / 6,09 / 6,09;"R$ / litro; R$ / litro; R$ / litro; R$ / litro";"Caixa eletronico; Troca de oleo";;;;
10/02/2026;2026-S07;CONCORRENTE; 04.361.389/0001-51;AUTO POSTO WAVE LTDA;AUTO POSTO WAVE LTDA;ALE;AVENIDA TALMA RODRIGUES RIBEIRO, 5416 A - PORTAL DE JACARAIPE;29173-795;SERRA;ES;SE;DIESEL, DIESEL S10, ETANOL, GASOLINA;5,99 / 6,09 / 4,66 / 5,99;"R$ / litro; R$ / litro; R$ / litro; R$ / litro";"Calibragem; Borracharia";;;;
10/02/2026;2026-S07;CONCORRENTE; 05.349.237/0001-04;POSTO IRMAOS CAMATTA LTDA.;POSTO IRMAOS CAMATTA LTDA;VIBRA;RODOVIA BR 101, KM 143, S/N - CANIVETE;29909-010;LINHARES;ES;SE;DIESEL, GASOLINA, GASOLINA ADITIVADA;5,99 / 6,59 / 6,59;"R$/l; R$/l; R$/l";"Troca de oleo; Caixa eletronico";;;;
10/02/2026;2026-S07;CONCORRENTE;05738923000169;GEGEL AUTO POSTO LTDA;GEGEL AUTO POSTO LTDA;RAIZEN;AVENIDA CENTRAL B, S/N - QUADRAEC VII - CIVIT II;29168-071;SERRA;ES;SE;DIESEL, ETANOL, GASOLINA, GASOLINA ADITIVADA;5,99 / 4,79 / 6,09 / 6,59;"R$ / litro; R$ / litro; R$ / litro; R$ / litro";Conveniencia,Borracharia,Caixa eletronico,Calibragem;;;;
10/02/2026;2026-S07;CONCORRENTE; 08.788.618/0001-70;J. S. Petroleo E Comercio Ltda.;J. S. PETROLEO E COMERCIO LTDA.;RAIZEN;AVENIDA DANTE MICHELINI, 2461 - MATA DA PRAIA;29066-430;VITORIA;ES;SE;ETANOL, GASOLINA, GASOLINA ADITIVADA, GNV;4,79 / 5,99 / 6,39 / 4,09;"R$ / litro; R$ / litro; R$ / litro; R$ / m³";"Borracharia; Caixa eletronico; Troca de oleo";;;;
10/02/2026;2026-S07;CONCORRENTE; 09.167.931/0001-53;POSTO CHAMPAGNAT LTDA;POSTO CHAMPAGNAT LTDA;IPIRANGA;RUA HUGO MUSSO, 550 - PRAIA DA COSTA;29101-280;VILA VELHA;ES;SE;DIESEL S10, ETANOL, GASOLINA, GASOLINA ADITIVADA;6,29 / 4,79 / 6,29 / 6,69;"R$ / litro; R$ / litro; R$ / litro; R$ / litro";Calibragem / Conveniencia / Caixa eletronico;;;;
10/02/2026;2026-S07;PROPRIO; 11.222.333/0003-43;REDE MARE COMBUSTIVEIS LTDA;REDE MARE;BRANCA;AVENIDA VITORIA, 2667 - HORTO;29027-080;VITORIA;ES;SE;DIESEL S10, ETANOL, GASOLINA, GASOLINA ADITIVADA;5,89 / 4,49 / 5,99 / 5,99;"R$ / litro; R$ / litro; R$ / litro; R$ / litro";Conveniencia,Borracharia;Paulo Ferraz;(27) 99945-7810 / (27) 3226-4410;"02.567.214/0001-70; 14.806.977/0001-05; 26.980.450/0001-81";
10/02/2026;2026-S07;CONCORRENTE; 11.942.147/0001-17;POSTO PARADA VITORIA LTDA;POSTO PARADA VITORIA LTDA;ALE;AVENIDA MARECHALCAMPOS, 370 - CONSOLACAO;29045-460;VITORIA;ES;SE;DIESEL S10, ETANOL, GASOLINA, GASOLINA ADITIVADA;5,99 / 4,65 / 5,99 / 6,25;"R$ / litro; R$ / litro; R$ / litro; R$ / litro";Conveniencia / Caixa eletronico / Troca de oleo;;;;
10/02/2026;2026-S07;CONCORRENTE; 12.535.572/0001-54;AUTO POSTO MORADA LTDA;AUTO POSTO MORADA LTDA;IPIRANGA;AVENIDA PAULO PEREIRA GOMES, S/N - LOTE  03C                 QUADRAUE IV               SETOR II - MORADA DE LARANJEIRAS;29166-828;SERRA;ES;SE;DIESEL S10, ETANOL, GASOLINA, GASOLINA ADITIVADA;6,05 / 4,89 / 5,99 / 6,19;"R$ / litro; R$ / litro; R$ / litro; R$ / litro";Borracharia, Calibragem, Troca de oleo;;;;
10/02/2026;2026-S07;CONCORRENTE; 13.602.147/0001-01;AUTO POSTO LAGOA DO MEIO LTDA;AUTO POSTO LAGOA DO MEIO LTDA;IPIRANGA;RUA GUAICURUS, 18 - LAGOA DO MEIO;29904-010;LINHARES;ES;SE;DIESEL S10, GASOLINA;6,09 / 6,59;"R$ / litro; R$ / litro";Borracharia,Caixa eletronico;;;;
10/02/2026;2026-S07;CONCORRENTE; 14.509.900/0001-73;POSTO DE COMBUSTIVEIS LINHARES LTDA;POSTO DE COMBUSTIVEIS LINHARES LTDA;BRANCA;AVENIDA SAO MATEUS, S/N - SHELL;29901-630;LINHARES;ES;SE;ETANOL, GASOLINA;4,74 / 6,59;"R$ / litro; R$ / litro";"Lava-jato; Calibragem; Caixa eletronico; Troca de oleo";;;;
10/02/2026;2026-S07;CONCORRENTE;14806977000105;AUTO POSTO SILVARES LTDA;AUTO POSTO SILVARES LTDA;IPIRANGA;AVENIDA   NAIR AZEVEDO SILVA, 430 - ILHA DO PRINCIPE;29020-240;VITORIA;ES;SE;ETANOL, GASOLINA, GASOLINA ADITIVADA;4,89 / 6,29 / 6,49;"R$ / litro; R$ / litro; R$ / litro";Borracharia;;;;
10/02/2026;2026-S07;CONCORRENTE; 16.577.742/0001-14;AUTO POSTO ESCOLA COMERCIO DE COMBUSTIVEIS, LUBRIFICANTES E SERVICOS LTDA;AUTO POSTO ESCOLA COMERCIO DE COMBUSTIVEIS, LUBRIFICANTES E SERVICOS LTDA;VIBRA;"AVENIDA AMERICO BUAIZ, 1 - : POSTO; - ENSEADA DO SUA";29050-463;VITORIA;ES;SE;GASOLINA, GASOLINA ADITIVADA;5,99 / 6,19;"R$ / litro; R$ / litro";Troca de oleo,Caixa eletronico;;;;
10/02/2026;2026-S07;CONCORRENTE; 21.246.940/0001-35;AUTO POSTO GASCROMA COMERCIO DE COMBUSTIVEIS, LUBRIFICANTES E SERVICOS LTDA;AUTO POSTO GASCROMA COMERCIO DE COMBUSTIVEIS, LUBRIFICANTES E SERVICOS LTDA;VIBRA;AVENIDA JERONIMO MONTEIRO, 840 - JABURUNA;29100-600;VILA VELHA;ES;SE;DIESEL, GASOLINA, GASOLINA ADITIVADA;6,19 / 6,29 / 6,99;"R$ / litro; R$ / litro; R$ / litro";Calibragem,Conveniencia;;;;
10/02/2026;2026-S07;CONCORRENTE;22356015000120;CENTRAL COMERCIO DE COMBUSTIVEIS LTDA;CENTRAL COMERCIO DE COMBUSTIVEIS LTDA;IPIRANGA;"AVENIDA ELDES SCHERRER SOUZA, 2100 - : POSTO; - CIVIT II";29168-060;SERRA;ES;SE;DIESEL, DIESEL S10, ETANOL, GASOLINA, GASOLINA ADITIVADA, GNV;5,89 / 5,99 / 4,69 / 6,09 / 6,29 / 3,99;"R$ / litro; R$ / litro; R$ / litro; R$ / litro; R$ / litro; R$ / m³";Troca de oleo, Borracharia, Lava-jato, Conveniencia;;;;
10/02/2026;2026-S07;CONCORRENTE; 27.066.273/0002-76;Posto Arvoredo Ltda;POSTO ARVOREDO LTDA;BRANCA;AVENIDA VITORIA, 1600 - POSTO - ILHA DE SANTA MARIA;29051-040;VITORIA;ES;SE;ETANOL, GASOLINA, GASOLINA ADITIVADA;4,49 / 5,99 / 5,99;"R$ / litro; R$ / litro; R$ / litro";Lava-jato, Troca de oleo, Borracharia;;;;
10/02/2026;2026-S07;CONCORRENTE; 27.303.411/0001-02;AUTO POSTO DADINHO LTDA;AUTO POSTO DADINHO LTDA;IPIRANGA;RODOVIA BR 101, S/N - KM 140 - CANIVETE;29901-401;LINHARES;ES;SE;DIESEL, DIESEL S10, ETANOL, GASOLINA, GASOLINA ADITIVADA;5,99 / 6,09 / 4,99 / 6,59 / 6,69;"R$ / litro; R$ / litro; R$ / litro; R$ / litro; R$ / litro";Conveniencia;;;;
10/02/2026;2026-S07;CONCORRENTE; 28.059.632/0001-40;A.B.C. AUTO SERVICOS LTDA;A.B.C. AUTO SERVICOS LTDA;RAIZEN;AVENIDA ROBERT KENNEDY, 21 - A - SAO TORQUATO;29114-000;VILA VELHA;ES;SE;DIESEL, DIESEL S10, GASOLINA, GASOLINA ADITIVADA;6,09 / 6,09 / 5,89 / 6,29;"R$ / litro; R$ / litro; R$ / litro; R$ / litro";Caixa eletronico,Borracharia,Troca de oleo;;;;
10/02/2026;2026-S07;CONCORRENTE; 28.413.219/0001-31;COMERCIAL NORTE SUL LTDA;COMERCIAL NORTE SUL LTDA;VIBRA;AVENIDA MARUIPE, 2757 - SANTA LUIZA;29045-230;VITORIA;ES;SE;GASOLINA, GASOLINA ADITIVADA;6,09 / 6,39;"R$ / litro; R$ / litro";Lava-jato;;;;
10/02/2026;2026-S07;CONCORRENTE; 32.467.417/0001-55;J C RODRIGUES NETO E FILHOS LTDA;J C RODRIGUES NETO E FILHOS LTDA;VIBRA;RUA CEARA, S/N - LOTES 01/04  Q.01 - PRAIA DA COSTA;29101-290;VILA VELHA;ES;SE;ETANOL, GASOLINA;4,59 / 6,18;"R$ / litro; R$ / litro";Lava-jato / Borracharia / Calibragem / Caixa eletronico;;;;
10/02/2026;2026-S07;CONCORRENTE; 39.383.377/0001-02;AUTO POSTO VILA VELHA LTDA;AUTO POSTO VILA VELHA LTDA;BRANCA;RODOVIA CARLOS LINDEMBERG, 101 - CENTRO;29123-600;VILA VELHA;ES;SE;DIESEL S10, ETANOL, GASOLINA, GASOLINA ADITIVADA;6,09 / 4,89 / 6,08 / 6,28;"R$ / litro; R$ / litro; R$ / litro; R$ / litro";Calibragem;;;;
11/02/2026;2026-S07;CONCORRENTE; 04.361.389/0002-32;AUTO POSTO WAVE LTDA;AUTO POSTO WAVE LTDA;ALE;AVENIDA MARTIN PESCADOR, 12 - PORTO CANOA;29168-460;SERRA;ES;SE;DIESEL S10, ETANOL, GASOLINA, GASOLINA ADITIVADA;5,99 / 4,89 / 6,19 / 6,39;"R$ / litro; R$ / litro; R$ / litro; R$ / litro";Borracharia / Caixa eletronico / Troca de oleo;;;;
11/02/2026;2026-S07;CONCORRENTE; 04.994.796/0001-04;POSTO SB LTDA;POSTO SB LTDA;VIBRA;AVENIDA BRASILIA, 1360 - PLANICIE DA SERRA;29168-710;SERRA;ES;SE;GASOLINA, GASOLINA ADITIVADA;6,19 / 6,36;"R$ / litro; R$ / litro";Borracharia, Calibragem, Troca de oleo, Caixa eletronico;;;;
11/02/2026;2026-S07;CONCORRENTE; 05.393.247/0001-39;POSTO CANOA DERIVADOS DE PETROLEO LTDA;POSTO CANOA DERIVADOS DE PETROLEO LTDA;ALE;AVENIDA BRASILIA, 575 - PORTO CANOA;29168-600;SERRA;ES;SE;DIESEL S10, ETANOL, GASOLINA, GASOLINA ADITIVADA;5,99 / 4,89 / 6,19 / 6,39;"R$/l; R$/l; R$/l; R$/l";"Borracharia; Caixa eletronico; Calibragem";;;;
2026-02-11;2026-S07;CONCORRENTE; 07.470.392/0001-00;POSTO DE COMBUSTIVEIS OTAVIO EIRELI;POSTO DE COMBUSTIVEIS OTAVIO EIRELI;RAIZEN;AVENIDA ABDO SAAD, 833 - JACARAIPE;29173-510;SERRA;ES;SE;DIESEL, ETANOL, GASOLINA, GASOLINA ADITIVADA;5,99 / 4,79 / 6,09 / 6,39;"R$ / litro; R$ / litro; R$ / litro; R$ / litro";Borracharia;;;;
11/02/2026;2026-S07;CONCORRENTE; 07.571.908/0001-02;AUTO POSTO CORAL LTDA;AUTO POSTO CORAL LTDA;VIBRA;AVENIDA NORTE SUL, 259 - N.S.DO ROSARIO DE FATIMA;29176-798;SERRA;ES;SE;GASOLINA, GASOLINA ADITIVADA;5,99 / 6,29;"R$ / litro; R$ / litro";Borracharia, Lava-jato, Conveniencia;;;;
11/02/2026;2026-S07;CONCORRENTE; 07.830.414/0001-97;REVENDA DE COMBUSTIVEIS BKR LTDA;REVENDA DE COMBUSTIVEIS BKR LTDA;RAIZEN;RODOVIA GOVERNADOR MARIO COVAS, 122 - BARCELONA;29166-095;SERRA;ES;SE;DIESEL, ETANOL, GASOLINA, GASOLINA ADITIVADA;5,95 / 4,89 / 6,09 / 6,44;"R$ / litro; R$ / litro; R$ / litro; R$ / litro";Calibragem, Troca de oleo, Borracharia;;;;
11/02/2026;2026-S07;CONCORRENTE; 10.197.775/0001-52;REDE DE POSTOS SAGUI LTDA;REDE DE POSTOS SAGUI LTDA;ATLÂNTICA;RUA EUCLIDES DA CUNHA, 421 - SAO DIOGO I;29163-265;SERRA;ES;SE;DIESEL S10, ETANOL, GASOLINA, GASOLINA ADITIVADA;6,09 / 4,69 / 5,99 / 5,99;"R$ / litro; R$ / litro; R$ / litro; R$ / litro";Caixa eletronico / Conveniencia;;;;
11/02/2026;2026-S07;CONCORRENTE; 10.813.831/0001-36;AUTO POSTO E SERVICOS ARACRUZ - COLINA DE BELA VISTA LTDA;AUTO POSTO E SERVICOS ARACRUZ - COLINA DE BELA VISTA LTDA;RAIZEN;AVENIDA CASTELO BRANCO, 14 - QUADRARC 06 -                   LOTEAMENTO COLINA - BELA VISTA;29192-066;ARACRUZ;ES;SE;DIESEL, DIESEL S10, GASOLINA, GASOLINA ADITIVADA;5,95 / 6,15 / 6,54 / 6,84;"R$ / litro; R$ / litro; R$ / litro; R$ / litro";"Troca de oleo; Caixa eletronico; Borracharia; Lava-jato";;;;
11/02/2026;2026-S07;PROPRIO; 11.222.333/0004-24;REDE MARE COMBUSTIVEIS LTDA;REDE MARE;BRANCA;RODOVIA GOVERNADOR MARIO COVAS, 4324 - KM    265   POSTO - PLANALTO DE CARAPINA;29162-702;SERRA;ES;SE;DIESEL S10, ETANOL, GASOLINA, GASOLINA ADITIVADA;5,99 / 4,79 / 5,99 / 6,19;"R$ / litro; R$ / litro; R$ / litro; R$ / litro";Troca de oleo;Renata Alves;(27) 99633-9021;"01.823.633/0001-62; 04.361.389/0002-32; 05.393.247/0001-39";
11/02/2026;2026-S07;CONCORRENTE; 17.375.525/0001-04;AUTO POSTO LUCAS - EPP.;AUTO POSTO LUCAS - EPP.;ALE;AVENIDA ROMULO CASTELLO, 791 - LOTES 20 A 23 - CASTELANDIA;29172-620;SERRA;ES;SE;DIESEL S10, ETANOL, GASOLINA, GASOLINA ADITIVADA;5,95 / 4,66 / 5,87 / 6,07;"R$ / litro; R$ / litro; R$ / litro; R$ / litro";Troca de oleo, Calibragem, Borracharia, Caixa eletronico;;;;
11/02/2026;2026-S07;CONCORRENTE; 26.980.450/0001-81;AUTO POSTO VITORIA COMERCIO DE COMBUSTIVEIS LTDA;AUTO POSTO VITORIA COMERCIO DE COMBUSTIVEIS LTDA;VIBRA;RUA OLYMPIO RODRIGUES PASSOS, 14 - LOJA  01 - JABOUR;29072-290;VITORIA;ES;SE;ETANOL, GASOLINA, GASOLINA ADITIVADA;4,79 / 6,09 / 6,39;"R$ / litro; R$ / litro; R$ / litro";Caixa eletronico;;;;
11/02/2026;2026-S07;CONCORRENTE; 27.734.094/0001-89;POSTO ATLANTICO LTDA;POSTO ATLANTICO LTDA;RAIZEN;AVENIDA DANTE MICHELINI, 4655 - POSTO - JARDIM CAMBURI;29090-070;Vitoria;ES;SE;DIESEL S10, ETANOL, GASOLINA, GASOLINA ADITIVADA;6,39 / 4,99 / 6,09 / 6,44;"R$ / litro; R$ / litro; R$ / litro; R$ / litro";Borracharia / Calibragem;;;;
12/02/2026;2026-S07;CONCORRENTE;00580488000173;POSTO DE GASOLINA MARACANA LTDA;POSTO DE GASOLINA MARACANA LTDA;IPIRANGA;AVENIDA ALICE COUTINHO SANTOS, 2101 - POSTO DE GASOLINA - MARACANA;29142-887;CARIACICA;ES;SE;DIESEL, DIESEL S10, ETANOL, GASOLINA, GASOLINA ADITIVADA;5,99 / 6,09 / 4,79 / 6,09 / 6,09;"R$ / litro; R$ / litro; R$ / litro; R$ / litro; R$ / litro";"Troca de oleo; Borracharia; Caixa eletronico";;;;
12/02/2026;2026-S07;CONCORRENTE; 02.582.857/0001-92;POSTO CAMPO GRANDE LTDA;POSTO CAMPO GRANDE LTDA;ATLÂNTICA;AVENIDA EXPEDITO GARCIA, 222 - CAMPO GRANDE;29157-405;CARIACICA;ES;SE;ETANOL, GASOLINA, GASOLINA ADITIVADA;4,69 / 6,05 / 6,05;"R$ / litro; R$ / litro; R$ / litro";Lava-jato;;;;
12/02/2026;2026-S07;CONCORRENTE; 02.583.872/0001-55;SANTA CLARA COMERCIO DE COMBUSTIVEIS LTDA;SANTA CLARA COMERCIO DE COMBUSTIVEIS LTDA;VIBRA;"RODOVIA ENGENHEIRO FABIANO VIVACQUA, 1414 - : A 1452; - MORRO GRANDE";29318-400;CACHOEIRO DE ITAPEMIRIM;ES;SE;DIESEL, DIESEL S10, ETANOL, GASOLINA, GASOLINA ADITIVADA;5,89 / 5,99 / 5,19 / 7,09 / 7,29;"R$ / litro; R$ / litro; R$ / litro; R$ / litro; R$ / litro";Caixa eletronico / Lava-jato / Conveniencia;;;;
12/02/2026;2026-S07;CONCORRENTE; 04.411.606/0001-70;AUTO POSTO VALAO LTDA;AUTO POSTO VALAO LTDA;BRANCA;RUA JOSE AMARAL, 232 - ELPIDIO VOLPINI;29309-760;CACHOEIRO DE ITAPEMIRIM;ES;SE;DIESEL S10, ETANOL, GASOLINA;5,94 / 4,99 / 6,86;"R$ / litro; R$ / litro; R$ / litro";Conveniencia,Troca de oleo,Borracharia;;;;
12/02/2026;2026-S07;CONCORRENTE; 05.791.319/0001-04;MOTOCAP COMBUSTIVEIS LTDA;MOTOCAP COMBUSTIVEIS LTDA;VIBRA;RODOVIA GETHER LOPES DE FARIAS, 2600 - CARLOS GERMANO NAUMANN;29705-390;COLATINA;ES;SE;DIESEL, DIESEL S10, GASOLINA, GASOLINA ADITIVADA, GNV;5,99 / 6,09 / 6,53 / 6,63 / 4,49;"R$ / litro; R$ / litro; R$ / litro; R$ / litro; R$ / m³";Borracharia / Calibragem;;;;
12/02/2026;2026-S07;CONCORRENTE; 08.519.545/0001-10;Sao Francisco De Assis Comercio De Combustiveis Ltda;SAO FRANCISCO DE ASSIS COMERCIO DE COMBUSTIVEIS LTDA;VIBRA;PRACA FIDELIS FERRARI, 35 - LACE;29703-030;COLATINA;ES;SE;GASOLINA, GASOLINA ADITIVADA;6,79 / 6,89;"R$ / litro; R$ / litro";Caixa eletronico, Troca de oleo, Conveniencia;;;;
12/02/2026;2026-S07;CONCORRENTE; 08.971.375/0001-00;BRAX COMBUSTIVEIS LTDA;BRAX COMBUSTIVEIS LTDA;IPIRANGA;RODOVIA CONEGO JOAO GUILHERME, 1516 - MARIO GIURIZATTO;29706-557;COLATINA;ES;SE;DIESEL, DIESEL S10, ETANOL, GASOLINA, GASOLINA ADITIVADA;6,08 / 6,18 / 4,87 / 6,39 / 6,50;"R$ / litro; R$ / litro; R$ / litro; R$ / litro; R$ / litro";Lava-jato,Troca de oleo;;;;
12/02/2026;2026-S07;PROPRIO; 11.222.333/0001-81;REDE MARE COMBUSTIVEIS LTDA;REDE MARE;BRANCA;AVENIDA MARIO GURGEL, 1092 - ITAQUARI;29151-570;CARIACICA;ES;SE;DIESEL, DIESEL S10, ETANOL, GASOLINA, GASOLINA ADITIVADA, GNV;5,90 / 5,97 / 4,65 / 6,19 / 6,19 / 4,09;"R$ / litro; R$ / litro; R$ / litro; R$ / litro; R$ / litro; R$ / m³";Conveniencia / Troca de oleo / Caixa eletronico / Borracharia;Carlos Menezes;(27) 99811-2041 / (27) 3334-1100;"00.580.488/0001-73; 13.814.642/0001-76; 15.226.314/0001-84";
12/02/2026;2026-S07;PROPRIO; 11.222.333/0005-05;REDE MARE COMBUSTIVEIS LTDA;REDE MARE;BRANCA;AVENIDA MARIO GURGEL, 3127 - FUNDOSCOM A AV EXPEDITO GA - CAMPO GRANDE;29146-012;CARIACICA;ES;SE;DIESEL S10, ETANOL, GASOLINA, GASOLINA ADITIVADA, GNV;5,99 / 4,79 / 6,09 / 6,09 / 3,99;"R$ / litro; R$ / litro; R$ / litro; R$ / litro; R$ / m³";Conveniencia;Marcos Lyrio;(27) 99890-1276 / (27) 3345-0098;00.580.488/0001-73 / 13.814.642/0001-76 / 15.226.314/0001-84;
12/02/2026;2026-S07;CONCORRENTE; 13.814.642/0001-76;POSTO BR 31 AUTO SERVICOS LTDA;POSTO BR 31 AUTO SERVICOS LTDA;RAIZEN;AVENIDA MARIO GURGEL, 2844 - ALTO LAJE;29151-026;CARIACICA;ES;SE;DIESEL S10, ETANOL, GASOLINA, GASOLINA ADITIVADA;5,99 / 4,59 / 6,09 / 6,49;"R$ / litro; R$ / litro; R$ / litro; R$ / litro";Troca de oleo / Calibragem / Caixa eletronico / Conveniencia;;;;
12/02/2026;2026-S07;CONCORRENTE; 15.226.314/0001-84;MAIS COMERCIO DE COMBUSTIVEL CARIACICA LTDA;MAIS COMERCIO DE COMBUSTIVEL CARIACICA LTDA;BRANCA;AVENIDA MARIO GURGEL, 4935 - VILA PALESTINA;29145-711;CARIACICA;ES;SE;ETANOL, GASOLINA;4,69 / 6,09;"R$ / litro; R$ / litro";Borracharia / Lava-jato / Conveniencia / Calibragem;;;;
12/02/2026;2026-S07;CONCORRENTE; 20.246.670/0001-08;POSTO DE COMBUSTIVEIS COLATINA LTDA;POSTO DE COMBUSTIVEIS COLATINA LTDA;BRANCA;RODOVIA DO CAFE, 606 - CARLOS GERMANO NAUMANN;29705-200;COLATINA;ES;SE;DIESEL, DIESEL S10, ETANOL, GASOLINA;5,89 / 5,99 / 4,75 / 6,49;"R$ / litro; R$ / litro; R$ / litro; R$ / litro";Troca de oleo,Calibragem;;;;
12/02/2026;2026-S07;CONCORRENTE; 21.931.941/0001-19;AUTO POSTO INDEPENDENCIA LTDA;AUTO POSTO INDEPENDENCIA LTDA;IPIRANGA;"AVENIDA MAURO MIRANDA MADUREIRA, 1662 - : 1662 A 1720; - CENTRAL PARQUE";29313-162;CACHOEIRO DE ITAPEMIRIM;ES;SE;DIESEL, DIESEL S10, ETANOL, GASOLINA, GASOLINA ADITIVADA;5,89 / 5,99 / 5,19 / 7,09 / 7,39;"R$ / litro; R$ / litro; R$ / litro; R$ / litro; R$ / litro";"Lava-jato; Calibragem; Borracharia; Troca de oleo";;;;
12/02/2026;2026-S07;CONCORRENTE; 27.085.240/0001-92;POSTO DE GASOLINA SANTO ANTONIO LTDA;POSTO DE GASOLINA SANTO ANTONIO LTDA;ALE;AVENIDA SILVIO AVIDOS, 3251 - SANTO ANTONIO;29704-053;COLATINA;ES;SE;DIESEL, DIESEL S10, GASOLINA, GASOLINA ADITIVADA;6,09 / 6,19 / 6,49 / 6,62;"R$ / litro; R$ / litro; R$ / litro; R$ / litro";Lava-jato / Calibragem;;;;
12/02/2026;2026-S07;CONCORRENTE; 27.124.023/0001-64;POSTO NOGUEIRA LTDA;POSTO NOGUEIRA LTDA;BRANCA;RUA CORONEL FRANCISCO BRAGA, 2 - 02 A 08 - CENTRO;29300-220;CACHOEIRO DE ITAPEMIRIM;ES;SE;DIESEL, DIESEL S10, GASOLINA, GASOLINA ADITIVADA;6,69 / 6,79 / 7,29 / 7,39;"R$ / litro; R$ / litro; R$ / litro; R$ / litro";Borracharia, Lava-jato;;;;conferir bandeira
12/02/2026;2026-S07;CONCORRENTE; 27.352.004/0001-95;POSTO DE COMBUSTIVEIS GIRASSOL LTDA;POSTO DE COMBUSTIVEIS GIRASSOL LTDA;VIBRA;AVENIDA DAS NACOES, 852 - COLATINA VELHA;29700-543;COLATINA;ES;SE;DIESEL, ETANOL, GASOLINA, GASOLINA ADITIVADA;6,19 / 4,99 / 6,49 / 6,59;"R$ / litro; R$ / litro; R$ / litro; R$ / litro";Lava-jato, Borracharia;;;;
12/02/2026;2026-S07;CONCORRENTE; 27.926.384/0001-24;PETROVERA - POSTO DE PRODUTOS DE PETROLEO E TRANSPORTES LTDA - ME;PETROVERA - POSTO DE PRODUTOS DE PETROLEO E TRANSPORTES LTDA - ME;IPIRANGA;RODOVIA GOVERNADOR JOSE HENRIQUE SETTE, 906 - PAVMTO01 - ALTO LAGE;29151-055;CARIACICA;ES;SE;DIESEL, DIESEL S10, ETANOL, GASOLINA, GASOLINA ADITIVADA;5,89 / 5,99 / 4,69 / 6,15 / 6,15;"R$ / litro; R$ / litro; R$ / litro; R$ / litro; R$ / litro";Caixa eletronico / Conveniencia / Borracharia / Calibragem;;;;
12/02/2026;2026-S07;CONCORRENTE; 29.986.296/0001-43;EDEPEL EQUIPAMENTOS E DERIVADOS DE PETROLEO LTDA;EDEPEL EQUIPAMENTOS E DERIVADOS DE PETROLEO LTDA;RAIZEN;AVENIDA MARIO GURGEL, 4338 - LOJA  POSTO - VILA CAPIXABA;29148-022;CARIACICA;ES;SE;GASOLINA;6,19;R$ / litro;Borracharia, Lava-jato;;;;
12/02/2026;2026-S07;CONCORRENTE;31815194000107;POSTO MINEIRO LTDA;POSTO MINEIRO LTDA;BRANCA;RODOVIA GOVERNADOR JOSE HENRIQUE SETTE, 6174 - SANTANA;29154-200;CARIACICA;ES;SE;DIESEL S10, ETANOL, GASOLINA, GASOLINA ADITIVADA;5,97 / 4,65 / 6,15 / 6,19;"R$ / litro; R$ / litro; R$ / litro; R$ / litro";Lava-jato;;;;
12/02/2026;2026-S07;CONCORRENTE; 38.023.401/0001-30;COMERCIO VAREJISTA DE COMBUSTIVEIS PETROL'S LTDA;COMERCIO VAREJISTA DE COMBUSTIVEIS PETROL'S LTDA;ALE;RODOVIA LESTE-OESTE, 2668 - CAMPO BELO;29143-054;CARIACICA;ES;SE;DIESEL S10, ETANOL, GASOLINA;5,99 / 4,80 / 6,09;"R$ / litro; R$ / litro; R$ / litro";Borracharia, Conveniencia;;;;
12/02/2026;2026-S07;CONCORRENTE; 39.275.615/0001-66;CASSIO ADRIANO DEZAN;CASSIO ADRIANO DEZAN;BRANCA;RODOVIA GOVERNADOR MARIO COVAS, 13831 - VILA CAPIXABA;29148-015;CARIACICA;ES;SE;DIESEL S10, ETANOL, GASOLINA, GASOLINA ADITIVADA, GNV;6,09 / 4,79 / 6,29 / 6,39 / 3,98;"R$ / litro; R$ / litro; R$ / litro; R$ / litro; R$ / m³";Troca de oleo;;;;
12/02/2026;2026-S07;CONCORRENTE;39277771000166;POSTO PAI E FILHA LTDA;POSTO PAI E FILHA LTDA;RAIZEN;RODOVIA GOVERNADOR MARIO COVAS, 13271 - VILA CAPIXABA;29148-015;CARIACICA;ES;SE;DIESEL, GASOLINA, GASOLINA ADITIVADA;5,99 / 6,19 / 6,39;"R$ / litro; R$ / litro; R$ / litro";Troca de oleo,Borracharia,Caixa eletronico;;;;
13/02/2026;2026-S07;CONCORRENTE; 02.806.627/0001-60;POSTO BARBADOS LTDA;POSTO BARBADOS LTDA;RAIZEN; BR 259 KM 46, S/N - TREVO DE BARBADOS - BARBADOS;29700-778;COLATINA;ES;SE;DIESEL, GASOLINA, GASOLINA ADITIVADA;6,19 / 6,45 / 6,65;"R$ / litro; R$ / litro; R$ / litro";Borracharia / Conveniencia;;;;
13/02/2026;2026-S07;CONCORRENTE; 05.609.081/0001-45;AUTO SERVICO FLORESTA LTDA;AUTO SERVICO FLORESTA LTDA;VIBRA;AVENIDA PREFEITO SAMUEL BATISTA CRUZ, 1276 - ARACA;29900-100;LINHARES;ES;SE;DIESEL, GASOLINA;5,99 / 6,59;"R$ / litro; R$ / litro";Lava-jato, Troca de oleo, Caixa eletronico, Borracharia;;;;
13/02/2026;2026-S07;CONCORRENTE; 10.223.356/0001-48;POSTO TREVO DA PONTE LTDA;POSTO TREVO DA PONTE LTDA;IPIRANGA;AVENIDA GOVERNADOR JONES DOS SANTOS NEVES, 160 - AVISO;29900-384;LINHARES;ES;SE;DIESEL, GASOLINA, GASOLINA ADITIVADA;5,99 / 6,39 / 6,49;"R$ / litro; R$ / litro; R$ / litro";Borracharia;;;;
13/02/2026;2026-S07;CONCORRENTE; 10.331.576/0001-95;AUTO POSTO LINHARES LTDA;AUTO POSTO LINHARES LTDA;IPIRANGA;AVENIDA JOSE TESCH, 657 - SHELL;29901-500;LINHARES;ES;SE;DIESEL, GASOLINA, GASOLINA ADITIVADA;5,99 / 6,39 / 6,49;"R$ / litro; R$ / litro; R$ / litro";Conveniencia / Caixa eletronico / Troca de oleo / Borracharia;;;;
13/02/2026;2026-S07;CONCORRENTE; 18.526.631/0001-04;POSTO BAUNILHA LTDA;POSTO BAUNILHA LTDA;RAIZEN;"RODOVIA BR-259, SN - KM: 36 E MEIO; - BAUNILHA";29712-020;COLATINA;ES;SE;DIESEL, GASOLINA;5,89 / 6,29;"R$ / litro; R$ / litro";Conveniencia;;;;
16/02/2026;2026-S08;CONCORRENTE; 00.345.721/0001-33;RUBENS SCHUENG FILHO;RUBENS SCHUENG FILHO;IPIRANGA;RUA DOUTOR RAIMUNDO GUILHERME SOBRINHO, 605 - FRENTE - SERNAMBY;29930-480;SAO MATEUS;ES;SE;DIESEL S10, GASOLINA;6,19 / 6,59;"R$ / litro; R$ / litro";Conveniencia;;;;
16/02/2026;2026-S08;CONCORRENTE; 01.557.127/0001-79;AUTO POSTO ILHA DAS GARCAS LTDA;AUTO POSTO ILHA DAS GARCAS LTDA;VIBRA;RUA MARIA DE OLIVEIRA MARES GUIA, 40 - PRAIA DAS GAIVOTAS;29102-567;Vila Velha;ES;SE;GASOLINA, GASOLINA ADITIVADA;6,29 / 6,59;"R$ / litro; R$ / litro";Borracharia / Caixa eletronico;;;;
16/02/2026;2026-S08;CONCORRENTE; 01.823.633/0001-62;POSTO METROPOLITANO LTDA;POSTO METROPOLITANO LTDA;IPIRANGA;VIA DOIS, 226 - ANEXO QUADRA 03 MODULO 03 - TIMS;29161-373;SERRA;ES;SE;DIESEL, DIESEL S10, ETANOL, GASOLINA, GASOLINA ADITIVADA;5,79 / 5,89 / 4,69 / 5,89 / 6,09;"R$ / litro; R$ / litro; R$ / litro; R$ / litro; R$ / litro";Borracharia / Calibragem;;;;
16/02/2026;2026-S08;CONCORRENTE; 03.348.196/0001-06;POSTO DAMIANI LTDA.;POSTO DAMIANI LTDA.;VIBRA;AVENIDA CENTRAL, 567 - CARAPINA;29933-210;SAO MATEUS;ES;SE;DIESEL, DIESEL S10, ETANOL, GASOLINA, GASOLINA ADITIVADA;6,39 / 6,49 / 5,49 / 6,39 / 6,49;"R$ / litro; R$ / litro; R$ / litro; R$ / litro; R$ / litro";Lava-jato / Conveniencia;;;;
16/02/2026;2026-S08;CONCORRENTE; 04.361.389/0001-51;AUTO POSTO WAVE LTDA;AUTO POSTO WAVE LTDA;ALE;AVENIDA TALMA RODRIGUES RIBEIRO, 5416 A - PORTAL DE JACARAIPE;29173-795;Serra ;ES;SE;DIESEL, DIESEL S10, ETANOL, GASOLINA;5,99 / 6,09 / 4,66 / 5,99;"R$ / litro; R$ / litro; R$ / litro; R$ / litro";Calibragem,Borracharia;;;;
16/02/2026;2026-S08;CONCORRENTE; 05.738.923/0001-69;GEGEL AUTO POSTO;GEGEL AUTO POSTO LTDA;RAIZEN;AVENIDA CENTRAL B, S/N - QUADRAEC VII - CIVIT II;29168-071;SERRA;ES;SE;DIESEL, ETANOL, GASOLINA, GASOLINA ADITIVADA;5,99 / 4,79 / 6,09 / 6,59;"R$ / litro; R$ / litro; R$ / litro; R$ / litro";Conveniencia / Borracharia / Caixa eletronico / Calibragem;;;;
16/02/2026;2026-S08;CONCORRENTE; 08.022.304/0001-61;AUTO POSTO DE COMBUSTIVEL RTT LTDA;AUTO POSTO DE COMBUSTIVEL RTT LTDA;IPIRANGA;RUA MOEMA, 38 - DIVINO ESPIRITO SANTO;29107-250;VILA VELHA;ES;SE;DIESEL S10, ETANOL, GASOLINA, GASOLINA ADITIVADA;5,99 / 4,99 / 6,29 / 6,39;"R$ / litro; R$ / litro; R$ / litro; R$ / litro";Borracharia;;;;
16/02/2026;2026-S08;CONCORRENTE; 09.167.931/0001-53;POSTO CHAMPAGNAT LTDA;POSTO CHAMPAGNAT LTDA;IPIRANGA;RUA HUGO MUSSO, 550 - PRAIA DA COSTA;29101-280;VILA VELHA;ES;SE;DIESEL S10, ETANOL, GASOLINA, GASOLINA ADITIVADA;6,29 / 4,89 / 6,28 / 6,59;"R$ / litro; R$ / litro; R$ / litro; R$ / litro";Calibragem / Conveniencia / Caixa eletronico;;;;
16/02/2026;2026-S08;CONCORRENTE; 10.569.345/0001-14;POSTO CRISTOVAO COLOMBO LTDA;POSTO CRISTOVAO COLOMBO LTDA;VIBRA;RUA CRISTOVAO COLOMBO, 582 - CRISTOVAO COLOMBO;29106-595;VILA VELHA;ES;SE;GASOLINA, GASOLINA ADITIVADA;6,19 / 6,49;"R$ / litro; R$ / litro";"Caixa eletronico; Troca de oleo; Lava-jato; Calibragem";;;;
16/02/2026;2026-S08;CONCORRENTE; 12.535.572/0001-54;AUTO POSTO MORADA LTDA;AUTO POSTO MORADA LTDA;IPIRANGA;AVENIDA PAULO PEREIRA GOMES, S/N - LOTE  03C                 QUADRAUE IV               SETOR II - MORADA DE LARANJEIRAS;29166-828;Serra ;ES;SE;DIESEL S10, ETANOL, GASOLINA, GASOLINA ADITIVADA;6,05 / 4,89 / 5,94 / 6,14;"R$ / litro; R$ / litro; R$ / litro; R$ / litro";"Borracharia; Calibragem; Troca de oleo";;;;
16/02/2026;2026-S08;CONCORRENTE; 17.753.176/0001-17;AUTO POSTO BOULEVARD LTDA;AUTO POSTO BOULEVARD LTDA;ALE;"RODOVIA DO SOL, S/N - LOTE: 08 E 09; QUADRA: 59; - PRAIA DE ITAPARICA";29102-020;VILA VELHA;ES;SE;DIESEL S10, ETANOL, GASOLINA, GASOLINA ADITIVADA;6,09 / 4,84 / 6,09 / 6,49;"R$ / litro; R$ / litro; R$ / litro; R$ / litro";Troca de oleo, Conveniencia, Calibragem, Lava-jato;;;;
16/02/2026;2026-S08;CONCORRENTE; 22.356.015/0001-20;CENTRAL COMERCIO DE COMBUSTIVEIS LTDA;CENTRAL COMERCIO DE COMBUSTIVEIS LTDA;IPIRANGA;"AVENIDA ELDES SCHERRER SOUZA, 2100 - : POSTO; - CIVIT II";29168-060;SERRA;ES;SE;DIESEL, DIESEL S10, ETANOL, GASOLINA, GASOLINA ADITIVADA, GNV;5,89 / 5,99 / 4,69 / 6,09 / 6,29 / 3,99;"R$ / litro; R$ / litro; R$ / litro; R$ / litro; R$ / litro; R$ / m³";"Troca de oleo; Borracharia; Lava-jato; Conveniencia";;;;
16/02/2026;2026-S08;CONCORRENTE; 27.664.597/0007-10;AUTO POSTO SCHUENG LTDA;AUTO POSTO SCHUENG LTDA;IPIRANGA;AVENIDA DOUTOR RAIMUNDO GUILHERME SOBRINHO, 176 - BOA VISTA;29931-630;SAO MATEUS;ES;SE;ETANOL, GASOLINA, GASOLINA ADITIVADA;4,99 / 6,59 / 6,59;"R$ / litro; R$ / litro; R$ / litro";Conveniencia,Borracharia,Calibragem;;;;
16/02/2026;2026-S08;CONCORRENTE; 30.690.682/0001-72;MACPLAN AUTO POSTO SAO MATEUS LTDA;MACPLAN AUTO POSTO SAO MATEUS LTDA;IPIRANGA;RUA HUMBERTO CONDE RIOS, 39 - SERNAMBY;29930-580;SAO MATEUS;ES;SE;DIESEL S10, ETANOL, GASOLINA, GASOLINA ADITIVADA;6,49 / 4,99 / 6,69 / 6,69;"R$ / litro; R$ / litro; R$ / litro; R$ / litro";Troca de oleo, Calibragem;;;;
16/02/2026;2026-S08;CONCORRENTE; 30.869.047/0001-57;ABT COMERCIO DE COMBUSTIVEIS LTDA;ABT COMERCIO DE COMBUSTIVEIS LTDA;BRANCA;RODOVIA GOVERNADOR MARIO COVAS, 1874 - KM    65 - BOA VISTA;29931-200;SAO MATEUS;ES;SE;DIESEL, DIESEL S10, ETANOL, GASOLINA;5,99 / 6,09 / 4,99 / 6,59;"R$ / litro; R$ / litro; R$ / litro; R$ / litro";"Lava-jato; Troca de oleo; Caixa eletronico";;;;
16/02/2026;2026-S08;CONCORRENTE; 31.727.338/0001-73;POSTO DE SERVICOS PAO COM LINGUICA EIRELI;POSTO DE SERVICOS PAO COM LINGUICA EIRELI;RAIZEN;AVENIDA CENTRAL B, 386 - SETOR II - CIVIT II;29168-071;SERRA;ES;SE;DIESEL, ETANOL, GASOLINA, GASOLINA ADITIVADA;5,99 / 4,79 / 6,09 / 6,59;"R$ / litro; R$ / litro; R$ / litro; R$ / litro";Borracharia,Caixa eletronico,Lava-jato,Conveniencia;;;;
16/02/2026;2026-S08;CONCORRENTE; 36.751.443/0001-61;BOA VISTA SERVICO AUTOMOTIVO LTDA;BOA VISTA SERVICO AUTOMOTIVO LTDA;ALE;AVENIDA JOAO XXIII, 1339 - BOA VISTA;29931-225;SAO MATEUS;ES;SE;DIESEL S10, GASOLINA, GASOLINA ADITIVADA;6,59 / 6,69 / 6,69;"R$ / litro; R$ / litro; R$ / litro";Calibragem / Borracharia / Caixa eletronico;;;;
16/02/2026;2026-S08;CONCORRENTE; 39.343.553/0001-82;FRED ROSALEM HELIODORO;FRED ROSALEM HELIODORO;ATLÂNTICA;RUA JOSE ROSALEM, 1 - SANTA INES;29105-645;VILA VELHA;ES;SE;DIESEL, DIESEL S10, ETANOL, GASOLINA, GASOLINA ADITIVADA;5,92 / 5,98 / 4,88 / 6,08 / 6,08;"R$ / litro; R$ / litro; R$ / litro; R$ / litro; R$ / litro";"Calibragem; Caixa eletronico";;;;
16/02/2026;2026-S08;CONCORRENTE; 47.674.687/0001-04;POSTO ATUAL SAO MATEUS LTDA;POSTO ATUAL SAO MATEUS LTDA;ATLÂNTICA;RUA MONSENHOR GUILHERME SCHIMITZ, 363 - SERNAMBY;29930-660;SAO MATEUS;ES;SE;DIESEL S10, ETANOL, GASOLINA;5,95 / 4,69 / 5,89;"R$ / litro; R$ / litro; R$ / litro";"Calibragem; Caixa eletronico";;;;
17/02/2026;2026-S08;CONCORRENTE; 01.496.517/0001-86;POSTO PERIM LTDA;POSTO PERIM LTDA;VIBRA;RUA SANTA LEOPOLDINA, 1650 - ITAPARICA;29102-040;VILA VELHA;ES;SE;DIESEL S10, ETANOL, GASOLINA, GASOLINA ADITIVADA;6,19 / 4,89 / 6,19 / 6,39;"R$ / litro; R$ / litro; R$ / litro; R$ / litro";Conveniencia,Borracharia,Caixa eletronico,Calibragem;;;;
17/02/2026;2026-S08;CONCORRENTE; 01.514.752/0001-33;POSTO THIAGO LIMITADA;POSTO THIAGO LIMITADA;VIBRA;AVENIDA CEZAR HILAL, 868 - BENTO FERREIRA;29050-662;VITÓRIA;ES;SE;ETANOL, GASOLINA, GASOLINA ADITIVADA;4,49 / 5,99 / 6,19;"R$ / litro; R$ / litro; R$ / litro";Caixa eletronico;;;;
17/02/2026;2026-S08;CONCORRENTE; 02.567.214/0001-70;POSTO DE COMBUSTIVEL IDEAL LTDA;POSTO DE COMBUSTIVEL IDEAL LTDA;IPIRANGA;AVENIDA VITORIA, 3031 - GURIGICA;29027-080;VITORIA;ES;SE;ETANOL, GASOLINA, GASOLINA ADITIVADA;4,59 / 5,99 / 6,14;"R$ / litro; R$ / litro; R$ / litro";"Conveniencia; Borracharia; Calibragem";;;;
2026-02-17;2026-S08;CONCORRENTE; 04.228.463/0001-66;AUTO POSTO MARLIN LTDA;AUTO POSTO MARLIN LTDA;ATLÂNTICA;RUA JUIZ ALEXANDRE MARTINS DE CASTRO FILHO, 285 - SANTA LUCIA;29056-295;VITORIA;ES;SE;DIESEL S10, ETANOL, GASOLINA, GASOLINA ADITIVADA;5,99 / 4,89 / 6,09 / 6,09;"R$ / litro; R$ / litro; R$ / litro; R$ / litro";Caixa eletronico / Troca de oleo;;;;conferir bandeira
17/02/2026;2026-S08;CONCORRENTE; 04.361.389/0002-32;AUTO POSTO WAVE LTDA;AUTO POSTO WAVE LTDA;ALE;AVENIDA MARTIN PESCADOR, 12 - PORTO CANOA;29168-460;SERRA;ES;SE;DIESEL S10, ETANOL, GASOLINA, GASOLINA ADITIVADA;5,99 / 4,89 / 6,19 / 6,39;"R$ / litro; R$ / litro; R$ / litro; R$ / litro";Borracharia,Caixa eletronico,Troca de oleo;;;;
17/02/2026;2026-S08;CONCORRENTE; 04.960.337/0001-00;RENOVA COMERCIO COMBUSTIVEL E SERVICOS LTDA;RENOVA COMERCIO COMBUSTIVEL E SERVICOS LTDA;BRANCA;AVENIDA LEITAO DA SILVA, 1150 - SANTA LUCIA;29056-184;VITORIA;ES;SE;ETANOL, GASOLINA, GASOLINA ADITIVADA;4,45 / 5,99 / 5,99;"R$ / litro; R$ / litro; R$ / litro";Borracharia,Calibragem;;;;
17/02/2026;2026-S08;CONCORRENTE; 04.994.796/0001-04;POSTO SB LTDA;POSTO SB LTDA;VIBRA;AVENIDA BRASILIA, 1360 - PLANICIE DA SERRA;29168-710;SERRA;ES;SE;GASOLINA, GASOLINA ADITIVADA;6,19 / 6,36;"R$ / litro; R$ / litro";Borracharia,Calibragem,Troca de oleo,Caixa eletronico;;;;
17/02/2026;2026-S08;CONCORRENTE; 05.393.247/0001-39;POSTO CANOA DERIVADOS DE PETROLEO LTDA;POSTO CANOA DERIVADOS DE PETROLEO LTDA;ALE;AVENIDA BRASILIA, 575 - PORTO CANOA;29168-600;SERRA;ES;SE;DIESEL S10, ETANOL, GASOLINA, GASOLINA ADITIVADA;5,99 / 4,89 / 6,19 / 6,39;"R$ / litro; R$ / litro; R$ / litro; R$ / litro";"Borracharia; Caixa eletronico; Calibragem";;;;
17/02/2026;2026-S08;CONCORRENTE; 07.830.414/0001-97;Revenda De Combustiveis Bkr Ltda;REVENDA DE COMBUSTIVEIS BKR LTDA;RAIZEN;RODOVIA GOVERNADOR MARIO COVAS, 122 - BARCELONA;29166-095;SERRA;ES;SE;DIESEL, ETANOL, GASOLINA, GASOLINA ADITIVADA;5,95 / 4,89 / 6,09 / 6,44;"R$ / litro; R$ / litro; R$ / litro; R$ / litro";Calibragem / Troca de oleo / Borracharia;;;;
17/02/2026;2026-S08;CONCORRENTE; 08.788.618/0001-70;J. S. PETROLEO E COMERCIO LTDA.;J. S. PETROLEO E COMERCIO LTDA.;RAIZEN;AVENIDA DANTE MICHELINI, 2461 - MATA DA PRAIA;29066-430;VITORIA;ES;SE;ETANOL, GASOLINA, GASOLINA ADITIVADA, GNV;4,79 / 5,99 / 6,39 / 4,09;"R$ / litro; R$ / litro; R$ / litro; R$ / m³";Borracharia,Caixa eletronico,Troca de oleo;;;;
17/02/2026;2026-S08;PROPRIO; 11.222.333/0003-43;REDE MARE COMBUSTIVEIS LTDA;REDE MARE;BRANCA;AVENIDA VITORIA, 2667 - HORTO;29027-080;VITORIA;ES;SE;DIESEL S10, ETANOL, GASOLINA, GASOLINA ADITIVADA;5,89 / 4,49 / 5,99 / 5,99;"R$ / litro; R$ / litro; R$ / litro; R$ / litro";Conveniencia, Borracharia;Paulo Ferraz;(27) 99945-7810 / (27) 3226-4410;"02.567.214/0001-70; 14.806.977/0001-05; 26.980.450/0001-81";
17/02/2026;2026-S08;PROPRIO; 11.222.333/0004-24;REDE MARE COMBUSTIVEIS LTDA;REDE MARE;BRANCA;RODOVIA GOVERNADOR MARIO COVAS, 4324 - KM    265   POSTO - PLANALTO DE CARAPINA;29162-702;SERRA;ES;SE;DIESEL S10, ETANOL, GASOLINA, GASOLINA ADITIVADA;5,99 / 4,79 / 5,99 / 6,19;"R$ / litro; R$ / litro; R$ / litro; R$ / litro";Troca de oleo;Renata Alves;(27) 99633-9021;"01.823.633/0001-62; 04.361.389/0002-32; 05.393.247/0001-39";
17/02/2026;2026-S08;CONCORRENTE; 11.942.147/0001-17;POSTO PARADA VITORIA LTDA;POSTO PARADA VITORIA LTDA;ALE;AVENIDA MARECHALCAMPOS, 370 - CONSOLACAO;29045-460;VITORIA;ES;SE;DIESEL S10, ETANOL, GASOLINA, GASOLINA ADITIVADA;5,99 / 4,65 / 5,99 / 6,25;"R$ / litro; R$ / litro; R$ / litro; R$ / litro";Conveniencia / Caixa eletronico / Troca de oleo;;;;
17/02/2026;2026-S08;CONCORRENTE; 14.806.977/0001-05;AUTO POSTO SILVARES LTDA;AUTO POSTO SILVARES LTDA;IPIRANGA;AVENIDA   NAIR AZEVEDO SILVA, 430 - ILHA DO PRINCIPE;29020-240;VITORIA;ES;SE;ETANOL, GASOLINA, GASOLINA ADITIVADA;4,89 / 6,19 / 6,39;"R$ / litro; R$ / litro; R$ / litro";Borracharia;;;;
17/02/2026;2026-S08;CONCORRENTE; 26.058.218/0001-90;AUTO POSTO 5 ESTRELAS EIRELI;AUTO POSTO 5 ESTRELAS EIRELI;IPIRANGA;RODOVIA GOVERNADOR MARIO COVAS, S/N - KM    245.2 - CALOGI;29181-100;Serra ;ES;SE;DIESEL, DIESEL S10, ETANOL, GASOLINA, GASOLINA ADITIVADA;6,09 / 6,19 / 4,69 / 6,29 / 6,39;"R$ / litro; R$ / litro; R$ / litro; R$ / litro; R$ / litro";Troca de oleo;;;;
17/02/2026;2026-S08;CONCORRENTE; 26.980.450/0001-81;AUTO POSTO VITORIA COMERCIO DE COMBUSTIVEIS LTDA;AUTO POSTO VITORIA COMERCIO DE COMBUSTIVEIS LTDA;VIBRA;RUA OLYMPIO RODRIGUES PASSOS, 14 - LOJA  01 - JABOUR;29072-290;VITORIA;ES;SE;ETANOL, GASOLINA, GASOLINA ADITIVADA;4,79 / 6,09 / 6,39;"R$ / litro; R$ / litro; R$ / litro";Caixa eletronico;;;;
17/02/2026;2026-S08;CONCORRENTE; 27.664.597/0012-88;AUTO POSTO SCHUENG LTDA;AUTO POSTO SCHUENG LTDA;IPIRANGA;RODOVIA GOVERNADOR MARIO COVAS, S/N - QUADRA092                 LOTE  007 - ROSARIO DE FATIMA;29161-160;Serra ;ES;SE;ETANOL, GASOLINA;4,69 / 5,89;"R$ / litro; R$ / litro";"Borracharia; Lava-jato";;;;
17/02/2026;2026-S08;CONCORRENTE; 29.937.036/0001-88;LOCVAN TRANSPORTE E TURISMO LTDA;LOCVAN TRANSPORTE E TURISMO LTDA;BRANCA;RODOVIA GOVERNADOR MARIO COVAS, 573 - VILA NOVA;29941-010;SAO MATEUS;ES;SE;DIESEL S10, ETANOL, GASOLINA;6,19 / 5,09 / 6,59;"R$ / litro; R$ / litro; R$ / litro";Calibragem,Conveniencia;;;;
17/02/2026;2026-S08;CONCORRENTE; 33.869.754/0001-31;POSTO PRIME NORTE SUL LTDA;POSTO PRIME NORTE SUL LTDA;RAIZEN;AVENIDA JOSE MARIA VIVACQUA SANTOS, 100 - JARDIM CAMBURI;29092-105;VITORIA;ES;SE;ETANOL, GASOLINA, GASOLINA ADITIVADA;4,69 / 5,99 / 6,39;"R$ / litro; R$ / litro; R$ / litro";"Lava-jato; Conveniencia";;;;
17/02/2026;2026-S08;CONCORRENTE; 38.530.950/0001-09;Posto Capuaba Ltda;POSTO CAPUABA LTDA;BRANCA;ESTRADA CAPUABA, 21 - ATAIDE;29119-060;VILA VELHA;ES;SE;DIESEL, DIESEL S10, ETANOL, GASOLINA, GASOLINA ADITIVADA;5,99 / 6,09 / 4,65 / 6,09 / 6,39;"R$ / litro; R$ / litro; R$ / litro; R$ / litro; R$ / litro";Caixa eletronico,Borracharia,Lava-jato;;;;
17/02/2026;2026-S08;CONCORRENTE; 39.383.880/0001-68;AUTO SERVICO AEROPORTO LTDA;AUTO SERVICO AEROPORTO LTDA;VIBRA; -V. ADALBERTO SIMAO NADER, 1001 - REPUBLICA;29070-010;VITORIA;ES;SE;GASOLINA, GASOLINA ADITIVADA;6,09 / 6,39;"R$ / litro; R$ / litro";Borracharia, Caixa eletronico, Troca de oleo, Lava-jato;;;;
17/02/2026;2026-S08;CONCORRENTE; 39.400.494/0001-37;AUTO POSTO PRESIDENTE LTDA;AUTO POSTO PRESIDENTE LTDA;VIBRA;AVENIDA FERNANDO FERRARI, 808 - JARDIM DA PENHA;29075-010;VITORIA;ES;SE;DIESEL S10, ETANOL, GASOLINA, GASOLINA ADITIVADA;6,19 / 4,89 / 6,09 / 6,39;"R$ / litro; R$ / litro; R$ / litro; R$ / litro";"Calibragem; Borracharia; Troca de oleo; Conveniencia";;;;
18/02/2026;2026-S08;CONCORRENTE; 02.802.986/0001-49;A S SALES JUNIOR LTDA;A S SALES JUNIOR LTDA;ATLÂNTICA;RUA DAVINO MATOS, S/N - PARQUE AREIA PRETA;29200-615;GUARAPARI;ES;SE;DIESEL S10, ETANOL, GASOLINA, GASOLINA ADITIVADA;6,09 / 4,99 / 6,18 / 6,30;"R$ / litro; R$ / litro; R$ / litro; R$ / litro";Borracharia,Caixa eletronico,Lava-jato;;;;
18/02/2026;2026-S08;CONCORRENTE; 02.806.627/0001-60;POSTO BARBADOS LTDA;POSTO BARBADOS LTDA;RAIZEN; BR 259 KM 46, S/N - TREVO DE BARBADOS - BARBADOS;29700-778;COLATINA;ES;SE;DIESEL, GASOLINA, GASOLINA ADITIVADA;6,19 / 6,45 / 6,65;"R$ / litro; R$ / litro; R$ / litro";Borracharia, Conveniencia;;;;
18/02/2026;2026-S08;CONCORRENTE; 04.145.589/0011-49;ARARA AZUL REDE DE POSTOS LTDA;ARARA AZUL REDE DE POSTOS LTDA;BRANCA;RODOVIA RODOVIA DO SOL, 530 - PRAIA DE ITAPARICA;29102-020;VILA VELHA;ES;SE;DIESEL S10, ETANOL, GASOLINA, GASOLINA ADITIVADA;5,95 / 4,59 / 6,17 / 6,37;"R$ / litro; R$ / litro; R$ / litro; R$ / litro";"Lava-jato; Troca de oleo; Borracharia";;;;
18/02/2026;2026-S08;CONCORRENTE; 05.609.081/0001-45;AUTO SERVICO FLORESTA LTDA;AUTO SERVICO FLORESTA LTDA;VIBRA;AVENIDA PREFEITO SAMUEL BATISTA CRUZ, 1276 - ARACA;29900-100;LINHARES;ES;SE;DIESEL, GASOLINA;5,99 / 6,59;"R$ / litro; R$ / litro";Lava-jato / Troca de oleo / Caixa eletronico / Borracharia;;;;conferir bandeira
18/02/2026;2026-S08;CONCORRENTE; 09.076.862/0001-72;VALOR POSTOS PRAIA DO MORRO LTDA;VALOR POSTOS PRAIA DO MORRO LTDA;VIBRA;RODOVIA RODOVIA DO SOL, S/ NR - KM    41 - AEROPORTO;29216-705;GUARAPARI;ES;SE;GASOLINA, GASOLINA ADITIVADA;6,59 / 7,09;"R$ / litro; R$ / litro";Caixa eletronico;;;;
18/02/2026;2026-S08;CONCORRENTE; 10.223.356/0001-48;POSTO TREVO DA PONTE LTDA;POSTO TREVO DA PONTE LTDA;IPIRANGA;AVENIDA GOVERNADOR JONES DOS SANTOS NEVES, 160 - AVISO;29900-384;LINHARES;ES;SE;DIESEL, GASOLINA, GASOLINA ADITIVADA;5,99 / 6,39 / 6,49;"R$ / litro; R$ / litro; R$ / litro";Borracharia;;;;
18/02/2026;2026-S08;CONCORRENTE; 10.331.576/0001-95;AUTO POSTO LINHARES LTDA;AUTO POSTO LINHARES LTDA;IPIRANGA;AVENIDA JOSE TESCH, 657 - SHELL;29901-500;LINHARES;ES;SE;DIESEL, GASOLINA, GASOLINA ADITIVADA;5,99 / 6,39 / 6,49;"R$ / litro; R$ / litro; R$ / litro";"Conveniencia; Caixa eletronico; Troca de oleo; Borracharia";;;;
18/02/2026;2026-S08;CONCORRENTE; 13.602.147/0001-01;AUTO POSTO LAGOA DO MEIO LTDA;AUTO POSTO LAGOA DO MEIO LTDA;IPIRANGA;RUA GUAICURUS, 18 - LAGOA DO MEIO;29904-010;LINHARES;ES;SE;GASOLINA;6,39;R$ / litro;"Borracharia; Caixa eletronico";;;;
18/02/2026;2026-S08;CONCORRENTE; 14.096.313/0001-08;AUTO POSTO GUARAPARI LTDA;AUTO POSTO GUARAPARI LTDA;RAIZEN;AVENIDA GOVERNADOR JONES DOS SANTOS NEVES, 15 - VARZEA NOVA;29211-630;GUARAPARI;ES;SE;DIESEL S10, ETANOL, GASOLINA, GASOLINA ADITIVADA;6,19 / 4,99 / 6,19 / 6,69;"R$ / litro; R$ / litro; R$ / litro; R$ / litro";Conveniencia;;;;
18/02/2026;2026-S08;CONCORRENTE; 14.509.900/0001-73;POSTO DE COMBUSTIVEIS LINHARES LTDA;POSTO DE COMBUSTIVEIS LINHARES LTDA;BRANCA;AVENIDA SAO MATEUS, S/N - SHELL;29901-630;LINHARES;ES;SE;ETANOL, GASOLINA;4,74 / 6,39;"R$/l; R$/l";"Lava-jato; Calibragem; Caixa eletronico; Troca de oleo";;;;ver com gerente
18/02/2026;2026-S08;CONCORRENTE; 15.010.530/0001-98;AUTO POSTO R M LTDA;AUTO POSTO R M LTDA;RAIZEN;"RODOVIA DO SOL, 3701 - LOTE: 11; QUADRA: 64; - PRAIA DE ITAPARICA";29102-023;VILA VELHA;ES;SE;DIESEL S10, ETANOL, GASOLINA, GASOLINA ADITIVADA;6,06 / 4,89 / 6,09 / 6,49;"R$ / litro; R$ / litro; R$ / litro; R$ / litro";Conveniencia;;;;
18/02/2026;2026-S08;CONCORRENTE; 18.526.631/0001-04;POSTO BAUNILHA LTDA;POSTO BAUNILHA LTDA;RAIZEN;"RODOVIA BR-259, SN - KM: 36 E MEIO; - BAUNILHA";29712-020;COLATINA;ES;SE;DIESEL, GASOLINA, GASOLINA ADITIVADA;5,89 / 6,29 / 6,49;"R$ / litro; R$ / litro; R$ / litro";Conveniencia;;;;
18/02/2026;2026-S08;CONCORRENTE; 27.020.445/0001-90;GUARAVE GUARAPARI VEICULOS LTDA;GUARAVE GUARAPARI VEICULOS LTDA;VIBRA;AVENIDA EWERSON DE ABREU SODRE, 300 - MUQUICABA;29215-010;GUARAPARI;ES;SE;GASOLINA, GASOLINA ADITIVADA;6,59 / 6,99;"R$ / litro; R$ / litro";Calibragem,Conveniencia;;;;
18/02/2026;2026-S08;CONCORRENTE; 27.020.445/0005-13;GUARAVE GUARAPARI VEICULOS LTDA;GUARAVE GUARAPARI VEICULOS LTDA;VIBRA;RODOVIA DO SOL, S/N - MUQUICABA;29215-005;GUARAPARI;ES;SE;GASOLINA, GASOLINA ADITIVADA;6,59 / 6,89;"R$ / litro; R$ / litro";Caixa eletronico / Borracharia;;;;
18/02/2026;2026-S08;CONCORRENTE; 27.316.819/0001-19;BECAR PETROLEO LTDA;BECAR PETROLEO LTDA;RAIZEN;AVENIDA GOVERNADOR JONES DOS SANTOS NEVES, S/N - CONFLUENCIA COM RODOVIA DO SOL - MUQUICABA;29215-002;GUARAPARI;ES;SE;GASOLINA, GASOLINA ADITIVADA;6,59 / 6,79;"R$ / litro; R$ / litro";Lava-jato,Conveniencia;;;;
18/02/2026;2026-S08;CONCORRENTE; 30.578.975/0001-62;CAMATTA & CIA LTDA;CAMATTA & CIA LTDA;IPIRANGA;AVENIDA WENCESLAU BRAZ, 133 - CENTRO;29901-260;LINHARES;ES;SE;DIESEL, GASOLINA, GASOLINA ADITIVADA;5,99 / 6,39 / 6,49;"R$ / litro; R$ / litro; R$ / litro";Calibragem;;;;
18/02/2026;2026-S08;CONCORRENTE; 32.248.017/0001-59;AUTO POSTO ALDEIA DA PRAIA LTDA;AUTO POSTO ALDEIA DA PRAIA LTDA;IPIRANGA;AVENIDA PARIS, S/N - PRAIA DO MORRO;29216-570;GUARAPARI;ES;SE;DIESEL S10, ETANOL, GASOLINA, GASOLINA ADITIVADA;6,09 / 5,18 / 6,59 / 6,89;"R$ / litro; R$ / litro; R$ / litro; R$ / litro";Caixa eletronico,Lava-jato;;;;
18/02/2026;2026-S08;CONCORRENTE; 34.034.823/0001-50;AUTO POSTO ROTA 22 LTDA;AUTO POSTO ROTA 22 LTDA;IPIRANGA;AVENIDA PADRE JOSE DE ANCHIETA, 2083 - LOTE  01 A 07 - PRAIA DO MORRO;29216-005;GUARAPARI;ES;SE;DIESEL S10, ETANOL, GASOLINA, GASOLINA ADITIVADA;6,09 / 5,18 / 6,59 / 6,89;"R$ / litro; R$ / litro; R$ / litro; R$ / litro";Conveniencia / Caixa eletronico / Troca de oleo / Calibragem;;;;
18/02/2026;2026-S08;CONCORRENTE; 36.675.989/0001-80;COMERCIO DE COMBUSTIVEIS COQUEIRAL DE ITAPARICA LTDA;COMERCIO DE COMBUSTIVEIS COQUEIRAL DE ITAPARICA LTDA;BRANCA;AVENIDA SANTA LEOPOLDINA, 635 - COQUEIRAL DE ITAPARICA;29102-320;VILA VELHA;ES;SE;DIESEL S10, ETANOL, GASOLINA, GASOLINA ADITIVADA;6,09 / 4,59 / 6,17 / 6,17;"R$ / litro; R$ / litro; R$ / litro; R$ / litro";Lava-jato, Troca de oleo, Calibragem;;;;
19/02/2026;2026-S08;CONCORRENTE; 01.503.536/0001-92;POSTO MARCELA LTDA;POSTO MARCELA LTDA;VIBRA;RUA DO PESSEGUEIRO, S/N - DIVINO ESPÍRITO SANTO;29107-230;VILA VELHA;ES;SE;DIESEL S10, GASOLINA, GASOLINA ADITIVADA;5,99 / 6,19 / 6,39;"R$ / litro; R$ / litro; R$ / litro";Caixa eletronico, Borracharia;;;;
19/02/2026;2026-S08;CONCORRENTE; 03.948.877/0003-69;AUTO POSTO SANTA ANA LTDA;AUTO POSTO SANTA ANA LTDA;ALE;RODOVIA DO CAFE, 1871 - CARLOS GERMANO NAUMANN;29705-200;COLATINA;ES;SE;DIESEL, DIESEL S10, GASOLINA, GASOLINA ADITIVADA;5,89 / 5,99 / 6,49 / 6,69;"R$ / litro; R$ / litro; R$ / litro; R$ / litro";Calibragem, Lava-jato, Troca de oleo;;;;
19/02/2026;2026-S08;CONCORRENTE; 04.814.652/0001-10;POSTO MOTOCAP LTDA;POSTO MOTOCAP LTDA;VIBRA;PRACA ALMIRANTE BARROSO, 52 - LETRA A - LACE;29703-055;COLATINA;ES;SE;GASOLINA;6,59;R$ / litro;Calibragem / Lava-jato / Conveniencia;;;;
19/02/2026;2026-S08;CONCORRENTE; 04.850.382/0001-01;POSTO ARIBIRI DO GAS LTDA;POSTO ARIBIRI DO GAS LTDA;VIBRA;AVENIDA CARLOS LINDEMBERG, 1944 - SANTA INEZ;29108-075;VILA VELHA;ES;SE;GASOLINA, GASOLINA ADITIVADA, GNV;6,08 / 6,28 / 3,99;"R$ / litro; R$ / litro; R$ / m³";Caixa eletronico / Lava-jato;;;;
19/02/2026;2026-S08;CONCORRENTE; 05.349.237/0001-04;POSTO IRMAOS CAMATTA LTDA;POSTO IRMAOS CAMATTA LTDA;VIBRA;RODOVIA BR 101, KM 143, S/N - CANIVETE;29909-010;LINHARES;ES;SE;GASOLINA, GASOLINA ADITIVADA;6,39 / 6,49;"R$ / litro; R$ / litro";"Troca de oleo; Caixa eletronico";;;;
19/02/2026;2026-S08;CONCORRENTE; 07.381.843/0001-24;POSTO DE COMBUSTIVEIS BRUNO LTDA;POSTO DE COMBUSTIVEIS BRUNO LTDA;BRANCA;RUA FIORAVANTE ROSSI, 738 - SAO BRAZ;29704-700;COLATINA;ES;SE;GASOLINA, GASOLINA ADITIVADA;6,49 / 6,49;"R$ / litro; R$ / litro";Borracharia;;;;
19/02/2026;2026-S08;CONCORRENTE; 07.470.392/0001-00;POSTO DE COMBUSTIVEIS OTAVIO EIRELI;POSTO DE COMBUSTIVEIS OTAVIO EIRELI;RAIZEN;AVENIDA ABDO SAAD, 833 - JACARAIPE;29173-510;SERRA;ES;SE;DIESEL, ETANOL, GASOLINA, GASOLINA ADITIVADA;5,99 / 4,79 / 6,09 / 6,39;"R$ / litro; R$ / litro; R$ / litro; R$ / litro";Borracharia;;;;
19/02/2026;2026-S08;CONCORRENTE; 08.519.545/0001-10;SAO FRANCISCO DE ASSIS COMERCIO DE COMBUSTIVEIS LTDA;SAO FRANCISCO DE ASSIS COMERCIO DE COMBUSTIVEIS LTDA;VIBRA;PRACA FIDELIS FERRARI, 35 - LACE;29703-030;COLATINA;ES;SE;GASOLINA, GASOLINA ADITIVADA;6,79 / 6,89;"R$/l; R$/l";Caixa eletronico / Troca de oleo / Conveniencia;;;;
19/02/2026;2026-S08;CONCORRENTE; 08.971.375/0001-00;BRAX COMBUSTIVEIS LTDA;BRAX COMBUSTIVEIS LTDA;IPIRANGA;RODOVIA CONEGO JOAO GUILHERME, 1516 - MARIO GIURIZATTO;29706-557;COLATINA;ES;SE;DIESEL, DIESEL S10, ETANOL, GASOLINA, GASOLINA ADITIVADA;6,08 / 6,18 / 4,87 / 6,39 / 6,50;"R$/l; R$/l; R$/l; R$/l; R$/l";Lava-jato, Troca de oleo;;;;
19/02/2026;2026-S08;CONCORRENTE; 10.813.831/0001-36;AUTO POSTO E SERVICOS ARACRUZ - COLINA DE BELA VISTA LTDA;AUTO POSTO E SERVICOS ARACRUZ - COLINA DE BELA VISTA LTDA;RAIZEN;AVENIDA CASTELO BRANCO, 14 - QUADRARC 06 -                   LOTEAMENTO COLINA - BELA VISTA;29192-066;ARACRUZ;ES;SE;DIESEL, DIESEL S10, GASOLINA, GASOLINA ADITIVADA;5,95 / 6,15 / 6,54 / 6,84;"R$ / litro; R$ / litro; R$ / litro; R$ / litro";Troca de oleo / Caixa eletronico / Borracharia / Lava-jato;;;;
19/02/2026;2026-S08;CONCORRENTE; 27.303.411/0001-02;AUTO POSTO DADINHO LTDA;AUTO POSTO DADINHO LTDA;IPIRANGA;RODOVIA BR 101, S/N - KM 140 - CANIVETE;29901-401;LINHARES;ES;SE;DIESEL, DIESEL S10, ETANOL, GASOLINA, GASOLINA ADITIVADA;5,99 / 6,09 / 4,99 / 6,59 / 6,69;"R$ / litro; R$ / litro; R$ / litro; R$ / litro; R$ / litro";Conveniencia;;;;
19/02/2026;2026-S08;CONCORRENTE; 37.361.618/0001-97;AUTO POSTO MAX COMBUSTIVEIS E DERIVADOS LTDA;AUTO POSTO MAX COMBUSTIVEIS E DERIVADOS LTDA;BRANCA;AVENIDA CEREJEIRA, 694 - LOTE  01                  QUADRA12 - MOVELAR;29906-014;LINHARES;ES;SE;ETANOL, GASOLINA, GASOLINA ADITIVADA;4,74 / 6,39 / 6,39;"R$ / litro; R$ / litro; R$ / litro";Caixa eletronico,Calibragem;;;;
19/02/2026;2026-S08;CONCORRENTE; 39.814.835/0001-10;PNEUMAX LTDA;PNEUMAX LTDA;VIBRA;AVENIDA SILVIO AVIDOS, 1358 - SAO SILVANO;29703-100;COLATINA;ES;SE;DIESEL, ETANOL, GASOLINA, GASOLINA ADITIVADA;6,19 / 4,99 / 6,49 / 6,59;"R$ / litro; R$ / litro; R$ / litro; R$ / litro";Conveniencia;;;;
20/02/2026;2026-S08;CONCORRENTE; 00.580.488/0001-73;POSTO DE GASOLINA MARACANA LTDA;POSTO DE GASOLINA MARACANA LTDA;IPIRANGA;AVENIDA ALICE COUTINHO SANTOS, 2101 - POSTO DE GASOLINA - MARACANA;29142-887;Cariacica;ES;SE;DIESEL, DIESEL S10, ETANOL, GASOLINA, GASOLINA ADITIVADA;5,99 / 6,09 / 4,79 / 6,09 / 6,29;"R$ / litro; R$ / litro; R$ / litro; R$ / litro; R$ / litro";"Troca de oleo; Borracharia; Caixa eletronico";;;;
20/02/2026;2026-S08;CONCORRENTE; 02.582.857/0001-92;POSTO CAMPO GRANDE LTDA;POSTO CAMPO GRANDE LTDA;ATLÂNTICA;AVENIDA EXPEDITO GARCIA, 222 - CAMPO GRANDE;29157-405;CARIACICA;ES;SE;ETANOL, GASOLINA, GASOLINA ADITIVADA;4,69 / 6,05 / 6,05;"R$ / litro; R$ / litro; R$ / litro";Lava-jato;;;;
20/02/2026;2026-S08;CONCORRENTE; 05.892.261/0001-87;AUTO POSTO VALE ENCANTADO LTDA.;AUTO POSTO VALE ENCANTADO LTDA.;VIBRA;RUA SOBREIRO, 395 - RIO MARINHO;29112-112;VILA VELHA;ES;SE;DIESEL, DIESEL S10, GASOLINA, GASOLINA ADITIVADA;6,19 / 6,29 / 6,19 / 6,29;"R$ / litro; R$ / litro; R$ / litro; R$ / litro";Calibragem;;;;
20/02/2026;2026-S08;CONCORRENTE; 06.073.382/0001-60;AUTO POSTO SUCESSO LTDA;AUTO POSTO SUCESSO LTDA;BRANCA;AVENIDA JOAO FRANCISCO GONCALVES, 746 - COBILANDIA;29111-300;VILA VELHA;ES;SE;DIESEL S10, ETANOL, GASOLINA;5,89 / 4,59 / 6,06;"R$ / litro; R$ / litro; R$ / litro";Caixa eletronico, Calibragem, Lava-jato, Borracharia;;;;
20/02/2026;2026-S08;PROPRIO; 11.222.333/0001-81;REDE MARE COMBUSTIVEIS LTDA;REDE MARE;BRANCA;AVENIDA MARIO GURGEL, 1092 - ITAQUARI;29151-570;CARIACICA;ES;SE;DIESEL, DIESEL S10, ETANOL, GASOLINA, GASOLINA ADITIVADA, GNV;5,90 / 5,97 / 4,65 / 6,19 / 6,19 / 4,09;"R$ / litro; R$ / litro; R$ / litro; R$ / litro; R$ / litro; R$ / m³";Conveniencia,Troca de oleo,Caixa eletronico,Borracharia;Carlos Menezes;(27) 99811-2041 / (27) 3334-1100;"00.580.488/0001-73; 13.814.642/0001-76; 15.226.314/0001-84";
20/02/2026;2026-S08;PROPRIO; 11.222.333/0005-05;REDE MARE COMBUSTIVEIS LTDA;REDE MARE;BRANCA;AVENIDA MARIO GURGEL, 3127 - FUNDOSCOM A AV EXPEDITO GA - CAMPO GRANDE;29146-012;CARIACICA;ES;SE;DIESEL S10, ETANOL, GASOLINA, GASOLINA ADITIVADA, GNV;5,99 / 4,79 / 6,09 / 6,09 / 3,99;"R$ / litro; R$ / litro; R$ / litro; R$ / litro; R$ / m³";Conveniencia;Marcos Lyrio;(27) 99890-1276 / (27) 3345-0098;"00.580.488/0001-73; 13.814.642/0001-76; 15.226.314/0001-84";
20/02/2026;2026-S08;CONCORRENTE; 15.226.314/0001-84;MAIS COMERCIO DE COMBUSTIVEL CARIACICA LTDA;MAIS COMERCIO DE COMBUSTIVEL CARIACICA LTDA;BRANCA;AVENIDA MARIO GURGEL, 4935 - VILA PALESTINA;29145-711;CARIACICA;ES;SE;ETANOL, GASOLINA;4,69 / 6,09;"R$ / litro; R$ / litro";Borracharia,Lava-jato,Conveniencia,Calibragem;;;;
20/02/2026;2026-S08;CONCORRENTE; 18.366.697/0001-84;POSTO RIO MARINHO COMERCIO DE DERIVADOS DE PETROLEO EIRELI - EPP;POSTO RIO MARINHO COMERCIO DE DERIVADOS DE PETROLEO EIRELI - EPP;VIBRA;AVENIDA RIO MARINHO, S/N - RIO MARINHO;29112-690;VILA VELHA;ES;SE;DIESEL, DIESEL S10, ETANOL, GASOLINA, GASOLINA ADITIVADA;5,87 / 5,97 / 4,79 / 6,08 / 6,39;"R$ / litro; R$ / litro; R$ / litro; R$ / litro; R$ / litro";Conveniencia;;;;
20/02/2026;2026-S08;CONCORRENTE; 24.145.665/0001-51;C.R.B. DEZAN E CIA LTDA;C.R.B. DEZAN E CIA LTDA;ATLÂNTICA;AVENIDA MARIO GURGEL, 5913 - AUTO POSTO - SAO FRANCISCO;29145-409;CARIACICA;ES;SE;DIESEL S10, ETANOL, GASOLINA;6,09 / 4,79 / 6,09;"R$ / litro; R$ / litro; R$ / litro";"Conveniencia; Caixa eletronico";;;;
20/02/2026;2026-S08;CONCORRENTE; 27.016.518/0001-70;AUTO POSTO CONTORNO LTDA;AUTO POSTO CONTORNO LTDA;ALE;RODOVIA GOVERNADOR MARIO COVAS, 11282 - SERRA DO ANIL;29147-030;CARIACICA;ES;SE;DIESEL, DIESEL S10, ETANOL, GASOLINA, GASOLINA ADITIVADA;5,89 / 5,99 / 4,79 / 6,19 / 6,39;"R$ / litro; R$ / litro; R$ / litro; R$ / litro; R$ / litro";Borracharia;;;;
20/02/2026;2026-S08;CONCORRENTE; 27.394.378/0001-73;POSTO DE PRODUTOS DE PETROLEO OASIS LTDA;POSTO DE PRODUTOS DE PETROLEO OASIS LTDA;IPIRANGA;AVENIDA MARIO GURGEL, 297 - JARDIM AMERICA;29140-261;CARIACICA;ES;SE;DIESEL S10, GASOLINA, GASOLINA ADITIVADA, GNV;6,09 / 5,88 / 6,39 / 3,99;"R$ / litro; R$ / litro; R$ / litro; R$ / m³";Calibragem, Caixa eletronico;;;;
20/02/2026;2026-S08;CONCORRENTE; 27.396.415/0001-82;AUTO SERVICO SAO CRISTOVAO LTDA;AUTO SERVICO SAO CRISTOVAO LTDA;VIBRA;AVENIDA MARIO GURGEL, 4 - KM    4 5  BR 262 - DOM BOSCO;29147-345;CARIACICA;ES;SE;DIESEL, ETANOL, GASOLINA, GASOLINA ADITIVADA, GNV;6,03 / 4,68 / 6,14 / 6,24 / 3,98;"R$ / litro; R$ / litro; R$ / litro; R$ / litro; R$ / m³";Caixa eletronico, Borracharia, Conveniencia;;;;
20/02/2026;2026-S08;CONCORRENTE; 27.926.384/0001-24;PETROVERA - POSTO DE PRODUTOS DE PETROLEO E TRANSPORTES LTDA - ME;PETROVERA - POSTO DE PRODUTOS DE PETROLEO E TRANSPORTES LTDA - ME;IPIRANGA;RODOVIA GOVERNADOR JOSE HENRIQUE SETTE, 906 - PAVMTO01 - ALTO LAGE;29151-055;CARIACICA;ES;SE;DIESEL, DIESEL S10, ETANOL, GASOLINA, GASOLINA ADITIVADA;5,89 / 5,99 / 4,69 / 6,15 / 6,15;"R$ / litro; R$ / litro; R$ / litro; R$ / litro; R$ / litro";Caixa eletronico,Conveniencia,Borracharia,Calibragem;;;;
20/02/2026;2026-S08;CONCORRENTE; 28.344.206/0001-58;POSTO DE COMBUSTIVEIS ITACIBA LTDA;POSTO DE COMBUSTIVEIS ITACIBA LTDA;BRANCA;RUA MANOEL JOAQUIM DOS SANTOS, 317 - ITACIBA;29150-270;CARIACICA;ES;SE;ETANOL, GASOLINA, GASOLINA ADITIVADA;4,65 / 6,15 / 6,15;"R$ / litro; R$ / litro; R$ / litro";Troca de oleo / Conveniencia / Lava-jato / Borracharia;;;;
20/02/2026;2026-S08;CONCORRENTE; 29.986.296/0001-43;EDEPEL EQUIPAMENTOS E DERIVADOS DE PETROLEO LTDA;EDEPEL EQUIPAMENTOS E DERIVADOS DE PETROLEO LTDA;RAIZEN;AVENIDA MARIO GURGEL, 4338 - LOJA  POSTO - VILA CAPIXABA;29148-022;CARIACICA;ES;SE;GASOLINA;6,09;R$ / litro;"Borracharia; Lava-jato";;;;
23/02/2026;2026-S09;CONCORRENTE; 01.823.633/0001-62;POSTO METROPOLITANO LTDA;POSTO METROPOLITANO LTDA;IPIRANGA;VIA DOIS, 226 - ANEXO QUADRA 03 MODULO 03 - TIMS;29161-373;SERRA;ES;SE;DIESEL, DIESEL S10, ETANOL, GASOLINA, GASOLINA ADITIVADA;5,79 / 5,89 / 4,69 / 5,89 / 6,09;"R$ / litro; R$ / litro; R$ / litro; R$ / litro; R$ / litro";Borracharia, Calibragem;;;;
23/02/2026;2026-S09;CONCORRENTE; 02.567.214/0001-70;POSTO DE COMBUSTIVEL IDEAL LTDA;POSTO DE COMBUSTIVEL IDEAL LTDA;IPIRANGA;AVENIDA VITORIA, 3031 - GURIGICA;29027-080;VITORIA;ES;SE;ETANOL, GASOLINA, GASOLINA ADITIVADA;4,59 / 5,99 / 6,14;"R$ / litro; R$ / litro; R$ / litro";Conveniencia / Borracharia / Calibragem;;;;
23/02/2026;2026-S09;CONCORRENTE; 02.802.986/0001-49;A S SALES JUNIOR LTDA;A S SALES JUNIOR LTDA;ATLÂNTICA;RUA DAVINO MATOS, S/N - PARQUE AREIA PRETA;29200-615;GUARAPARI;ES;SE;DIESEL S10, ETANOL, GASOLINA, GASOLINA ADITIVADA;6,09 / 4,99 / 6,18 / 6,30;"R$ / litro; R$ / litro; R$ / litro; R$ / litro";Borracharia / Caixa eletronico / Lava-jato;;;;
23/02/2026;2026-S09;CONCORRENTE; 04.228.463/0001-66;AUTO POSTO MARLIN LTDA;AUTO POSTO MARLIN LTDA;ATLÂNTICA;RUA JUIZ ALEXANDRE MARTINS DE CASTRO FILHO, 285 - SANTA LUCIA;29056-295;VITORIA;ES;SE;DIESEL S10, ETANOL, GASOLINA, GASOLINA ADITIVADA;5,99 / 4,89 / 6,09 / 6,09;"R$ / litro; R$ / litro; R$ / litro; R$ / litro";Caixa eletronico,Troca de oleo;;;;
23/02/2026;2026-S09;CONCORRENTE; 07.470.392/0001-00;POSTO DE COMBUSTIVEIS OTAVIO EIRELI;POSTO DE COMBUSTIVEIS OTAVIO EIRELI;RAIZEN;AVENIDA ABDO SAAD, 833 - JACARAIPE;29173-510;SERRA;ES;SE;DIESEL, ETANOL, GASOLINA, GASOLINA ADITIVADA;5,99 / 4,79 / 6,09 / 6,39;"R$ / litro; R$ / litro; R$ / litro; R$ / litro";Borracharia;;;;
23/02/2026;2026-S09;CONCORRENTE; 07.571.908/0001-02;AUTO POSTO CORAL LTDA;AUTO POSTO CORAL LTDA;VIBRA;AVENIDA NORTE SUL, 259 - N.S.DO ROSARIO DE FATIMA;29176-798;SERRA;ES;SE;GASOLINA, GASOLINA ADITIVADA;5,99 / 6,29;"R$ / litro; R$ / litro";Borracharia / Lava-jato / Conveniencia;;;;
23/02/2026;2026-S09;CONCORRENTE; 08.788.618/0001-70;J. S. PETROLEO E COMERCIO LTDA.;J. S. PETROLEO E COMERCIO LTDA.;RAIZEN;AVENIDA DANTE MICHELINI, 2461 - MATA DA PRAIA;29066-430;VITORIA;ES;SE;ETANOL, GASOLINA, GASOLINA ADITIVADA, GNV;4,79 / 5,99 / 6,39 / 4,09;"R$ / litro; R$ / litro; R$ / litro; R$ / m³";"Borracharia; Caixa eletronico; Troca de oleo";;;;
23/02/2026;2026-S09;CONCORRENTE; 09.076.862/0001-72;VALOR POSTOS PRAIA DO MORRO LTDA;VALOR POSTOS PRAIA DO MORRO LTDA;VIBRA;RODOVIA RODOVIA DO SOL, S/ NR - KM    41 - AEROPORTO;29216-705;GUARAPARI;ES;SE;GASOLINA, GASOLINA ADITIVADA;6,59 / 7,09;"R$ / litro; R$ / litro";Caixa eletronico;;;;
23/02/2026;2026-S09;CONCORRENTE; 10.197.775/0001-52;REDE DE POSTOS SAGUI LTDA;REDE DE POSTOS SAGUI LTDA;ATLÂNTICA;RUA EUCLIDES DA CUNHA, 421 - SAO DIOGO I;29163-265;SERRA;ES;SE;DIESEL S10, ETANOL, GASOLINA, GASOLINA ADITIVADA;6,09 / 4,69 / 5,99 / 5,99;"R$ / litro; R$ / litro; R$ / litro; R$ / litro";Caixa eletronico, Conveniencia;;;;
23/02/2026;2026-S09;PROPRIO; 11.222.333/0002-62;REDE MARE COMBUSTIVEIS LTDA.;REDE MARE;BRANCA;RODOVIA DARLY SANTOS, S/N - KM    2 5 - POSTO - POLO EMPRESARIAL NOVO MEXICO;29104-360;VILA VELHA;ES;SE;DIESEL, DIESEL S10, ETANOL, GASOLINA, GASOLINA ADITIVADA, GNV;5,89 / 5,99 / 4,69 / 6,09 / 6,29 / 3,99;"R$ / litro; R$ / litro; R$ / litro; R$ / litro; R$ / litro; R$ / m³";Conveniencia, Caixa eletronico, Troca de oleo;Juliana Rocha;(27) 99702-3355;"15.010.530/0001-98; 04.145.589/0011-49; 10.569.345/0001-14";
23/02/2026;2026-S09;PROPRIO; 11.222.333/0003-43;REDE MARE COMBUSTIVEIS LTDA;REDE MARE;BRANCA;AVENIDA VITORIA, 2667 - HORTO;29027-080;VITORIA;ES;SE;DIESEL S10, ETANOL, GASOLINA, GASOLINA ADITIVADA;5,89 / 4,49 / 5,89 / 5,89;"R$ / litro; R$ / litro; R$ / litro; R$ / litro";Conveniencia,Borracharia;Paulo Ferraz;(27) 99945-7810 / (27) 3226-4410;02.567.214/0001-70 / 14.806.977/0001-05 / 26.980.450/0001-81;
23/02/2026;2026-S09;CONCORRENTE; 11.942.147/0001-17;POSTO PARADA VITORIA LTDA;POSTO PARADA VITORIA LTDA;ALE;AVENIDA MARECHALCAMPOS, 370 - CONSOLACAO;29045-460;VITORIA;ES;SE;DIESEL S10, ETANOL, GASOLINA, GASOLINA ADITIVADA;5,99 / 4,65 / 5,99 / 6,25;"R$/l; R$/l; R$/l; R$/l";Conveniencia / Caixa eletronico / Troca de oleo;;;;
23/02/2026;2026-S09;CONCORRENTE; 14.096.313/0001-08;AUTO POSTO GUARAPARI LTDA;AUTO POSTO GUARAPARI LTDA;RAIZEN;AVENIDA GOVERNADOR JONES DOS SANTOS NEVES, 15 - VARZEA NOVA;29211-630;GUARAPARI;ES;SE;DIESEL, ETANOL, GASOLINA, GASOLINA ADITIVADA;6,25 / 4,99 / 6,19 / 6,69;"R$ / litro; R$ / litro; R$ / litro; R$ / litro";Conveniencia;;;;
23/02/2026;2026-S09;CONCORRENTE; 14.806.977/0001-05;AUTO POSTO SILVARES LTDA;AUTO POSTO SILVARES LTDA;IPIRANGA;AVENIDA   NAIR AZEVEDO SILVA, 430 - ILHA DO PRINCIPE;29020-240;VITORIA;ES;SE;ETANOL, GASOLINA, GASOLINA ADITIVADA;4,89 / 6,19 / 6,39;"R$ / litro; R$ / litro; R$ / litro";Borracharia;;;;
23/02/2026;2026-S09;CONCORRENTE; 15.010.530/0001-98;AUTO POSTO R M LTDA;AUTO POSTO R M LTDA;RAIZEN;"RODOVIA DO SOL, 3701 - LOTE: 11; QUADRA: 64; - PRAIA DE ITAPARICA";29102-023;Vila Velha;ES;SE;DIESEL S10, ETANOL, GASOLINA, GASOLINA ADITIVADA;6,06 / 4,89 / 6,09 / 6,49;"R$ / litro; R$ / litro; R$ / litro; R$ / litro";Conveniencia;;;;
23/02/2026;2026-S09;CONCORRENTE; 17.375.525/0001-04;AUTO POSTO LUCAS - EPP.;AUTO POSTO LUCAS - EPP.;ALE;AVENIDA ROMULO CASTELLO, 791 - LOTES 20 A 23 - CASTELANDIA;29172-620;SERRA;ES;SE;DIESEL S10, ETANOL, GASOLINA, GASOLINA ADITIVADA;5,95 / 4,66 / 5,87 / 6,07;"R$ / litro; R$ / litro; R$ / litro; R$ / litro";Troca de oleo, Calibragem, Borracharia, Caixa eletronico;;;;
23/02/2026;2026-S09;CONCORRENTE; 17.753.176/0001-17;AUTO POSTO BOULEVARD LTDA;AUTO POSTO BOULEVARD LTDA;ALE;"RODOVIA DO SOL, S/N - LOTE: 08 E 09; QUADRA: 59; - PRAIA DE ITAPARICA";29102-020;VILA VELHA;ES;SE;DIESEL S10, ETANOL, GASOLINA, GASOLINA ADITIVADA;6,09 / 4,84 / 6,09 / 6,49;"R$ / litro; R$ / litro; R$ / litro; R$ / litro";Troca de oleo,Conveniencia,Calibragem,Lava-jato;;;;preco conferido por telefone
23/02/2026;2026-S09;CONCORRENTE; 23.238.396/0001-05;CAPIXABA COMERCIO DE PRODUTOS AUTOMOTIVOS LTDA;CAPIXABA COMERCIO DE PRODUTOS AUTOMOTIVOS LTDA;ATLÂNTICA;RUA PROFESSOR MELCHIADES PEREIRA MARTINS, 15 - CENTRO;29200-480;GUARAPARI;ES;SE;DIESEL S10, ETANOL, GASOLINA, GASOLINA ADITIVADA;6,07 / 4,99 / 6,18 / 6,30;"R$ / litro; R$ / litro; R$ / litro; R$ / litro";Caixa eletronico;;;;
23/02/2026;2026-S09;CONCORRENTE; 23.305.603/0001-05;POSTO MARLIM BRANCO LTDA - ME;POSTO MARLIM BRANCO LTDA - ME;VIBRA;AVENIDA ROMULO CASTELLO, 161 - LOTE  16 17 18 - CASTELANDIA;29172-620;SERRA;ES;SE;GASOLINA, GASOLINA ADITIVADA;5,97 / 6,69;"R$ / litro; R$ / litro";Borracharia;;;;
23/02/2026;2026-S09;CONCORRENTE;26980450000181;AUTO POSTO VITORIA COMERCIO DE COMBUSTIVEIS LTDA;AUTO POSTO VITORIA COMERCIO DE COMBUSTIVEIS LTDA;VIBRA;RUA OLYMPIO RODRIGUES PASSOS, 14 - LOJA  01 - JABOUR;29072-290;VITORIA;ES;SE;ETANOL, GASOLINA, GASOLINA ADITIVADA;4,79 / 6,09 / 6,39;"R$ / litro; R$ / litro; R$ / litro";Caixa eletronico;;;;
23/02/2026;2026-S09;CONCORRENTE; 27.020.445/0001-90;GUARAVE GUARAPARI VEICULOS LTDA;GUARAVE GUARAPARI VEICULOS LTDA;VIBRA;AVENIDA EWERSON DE ABREU SODRE, 300 - MUQUICABA;29215-010;GUARAPARI;ES;SE;GASOLINA, GASOLINA ADITIVADA;6,59 / 6,99;"R$ / litro; R$ / litro";Calibragem, Conveniencia;;;;
23/02/2026;2026-S09;CONCORRENTE; 27.020.445/0005-13;GUARAVE GUARAPARI VEICULOS LTDA;GUARAVE GUARAPARI VEICULOS LTDA;VIBRA;RODOVIA DO SOL, S/N - MUQUICABA;29215-005;GUARAPARI;ES;SE;GASOLINA, GASOLINA ADITIVADA;6,59 / 6,89;"R$ / litro; R$ / litro";Caixa eletronico,Borracharia;;;;
23/02/2026;2026-S09;CONCORRENTE; 27.066.273/0002-76;POSTO ARVOREDO LTDA;POSTO ARVOREDO LTDA;BRANCA;AVENIDA VITORIA, 1600 - POSTO - ILHA DE SANTA MARIA;29051-040;VITORIA;ES;SE;ETANOL, GASOLINA, GASOLINA ADITIVADA;4,49 / 5,89 / 5,89;"R$ / litro; R$ / litro; R$ / litro";"Lava-jato; Troca de oleo; Borracharia";;;;
23/02/2026;2026-S09;CONCORRENTE; 27.316.819/0001-19;BECAR PETROLEO LTDA;BECAR PETROLEO LTDA;RAIZEN;AVENIDA GOVERNADOR JONES DOS SANTOS NEVES, S/N - CONFLUENCIA COM RODOVIA DO SOL - MUQUICABA;29215-002;GUARAPARI;ES;SE;GASOLINA;6,59;R$ / litro;"Lava-jato; Conveniencia";;;;
23/02/2026;2026-S09;CONCORRENTE;27734094000189;POSTO ATLANTICO LTDA;POSTO ATLANTICO LTDA;RAIZEN;AVENIDA DANTE MICHELINI, 4655 - POSTO - JARDIM CAMBURI;29090-070;VITORIA;ES;SE;DIESEL S10, ETANOL, GASOLINA, GASOLINA ADITIVADA;6,39 / 4,99 / 5,99 / 6,34;"R$ / litro; R$ / litro; R$ / litro; R$ / litro";Borracharia / Calibragem;;;;
2026-02-23;2026-S09;CONCORRENTE; 28.059.632/0001-40;A.B.C. AUTO SERVICOS LTDA;A.B.C. AUTO SERVICOS LTDA;RAIZEN;AVENIDA ROBERT KENNEDY, 21 - A - SAO TORQUATO;29114-000;VILA VELHA;ES;SE;DIESEL, DIESEL S10, GASOLINA, GASOLINA ADITIVADA;6,09 / 6,09 / 5,89 / 6,29;"R$ / litro; R$ / litro; R$ / litro; R$ / litro";Caixa eletronico / Borracharia / Troca de oleo;;;;
23/02/2026;2026-S09;CONCORRENTE; 28.413.219/0001-31;COMERCIAL NORTE SUL LTDA;COMERCIAL NORTE SUL LTDA;VIBRA;AVENIDA MARUIPE, 2757 - SANTA LUIZA;29045-230;VITORIA;ES;SE;GASOLINA, GASOLINA ADITIVADA;6,09 / 6,39;"R$ / litro; R$ / litro";Lava-jato;;;;
23/02/2026;2026-S09;CONCORRENTE; 28.761.038/0001-04;AUTO POSTO PORTO LTDA;AUTO POSTO PORTO LTDA;VIBRA;AVENIDA PRESIDENTE FLORENTINO AVIDOS, 190 - PARQUE MOSCOSO;29018-190;VITORIA;ES;SE;DIESEL S10, GASOLINA, GASOLINA ADITIVADA;5,89 / 5,89 / 6,29;"R$ / litro; R$ / litro; R$ / litro";Lava-jato;;;;
23/02/2026;2026-S09;CONCORRENTE; 29.326.587/0001-05;AUTO POSTO PRAIA DE CAMBURI LTDA;AUTO POSTO PRAIA DE CAMBURI LTDA;VIBRA;AVENIDA DANTE MICHELINI, 1187 - JARDIM DA PENHA;29060-235;VITORIA;ES;SE;GASOLINA, GASOLINA ADITIVADA, GNV;5,99 / 6,39 / 3,99;"R$ / litro; R$ / litro; R$ / m³";"Caixa eletronico; Troca de oleo; Borracharia; Conveniencia";;;;
23/02/2026;2026-S09;CONCORRENTE; 32.248.017/0001-59;AUTO POSTO ALDEIA DA PRAIA LTDA;AUTO POSTO ALDEIA DA PRAIA LTDA;IPIRANGA;AVENIDA PARIS, S/N - PRAIA DO MORRO;29216-570;GUARAPARI;ES;SE;DIESEL S10, ETANOL, GASOLINA, GASOLINA ADITIVADA;6,09 / 5,18 / 6,59 / 6,89;"R$ / litro; R$ / litro; R$ / litro; R$ / litro";Caixa eletronico, Lava-jato;;;;
24/02/2026;2026-S09;CONCORRENTE; 01.503.536/0001-92;POSTO MARCELA LTDA;POSTO MARCELA LTDA;VIBRA;RUA DO PESSEGUEIRO, S/N - DIVINO ESPÍRITO SANTO;29107-230;VILA VELHA;ES;SE;DIESEL S10, GASOLINA, GASOLINA ADITIVADA;5,99 / 6,19 / 6,39;"R$ / litro; R$ / litro; R$ / litro";Caixa eletronico, Borracharia;;;;
2026-02-24;2026-S09;CONCORRENTE; 04.145.589/0011-49;ARARA AZUL REDE DE POSTOS LTDA;ARARA AZUL REDE DE POSTOS LTDA;BRANCA;RODOVIA RODOVIA DO SOL, 530 - PRAIA DE ITAPARICA;29102-020;VILA VELHA;ES;SE;DIESEL S10, ETANOL, GASOLINA, GASOLINA ADITIVADA;5,95 / 4,59 / 6,17 / 6,37;"R$ / litro; R$ / litro; R$ / litro; R$ / litro";Lava-jato,Troca de oleo,Borracharia;;;;
24/02/2026;2026-S09;CONCORRENTE; 04.361.389/0001-51;AUTO POSTO WAVE LTDA;AUTO POSTO WAVE LTDA;ALE;AVENIDA TALMA RODRIGUES RIBEIRO, 5416 A - PORTAL DE JACARAIPE;29173-795;SERRA;ES;SE;DIESEL, DIESEL S10, ETANOL, GASOLINA;5,99 / 6,09 / 4,66 / 5,99;"R$ / litro; R$ / litro; R$ / litro; R$ / litro";Calibragem / Borracharia;;;;
24/02/2026;2026-S09;CONCORRENTE; 04.361.389/0002-32;AUTO POSTO WAVE LTDA;AUTO POSTO WAVE LTDA;ALE;AVENIDA MARTIN PESCADOR, 12 - PORTO CANOA;29168-460;SERRA;ES;SE;DIESEL S10, ETANOL, GASOLINA, GASOLINA ADITIVADA;5,99 / 4,89 / 6,19 / 6,39;"R$ / litro; R$ / litro; R$ / litro; R$ / litro";Borracharia,Caixa eletronico,Troca de oleo;;;;
24/02/2026;2026-S09;CONCORRENTE; 04.994.796/0001-04;POSTO SB LTDA;POSTO SB LTDA;VIBRA;AVENIDA BRASILIA, 1360 - PLANICIE DA SERRA;29168-710;SERRA;ES;SE;GASOLINA, GASOLINA ADITIVADA;6,19 / 6,36;"R$ / litro; R$ / litro";Borracharia / Calibragem / Troca de oleo / Caixa eletronico;;;;
24/02/2026;2026-S09;CONCORRENTE; 05.393.247/0001-39;POSTO CANOA DERIVADOS DE PETROLEO LTDA;POSTO CANOA DERIVADOS DE PETROLEO LTDA;ALE;AVENIDA BRASILIA, 575 - PORTO CANOA;29168-600;SERRA;ES;SE;DIESEL S10, ETANOL, GASOLINA, GASOLINA ADITIVADA;5,99 / 4,89 / 6,19 / 6,39;"R$ / litro; R$ / litro; R$ / litro; R$ / litro";Borracharia,Caixa eletronico,Calibragem;;;;
24/02/2026;2026-S09;CONCORRENTE; 05.738.923/0001-69;GEGEL AUTO POSTO LTDA;GEGEL AUTO POSTO LTDA;RAIZEN;AVENIDA CENTRAL B, S/N - QUADRAEC VII - CIVIT II;29168-071;SERRA;ES;SE;DIESEL, ETANOL, GASOLINA, GASOLINA ADITIVADA;5,99 / 4,79 / 6,09 / 6,59;"R$ / litro; R$ / litro; R$ / litro; R$ / litro";Conveniencia, Borracharia, Caixa eletronico, Calibragem;;;;
24/02/2026;2026-S09;CONCORRENTE; 07.830.414/0001-97;REVENDA DE COMBUSTIVEIS BKR LTDA;REVENDA DE COMBUSTIVEIS BKR LTDA;RAIZEN;RODOVIA GOVERNADOR MARIO COVAS, 122 - BARCELONA;29166-095;SERRA;ES;SE;DIESEL, ETANOL, GASOLINA, GASOLINA ADITIVADA;5,95 / 4,89 / 6,09 / 6,44;"R$ / litro; R$ / litro; R$ / litro; R$ / litro";Calibragem, Troca de oleo, Borracharia;;;;
24/02/2026;2026-S09;CONCORRENTE; 08.022.304/0001-61;AUTO POSTO DE COMBUSTIVEL RTT LTDA.;AUTO POSTO DE COMBUSTIVEL RTT LTDA;IPIRANGA;RUA MOEMA, 38 - DIVINO ESPIRITO SANTO;29107-250;VILA VELHA;ES;SE;DIESEL S10, ETANOL, GASOLINA, GASOLINA ADITIVADA;5,99 / 4,99 / 6,29 / 6,39;"R$ / litro; R$ / litro; R$ / litro; R$ / litro";Borracharia;;;;
24/02/2026;2026-S09;CONCORRENTE; 10.569.345/0001-14;POSTO CRISTOVAO COLOMBO LTDA;POSTO CRISTOVAO COLOMBO LTDA;VIBRA;RUA CRISTOVAO COLOMBO, 582 - CRISTOVAO COLOMBO;29106-595;VILA VELHA;ES;SE;GASOLINA, GASOLINA ADITIVADA;6,19 / 6,49;"R$ / litro; R$ / litro";"Caixa eletronico; Troca de oleo; Lava-jato; Calibragem";;;;
24/02/2026;2026-S09;CONCORRENTE; 12.535.572/0001-54;AUTO POSTO MORADA LTDA;AUTO POSTO MORADA LTDA;IPIRANGA;AVENIDA PAULO PEREIRA GOMES, S/N - LOTE  03C                 QUADRAUE IV               SETOR II - MORADA DE LARANJEIRAS;29166-828;SERRA;ES;SE;DIESEL S10, ETANOL, GASOLINA, GASOLINA ADITIVADA;6,05 / 4,89 / 5,94 / 6,14;"R$ / litro; R$ / litro; R$ / litro; R$ / litro";Borracharia / Calibragem / Troca de oleo;;;;ATUALIZAR!!
24/02/2026;2026-S09;CONCORRENTE; 13.602.147/0001-01;AUTO POSTO LAGOA DO MEIO LTDA;AUTO POSTO LAGOA DO MEIO LTDA;IPIRANGA;RUA GUAICURUS, 18 - LAGOA DO MEIO;29904-010;LINHARES;ES;SE;DIESEL S10, ETANOL, GASOLINA;6,09 / 4,69 / 6,39;"R$ / litro; R$ / litro; R$ / litro";Borracharia / Caixa eletronico;;;;
24/02/2026;2026-S09;CONCORRENTE; 22.356.015/0001-20;CENTRAL COMERCIO DE COMBUSTIVEIS LTDA.;CENTRAL COMERCIO DE COMBUSTIVEIS LTDA;IPIRANGA;"AVENIDA ELDES SCHERRER SOUZA, 2100 - : POSTO; - CIVIT II";29168-060;SERRA;ES;SE;DIESEL, DIESEL S10, ETANOL, GASOLINA, GASOLINA ADITIVADA, GNV;5,89 / 5,99 / 4,69 / 6,09 / 6,29 / 3,99;"R$ / litro; R$ / litro; R$ / litro; R$ / litro; R$ / litro; R$ / m³";Troca de oleo,Borracharia,Lava-jato,Conveniencia;;;;
24/02/2026;2026-S09;CONCORRENTE; 31.465.040/0001-32;POSTO ITAPOA LTDA;POSTO ITAPOA LTDA;IPIRANGA;AVENIDA FRANCELINA SETUBAL, 333 - ITAPOAN;29100-000;VILA VELHA;ES;SE;DIESEL S10, ETANOL, GASOLINA, GASOLINA ADITIVADA;5,99 / 4,78 / 6,19 / 6,49;"R$ / litro; R$ / litro; R$ / litro; R$ / litro";Calibragem,Lava-jato;;;;
24/02/2026;2026-S09;CONCORRENTE; 32.467.417/0001-55;J C RODRIGUES NETO E FILHOS LTDA;J C RODRIGUES NETO E FILHOS LTDA;VIBRA;RUA CEARA, S/N - LOTES 01/04  Q.01 - PRAIA DA COSTA;29101-290;VILA VELHA;ES;SE;GASOLINA, GASOLINA ADITIVADA;6,08 / 6,08;"R$ / litro; R$ / litro";"Lava-jato; Borracharia; Calibragem; Caixa eletronico";;;;
25/02/2026;2026-S09;CONCORRENTE; 00.580.488/0001-73;POSTO DE GASOLINA MARACANA LTDA;POSTO DE GASOLINA MARACANA LTDA;IPIRANGA;AVENIDA ALICE COUTINHO SANTOS, 2101 - POSTO DE GASOLINA - MARACANA;29142-887;CARIACICA;ES;SE;DIESEL, DIESEL S10, ETANOL, GASOLINA, GASOLINA ADITIVADA;5,99 / 6,09 / 4,79 / 6,09 / 6,29;"R$ / litro; R$ / litro; R$ / litro; R$ / litro; R$ / litro";Troca de oleo,Borracharia,Caixa eletronico;;;;
25/02/2026;2026-S09;CONCORRENTE; 05.892.261/0001-87;AUTO POSTO VALE ENCANTADO LTDA.;AUTO POSTO VALE ENCANTADO LTDA.;VIBRA;RUA SOBREIRO, 395 - RIO MARINHO;29112-112;VILA VELHA;ES;SE;DIESEL, DIESEL S10, GASOLINA, GASOLINA ADITIVADA;6,19 / 6,29 / 6,19 / 6,29;"R$ / litro; R$ / litro; R$ / litro; R$ / litro";Calibragem;;;;
25/02/2026;2026-S09;CONCORRENTE; 06.073.382/0001-60;AUTO POSTO SUCESSO LTDA;AUTO POSTO SUCESSO LTDA;BRANCA;AVENIDA JOAO FRANCISCO GONCALVES, 746 - COBILANDIA;29111-300;VILA VELHA;ES;SE;DIESEL S10, ETANOL, GASOLINA;5,79 / 4,59 / 6,06;"R$ / litro; R$ / litro; R$ / litro";"Caixa eletronico; Calibragem; Lava-jato; Borracharia";;;;
25/02/2026;2026-S09;CONCORRENTE; 10.813.831/0001-36;AUTO POSTO E SERVICOS ARACRUZ - COLINA DE BELA VISTA LTDA;AUTO POSTO E SERVICOS ARACRUZ - COLINA DE BELA VISTA LTDA;RAIZEN;AVENIDA CASTELO BRANCO, 14 - QUADRARC 06 -                   LOTEAMENTO COLINA - BELA VISTA;29192-066;ARACRUZ;ES;SE;DIESEL, DIESEL S10, GASOLINA, GASOLINA ADITIVADA;5,95 / 6,15 / 6,54 / 6,84;"R$ / litro; R$ / litro; R$ / litro; R$ / litro";Troca de oleo,Caixa eletronico,Borracharia,Lava-jato;;;;ver com gerente
2026-02-25;2026-S09;PROPRIO; 11.222.333/0001-81;REDE MARE COMBUSTIVEIS LTDA;REDE MARE;BRANCA;AVENIDA MARIO GURGEL, 1092 - ITAQUARI;29151-570;CARIACICA;ES;SE;DIESEL, DIESEL S10, ETANOL, GASOLINA, GASOLINA ADITIVADA, GNV;5,90 / 5,97 / 4,65 / 6,19 / 6,19 / 4,09;"R$ / litro; R$ / litro; R$ / litro; R$ / litro; R$ / litro; R$ / m³";"Conveniencia; Troca de oleo; Caixa eletronico; Borracharia";Carlos Menezes;(27) 99811-2041 / (27) 3334-1100;"00.580.488/0001-73; 13.814.642/0001-76; 15.226.314/0001-84";
25/02/2026;2026-S09;PROPRIO; 11.222.333/0005-05;REDE MARE COMBUSTIVEIS LTDA;REDE MARE;BRANCA;AVENIDA MARIO GURGEL, 3127 - FUNDOSCOM A AV EXPEDITO GA - CAMPO GRANDE;29146-012;CARIACICA;ES;SE;DIESEL S10, ETANOL, GASOLINA, GASOLINA ADITIVADA, GNV;5,99 / 4,79 / 6,09 / 6,09 / 3,99;"R$ / litro; R$ / litro; R$ / litro; R$ / litro; R$ / m³";Conveniencia;Marcos Lyrio;(27) 99890-1276 / (27) 3345-0098;00.580.488/0001-73 / 13.814.642/0001-76 / 15.226.314/0001-84;
25/02/2026;2026-S09;CONCORRENTE; 13.814.642/0001-76;POSTO BR 31 AUTO SERVICOS LTDA;POSTO BR 31 AUTO SERVICOS LTDA;RAIZEN;AVENIDA MARIO GURGEL, 2844 - ALTO LAJE;29151-026;CARIACICA;ES;SE;DIESEL S10, ETANOL, GASOLINA, GASOLINA ADITIVADA;6,09 / 4,59 / 6,09 / 6,49;"R$ / litro; R$ / litro; R$ / litro; R$ / litro";Troca de oleo / Calibragem / Caixa eletronico / Conveniencia;;;;conferir bandeira
25/02/2026;2026-S09;CONCORRENTE; 15.226.314/0001-84;MAIS COMERCIO DE COMBUSTIVEL CARIACICA LTDA;MAIS COMERCIO DE COMBUSTIVEL CARIACICA LTDA;BRANCA;AVENIDA MARIO GURGEL, 4935 - VILA PALESTINA;29145-711;CARIACICA;ES;SE;ETANOL, GASOLINA;4,69 / 6,09;"R$ / litro; R$ / litro";Borracharia, Lava-jato, Conveniencia, Calibragem;;;;
25/02/2026;2026-S09;CONCORRENTE; 18.366.697/0001-84;POSTO RIO MARINHO COMERCIO DE DERIVADOS DE PETROLEO EIRELI - EPP;POSTO RIO MARINHO COMERCIO DE DERIVADOS DE PETROLEO EIRELI - EPP;VIBRA;AVENIDA RIO MARINHO, S/N - RIO MARINHO;29112-690;VILA VELHA;ES;SE;DIESEL, DIESEL S10, ETANOL, GASOLINA, GASOLINA ADITIVADA;5,87 / 5,97 / 4,79 / 6,08 / 6,39;"R$ / litro; R$ / litro; R$ / litro; R$ / litro; R$ / litro";Conveniencia;;;;
25/02/2026;2026-S09;CONCORRENTE; 24.145.665/0001-51;C.R.B. DEZAN E CIA LTDA;C.R.B. DEZAN E CIA LTDA;ATLÂNTICA;AVENIDA MARIO GURGEL, 5913 - AUTO POSTO - SAO FRANCISCO;29145-409;CARIACICA;ES;SE;DIESEL S10, ETANOL, GASOLINA;6,09 / 4,79 / 6,19;"R$ / litro; R$ / litro; R$ / litro";Conveniencia, Caixa eletronico;;;;
25/02/2026;2026-S09;CONCORRENTE; 27.016.518/0001-70;AUTO POSTO CONTORNO LTDA;AUTO POSTO CONTORNO LTDA;ALE;RODOVIA GOVERNADOR MARIO COVAS, 11282 - SERRA DO ANIL;29147-030;CARIACICA;ES;SE;DIESEL, DIESEL S10, ETANOL, GASOLINA, GASOLINA ADITIVADA;5,89 / 5,99 / 4,79 / 6,19 / 6,39;"R$ / litro; R$ / litro; R$ / litro; R$ / litro; R$ / litro";Borracharia;;;;
25/02/2026;2026-S09;CONCORRENTE; 27.303.411/0003-74;AUTO POSTO DADINHO LTDA;AUTO POSTO DADINHO LTDA;ALE;AVENIDA VEREADOR WILMO VITORIO GUIZANI, 12 - SAO JOSE;29905-080;LINHARES;ES;SE;DIESEL S10, GASOLINA, GASOLINA ADITIVADA;6,07 / 6,39 / 6,49;"R$ / litro; R$ / litro; R$ / litro";Caixa eletronico, Lava-jato;;;;
25/02/2026;2026-S09;CONCORRENTE; 27.394.378/0001-73;POSTO DE PRODUTOS DE PETROLEO OASIS LTDA;POSTO DE PRODUTOS DE PETROLEO OASIS LTDA;IPIRANGA;AVENIDA MARIO GURGEL, 297 - JARDIM AMERICA;29140-261;CARIACICA;ES;SE;DIESEL S10, GASOLINA, GASOLINA ADITIVADA, GNV;6,09 / 5,88 / 6,39 / 3,99;"R$ / litro; R$ / litro; R$ / litro; R$ / m³";"Calibragem; Caixa eletronico";;;;
25/02/2026;2026-S09;CONCORRENTE; 27.396.415/0001-82;AUTO SERVICO SAO CRISTOVAO LTDA;AUTO SERVICO SAO CRISTOVAO LTDA;VIBRA;AVENIDA MARIO GURGEL, 4 - KM    4 5  BR 262 - DOM BOSCO;29147-345;CARIACICA;ES;SE;DIESEL, ETANOL, GASOLINA, GASOLINA ADITIVADA, GNV;6,03 / 4,68 / 6,14 / 6,24 / 3,98;"R$ / litro; R$ / litro; R$ / litro; R$ / litro; R$ / m³";Caixa eletronico / Borracharia / Conveniencia;;;;
2026-02-25;2026-S09;CONCORRENTE; 27.926.384/0001-24;PETROVERA - POSTO DE PRODUTOS DE PETROLEO E TRANSPORTES LTDA - ME;PETROVERA - POSTO DE PRODUTOS DE PETROLEO E TRANSPORTES LTDA - ME;IPIRANGA;RODOVIA GOVERNADOR JOSE HENRIQUE SETTE, 906 - PAVMTO01 - ALTO LAGE;29151-055;CARIACICA;ES;SE;DIESEL, DIESEL S10, ETANOL, GASOLINA, GASOLINA ADITIVADA;5,89 / 5,99 / 4,69 / 6,15 / 6,15;"R$ / litro; R$ / litro; R$ / litro; R$ / litro; R$ / litro";Caixa eletronico / Conveniencia / Borracharia / Calibragem;;;;
25/02/2026;2026-S09;CONCORRENTE; 28.344.206/0001-58;POSTO DE COMBUSTIVEIS ITACIBA LTDA;POSTO DE COMBUSTIVEIS ITACIBA LTDA;BRANCA;RUA MANOEL JOAQUIM DOS SANTOS, 317 - ITACIBA;29150-270;CARIACICA;ES;SE;ETANOL, GASOLINA, GASOLINA ADITIVADA;4,59 / 6,15 / 6,15;"R$ / litro; R$ / litro; R$ / litro";"Troca de oleo; Conveniencia; Lava-jato; Borracharia";;;;
25/02/2026;2026-S09;CONCORRENTE; 29.986.296/0001-43;EDEPEL EQUIPAMENTOS E DERIVADOS DE PETROLEO LTDA;EDEPEL EQUIPAMENTOS E DERIVADOS DE PETROLEO LTDA;RAIZEN;AVENIDA MARIO GURGEL, 4338 - LOJA  POSTO - VILA CAPIXABA;29148-022;CARIACICA;ES;SE;GASOLINA;6,09;R$/l;Borracharia / Lava-jato;;;;
25/02/2026;2026-S09;CONCORRENTE; 37.361.618/0001-97;AUTO POSTO MAX COMBUSTIVEIS E DERIVADOS LTDA;AUTO POSTO MAX COMBUSTIVEIS E DERIVADOS LTDA;BRANCA;AVENIDA CEREJEIRA, 694 - LOTE  01                  QUADRA12 - MOVELAR;29906-014;LINHARES;ES;SE;ETANOL, GASOLINA, GASOLINA ADITIVADA;4,59 / 6,39 / 6,39;"R$ / litro; R$ / litro; R$ / litro";Caixa eletronico, Calibragem;;;;
26/02/2026;2026-S09;CONCORRENTE; 03.948.877/0003-69;AUTO POSTO SANTA ANA LTDA;AUTO POSTO SANTA ANA LTDA;ALE;RODOVIA DO CAFE, 1871 - CARLOS GERMANO NAUMANN;29705-200;COLATINA;ES;SE;DIESEL, DIESEL S10, GASOLINA, GASOLINA ADITIVADA;5,89 / 5,99 / 6,49 / 6,69;"R$ / litro; R$ / litro; R$ / litro; R$ / litro";Calibragem,Lava-jato,Troca de oleo;;;;
26/02/2026;2026-S09;CONCORRENTE; 04.814.652/0001-10;POSTO MOTOCAP LTDA;POSTO MOTOCAP LTDA;VIBRA;PRACA ALMIRANTE BARROSO, 52 - LETRA A - LACE;29703-055;COLATINA;ES;SE;GASOLINA;6,59;R$ / litro;Calibragem,Lava-jato,Conveniencia;;;;
26/02/2026;2026-S09;CONCORRENTE; 04.850.382/0001-01;POSTO ARIBIRI DO GAS;POSTO ARIBIRI DO GAS LTDA;VIBRA;AVENIDA CARLOS LINDEMBERG, 1944 - SANTA INEZ;29108-075;VILA VELHA;ES;SE;GASOLINA, GASOLINA ADITIVADA, GNV;6,08 / 6,28 / 3,99;"R$ / litro; R$ / litro; R$ / m³";Caixa eletronico / Lava-jato;;;;
26/02/2026;2026-S09;CONCORRENTE; 05.791.319/0001-04;MOTOCAP COMBUSTIVEIS LTDA;MOTOCAP COMBUSTIVEIS LTDA;VIBRA;RODOVIA GETHER LOPES DE FARIAS, 2600 - CARLOS GERMANO NAUMANN;29705-390;COLATINA;ES;SE;DIESEL, GASOLINA, GASOLINA ADITIVADA, GNV;5,99 / 6,53 / 6,63 / 4,49;"R$ / litro; R$ / litro; R$ / litro; R$ / m³";"Borracharia; Calibragem";;;;
26/02/2026;2026-S09;CONCORRENTE; 07.381.843/0001-24;POSTO DE COMBUSTIVEIS BRUNO LTDA;POSTO DE COMBUSTIVEIS BRUNO LTDA;BRANCA;RUA FIORAVANTE ROSSI, 738 - SAO BRAZ;29704-700;COLATINA;ES;SE;GASOLINA, GASOLINA ADITIVADA;6,49 / 6,49;"R$ / litro; R$ / litro";Borracharia;;;;
26/02/2026;2026-S09;CONCORRENTE; 08.519.545/0001-10;SAO FRANCISCO DE ASSIS COMERCIO DE COMBUSTIVEIS LTDA;SAO FRANCISCO DE ASSIS COMERCIO DE COMBUSTIVEIS LTDA;VIBRA;PRACA FIDELIS FERRARI, 35 - LACE;29703-030;COLATINA;ES;SE;GASOLINA, GASOLINA ADITIVADA;6,79 / 6,89;"R$ / litro; R$ / litro";Caixa eletronico,Troca de oleo,Conveniencia;;;;
26/02/2026;2026-S09;CONCORRENTE; 08.971.375/0001-00;Brax Combustiveis Ltda;BRAX COMBUSTIVEIS LTDA;IPIRANGA;RODOVIA CONEGO JOAO GUILHERME, 1516 - MARIO GIURIZATTO;29706-557;COLATINA;ES;SE;DIESEL, DIESEL S10, ETANOL, GASOLINA, GASOLINA ADITIVADA;6,11 / 6,21 / 4,87 / 6,39 / 6,50;"R$ / litro; R$ / litro; R$ / litro; R$ / litro; R$ / litro";"Lava-jato; Troca de oleo";;;;
26/02/2026;2026-S09;CONCORRENTE; 14.509.900/0001-73;POSTO DE COMBUSTIVEIS LINHARES LTDA;POSTO DE COMBUSTIVEIS LINHARES LTDA;BRANCA;AVENIDA SAO MATEUS, S/N - SHELL;29901-630;LINHARES;ES;SE;ETANOL, GASOLINA;4,54 / 6,39;"R$ / litro; R$ / litro";Lava-jato / Calibragem / Caixa eletronico / Troca de oleo;;;;
26/02/2026;2026-S09;CONCORRENTE; 20.246.670/0001-08;POSTO DE COMBUSTIVEIS COLATINA LTDA;POSTO DE COMBUSTIVEIS COLATINA LTDA;BRANCA;RODOVIA DO CAFE, 606 - CARLOS GERMANO NAUMANN;29705-200;COLATINA;ES;SE;DIESEL, DIESEL S10, ETANOL, GASOLINA;5,89 / 5,99 / 4,59 / 6,49;"R$ / litro; R$ / litro; R$ / litro; R$ / litro";"Troca de oleo; Calibragem";;;;
26/02/2026;2026-S09;CONCORRENTE; 21.246.940/0001-35;AUTO POSTO GASCROMA COMERCIO DE COMBUSTIVEIS, LUBRIFICANTES E SERVICOS LTDA;AUTO POSTO GASCROMA COMERCIO DE COMBUSTIVEIS, LUBRIFICANTES E SERVICOS LTDA;VIBRA;AVENIDA JERONIMO MONTEIRO, 840 - JABURUNA;29100-600;VILA VELHA;ES;SE;DIESEL, GASOLINA, GASOLINA ADITIVADA;6,19 / 6,29 / 6,99;"R$ / litro; R$ / litro; R$ / litro";"Calibragem; Conveniencia";;;;
26/02/2026;2026-S09;CONCORRENTE; 23.314.250/0001-00;COMERCIO DE COMBUSTIVEIS LINDENBERG LTDA;COMERCIO DE COMBUSTIVEIS LINDENBERG LTDA;BRANCA;AVENIDA CARLOS LINDENBERG, 5718 - LOTE  2. 3. 14 E 15       QUADRAD - SANTA INES;29108-075;VILA VELHA;ES;SE;DIESEL S10, ETANOL, GASOLINA;5,85 / 4,57 / 6,06;"R$ / litro; R$ / litro; R$ / litro";Conveniencia / Borracharia / Calibragem;;;;
26/02/2026;2026-S09;CONCORRENTE; 27.085.240/0001-92;POSTO DE GASOLINA SANTO ANTONIO LTDA;POSTO DE GASOLINA SANTO ANTONIO LTDA;ALE;AVENIDA SILVIO AVIDOS, 3251 - SANTO ANTONIO;29704-053;COLATINA;ES;SE;DIESEL, DIESEL S10, GASOLINA, GASOLINA ADITIVADA;6,09 / 6,19 / 6,49 / 6,62;"R$ / litro; R$ / litro; R$ / litro; R$ / litro";Lava-jato / Calibragem;;;;
27/02/2026;2026-S09;CONCORRENTE; 09.369.995/0001-37;POSTO DE COMBUSTIVEIS FERRARI SAO MATEUS LTDA;POSTO DE COMBUSTIVEIS FERRARI SAO MATEUS LTDA;BRANCA;"RODOVIA BR-101 NORTE, 921 - KM: 63; - VILA NOVA";29941-010;SAO MATEUS;ES;SE;ETANOL, GASOLINA, GNV;4,89 / 6,39 / 4,98;"R$ / litro; R$ / litro; R$ / m³";Lava-jato, Troca de oleo, Conveniencia;;;;
27/02/2026;2026-S09;CONCORRENTE; 30.869.047/0001-57;ABT COMERCIO DE COMBUSTIVEIS LTDA;ABT COMERCIO DE COMBUSTIVEIS LTDA;BRANCA;RODOVIA GOVERNADOR MARIO COVAS, 1874 - KM    65 - BOA VISTA;29931-200;SAO MATEUS;ES;SE;DIESEL, DIESEL S10, ETANOL, GASOLINA;5,89 / 5,99 / 4,99 / 6,39;"R$ / litro; R$ / litro; R$ / litro; R$ / litro";Lava-jato,Troca de oleo,Caixa eletronico;;;;
2026-03-02;2026-S10;CONCORRENTE; 00.580.488/0001-73;POSTO DE GASOLINA MARACANA LTDA;POSTO DE GASOLINA MARACANA LTDA;IPIRANGA;AVENIDA ALICE COUTINHO SANTOS, 2101 - POSTO DE GASOLINA - MARACANA;29142-887;CARIACICA;ES;SE;DIESEL, DIESEL S10, ETANOL, GASOLINA, GASOLINA ADITIVADA;5,99 / 6,09 / 4,79 / 6,09 / 6,29;"R$ / litro; R$ / litro; R$ / litro; R$ / litro; R$ / litro";"Troca de oleo; Borracharia; Caixa eletronico";;;;
02/03/2026;2026-S10;CONCORRENTE; 01.514.752/0001-33;POSTO THIAGO LIMITADA;POSTO THIAGO LIMITADA;VIBRA;AVENIDA CEZAR HILAL, 868 - BENTO FERREIRA;29050-662;VITORIA;ES;SE;ETANOL, GASOLINA, GASOLINA ADITIVADA;4,49 / 5,89 / 6,09;"R$ / litro; R$ / litro; R$ / litro";Caixa eletronico;;;;
02/03/2026;2026-S10;CONCORRENTE; 01.823.633/0001-62;POSTO METROPOLITANO;POSTO METROPOLITANO LTDA;IPIRANGA;VIA DOIS, 226 - ANEXO QUADRA 03 MODULO 03 - TIMS;29161-373;SERRA;ES;SE;DIESEL, DIESEL S10, ETANOL, GASOLINA, GASOLINA ADITIVADA;5,79 / 5,89 / 4,69 / 5,89 / 6,09;"R$ / litro; R$ / litro; R$ / litro; R$ / litro; R$ / litro";Borracharia,Calibragem;;;;
02/03/2026;2026-S10;CONCORRENTE; 02.567.214/0001-70;POSTO DE COMBUSTIVEL IDEAL LTDA;POSTO DE COMBUSTIVEL IDEAL LTDA;IPIRANGA;AVENIDA VITORIA, 3031 - GURIGICA;29027-080;VITORIA;ES;SE;ETANOL, GASOLINA, GASOLINA ADITIVADA;4,59 / 5,89 / 6,04;"R$ / litro; R$ / litro; R$ / litro";Conveniencia / Borracharia / Calibragem;;;;
02/03/2026;2026-S10;CONCORRENTE; 02.582.857/0001-92;POSTO CAMPO GRANDE LTDA;POSTO CAMPO GRANDE LTDA;ATLÂNTICA;AVENIDA EXPEDITO GARCIA, 222 - CAMPO GRANDE;29157-405;CARIACICA;ES;SE;ETANOL, GASOLINA, GASOLINA ADITIVADA;4,69 / 6,05 / 6,05;"R$ / litro; R$ / litro; R$ / litro";Lava-jato;;;;
02/03/2026;2026-S10;CONCORRENTE;04228463000166;AUTO POSTO MARLIN LTDA;AUTO POSTO MARLIN LTDA;ATLÂNTICA;RUA JUIZ ALEXANDRE MARTINS DE CASTRO FILHO, 285 - SANTA LUCIA;29056-295;VITORIA;ES;SE;DIESEL S10, ETANOL, GASOLINA, GASOLINA ADITIVADA;5,99 / 4,89 / 6,09 / 6,09;"R$ / litro; R$ / litro; R$ / litro; R$ / litro";Caixa eletronico,Troca de oleo;;;;
02/03/2026;2026-S10;CONCORRENTE; 04.361.389/0001-51;AUTO POSTO WAVE LTDA;AUTO POSTO WAVE LTDA;ALE;AVENIDA TALMA RODRIGUES RIBEIRO, 5416 A - PORTAL DE JACARAIPE;29173-795;SERRA;ES;SE;DIESEL, DIESEL S10, ETANOL, GASOLINA;5,99 / 6,09 / 4,79 / 5,99;"R$ / litro; R$ / litro; R$ / litro; R$ / litro";Calibragem / Borracharia;;;;
02/03/2026;2026-S10;CONCORRENTE; 04.960.337/0001-00;RENOVA COMERCIO COMBUSTIVEL E SERVICOS LTDA;RENOVA COMERCIO COMBUSTIVEL E SERVICOS LTDA;BRANCA;AVENIDA LEITAO DA SILVA, 1150 - SANTA LUCIA;29056-184;VITORIA;ES;SE;ETANOL, GASOLINA, GASOLINA ADITIVADA;4,45 / 5,89 / 5,89;"R$ / litro; R$ / litro; R$ / litro";Borracharia / Calibragem;;;;
02/03/2026;2026-S10;CONCORRENTE; 05.738.923/0001-69;GEGEL AUTO POSTO LTDA;GEGEL AUTO POSTO LTDA;RAIZEN;AVENIDA CENTRAL B, S/N - QUADRAEC VII - CIVIT II;29168-071;SERRA;ES;SE;DIESEL, ETANOL, GASOLINA, GASOLINA ADITIVADA;5,99 / 4,79 / 6,09 / 6,59;"R$ / litro; R$ / litro; R$ / litro; R$ / litro";Conveniencia / Borracharia / Caixa eletronico / Calibragem;;;;
02/03/2026;2026-S10;CONCORRENTE; 05.892.261/0001-87;AUTO POSTO VALE ENCANTADO LTDA.;AUTO POSTO VALE ENCANTADO LTDA.;VIBRA;RUA SOBREIRO, 395 - RIO MARINHO;29112-112;VILA VELHA;ES;SE;DIESEL, DIESEL S10, GASOLINA, GASOLINA ADITIVADA;6,19 / 6,29 / 6,19 / 6,29;"R$ / litro; R$ / litro; R$ / litro; R$ / litro";Calibragem;;;;
02/03/2026;2026-S10;CONCORRENTE; 06.073.382/0001-60;AUTO POSTO SUCESSO LTDA;AUTO POSTO SUCESSO LTDA;BRANCA;AVENIDA JOAO FRANCISCO GONCALVES, 746 - COBILANDIA;29111-300;VILA VELHA;ES;SE;DIESEL S10, ETANOL, GASOLINA;5,79 / 4,59 / 6,06;"R$ / litro; R$ / litro; R$ / litro";Caixa eletronico,Calibragem,Lava-jato,Borracharia;;;;
02/03/2026;2026-S10;CONCORRENTE; 07.571.908/0001-02;AUTO POSTO CORAL LTDA;AUTO POSTO CORAL LTDA;VIBRA;AVENIDA NORTE SUL, 259 - N.S.DO ROSARIO DE FATIMA;29176-798;SERRA;ES;SE;GASOLINA, GASOLINA ADITIVADA;5,99 / 6,29;"R$ / litro; R$ / litro";Borracharia, Lava-jato, Conveniencia;;;;
02/03/2026;2026-S10;CONCORRENTE; 08.788.618/0001-70;J. S. PETROLEO E COMERCIO LTDA.;J. S. PETROLEO E COMERCIO LTDA.;RAIZEN;AVENIDA DANTE MICHELINI, 2461 - MATA DA PRAIA;29066-430;VITORIA;ES;SE;ETANOL, GASOLINA, GASOLINA ADITIVADA, GNV;4,79 / 5,99 / 6,39 / 4,09;"R$ / litro; R$ / litro; R$ / litro; R$ / m³";Borracharia / Caixa eletronico / Troca de oleo;;;;
02/03/2026;2026-S10;CONCORRENTE;10813831000136;AUTO POSTO E SERVICOS ARACRUZ - COLINA DE BELA VISTA LTDA;AUTO POSTO E SERVICOS ARACRUZ - COLINA DE BELA VISTA LTDA;RAIZEN;AVENIDA CASTELO BRANCO, 14 - QUADRARC 06 -                   LOTEAMENTO COLINA - BELA VISTA;29192-066;ARACRUZ;ES;SE;DIESEL, DIESEL S10, GASOLINA, GASOLINA ADITIVADA;5,95 / 6,15 / 6,54 / 6,84;"R$ / litro; R$ / litro; R$ / litro; R$ / litro";"Troca de oleo; Caixa eletronico; Borracharia; Lava-jato";;;;
02/03/2026;2026-S10;PROPRIO; 11.222.333/0001-81;REDE MARE COMBUSTIVEIS LTDA.;REDE MARE;BRANCA;AVENIDA MARIO GURGEL, 1092 - ITAQUARI;29151-570;CARIACICA;ES;SE;DIESEL, DIESEL S10, ETANOL, GASOLINA, GASOLINA ADITIVADA, GNV;5,90 / 5,97 / 4,65 / 6,19 / 6,19 / 4,09;"R$ / litro; R$ / litro; R$ / litro; R$ / litro; R$ / litro; R$ / m³";Conveniencia,Troca de oleo,Caixa eletronico,Borracharia;Carlos Menezes;(27) 99811-2041 / (27) 3334-1100;"00.580.488/0001-73; 13.814.642/0001-76; 15.226.314/0001-84";
02/03/2026;2026-S10;PROPRIO; 11.222.333/0003-43;REDE MARE COMBUSTIVEIS LTDA;REDE MARE;BRANCA;AVENIDA VITORIA, 2667 - HORTO;29027-080;VITORIA;ES;SE;DIESEL S10, ETANOL, GASOLINA, GASOLINA ADITIVADA;5,89 / 4,49 / 5,89 / 5,89;"R$ / litro; R$ / litro; R$ / litro; R$ / litro";Conveniencia / Borracharia;Paulo Ferraz;(27) 99945-7810 / (27) 3226-4410;02.567.214/0001-70 / 14.806.977/0001-05 / 26.980.450/0001-81;
02/03/2026;2026-S10;PROPRIO; 11.222.333/0005-05;REDE MARE COMBUSTIVEIS LTDA;REDE MARE;BRANCA;AVENIDA MARIO GURGEL, 3127 - FUNDOSCOM A AV EXPEDITO GA - CAMPO GRANDE;29146-012;CARIACICA;ES;SE;DIESEL S10, ETANOL, GASOLINA, GASOLINA ADITIVADA, GNV;5,99 / 4,79 / 6,09 / 6,09 / 3,99;"R$ / litro; R$ / litro; R$ / litro; R$ / litro; R$ / m³";Conveniencia;Marcos Lyrio;(27) 99890-1276 / (27) 3345-0098;"00.580.488/0001-73; 13.814.642/0001-76; 15.226.314/0001-84";
02/03/2026;2026-S10;CONCORRENTE; 12.535.572/0001-54;AUTO POSTO MORADA LTDA;AUTO POSTO MORADA LTDA;IPIRANGA;AVENIDA PAULO PEREIRA GOMES, S/N - LOTE  03C                 QUADRAUE IV               SETOR II - MORADA DE LARANJEIRAS;29166-828;SERRA;ES;SE;DIESEL S10, ETANOL, GASOLINA, GASOLINA ADITIVADA;6,05 / 4,89 / 5,94 / 6,14;"R$ / litro; R$ / litro; R$ / litro; R$ / litro";Borracharia / Calibragem / Troca de oleo;;;;
02/03/2026;2026-S10;CONCORRENTE; 13.814.642/0001-76;POSTO BR 31 AUTO SERVICOS LTDA;POSTO BR 31 AUTO SERVICOS LTDA;RAIZEN;AVENIDA MARIO GURGEL, 2844 - ALTO LAJE;29151-026;CARIACICA;ES;SE;DIESEL S10, ETANOL, GASOLINA, GASOLINA ADITIVADA;5,99 / 4,59 / 6,09 / 6,49;"R$ / litro; R$ / litro; R$ / litro; R$ / litro";"Troca de oleo; Calibragem; Caixa eletronico; Conveniencia";;;;
02/03/2026;2026-S10;CONCORRENTE; 14.806.977/0001-05;AUTO POSTO SILVARES LTDA;AUTO POSTO SILVARES LTDA;IPIRANGA;AVENIDA   NAIR AZEVEDO SILVA, 430 - ILHA DO PRINCIPE;29020-240;VITORIA;ES;SE;ETANOL, GASOLINA, GASOLINA ADITIVADA;4,89 / 6,19 / 6,39;"R$ / litro; R$ / litro; R$ / litro";Borracharia;;;;
02/03/2026;2026-S10;CONCORRENTE; 15.226.314/0001-84;MAIS COMERCIO DE COMBUSTIVEL CARIACICA LTDA;MAIS COMERCIO DE COMBUSTIVEL CARIACICA LTDA;BRANCA;AVENIDA MARIO GURGEL, 4935 - VILA PALESTINA;29145-711;CARIACICA;ES;SE;ETANOL, GASOLINA;4,69 / 6,09;"R$ / litro; R$ / litro";Borracharia, Lava-jato, Conveniencia, Calibragem;;;;
02/03/2026;2026-S10;CONCORRENTE; 16.577.742/0001-14;AUTO POSTO ESCOLA COMERCIO DE COMBUSTIVEIS, LUBRIFICANTES E SERVICOS LTDA;AUTO POSTO ESCOLA COMERCIO DE COMBUSTIVEIS, LUBRIFICANTES E SERVICOS LTDA;VIBRA;"AVENIDA AMERICO BUAIZ, 1 - : POSTO; - ENSEADA DO SUA";29050-463;Vitória;ES;SE;GASOLINA, GASOLINA ADITIVADA;5,99 / 6,19;"R$ / litro; R$ / litro";Troca de oleo, Caixa eletronico;;;;
02/03/2026;2026-S10;CONCORRENTE; 18.366.697/0001-84;POSTO RIO MARINHO COMERCIO DE DERIVADOS DE PETROLEO EIRELI - EPP;POSTO RIO MARINHO COMERCIO DE DERIVADOS DE PETROLEO EIRELI - EPP;VIBRA;AVENIDA RIO MARINHO, S/N - RIO MARINHO;29112-690;Vila Velha;ES;SE;DIESEL, DIESEL S10, ETANOL, GASOLINA, GASOLINA ADITIVADA;5,87 / 5,97 / 4,79 / 6,08 / 6,39;"R$ / litro; R$ / litro; R$ / litro; R$ / litro; R$ / litro";Conveniencia;;;;
02/03/2026;2026-S10;CONCORRENTE; 22.356.015/0001-20;CENTRAL COMERCIO DE COMBUSTIVEIS LTDA;CENTRAL COMERCIO DE COMBUSTIVEIS LTDA;IPIRANGA;"AVENIDA ELDES SCHERRER SOUZA, 2100 - : POSTO; - CIVIT II";29168-060;SERRA;ES;SE;DIESEL, DIESEL S10, ETANOL, GASOLINA, GASOLINA ADITIVADA, GNV;5,89 / 5,99 / 4,69 / 6,09 / 6,29 / 3,99;"R$ / litro; R$ / litro; R$ / litro; R$ / litro; R$ / litro; R$ / m³";"Troca de oleo; Borracharia; Lava-jato; Conveniencia";;;;
02/03/2026;2026-S10;CONCORRENTE; 24.145.665/0001-51;C.R.B. DEZAN E CIA LTDA;C.R.B. DEZAN E CIA LTDA;ATLÂNTICA;AVENIDA MARIO GURGEL, 5913 - AUTO POSTO - SAO FRANCISCO;29145-409;CARIACICA;ES;SE;DIESEL S10, ETANOL, GASOLINA;6,09 / 4,79 / 6,09;"R$ / litro; R$ / litro; R$ / litro";Conveniencia,Caixa eletronico;;;;
02/03/2026;2026-S10;CONCORRENTE; 26.980.450/0001-81;AUTO POSTO VITORIA COMERCIO DE COMBUSTIVEIS LTDA;AUTO POSTO VITORIA COMERCIO DE COMBUSTIVEIS LTDA;VIBRA;RUA OLYMPIO RODRIGUES PASSOS, 14 - LOJA  01 - JABOUR;29072-290;VITORIA;ES;SE;ETANOL, GASOLINA, GASOLINA ADITIVADA;4,89 / 6,09 / 6,39;"R$ / litro; R$ / litro; R$ / litro";Caixa eletronico;;;;
02/03/2026;2026-S10;CONCORRENTE; 27.016.518/0001-70;AUTO POSTO CONTORNO LTDA;AUTO POSTO CONTORNO LTDA;ALE;RODOVIA GOVERNADOR MARIO COVAS, 11282 - SERRA DO ANIL;29147-030;CARIACICA;ES;SE;DIESEL, DIESEL S10, ETANOL, GASOLINA, GASOLINA ADITIVADA;5,89 / 5,99 / 4,79 / 6,19 / 6,39;"R$ / litro; R$ / litro; R$ / litro; R$ / litro; R$ / litro";Borracharia;;;;
02/03/2026;2026-S10;CONCORRENTE; 27.025.907/0001-61;INCAP INDUSTRIA E COMERCIO AGRO PECUARIO LTDA;INCAP INDUSTRIA E COMERCIO AGRO PECUARIO LTDA;ALE;AVENIDA JOSE MARTINS RATO, S/N - NOSSA SENHORA DE FATIMA;29160-790;SERRA;ES;SE;DIESEL S10, ETANOL, GASOLINA, GASOLINA ADITIVADA;6,19 / 4,89 / 6,09 / 6,09;"R$ / litro; R$ / litro; R$ / litro; R$ / litro";Calibragem;;;;
02/03/2026;2026-S10;CONCORRENTE; 27.394.378/0001-73;POSTO DE PRODUTOS DE PETROLEO OASIS LTDA;POSTO DE PRODUTOS DE PETROLEO OASIS LTDA;IPIRANGA;AVENIDA MARIO GURGEL, 297 - JARDIM AMERICA;29140-261;CARIACICA;ES;SE;DIESEL S10, GASOLINA, GASOLINA ADITIVADA, GNV;6,09 / 6,05 / 6,39 / 3,99;"R$ / litro; R$ / litro; R$ / litro; R$ / m³";"Calibragem; Caixa eletronico";;;;
02/03/2026;2026-S10;CONCORRENTE; 27.396.415/0001-82;Auto Servico Sao Cristovao Ltda;AUTO SERVICO SAO CRISTOVAO LTDA;VIBRA;AVENIDA MARIO GURGEL, 4 - KM    4 5  BR 262 - DOM BOSCO;29147-345;CARIACICA;ES;SE;ETANOL, GASOLINA, GASOLINA ADITIVADA, GNV;4,68 / 6,14 / 6,24 / 3,98;"R$ / litro; R$ / litro; R$ / litro; R$ / m³";Caixa eletronico, Borracharia, Conveniencia;;;;
02/03/2026;2026-S10;CONCORRENTE; 27.664.597/0012-88;AUTO POSTO SCHUENG LTDA;AUTO POSTO SCHUENG LTDA;IPIRANGA;RODOVIA GOVERNADOR MARIO COVAS, S/N - QUADRA092                 LOTE  007 - ROSARIO DE FATIMA;29161-160;SERRA;ES;SE;ETANOL, GASOLINA;4,69 / 5,89;"R$ / litro; R$ / litro";"Borracharia; Lava-jato";;;;
02/03/2026;2026-S10;CONCORRENTE; 27.734.094/0001-89;POSTO ATLANTICO LTDA;POSTO ATLANTICO LTDA;RAIZEN;AVENIDA DANTE MICHELINI, 4655 - POSTO - JARDIM CAMBURI;29090-070;VITORIA;ES;SE;DIESEL S10, GASOLINA, GASOLINA ADITIVADA;6,39 / 5,99 / 6,34;"R$ / litro; R$ / litro; R$ / litro";Borracharia,Calibragem;;;;
02/03/2026;2026-S10;CONCORRENTE; 27.926.384/0001-24;PETROVERA - POSTO DE PRODUTOS DE PETROLEO E TRANSPORTES LTDA - ME;PETROVERA - POSTO DE PRODUTOS DE PETROLEO E TRANSPORTES LTDA - ME;IPIRANGA;RODOVIA GOVERNADOR JOSE HENRIQUE SETTE, 906 - PAVMTO01 - ALTO LAGE;29151-055;CARIACICA;ES;SE;DIESEL, DIESEL S10, ETANOL, GASOLINA, GASOLINA ADITIVADA;5,89 / 5,99 / 4,69 / 6,15 / 6,15;"R$ / litro; R$ / litro; R$ / litro; R$ / litro; R$ / litro";Caixa eletronico,Conveniencia,Borracharia,Calibragem;;;;
02/03/2026;2026-S10;CONCORRENTE; 28.037.679/0001-02;POSTO TUBARAO COM DE DERIVADOS DE PETROLEO LTDA;POSTO TUBARAO COM DE DERIVADOS DE PETROLEO LTDA;RAIZEN;AVENIDA PRESIDENTE CASTELO BRANCO, 315 - NOSSA SENHORA DO ROSARIO DE FATIMA;29161-135;SERRA;ES;SE;DIESEL S10, ETANOL, GASOLINA, GASOLINA ADITIVADA;6,09 / 4,79 / 5,99 / 6,29;"R$ / litro; R$ / litro; R$ / litro; R$ / litro";Caixa eletronico, Conveniencia;;;;
02/03/2026;2026-S10;CONCORRENTE; 28.344.206/0001-58;POSTO DE COMBUSTIVEIS ITACIBA LTDA;POSTO DE COMBUSTIVEIS ITACIBA LTDA;BRANCA;RUA MANOEL JOAQUIM DOS SANTOS, 317 - ITACIBA;29150-270;CARIACICA;ES;SE;ETANOL, GASOLINA, GASOLINA ADITIVADA;4,59 / 6,09 / 6,09;"R$ / litro; R$ / litro; R$ / litro";Troca de oleo, Conveniencia, Lava-jato, Borracharia;;;;
02/03/2026;2026-S10;CONCORRENTE; 28.413.219/0001-31;COMERCIAL NORTE SUL LTDA;COMERCIAL NORTE SUL LTDA;VIBRA;AVENIDA MARUIPE, 2757 - SANTA LUIZA;29045-230;VITORIA;ES;SE;GASOLINA, GASOLINA ADITIVADA;6,09 / 6,39;"R$ / litro; R$ / litro";Lava-jato;;;;
02/03/2026;2026-S10;CONCORRENTE; 28.761.038/0001-04;AUTO POSTO PORTO LTDA;AUTO POSTO PORTO LTDA;VIBRA;AVENIDA PRESIDENTE FLORENTINO AVIDOS, 190 - PARQUE MOSCOSO;29018-190;VITORIA;ES;SE;DIESEL S10, GASOLINA, GASOLINA ADITIVADA;5,99 / 5,89 / 6,29;"R$ / litro; R$ / litro; R$ / litro";Lava-jato;;;;
02/03/2026;2026-S10;CONCORRENTE; 31.727.338/0001-73;POSTO DE SERVICOS PAO COM LINGUICA EIRELI;POSTO DE SERVICOS PAO COM LINGUICA EIRELI;RAIZEN;AVENIDA CENTRAL B, 386 - SETOR II - CIVIT II;29168-071;SERRA;ES;SE;DIESEL, ETANOL, GASOLINA, GASOLINA ADITIVADA;5,99 / 4,79 / 6,09 / 6,59;"R$ / litro; R$ / litro; R$ / litro; R$ / litro";Borracharia,Caixa eletronico,Lava-jato,Conveniencia;;;;
02/03/2026;2026-S10;CONCORRENTE; 36.336.386/0001-54;POSTO TRES COQUEIROS LTDA;POSTO TRES COQUEIROS LTDA;IPIRANGA;RODOVIA CARLOS LINDEMBERG, SN - ALVORADA;29123-600;V. VELHA;ES;SE;DIESEL, DIESEL S10, ETANOL, GASOLINA, GASOLINA ADITIVADA;5,79 / 5,89 / 4,69 / 6,08 / 6,28;"R$ / litro; R$ / litro; R$ / litro; R$ / litro; R$ / litro";"Caixa eletronico; Borracharia";;;;
02/03/2026;2026-S10;CONCORRENTE; 38.530.950/0001-09;POSTO CAPUABA;POSTO CAPUABA LTDA;BRANCA;ESTRADA CAPUABA, 21 - ATAIDE;29119-060;VILA VELHA;ES;SE;DIESEL, DIESEL S10, ETANOL, GASOLINA, GASOLINA ADITIVADA;5,99 / 6,09 / 4,65 / 6,09 / 6,39;"R$ / litro; R$ / litro; R$ / litro; R$ / litro; R$ / litro";Caixa eletronico, Borracharia, Lava-jato;;;;
02/03/2026;2026-S10;CONCORRENTE; 45.543.915/0046-83;CARREFOUR COMERCIO E INDUSTRIA LTDA;CARREFOUR COMERCIO E INDUSTRIA LTDA;BRANCA;AVENIDA DARLY SANTOS, 4393 - NOSSA SENHORA DA PENHA;29123-600;V. VELHA;ES;SE;ETANOL, GASOLINA, GASOLINA ADITIVADA;4,59 / 6,09 / 6,19;"R$ / litro; R$ / litro; R$ / litro";Conveniencia,Calibragem;;;;
03/03/2026;2026-S10;CONCORRENTE; 03.948.877/0003-69;AUTO POSTO SANTA ANA LTDA;AUTO POSTO SANTA ANA LTDA;ALE;RODOVIA DO CAFE, 1871 - CARLOS GERMANO NAUMANN;29705-200;COLATINA;ES;SE;DIESEL, DIESEL S10, GASOLINA, GASOLINA ADITIVADA;5,89 / 5,99 / 6,49 / 6,69;"R$ / litro; R$ / litro; R$ / litro; R$ / litro";Calibragem / Lava-jato / Troca de oleo;;;;
03/03/2026;2026-S10;CONCORRENTE; 04.145.589/0011-49;ARARA AZUL REDE DE POSTOS LTDA;ARARA AZUL REDE DE POSTOS LTDA;BRANCA;RODOVIA RODOVIA DO SOL, 530 - PRAIA DE ITAPARICA;29102-020;VILA VELHA;ES;SE;DIESEL S10, ETANOL, GASOLINA, GASOLINA ADITIVADA;5,95 / 4,79 / 6,09 / 6,29;"R$ / litro; R$ / litro; R$ / litro; R$ / litro";Lava-jato,Troca de oleo,Borracharia;;;;
03/03/2026;2026-S10;CONCORRENTE; 04.361.389/0002-32;AUTO POSTO WAVE LTDA;AUTO POSTO WAVE LTDA;ALE;AVENIDA MARTIN PESCADOR, 12 - PORTO CANOA;29168-460;SERRA;ES;SE;DIESEL S10, ETANOL, GASOLINA, GASOLINA ADITIVADA;5,99 / 4,89 / 6,09 / 6,09;"R$ / litro; R$ / litro; R$ / litro; R$ / litro";Borracharia / Caixa eletronico / Troca de oleo;;;;
03/03/2026;2026-S10;CONCORRENTE; 04.814.652/0001-10;Posto Motocap Ltda;POSTO MOTOCAP LTDA;VIBRA;PRACA ALMIRANTE BARROSO, 52 - LETRA A - LACE;29703-055;COLATINA;ES;SE;GASOLINA;6,59;R$ / litro;Calibragem / Lava-jato / Conveniencia;;;;
03/03/2026;2026-S10;CONCORRENTE;04994796000104;POSTO SB LTDA;POSTO SB LTDA;VIBRA;AVENIDA BRASILIA, 1360 - PLANICIE DA SERRA;29168-710;SERRA;ES;SE;GASOLINA, GASOLINA ADITIVADA;6,19 / 6,36;"R$ / litro; R$ / litro";Borracharia, Calibragem, Troca de oleo, Caixa eletronico;;;;
03/03/2026;2026-S10;CONCORRENTE;05393247000139;POSTO CANOA DERIVADOS DE PETROLEO LTDA;POSTO CANOA DERIVADOS DE PETROLEO LTDA;ALE;AVENIDA BRASILIA, 575 - PORTO CANOA;29168-600;SERRA;ES;SE;DIESEL S10, ETANOL, GASOLINA, GASOLINA ADITIVADA;5,99 / 4,89 / 6,09 / 6,09;"R$ / litro; R$ / litro; R$ / litro; R$ / litro";Borracharia / Caixa eletronico / Calibragem;;;;
03/03/2026;2026-S10;CONCORRENTE; 05.791.319/0001-04;MOTOCAP COMBUSTIVEIS LTDA;MOTOCAP COMBUSTIVEIS LTDA;VIBRA;RODOVIA GETHER LOPES DE FARIAS, 2600 - CARLOS GERMANO NAUMANN;29705-390;COLATINA;ES;SE;DIESEL, GASOLINA, GASOLINA ADITIVADA, GNV;5,99 / 6,53 / 6,63 / 4,49;"R$ / litro; R$ / litro; R$ / litro; R$ / m³";"Borracharia; Calibragem";;;;
03/03/2026;2026-S10;CONCORRENTE;07381843000124;POSTO DE COMBUSTIVEIS BRUNO;POSTO DE COMBUSTIVEIS BRUNO LTDA;BRANCA;RUA FIORAVANTE ROSSI, 738 - SAO BRAZ;29704-700;COLATINA;ES;SE;GASOLINA, GASOLINA ADITIVADA;6,49 / 6,49;"R$ / litro; R$ / litro";Borracharia;;;;
03/03/2026;2026-S10;CONCORRENTE; 08.022.304/0001-61;AUTO POSTO DE COMBUSTIVEL RTT LTDA;AUTO POSTO DE COMBUSTIVEL RTT LTDA;IPIRANGA;RUA MOEMA, 38 - DIVINO ESPIRITO SANTO;29107-250;VILA VELHA;ES;SE;DIESEL S10, ETANOL, GASOLINA, GASOLINA ADITIVADA;5,99 / 4,99 / 5,99 / 6,39;"R$ / litro; R$ / litro; R$ / litro; R$ / litro";Borracharia;;;;
03/03/2026;2026-S10;CONCORRENTE; 08.519.545/0001-10;SAO FRANCISCO DE ASSIS COMERCIO DE COMBUSTIVEIS LTDA;SAO FRANCISCO DE ASSIS COMERCIO DE COMBUSTIVEIS LTDA;VIBRA;PRACA FIDELIS FERRARI, 35 - LACE;29703-030;COLATINA;ES;SE;GASOLINA, GASOLINA ADITIVADA;6,79 / 6,89;"R$ / litro; R$ / litro";Caixa eletronico, Troca de oleo, Conveniencia;;;;
03/03/2026;2026-S10;CONCORRENTE; 08.971.375/0001-00;BRAX COMBUSTIVEIS LTDA;BRAX COMBUSTIVEIS LTDA;IPIRANGA;RODOVIA CONEGO JOAO GUILHERME, 1516 - MARIO GIURIZATTO;29706-557;COLATINA;ES;SE;DIESEL, DIESEL S10, ETANOL, GASOLINA, GASOLINA ADITIVADA;6,11 / 6,11 / 4,87 / 6,30 / 6,50;"R$ / litro; R$ / litro; R$ / litro; R$ / litro; R$ / litro";Lava-jato,Troca de oleo;;;;
03/03/2026;2026-S10;CONCORRENTE; 10.569.345/0001-14;POSTO CRISTOVAO COLOMBO LTDA;POSTO CRISTOVAO COLOMBO LTDA;VIBRA;RUA CRISTOVAO COLOMBO, 582 - CRISTOVAO COLOMBO;29106-595;VILA VELHA;ES;SE;GASOLINA, GASOLINA ADITIVADA;6,19 / 6,49;"R$ / litro; R$ / litro";Caixa eletronico / Troca de oleo / Lava-jato / Calibragem;;;;conferir bandeira
03/03/2026;2026-S10;CONCORRENTE; 20.246.670/0001-08;POSTO DE COMBUSTIVEIS COLATINA LTDA;POSTO DE COMBUSTIVEIS COLATINA LTDA;BRANCA;RODOVIA DO CAFE, 606 - CARLOS GERMANO NAUMANN;29705-200;COLATINA;ES;SE;DIESEL, DIESEL S10, ETANOL, GASOLINA;5,89 / 5,99 / 4,59 / 6,49;"R$ / litro; R$ / litro; R$ / litro; R$ / litro";"Troca de oleo; Calibragem";;;;
03/03/2026;2026-S10;CONCORRENTE; 26.058.218/0001-90;AUTO POSTO 5 ESTRELAS EIRELI;AUTO POSTO 5 ESTRELAS EIRELI;IPIRANGA;RODOVIA GOVERNADOR MARIO COVAS, S/N - KM    245.2 - CALOGI;29181-100;SERRA;ES;SE;DIESEL, DIESEL S10, ETANOL, GASOLINA, GASOLINA ADITIVADA;6,09 / 6,19 / 4,69 / 6,29 / 6,39;"R$ / litro; R$ / litro; R$ / litro; R$ / litro; R$ / litro";Troca de oleo;;;;
03/03/2026;2026-S10;CONCORRENTE; 27.085.240/0001-92;POSTO DE GASOLINA SANTO ANTONIO LTDA;POSTO DE GASOLINA SANTO ANTONIO LTDA;ALE;AVENIDA SILVIO AVIDOS, 3251 - SANTO ANTONIO;29704-053;COLATINA;ES;SE;DIESEL, DIESEL S10, GASOLINA, GASOLINA ADITIVADA;6,09 / 6,19 / 6,49 / 6,62;"R$ / litro; R$ / litro; R$ / litro; R$ / litro";Lava-jato,Calibragem;;;;
03/03/2026;2026-S10;CONCORRENTE; 31.465.040/0001-32;POSTO ITAPOA LTDA;POSTO ITAPOA LTDA;IPIRANGA;AVENIDA FRANCELINA SETUBAL, 333 - ITAPOAN;29100-000;Vila Velha;ES;SE;DIESEL S10, ETANOL, GASOLINA, GASOLINA ADITIVADA;5,99 / 4,78 / 6,09 / 6,39;"R$ / litro; R$ / litro; R$ / litro; R$ / litro";Calibragem,Lava-jato;;;;
03/03/2026;2026-S10;CONCORRENTE; 34.387.806/0001-04;POSTO SATURNINO RANGEL MAURO LTDA;POSTO SATURNINO RANGEL MAURO LTDA;ALE;RUA PROFESSOR AUGUSTO RUSCH, 121 - PRAIA DE ITAPARICA;29102-080;VILA VELHA;ES;SE;DIESEL S10, ETANOL, GASOLINA, GASOLINA ADITIVADA;6,09 / 4,87 / 6,09 / 6,39;"R$ / litro; R$ / litro; R$ / litro; R$ / litro";Conveniencia / Lava-jato / Caixa eletronico / Calibragem;;;;
03/03/2026;2026-S10;CONCORRENTE; 36.675.989/0001-80;COMERCIO DE COMBUSTIVEIS COQUEIRAL DE ITAPARICA LTDA;COMERCIO DE COMBUSTIVEIS COQUEIRAL DE ITAPARICA LTDA;BRANCA;AVENIDA SANTA LEOPOLDINA, 635 - COQUEIRAL DE ITAPARICA;29102-320;VILA VELHA;ES;SE;DIESEL S10, ETANOL, GASOLINA, GASOLINA ADITIVADA;5,95 / 4,55 / 6,07 / 6,07;"R$ / litro; R$ / litro; R$ / litro; R$ / litro";Lava-jato,Troca de oleo,Calibragem;;;;
03/03/2026;2026-S10;CONCORRENTE; 39.383.377/0001-02;AUTO POSTO VILA VELHA LTDA;AUTO POSTO VILA VELHA LTDA;BRANCA;RODOVIA CARLOS LINDEMBERG, 101 - CENTRO;29123-600;VILA VELHA;ES;SE;DIESEL S10, ETANOL, GASOLINA, GASOLINA ADITIVADA;6,09 / 4,89 / 6,08 / 6,28;"R$ / litro; R$ / litro; R$ / litro; R$ / litro";Calibragem;;;;
04/03/2026;2026-S10;CONCORRENTE; 01.283.262/0001-73;POSTO CARIOQUINHA LTDA;POSTO CARIOQUINHA LTDA;BRANCA;AVENIDA FRANCISCO MARDEGAN, 90 - BOA VISTA;29315-477;CACHOEIRO DE ITAPEMIRIM;ES;SE;DIESEL S10, ETANOL, GASOLINA;5,98 / 5,09 / 6,89;"R$ / litro; R$ / litro; R$ / litro";Caixa eletronico;;;;
04/03/2026;2026-S10;CONCORRENTE; 05.609.081/0001-45;Auto Servico Floresta Ltda;AUTO SERVICO FLORESTA LTDA;VIBRA;AVENIDA PREFEITO SAMUEL BATISTA CRUZ, 1276 - ARACA;29900-100;LINHARES;ES;SE;DIESEL, GASOLINA;5,99 / 6,49;"R$ / litro; R$ / litro";Lava-jato,Troca de oleo,Caixa eletronico,Borracharia;;;;
04/03/2026;2026-S10;CONCORRENTE; 10.223.356/0001-48;POSTO TREVO DA PONTE LTDA;POSTO TREVO DA PONTE LTDA;IPIRANGA;AVENIDA GOVERNADOR JONES DOS SANTOS NEVES, 160 - AVISO;29900-384;LINHARES;ES;SE;DIESEL, GASOLINA, GASOLINA ADITIVADA;5,99 / 6,39 / 6,49;"R$ / litro; R$ / litro; R$ / litro";Borracharia;;;;
04/03/2026;2026-S10;CONCORRENTE; 10.331.576/0001-95;AUTO POSTO LINHARES LTDA;AUTO POSTO LINHARES LTDA;IPIRANGA;AVENIDA JOSE TESCH, 657 - SHELL;29901-500;LINHARES;ES;SE;GASOLINA, GASOLINA ADITIVADA;6,39 / 6,49;"R$ / litro; R$ / litro";Conveniencia,Caixa eletronico,Troca de oleo,Borracharia;;;;
04/03/2026;2026-S10;CONCORRENTE; 13.602.147/0001-01;AUTO POSTO LAGOA DO MEIO LTDA;AUTO POSTO LAGOA DO MEIO LTDA;IPIRANGA;RUA GUAICURUS, 18 - LAGOA DO MEIO;29904-010;LINHARES;ES;SE;DIESEL S10, GASOLINA;6,09 / 6,39;"R$/l; R$/l";Borracharia,Caixa eletronico;;;;
04/03/2026;2026-S10;CONCORRENTE; 14.509.900/0001-73;POSTO DE COMBUSTIVEIS LINHARES LTDA;POSTO DE COMBUSTIVEIS LINHARES LTDA;BRANCA;AVENIDA SAO MATEUS, S/N - SHELL;29901-630;LINHARES;ES;SE;ETANOL, GASOLINA;4,54 / 6,39;"R$ / litro; R$ / litro";Lava-jato, Calibragem, Caixa eletronico, Troca de oleo;;;;
04/03/2026;2026-S10;CONCORRENTE; 14.509.900/0001-73;POSTO DE COMBUSTIVEIS LINHARES LTDA;POSTO DE COMBUSTIVEIS LINHARES LTDA;BRANCA;AVENIDA SAO MATEUS, S/N - SHELL;29901-630;LINHARES;ES;SE;ETANOL, GASOLINA;4,54 / 6,39;"R$ / litro; R$ / litro";Lava-jato, Calibragem, Caixa eletronico, Troca de oleo;;;;
04/03/2026;2026-S10;CONCORRENTE; 21.931.941/0001-19;AUTO POSTO INDEPENDENCIA LTDA;AUTO POSTO INDEPENDENCIA LTDA;IPIRANGA;"AVENIDA MAURO MIRANDA MADUREIRA, 1662 - : 1662 A 1720; - CENTRAL PARQUE";29313-162;CACHOEIRO DE ITAPEMIRIM;ES;SE;DIESEL, DIESEL S10, ETANOL, GASOLINA, GASOLINA ADITIVADA;6,64 / 6,74 / 5,19 / 7,09 / 7,39;"R$ / litro; R$ / litro; R$ / litro; R$ / litro; R$ / litro";Lava-jato, Calibragem, Borracharia, Troca de oleo;;;;
04/03/2026;2026-S10;CONCORRENTE; 27.179.654/0003-42;ITAPEMIRIM ORGANIZACAO DE PETROLEO LTDA;ITAPEMIRIM ORGANIZACAO DE PETROLEO LTDA;ATLÂNTICA;AVENIDA JONES DOS SANTOS NEVES, 1196 - CAICARA;29310-376;CACHOEIRO DE ITAPEMIRIM;ES;SE;DIESEL, DIESEL S10, ETANOL, GASOLINA, GASOLINA ADITIVADA;6,09 / 6,19 / 5,30 / 7,09 / 7,14;"R$ / litro; R$ / litro; R$ / litro; R$ / litro; R$ / litro";"Lava-jato; Conveniencia; Caixa eletronico; Troca de oleo";;;;
2026-03-04;2026-S10;CONCORRENTE; 30.578.975/0001-62;CAMATTA & CIA LTDA;CAMATTA & CIA LTDA;IPIRANGA;AVENIDA WENCESLAU BRAZ, 133 - CENTRO;29901-260;LINHARES;ES;SE;DIESEL, GASOLINA, GASOLINA ADITIVADA;5,99 / 6,39 / 6,49;"R$ / litro; R$ / litro; R$ / litro";Calibragem;;;;
04/03/2026;2026-S10;CONCORRENTE; 31.284.466/0001-90;POSTO DUAS BARRAS LTDA;POSTO DUAS BARRAS LTDA;RAIZEN;RODOVIA BR -482 CACHOEIRO X ALEGRE, 8 - WALDIR F. DE AMORIM;29313-760;CACHOEIRO DE ITAPEMIRIM;ES;SE;DIESEL, DIESEL S10, ETANOL, GASOLINA, GASOLINA ADITIVADA;5,94 / 5,99 / 5,18 / 7,09 / 7,39;"R$ / litro; R$ / litro; R$ / litro; R$ / litro; R$ / litro";Borracharia;;;;
05/03/2026;2026-S10;CONCORRENTE; 01.557.127/0001-79;AUTO POSTO ILHA DAS GARCAS LTDA;AUTO POSTO ILHA DAS GARCAS LTDA;VIBRA;RUA MARIA DE OLIVEIRA MARES GUIA, 40 - PRAIA DAS GAIVOTAS;29102-567;VILA VELHA;ES;SE;GASOLINA, GASOLINA ADITIVADA;6,19 / 6,49;"R$ / litro; R$ / litro";Borracharia, Caixa eletronico;;;;
05/03/2026;2026-S10;CONCORRENTE; 05.349.237/0001-04;POSTO IRMAOS CAMATTA LTDA;POSTO IRMAOS CAMATTA LTDA;VIBRA;RODOVIA BR 101, KM 143, S/N - CANIVETE;29909-010;LINHARES;ES;SE;DIESEL, GASOLINA, GASOLINA ADITIVADA;5,99 / 6,39 / 6,49;"R$ / litro; R$ / litro; R$ / litro";Troca de oleo / Caixa eletronico;;;;
05/03/2026;2026-S10;CONCORRENTE; 09.076.862/0001-72;VALOR POSTOS PRAIA DO MORRO LTDA;VALOR POSTOS PRAIA DO MORRO LTDA;VIBRA;RODOVIA RODOVIA DO SOL, S/ NR - KM    41 - AEROPORTO;29216-705;GUARAPARI;ES;SE;GASOLINA, GASOLINA ADITIVADA;6,59 / 6,59;"R$ / litro; R$ / litro";Caixa eletronico;;;;
05/03/2026;2026-S10;PROPRIO; 11.222.333/0002-62;REDE MARE COMBUSTIVEIS LTDA;REDE MARE;BRANCA;RODOVIA DARLY SANTOS, S/N - KM    2 5 - POSTO - POLO EMPRESARIAL NOVO MEXICO;29104-360;VILA VELHA;ES;SE;DIESEL, DIESEL S10, ETANOL, GASOLINA, GASOLINA ADITIVADA, GNV;5,89 / 5,99 / 4,69 / 6,09 / 6,29 / 3,99;"R$ / litro; R$ / litro; R$ / litro; R$ / litro; R$ / litro; R$ / m³";"Conveniencia; Caixa eletronico; Troca de oleo";Juliana Rocha;(27) 99702-3355;15.010.530/0001-98 / 04.145.589/0011-49 / 10.569.345/0001-14;
05/03/2026;2026-S10;CONCORRENTE; 14.096.313/0001-08;AUTO POSTO GUARAPARI LTDA;AUTO POSTO GUARAPARI LTDA;RAIZEN;AVENIDA GOVERNADOR JONES DOS SANTOS NEVES, 15 - VARZEA NOVA;29211-630;GUARAPARI;ES;SE;DIESEL, DIESEL S10, ETANOL, GASOLINA, GASOLINA ADITIVADA;6,29 / 6,39 / 4,99 / 6,49 / 6,69;"R$ / litro; R$ / litro; R$ / litro; R$ / litro; R$ / litro";Conveniencia;;;;
05/03/2026;2026-S10;CONCORRENTE; 15.010.530/0001-98;AUTO POSTO R M LTDA;AUTO POSTO R M LTDA;RAIZEN;"RODOVIA DO SOL, 3701 - LOTE: 11; QUADRA: 64; - PRAIA DE ITAPARICA";29102-023;VILA VELHA;ES;SE;DIESEL S10, ETANOL, GASOLINA, GASOLINA ADITIVADA;6,09 / 4,89 / 6,06 / 6,46;"R$ / litro; R$ / litro; R$ / litro; R$ / litro";Conveniencia;;;;
05/03/2026;2026-S10;CONCORRENTE; 23.238.396/0001-05;Capixaba Comercio De Produtos Automotivos Ltda;CAPIXABA COMERCIO DE PRODUTOS AUTOMOTIVOS LTDA;ATLÂNTICA;RUA PROFESSOR MELCHIADES PEREIRA MARTINS, 15 - CENTRO;29200-480;GUARAPARI;ES;SE;DIESEL S10, ETANOL, GASOLINA, GASOLINA ADITIVADA;6,07 / 4,99 / 6,18 / 6,30;"R$ / litro; R$ / litro; R$ / litro; R$ / litro";Caixa eletronico;;;;
2026-03-05;2026-S10;CONCORRENTE; 27.020.445/0001-90;GUARAVE GUARAPARI VEICULOS LTDA;GUARAVE GUARAPARI VEICULOS LTDA;VIBRA;AVENIDA EWERSON DE ABREU SODRE, 300 - MUQUICABA;29215-010;GUARAPARI;ES;SE;GASOLINA, GASOLINA ADITIVADA;6,59 / 6,99;"R$ / litro; R$ / litro";"Calibragem; Conveniencia";;;;
05/03/2026;2026-S10;CONCORRENTE; 27.020.445/0005-13;GUARAVE GUARAPARI VEICULOS LTDA;GUARAVE GUARAPARI VEICULOS LTDA;VIBRA;RODOVIA DO SOL, S/N - MUQUICABA;29215-005;GUARAPARI;ES;SE;GASOLINA, GASOLINA ADITIVADA;6,59 / 6,59;"R$ / litro; R$ / litro";Caixa eletronico / Borracharia;;;;
05/03/2026;2026-S10;CONCORRENTE; 27.303.411/0001-02;AUTO POSTO DADINHO LTDA;AUTO POSTO DADINHO LTDA;IPIRANGA;RODOVIA BR 101, S/N - KM 140 - CANIVETE;29901-401;LINHARES;ES;SE;DIESEL, DIESEL S10, ETANOL, GASOLINA, GASOLINA ADITIVADA;6,09 / 6,19 / 4,99 / 6,59 / 6,69;"R$ / litro; R$ / litro; R$ / litro; R$ / litro; R$ / litro";Conveniencia;;;;
05/03/2026;2026-S10;CONCORRENTE; 27.303.411/0003-74;AUTO POSTO DADINHO LTDA;AUTO POSTO DADINHO LTDA;ALE;AVENIDA VEREADOR WILMO VITORIO GUIZANI, 12 - SAO JOSE;29905-080;LINHARES;ES;SE;DIESEL S10, GASOLINA, GASOLINA ADITIVADA;6,07 / 6,39 / 6,49;"R$ / litro; R$ / litro; R$ / litro";"Caixa eletronico; Lava-jato";;;;
05/03/2026;2026-S10;CONCORRENTE; 27.316.819/0001-19;BECAR PETROLEO LTDA;BECAR PETROLEO LTDA;RAIZEN;AVENIDA GOVERNADOR JONES DOS SANTOS NEVES, S/N - CONFLUENCIA COM RODOVIA DO SOL - MUQUICABA;29215-002;GUARAPARI;ES;SE;GASOLINA, GASOLINA ADITIVADA;6,59 / 6,79;"R$ / litro; R$ / litro";Lava-jato, Conveniencia;;;;
05/03/2026;2026-S10;CONCORRENTE; 32.248.017/0001-59;AUTO POSTO ALDEIA DA PRAIA LTDA;AUTO POSTO ALDEIA DA PRAIA LTDA;IPIRANGA;AVENIDA PARIS, S/N - PRAIA DO MORRO;29216-570;GUARAPARI;ES;SE;DIESEL S10, ETANOL, GASOLINA, GASOLINA ADITIVADA;6,09 / 5,18 / 6,59 / 6,89;"R$ / litro; R$ / litro; R$ / litro; R$ / litro";"Caixa eletronico; Lava-jato";;;;
05/03/2026;2026-S10;CONCORRENTE; 34.034.823/0001-50;AUTO POSTO ROTA 22 LTDA;AUTO POSTO ROTA 22 LTDA;IPIRANGA;AVENIDA PADRE JOSE DE ANCHIETA, 2083 - LOTE  01 A 07 - PRAIA DO MORRO;29216-005;GUARAPARI;ES;SE;DIESEL S10, ETANOL, GASOLINA, GASOLINA ADITIVADA;6,09 / 5,18 / 6,59 / 6,89;"R$ / litro; R$ / litro; R$ / litro; R$ / litro";"Conveniencia; Caixa eletronico; Troca de oleo; Calibragem";;;;
05/03/2026;2026-S10;CONCORRENTE; 37.361.618/0001-97;AUTO POSTO MAX COMBUSTIVEIS E DERIVADOS LTDA;AUTO POSTO MAX COMBUSTIVEIS E DERIVADOS LTDA;BRANCA;AVENIDA CEREJEIRA, 694 - LOTE  01                  QUADRA12 - MOVELAR;29906-014;LINHARES;ES;SE;ETANOL, GASOLINA, GASOLINA ADITIVADA;4,59 / 6,39 / 6,39;"R$ / litro; R$ / litro; R$ / litro";"Caixa eletronico; Calibragem";;;;
09/03/2026;2026-S11;CONCORRENTE; 01.496.517/0001-86;POSTO PERIM LTDA;POSTO PERIM LTDA;VIBRA;RUA SANTA LEOPOLDINA, 1650 - ITAPARICA;29102-040;VILA VELHA;ES;SE;DIESEL S10, ETANOL, GASOLINA, GASOLINA ADITIVADA;6,19 / 4,89 / 6,09 / 6,29;"R$ / litro; R$ / litro; R$ / litro; R$ / litro";"Conveniencia; Borracharia; Caixa eletronico; Calibragem";;;;
09/03/2026;2026-S11;CONCORRENTE; 01.514.752/0001-33;POSTO THIAGO LIMITADA;POSTO THIAGO LIMITADA;VIBRA;AVENIDA CEZAR HILAL, 868 - BENTO FERREIRA;29050-662;VITORIA;ES;SE;ETANOL, GASOLINA, GASOLINA ADITIVADA;4,49 / 5,89 / 6,09;"R$ / litro; R$ / litro; R$ / litro";Caixa eletronico;;;;promo fim de semana?
09/03/2026;2026-S11;CONCORRENTE; 01.557.127/0001-79;AUTO POSTO ILHA DAS GARCAS LTDA;AUTO POSTO ILHA DAS GARCAS LTDA;VIBRA;RUA MARIA DE OLIVEIRA MARES GUIA, 40 - PRAIA DAS GAIVOTAS;29102-567;VILA VELHA;ES;SE;GASOLINA, GASOLINA ADITIVADA;6,19 / 6,49;"R$ / litro; R$ / litro";Borracharia / Caixa eletronico;;;;promo fim de semana?
09/03/2026;2026-S11;CONCORRENTE; 02.567.214/0001-70;POSTO DE COMBUSTIVEL IDEAL LTDA;POSTO DE COMBUSTIVEL IDEAL LTDA;IPIRANGA;AVENIDA VITORIA, 3031 - GURIGICA;29027-080;VITORIA;ES;SE;ETANOL, GASOLINA, GASOLINA ADITIVADA;4,59 / 5,89 / 6,04;"R$ / litro; R$ / litro; R$ / litro";Conveniencia,Borracharia,Calibragem;;;;
09/03/2026;2026-S11;CONCORRENTE; 02.802.986/0001-49;A S SALES JUNIOR LTDA;A S SALES JUNIOR LTDA;ATLÂNTICA;RUA DAVINO MATOS, S/N - PARQUE AREIA PRETA;29200-615;GUARAPARI;ES;SE;DIESEL S10, ETANOL, GASOLINA, GASOLINA ADITIVADA;6,09 / 4,99 / 6,17 / 6,30;"R$ / litro; R$ / litro; R$ / litro; R$ / litro";Borracharia,Caixa eletronico,Lava-jato;;;;
09/03/2026;2026-S11;CONCORRENTE; 04.228.463/0001-66;AUTO POSTO MARLIN LTDA;AUTO POSTO MARLIN LTDA;ATLÂNTICA;RUA JUIZ ALEXANDRE MARTINS DE CASTRO FILHO, 285 - SANTA LUCIA;29056-295;VITORIA;ES;SE;DIESEL S10, ETANOL, GASOLINA;5,99 / 4,89 / 6,09;"R$ / litro; R$ / litro; R$ / litro";Caixa eletronico, Troca de oleo;;;;
09/03/2026;2026-S11;CONCORRENTE; 04.960.337/0001-00;RENOVA COMERCIO COMBUSTIVEL E SERVICOS LTDA;RENOVA COMERCIO COMBUSTIVEL E SERVICOS LTDA;BRANCA;AVENIDA LEITAO DA SILVA, 1150 - SANTA LUCIA;29056-184;VITORIA;ES;SE;ETANOL, GASOLINA, GASOLINA ADITIVADA;4,45 / 5,89 / 5,89;"R$ / litro; R$ / litro; R$ / litro";Borracharia, Calibragem;;;;
09/03/2026;2026-S11;CONCORRENTE; 07.470.392/0001-00;POSTO DE COMBUSTIVEIS OTAVIO EIRELI;POSTO DE COMBUSTIVEIS OTAVIO EIRELI;RAIZEN;AVENIDA ABDO SAAD, 833 - JACARAIPE;29173-510;SERRA;ES;SE;DIESEL, ETANOL, GASOLINA, GASOLINA ADITIVADA;6,39 / 4,99 / 6,19 / 6,49;"R$ / litro; R$ / litro; R$ / litro; R$ / litro";Borracharia;;;;
09/03/2026;2026-S11;CONCORRENTE; 07.571.908/0001-02;Auto Posto Coral Ltda;AUTO POSTO CORAL LTDA;VIBRA;AVENIDA NORTE SUL, 259 - N.S.DO ROSARIO DE FATIMA;29176-798;SERRA;ES;SE;GASOLINA, GASOLINA ADITIVADA;5,99 / 6,29;"R$ / litro; R$ / litro";Borracharia,Lava-jato,Conveniencia;;;;
09/03/2026;2026-S11;CONCORRENTE; 08.788.618/0001-70;J. S. PETROLEO E COMERCIO LTDA.;J. S. PETROLEO E COMERCIO LTDA.;RAIZEN;AVENIDA DANTE MICHELINI, 2461 - MATA DA PRAIA;29066-430;VITORIA;ES;SE;ETANOL, GASOLINA, GASOLINA ADITIVADA, GNV;4,79 / 5,99 / 6,39 / 4,09;"R$ / litro; R$ / litro; R$ / litro; R$ / m³";Borracharia, Caixa eletronico, Troca de oleo;;;;
09/03/2026;2026-S11;CONCORRENTE; 09.076.862/0001-72;VALOR POSTOS PRAIA DO MORRO;VALOR POSTOS PRAIA DO MORRO LTDA;VIBRA;RODOVIA RODOVIA DO SOL, S/ NR - KM    41 - AEROPORTO;29216-705;GUARAPARI;ES;SE;GASOLINA, GASOLINA ADITIVADA;6,59 / 6,59;"R$ / litro; R$ / litro";Caixa eletronico;;;;
09/03/2026;2026-S11;CONCORRENTE; 10.197.775/0001-52;REDE DE POSTOS SAGUI LTDA;REDE DE POSTOS SAGUI LTDA;ATLÂNTICA;RUA EUCLIDES DA CUNHA, 421 - SAO DIOGO I;29163-265;Serra ;ES;SE;DIESEL S10, ETANOL, GASOLINA, GASOLINA ADITIVADA;6,09 / 4,69 / 5,99 / 5,99;"R$ / litro; R$ / litro; R$ / litro; R$ / litro";Caixa eletronico / Conveniencia;;;;
09/03/2026;2026-S11;PROPRIO; 11.222.333/0002-62;REDE MARE COMBUSTIVEIS LTDA;REDE MARE;BRANCA;RODOVIA DARLY SANTOS, S/N - KM    2 5 - POSTO - POLO EMPRESARIAL NOVO MEXICO;29104-360;VILA VELHA;ES;SE;DIESEL, DIESEL S10, ETANOL, GASOLINA, GASOLINA ADITIVADA, GNV;5,89 / 5,99 / 4,69 / 6,09 / 6,29 / 3,99;"R$ / litro; R$ / litro; R$ / litro; R$ / litro; R$ / litro; R$ / m³";"Conveniencia; Caixa eletronico; Troca de oleo";Juliana Rocha;(27) 99702-3355;"15.010.530/0001-98; 04.145.589/0011-49; 10.569.345/0001-14";
09/03/2026;2026-S11;CONCORRENTE; 11.942.147/0001-17;POSTO PARADA VITORIA LTDA;POSTO PARADA VITORIA LTDA;ALE;AVENIDA MARECHALCAMPOS, 370 - CONSOLACAO;29045-460;VITORIA;ES;SE;DIESEL S10, ETANOL, GASOLINA, GASOLINA ADITIVADA;5,99 / 4,65 / 5,88 / 6,08;"R$ / litro; R$ / litro; R$ / litro; R$ / litro";Conveniencia,Caixa eletronico,Troca de oleo;;;;
09/03/2026;2026-S11;CONCORRENTE; 14.096.313/0001-08;AUTO POSTO GUARAPARI LTDA;AUTO POSTO GUARAPARI LTDA;RAIZEN;AVENIDA GOVERNADOR JONES DOS SANTOS NEVES, 15 - VARZEA NOVA;29211-630;GUARAPARI;ES;SE;DIESEL, DIESEL S10, ETANOL, GASOLINA, GASOLINA ADITIVADA;6,29 / 6,39 / 4,99 / 6,49 / 6,69;"R$ / litro; R$ / litro; R$ / litro; R$ / litro; R$ / litro";Conveniencia;;;;
09/03/2026;2026-S11;CONCORRENTE;14806977000105;AUTO POSTO SILVARES LTDA;AUTO POSTO SILVARES LTDA;IPIRANGA;AVENIDA   NAIR AZEVEDO SILVA, 430 - ILHA DO PRINCIPE;29020-240;VITORIA;ES;SE;ETANOL, GASOLINA, GASOLINA ADITIVADA;4,89 / 6,09 / 6,29;"R$ / litro; R$ / litro; R$ / litro";Borracharia;;;;
09/03/2026;2026-S11;CONCORRENTE; 16.577.742/0001-14;AUTO POSTO ESCOLA COMERCIO DE COMBUSTIVEIS, LUBRIFICANTES E SERVICOS LTDA;AUTO POSTO ESCOLA COMERCIO DE COMBUSTIVEIS, LUBRIFICANTES E SERVICOS LTDA;VIBRA;"AVENIDA AMERICO BUAIZ, 1 - : POSTO; - ENSEADA DO SUA";29050-463;VITORIA;ES;SE;GASOLINA, GASOLINA ADITIVADA;5,99 / 6,19;"R$ / litro; R$ / litro";"Troca de oleo; Caixa eletronico";;;;
09/03/2026;2026-S11;CONCORRENTE; 17.375.525/0001-04;AUTO POSTO LUCAS - EPP.;AUTO POSTO LUCAS - EPP.;ALE;AVENIDA ROMULO CASTELLO, 791 - LOTES 20 A 23 - CASTELANDIA;29172-620;SERRA;ES;SE;DIESEL S10, ETANOL, GASOLINA, GASOLINA ADITIVADA;6,49 / 4,87 / 6,09 / 6,29;"R$ / litro; R$ / litro; R$ / litro; R$ / litro";"Troca de oleo; Calibragem; Borracharia; Caixa eletronico";;;;preco conferido por telefone
09/03/2026;2026-S11;CONCORRENTE; 23.238.396/0001-05;CAPIXABA COMERCIO DE PRODUTOS AUTOMOTIVOS LTDA;CAPIXABA COMERCIO DE PRODUTOS AUTOMOTIVOS LTDA;ATLÂNTICA;RUA PROFESSOR MELCHIADES PEREIRA MARTINS, 15 - CENTRO;29200-480;GUARAPARI;ES;SE;DIESEL S10, ETANOL, GASOLINA, GASOLINA ADITIVADA;6,07 / 4,99 / 6,18 / 6,30;"R$ / litro; R$ / litro; R$ / litro; R$ / litro";Caixa eletronico;;;;
09/03/2026;2026-S11;CONCORRENTE; 23.305.603/0001-05;POSTO MARLIM BRANCO LTDA - ME;POSTO MARLIM BRANCO LTDA - ME;VIBRA;AVENIDA ROMULO CASTELLO, 161 - LOTE  16 17 18 - CASTELANDIA;29172-620;SERRA;ES;SE;GASOLINA, GASOLINA ADITIVADA;6,09 / 6,49;"R$ / litro; R$ / litro";Borracharia;;;;
09/03/2026;2026-S11;CONCORRENTE; 26.980.450/0001-81;AUTO POSTO VITORIA COMERCIO DE COMBUSTIVEIS LTDA;AUTO POSTO VITORIA COMERCIO DE COMBUSTIVEIS LTDA;VIBRA;RUA OLYMPIO RODRIGUES PASSOS, 14 - LOJA  01 - JABOUR;29072-290;VITORIA;ES;SE;ETANOL, GASOLINA, GASOLINA ADITIVADA;4,89 / 6,09 / 6,39;"R$ / litro; R$ / litro; R$ / litro";Caixa eletronico;;;;
09/03/2026;2026-S11;CONCORRENTE; 27.020.445/0001-90;GUARAVE GUARAPARI VEICULOS LTDA;GUARAVE GUARAPARI VEICULOS LTDA;VIBRA;AVENIDA EWERSON DE ABREU SODRE, 300 - MUQUICABA;29215-010;GUARAPARI;ES;SE;GASOLINA, GASOLINA ADITIVADA;6,59 / 6,99;"R$ / litro; R$ / litro";Calibragem, Conveniencia;;;;
09/03/2026;2026-S11;CONCORRENTE; 27.020.445/0005-13;GUARAVE GUARAPARI VEICULOS LTDA;GUARAVE GUARAPARI VEICULOS LTDA;VIBRA;RODOVIA DO SOL, S/N - MUQUICABA;29215-005;GUARAPARI;ES;SE;GASOLINA, GASOLINA ADITIVADA;6,59 / 6,59;"R$ / litro; R$ / litro";Caixa eletronico,Borracharia;;;;
09/03/2026;2026-S11;CONCORRENTE; 27.066.273/0002-76;POSTO ARVOREDO LTDA;POSTO ARVOREDO LTDA;BRANCA;AVENIDA VITORIA, 1600 - POSTO - ILHA DE SANTA MARIA;29051-040;VITORIA;ES;SE;GASOLINA, GASOLINA ADITIVADA;5,89 / 5,89;"R$ / litro; R$ / litro";Lava-jato, Troca de oleo, Borracharia;;;;
09/03/2026;2026-S11;CONCORRENTE; 27.316.819/0001-19;BECAR PETROLEO LTDA;BECAR PETROLEO LTDA;RAIZEN;AVENIDA GOVERNADOR JONES DOS SANTOS NEVES, S/N - CONFLUENCIA COM RODOVIA DO SOL - MUQUICABA;29215-002;GUARAPARI;ES;SE;GASOLINA;6,59;R$ / litro;Lava-jato, Conveniencia;;;;
09/03/2026;2026-S11;CONCORRENTE; 27.734.094/0001-89;POSTO ATLANTICO LTDA;POSTO ATLANTICO LTDA;RAIZEN;AVENIDA DANTE MICHELINI, 4655 - POSTO - JARDIM CAMBURI;29090-070;VITORIA;ES;SE;DIESEL S10, ETANOL, GASOLINA, GASOLINA ADITIVADA;6,39 / 4,99 / 5,99 / 6,34;"R$ / litro; R$ / litro; R$ / litro; R$ / litro";"Borracharia; Calibragem";;;;
09/03/2026;2026-S11;CONCORRENTE; 28.059.632/0001-40;A.B.C. AUTO SERVICOS LTDA;A.B.C. AUTO SERVICOS LTDA;RAIZEN;AVENIDA ROBERT KENNEDY, 21 - A - SAO TORQUATO;29114-000;VILA VELHA;ES;SE;DIESEL, DIESEL S10, GASOLINA, GASOLINA ADITIVADA;6,19 / 6,19 / 5,89 / 6,29;"R$/l; R$/l; R$/l; R$/l";Caixa eletronico, Borracharia, Troca de oleo;;;;
09/03/2026;2026-S11;CONCORRENTE; 28.413.219/0001-31;COMERCIAL NORTE SUL LTDA;COMERCIAL NORTE SUL LTDA;VIBRA;AVENIDA MARUIPE, 2757 - SANTA LUIZA;29045-230;VITORIA;ES;SE;GASOLINA, GASOLINA ADITIVADA;6,09 / 6,39;"R$ / litro; R$ / litro";Lava-jato;;;;
09/03/2026;2026-S11;CONCORRENTE; 32.248.017/0001-59;Auto Posto Aldeia Da Praia Ltda;AUTO POSTO ALDEIA DA PRAIA LTDA;IPIRANGA;AVENIDA PARIS, S/N - PRAIA DO MORRO;29216-570;GUARAPARI;ES;SE;DIESEL S10, ETANOL, GASOLINA, GASOLINA ADITIVADA;6,09 / 5,18 / 6,59 / 6,89;"R$ / litro; R$ / litro; R$ / litro; R$ / litro";Caixa eletronico / Lava-jato;;;;
09/03/2026;2026-S11;CONCORRENTE; 36.336.386/0001-54;POSTO TRES COQUEIROS LTDA;POSTO TRES COQUEIROS LTDA;IPIRANGA;RODOVIA CARLOS LINDEMBERG, SN - ALVORADA;29123-600;VILA VELHA;ES;SE;DIESEL, DIESEL S10, ETANOL, GASOLINA, GASOLINA ADITIVADA;5,99 / 6,09 / 4,69 / 6,08 / 6,28;"R$ / litro; R$ / litro; R$ / litro; R$ / litro; R$ / litro";Caixa eletronico,Borracharia;;;;
09/03/2026;2026-S11;CONCORRENTE; 38.530.950/0001-09;Posto Capuaba Ltda;POSTO CAPUABA LTDA;BRANCA;ESTRADA CAPUABA, 21 - ATAIDE;29119-060;VILA VELHA;ES;SE;DIESEL, DIESEL S10, ETANOL, GASOLINA, GASOLINA ADITIVADA;5,99 / 6,09 / 4,65 / 6,09 / 6,39;"R$ / litro; R$ / litro; R$ / litro; R$ / litro; R$ / litro";"Caixa eletronico; Borracharia; Lava-jato";;;;
09/03/2026;2026-S11;CONCORRENTE; 45.543.915/0046-83;CARREFOUR COMERCIO E INDUSTRIA LTDA;CARREFOUR COMERCIO E INDUSTRIA LTDA;BRANCA;AVENIDA DARLY SANTOS, 4393 - NOSSA SENHORA DA PENHA;29123-600;VILA VELHA;ES;SE;ETANOL, GASOLINA, GASOLINA ADITIVADA;4,59 / 6,09 / 6,19;"R$ / litro; R$ / litro; R$ / litro";Conveniencia / Calibragem;;;;
10/03/2026;2026-S11;CONCORRENTE; 01.823.633/0001-62;POSTO METROPOLITANO LTDA;POSTO METROPOLITANO LTDA;IPIRANGA;VIA DOIS, 226 - ANEXO QUADRA 03 MODULO 03 - TIMS;29161-373;SERRA;ES;SE;DIESEL, DIESEL S10, ETANOL, GASOLINA, GASOLINA ADITIVADA;6,29 / 6,39 / 4,69 / 5,89 / 6,09;"R$ / litro; R$ / litro; R$ / litro; R$ / litro; R$ / litro";Borracharia / Calibragem;;;;
10/03/2026;2026-S11;CONCORRENTE; 04.361.389/0001-51;AUTO POSTO WAVE LTDA;AUTO POSTO WAVE LTDA;ALE;AVENIDA TALMA RODRIGUES RIBEIRO, 5416 A - PORTAL DE JACARAIPE;29173-795;SERRA;ES;SE;DIESEL, DIESEL S10, ETANOL, GASOLINA;6,49 / 6,59 / 4,99 / 6,59;"R$ / litro; R$ / litro; R$ / litro; R$ / litro";Calibragem,Borracharia;;;;
10/03/2026;2026-S11;CONCORRENTE; 04.361.389/0002-32;AUTO POSTO WAVE;AUTO POSTO WAVE LTDA;ALE;AVENIDA MARTIN PESCADOR, 12 - PORTO CANOA;29168-460;SERRA;ES;SE;DIESEL S10, ETANOL, GASOLINA, GASOLINA ADITIVADA;6,25 / 4,89 / 6,19 / 6,39;"R$ / litro; R$ / litro; R$ / litro; R$ / litro";"Borracharia; Caixa eletronico; Troca de oleo";;;;
10/03/2026;2026-S11;CONCORRENTE; 04.994.796/0001-04;POSTO SB LTDA;POSTO SB LTDA;VIBRA;AVENIDA BRASILIA, 1360 - PLANICIE DA SERRA;29168-710;Serra ;ES;SE;GASOLINA, GASOLINA ADITIVADA;6,19 / 6,36;"R$ / litro; R$ / litro";Borracharia, Calibragem, Troca de oleo, Caixa eletronico;;;;
10/03/2026;2026-S11;CONCORRENTE; 05.393.247/0001-39;POSTO CANOA DERIVADOS DE PETROLEO LTDA;POSTO CANOA DERIVADOS DE PETROLEO LTDA;ALE;AVENIDA BRASILIA, 575 - PORTO CANOA;29168-600;SERRA;ES;SE;DIESEL S10, ETANOL, GASOLINA, GASOLINA ADITIVADA;6,25 / 4,89 / 6,19 / 6,39;"R$ / litro; R$ / litro; R$ / litro; R$ / litro";Borracharia, Caixa eletronico, Calibragem;;;;
10/03/2026;2026-S11;CONCORRENTE; 05.738.923/0001-69;GEGEL AUTO POSTO LTDA;GEGEL AUTO POSTO LTDA;RAIZEN;AVENIDA CENTRAL B, S/N - QUADRAEC VII - CIVIT II;29168-071;SERRA;ES;SE;DIESEL, ETANOL, GASOLINA, GASOLINA ADITIVADA;6,59 / 4,89 / 6,58 / 7,08;"R$ / litro; R$ / litro; R$ / litro; R$ / litro";"Conveniencia; Borracharia; Caixa eletronico; Calibragem";;;;
10/03/2026;2026-S11;PROPRIO; 11.222.333/0004-24;REDE MARE COMBUSTIVEIS LTDA;REDE MARE;BRANCA;RODOVIA GOVERNADOR MARIO COVAS, 4324 - KM    265   POSTO - PLANALTO DE CARAPINA;29162-702;SERRA;ES;SE;DIESEL S10, ETANOL, GASOLINA, GASOLINA ADITIVADA;5,99 / 4,74 / 5,94 / 6,14;"R$ / litro; R$ / litro; R$ / litro; R$ / litro";Troca de oleo;Renata Alves;(27) 99633-9021;"01.823.633/0001-62; 04.361.389/0002-32; 05.393.247/0001-39";
10/03/2026;2026-S11;CONCORRENTE; 12.535.572/0001-54;AUTO POSTO MORADA LTDA;AUTO POSTO MORADA LTDA;IPIRANGA;AVENIDA PAULO PEREIRA GOMES, S/N - LOTE  03C                 QUADRAUE IV               SETOR II - MORADA DE LARANJEIRAS;29166-828;SERRA;ES;SE;DIESEL S10, ETANOL, GASOLINA, GASOLINA ADITIVADA;6,59 / 4,89 / 6,59 / 6,79;"R$ / litro; R$ / litro; R$ / litro; R$ / litro";Borracharia,Calibragem,Troca de oleo;;;;
10/03/2026;2026-S11;CONCORRENTE; 22.356.015/0001-20;CENTRAL COMERCIO DE COMBUSTIVEIS LTDA;CENTRAL COMERCIO DE COMBUSTIVEIS LTDA;IPIRANGA;"AVENIDA ELDES SCHERRER SOUZA, 2100 - : POSTO; - CIVIT II";29168-060;SERRA;ES;SE;DIESEL, DIESEL S10, ETANOL, GASOLINA, GASOLINA ADITIVADA, GNV;6,39 / 6,49 / 4,89 / 6,59 / 6,79 / 3,99;"R$ / litro; R$ / litro; R$ / litro; R$ / litro; R$ / litro; R$ / m³";Troca de oleo, Borracharia, Lava-jato, Conveniencia;;;;
11/03/2026;2026-S11;CONCORRENTE; 10.813.831/0001-36;AUTO POSTO E SERVICOS ARACRUZ - COLINA DE BELA VISTA LTDA;AUTO POSTO E SERVICOS ARACRUZ - COLINA DE BELA VISTA LTDA;RAIZEN;AVENIDA CASTELO BRANCO, 14 - QUADRARC 06 -                   LOTEAMENTO COLINA - BELA VISTA;29192-066;ARACRUZ;ES;SE;DIESEL, DIESEL S10, GASOLINA, GASOLINA ADITIVADA;6,79 / 6,89 / 6,69 / 6,99;"R$ / litro; R$ / litro; R$ / litro; R$ / litro";Troca de oleo,Caixa eletronico,Borracharia,Lava-jato;;;;
11/03/2026;2026-S11;CONCORRENTE; 15.010.530/0001-98;AUTO POSTO R M LTDA;AUTO POSTO R M LTDA;RAIZEN;"RODOVIA DO SOL, 3701 - LOTE: 11; QUADRA: 64; - PRAIA DE ITAPARICA";29102-023;VILA VELHA;ES;SE;DIESEL S10, ETANOL, GASOLINA, GASOLINA ADITIVADA;6,39 / 4,99 / 6,59 / 6,99;"R$ / litro; R$ / litro; R$ / litro; R$ / litro";Conveniencia;;;;
11/03/2026;2026-S11;CONCORRENTE; 17.753.176/0001-17;Auto Posto Boulevard Ltda;AUTO POSTO BOULEVARD LTDA;ALE;"RODOVIA DO SOL, S/N - LOTE: 08 E 09; QUADRA: 59; - PRAIA DE ITAPARICA";29102-020;VILA VELHA;ES;SE;DIESEL S10, ETANOL, GASOLINA, GASOLINA ADITIVADA;6,39 / 4,99 / 6,59 / 6,99;"R$ / litro; R$ / litro; R$ / litro; R$ / litro";Troca de oleo / Conveniencia / Calibragem / Lava-jato;;;;
11/03/2026;2026-S11;CONCORRENTE; 21.246.940/0001-35;AUTO POSTO GASCROMA COMERCIO DE COMBUSTIVEIS, LUBRIFICANTES E SERVICOS LTDA;AUTO POSTO GASCROMA COMERCIO DE COMBUSTIVEIS, LUBRIFICANTES E SERVICOS LTDA;VIBRA;AVENIDA JERONIMO MONTEIRO, 840 - JABURUNA;29100-600;VILA VELHA;ES;SE;DIESEL, GASOLINA, GASOLINA ADITIVADA;6,79 / 6,59 / 6,89;"R$ / litro; R$ / litro; R$ / litro";"Calibragem; Conveniencia";;;;
12/03/2026;2026-S11;CONCORRENTE; 00.580.488/0001-73;POSTO DE GASOLINA MARACANA LTDA;POSTO DE GASOLINA MARACANA LTDA;IPIRANGA;AVENIDA ALICE COUTINHO SANTOS, 2101 - POSTO DE GASOLINA - MARACANA;29142-887;Cariacica;ES;SE;DIESEL, DIESEL S10, ETANOL, GASOLINA, GASOLINA ADITIVADA;6,25 / 6,35 / 4,89 / 6,19 / 6,39;"R$ / litro; R$ / litro; R$ / litro; R$ / litro; R$ / litro";"Troca de oleo; Borracharia; Caixa eletronico";;;;
12/03/2026;2026-S11;CONCORRENTE; 02.582.857/0001-92;POSTO CAMPO GRANDE LTDA;POSTO CAMPO GRANDE LTDA;ATLÂNTICA;AVENIDA EXPEDITO GARCIA, 222 - CAMPO GRANDE;29157-405;CARIACICA;ES;SE;ETANOL, GASOLINA, GASOLINA ADITIVADA;4,69 / 6,05 / 6,05;"R$ / litro; R$ / litro; R$ / litro";Lava-jato;;;;
12/03/2026;2026-S11;CONCORRENTE; 03.948.877/0003-69;AUTO POSTO SANTA ANA LTDA;AUTO POSTO SANTA ANA LTDA;ALE;RODOVIA DO CAFE, 1871 - CARLOS GERMANO NAUMANN;29705-200;COLATINA;ES;SE;DIESEL, DIESEL S10, GASOLINA, GASOLINA ADITIVADA;6,49 / 6,59 / 6,45 / 6,65;"R$ / litro; R$ / litro; R$ / litro; R$ / litro";Calibragem,Lava-jato,Troca de oleo;;;;
12/03/2026;2026-S11;CONCORRENTE; 04.814.652/0001-10;POSTO MOTOCAP LTDA;POSTO MOTOCAP LTDA;VIBRA;PRACA ALMIRANTE BARROSO, 52 - LETRA A - LACE;29703-055;COLATINA;ES;SE;GASOLINA;6,59;R$ / litro;Calibragem,Lava-jato,Conveniencia;;;;
12/03/2026;2026-S11;CONCORRENTE; 05.791.319/0001-04;MOTOCAP COMBUSTIVEIS LTDA;MOTOCAP COMBUSTIVEIS LTDA;VIBRA;RODOVIA GETHER LOPES DE FARIAS, 2600 - CARLOS GERMANO NAUMANN;29705-390;COLATINA;ES;SE;DIESEL, GASOLINA, GASOLINA ADITIVADA, GNV;6,49 / 6,53 / 6,63 / 4,49;"R$ / litro; R$ / litro; R$ / litro; R$ / m³";"Borracharia; Calibragem";;;;
12/03/2026;2026-S11;CONCORRENTE;05892261000187;AUTO POSTO VALE ENCANTADO LTDA.;AUTO POSTO VALE ENCANTADO LTDA.;VIBRA;RUA SOBREIRO, 395 - RIO MARINHO;29112-112;V. VELHA;ES;SE;DIESEL, DIESEL S10, GASOLINA, GASOLINA ADITIVADA;6,59 / 6,69 / 6,59 / 6,79;"R$ / litro; R$ / litro; R$ / litro; R$ / litro";Calibragem;;;;
12/03/2026;2026-S11;CONCORRENTE; 06.073.382/0001-60;AUTO POSTO SUCESSO LTDA.;AUTO POSTO SUCESSO LTDA;BRANCA;AVENIDA JOAO FRANCISCO GONCALVES, 746 - COBILANDIA;29111-300;VILA VELHA;ES;SE;DIESEL S10, ETANOL, GASOLINA;6,36 / 4,66 / 6,36;"R$ / litro; R$ / litro; R$ / litro";Caixa eletronico, Calibragem, Lava-jato, Borracharia;;;;
12/03/2026;2026-S11;CONCORRENTE; 07.381.843/0001-24;POSTO DE COMBUSTIVEIS BRUNO LTDA;POSTO DE COMBUSTIVEIS BRUNO LTDA;BRANCA;RUA FIORAVANTE ROSSI, 738 - SAO BRAZ;29704-700;COLATINA;ES;SE;GASOLINA, GASOLINA ADITIVADA;6,59 / 6,59;"R$ / litro; R$ / litro";Borracharia;;;;
12/03/2026;2026-S11;CONCORRENTE;08022304000161;AUTO POSTO DE COMBUSTIVEL RTT LTDA;AUTO POSTO DE COMBUSTIVEL RTT LTDA;IPIRANGA;RUA MOEMA, 38 - DIVINO ESPIRITO SANTO;29107-250;V. VELHA;ES;SE;DIESEL S10, ETANOL, GASOLINA, GASOLINA ADITIVADA;6,39 / 5,19 / 6,39 / 6,79;"R$ / litro; R$ / litro; R$ / litro; R$ / litro";Borracharia;;;;
12/03/2026;2026-S11;CONCORRENTE; 08.519.545/0001-10;SAO FRANCISCO DE ASSIS COMERCIO DE COMBUSTIVEIS LTDA;SAO FRANCISCO DE ASSIS COMERCIO DE COMBUSTIVEIS LTDA;VIBRA;PRACA FIDELIS FERRARI, 35 - LACE;29703-030;COLATINA;ES;SE;GASOLINA, GASOLINA ADITIVADA;6,79 / 6,89;"R$ / litro; R$ / litro";Caixa eletronico / Troca de oleo / Conveniencia;;;;
12/03/2026;2026-S11;CONCORRENTE; 08.971.375/0001-00;BRAX COMBUSTIVEIS LTDA;BRAX COMBUSTIVEIS LTDA;IPIRANGA;RODOVIA CONEGO JOAO GUILHERME, 1516 - MARIO GIURIZATTO;29706-557;COLATINA;ES;SE;DIESEL, DIESEL S10, ETANOL, GASOLINA, GASOLINA ADITIVADA;6,40 / 6,50 / 4,87 / 6,47 / 6,58;"R$ / litro; R$ / litro; R$ / litro; R$ / litro; R$ / litro";Lava-jato,Troca de oleo;;;;
12/03/2026;2026-S11;PROPRIO;11222333000181;REDE MARE COMBUSTIVEIS LTDA;REDE MARE;BRANCA;AVENIDA MARIO GURGEL, 1092 - ITAQUARI;29151-570;CARIACICA;ES;SE;DIESEL, DIESEL S10, ETANOL, GASOLINA, GASOLINA ADITIVADA, GNV;6,40 / 6,42 / 4,65 / 6,39 / 6,39 / 4,09;"R$ / litro; R$ / litro; R$ / litro; R$ / litro; R$ / litro; R$ / m³";Conveniencia,Troca de oleo,Caixa eletronico,Borracharia;Carlos Menezes;(27) 99811-2041 / (27) 3334-1100;00.580.488/0001-73 / 13.814.642/0001-76 / 15.226.314/0001-84;
12/03/2026;2026-S11;PROPRIO; 11.222.333/0005-05;REDE MARE COMBUSTIVEIS LTDA;REDE MARE;BRANCA;AVENIDA MARIO GURGEL, 3127 - FUNDOSCOM A AV EXPEDITO GA - CAMPO GRANDE;29146-012;CARIACICA;ES;SE;DIESEL S10, ETANOL, GASOLINA, GASOLINA ADITIVADA, GNV;6,19 / 4,79 / 6,09 / 6,09 / 3,99;"R$ / litro; R$ / litro; R$ / litro; R$ / litro; R$ / m³";Conveniencia;Marcos Lyrio;(27) 99890-1276 / (27) 3345-0098;"00.580.488/0001-73; 13.814.642/0001-76; 15.226.314/0001-84";
12/03/2026;2026-S11;CONCORRENTE; 13.814.642/0001-76;POSTO BR 31 AUTO SERVICOS LTDA;POSTO BR 31 AUTO SERVICOS LTDA;RAIZEN;AVENIDA MARIO GURGEL, 2844 - ALTO LAJE;29151-026;CARIACICA;ES;SE;DIESEL S10, ETANOL, GASOLINA, GASOLINA ADITIVADA;6,39 / 4,69 / 6,59 / 6,99;"R$ / litro; R$ / litro; R$ / litro; R$ / litro";"Troca de oleo; Calibragem; Caixa eletronico; Conveniencia";;;;
12/03/2026;2026-S11;CONCORRENTE; 15.226.314/0001-84;MAIS COMERCIO DE COMBUSTIVEL CARIACICA LTDA;MAIS COMERCIO DE COMBUSTIVEL CARIACICA LTDA;BRANCA;AVENIDA MARIO GURGEL, 4935 - VILA PALESTINA;29145-711;Cariacica;ES;SE;ETANOL, GASOLINA;4,89 / 6,19;"R$ / litro; R$ / litro";Borracharia,Lava-jato,Conveniencia,Calibragem;;;;
12/03/2026;2026-S11;CONCORRENTE; 20.246.670/0001-08;POSTO DE COMBUSTIVEIS COLATINA LTDA;POSTO DE COMBUSTIVEIS COLATINA LTDA;BRANCA;RODOVIA DO CAFE, 606 - CARLOS GERMANO NAUMANN;29705-200;COLATINA;ES;SE;DIESEL, DIESEL S10, ETANOL, GASOLINA;7,69 / 7,89 / 4,65 / 6,45;"R$ / litro; R$ / litro; R$ / litro; R$ / litro";Troca de oleo / Calibragem;;;;
12/03/2026;2026-S11;CONCORRENTE; 24.145.665/0001-51;C.R.B. DEZAN E CIA LTDA;C.R.B. DEZAN E CIA LTDA;ATLÂNTICA;AVENIDA MARIO GURGEL, 5913 - AUTO POSTO - SAO FRANCISCO;29145-409;CARIACICA;ES;SE;DIESEL S10, ETANOL, GASOLINA;6,29 / 4,89 / 6,19;"R$ / litro; R$ / litro; R$ / litro";Conveniencia / Caixa eletronico;;;;
12/03/2026;2026-S11;CONCORRENTE; 27.016.518/0001-70;AUTO POSTO CONTORNO LTDA;AUTO POSTO CONTORNO LTDA;ALE;RODOVIA GOVERNADOR MARIO COVAS, 11282 - SERRA DO ANIL;29147-030;CARIACICA;ES;SE;DIESEL, DIESEL S10, ETANOL, GASOLINA, GASOLINA ADITIVADA;6,64 / 6,74 / 4,79 / 6,29 / 6,49;"R$ / litro; R$ / litro; R$ / litro; R$ / litro; R$ / litro";Borracharia;;;;
12/03/2026;2026-S11;CONCORRENTE; 27.085.240/0001-92;POSTO DE GASOLINA SANTO ANTONIO LTDA;POSTO DE GASOLINA SANTO ANTONIO LTDA;ALE;AVENIDA SILVIO AVIDOS, 3251 - SANTO ANTONIO;29704-053;COLATINA;ES;SE;DIESEL, DIESEL S10, GASOLINA, GASOLINA ADITIVADA;6,39 / 6,49 / 6,49 / 6,62;"R$ / litro; R$ / litro; R$ / litro; R$ / litro";Lava-jato,Calibragem;;;;
12/03/2026;2026-S11;CONCORRENTE; 27.394.378/0001-73;POSTO DE PRODUTOS DE PETROLEO OASIS LTDA;POSTO DE PRODUTOS DE PETROLEO OASIS LTDA;IPIRANGA;AVENIDA MARIO GURGEL, 297 - JARDIM AMERICA;29140-261;CARIACICA;ES;SE;DIESEL S10, GASOLINA, GASOLINA ADITIVADA, GNV;6,79 / 6,07 / 6,59 / 3,99;"R$ / litro; R$ / litro; R$ / litro; R$ / m³";Calibragem,Caixa eletronico;;;;
12/03/2026;2026-S11;CONCORRENTE; 27.396.415/0001-82;AUTO SERVICO SAO CRISTOVAO LTDA;AUTO SERVICO SAO CRISTOVAO LTDA;VIBRA;AVENIDA MARIO GURGEL, 4 - KM    4 5  BR 262 - DOM BOSCO;29147-345;CARIACICA;ES;SE;DIESEL, GASOLINA, GASOLINA ADITIVADA, GNV;6,38 / 6,38 / 6,49 / 3,98;"R$ / litro; R$ / litro; R$ / litro; R$ / m³";Caixa eletronico, Borracharia, Conveniencia;;;;
12/03/2026;2026-S11;CONCORRENTE; 27.926.384/0001-24;PETROVERA - POSTO DE PRODUTOS DE PETROLEO E TRANSPORTES LTDA - ME;PETROVERA - POSTO DE PRODUTOS DE PETROLEO E TRANSPORTES LTDA - ME;IPIRANGA;RODOVIA GOVERNADOR JOSE HENRIQUE SETTE, 906 - PAVMTO01 - ALTO LAGE;29151-055;CARIACICA;ES;SE;DIESEL, DIESEL S10, ETANOL, GASOLINA, GASOLINA ADITIVADA;6,49 / 6,59 / 4,99 / 6,59 / 6,59;"R$ / litro; R$ / litro; R$ / litro; R$ / litro; R$ / litro";"Caixa eletronico; Conveniencia; Borracharia; Calibragem";;;;
12/03/2026;2026-S11;CONCORRENTE; 28.344.206/0001-58;POSTO DE COMBUSTIVEIS ITACIBA LTDA;POSTO DE COMBUSTIVEIS ITACIBA LTDA;BRANCA;RUA MANOEL JOAQUIM DOS SANTOS, 317 - ITACIBA;29150-270;CARIACICA;ES;SE;ETANOL, GASOLINA, GASOLINA ADITIVADA;4,97 / 6,57 / 6,57;"R$ / litro; R$ / litro; R$ / litro";Troca de oleo,Conveniencia,Lava-jato,Borracharia;;;;
13/03/2026;2026-S11;CONCORRENTE; 01.503.536/0001-92;POSTO MARCELA LTDA;POSTO MARCELA LTDA;VIBRA;RUA DO PESSEGUEIRO, S/N - DIVINO ESPÍRITO SANTO;29107-230;VILA VELHA;ES;SE;DIESEL S10, ETANOL, GASOLINA, GASOLINA ADITIVADA;6,49 / 4,99 / 6,59 / 6,79;"R$ / litro; R$ / litro; R$ / litro; R$ / litro";Caixa eletronico, Borracharia;;;;
13/03/2026;2026-S11;CONCORRENTE; 04.145.589/0011-49;ARARA AZUL REDE DE POSTOS LTDA;ARARA AZUL REDE DE POSTOS LTDA;BRANCA;RODOVIA RODOVIA DO SOL, 530 - PRAIA DE ITAPARICA;29102-020;VILA VELHA;ES;SE;DIESEL S10, ETANOL, GASOLINA, GASOLINA ADITIVADA;6,29 / 4,95 / 6,57 / 6,57;"R$ / litro; R$ / litro; R$ / litro; R$ / litro";Lava-jato, Troca de oleo, Borracharia;;;;
13/03/2026;2026-S11;CONCORRENTE; 04.850.382/0001-01;POSTO ARIBIRI DO GAS LTDA;POSTO ARIBIRI DO GAS LTDA;VIBRA;AVENIDA CARLOS LINDEMBERG, 1944 - SANTA INEZ;29108-075;VILA VELHA;ES;SE;GASOLINA, GASOLINA ADITIVADA, GNV;6,59 / 6,79 / 3,99;"R$ / litro; R$ / litro; R$ / m³";Caixa eletronico / Lava-jato;;;;
16/03/2026;2026-S12;CONCORRENTE; 01.496.517/0001-86;POSTO PERIM LTDA;POSTO PERIM LTDA;VIBRA;RUA SANTA LEOPOLDINA, 1650 - ITAPARICA;29102-040;VILA VELHA;ES;SE;DIESEL S10, ETANOL, GASOLINA, GASOLINA ADITIVADA;6,39 / 4,99 / 6,59 / 6,79;"R$ / litro; R$ / litro; R$ / litro; R$ / litro";Conveniencia, Borracharia, Caixa eletronico, Calibragem;;;;
16/03/2026;2026-S12;CONCORRENTE; 01.514.752/0001-33;POSTO THIAGO LIMITADA;POSTO THIAGO LIMITADA;VIBRA;AVENIDA CEZAR HILAL, 868 - BENTO FERREIRA;29050-662;VITORIA;ES;SE;ETANOL, GASOLINA, GASOLINA ADITIVADA;4,99 / 6,59 / 6,79;"R$/l; R$/l; R$/l";Caixa eletronico;;;;
16/03/2026;2026-S12;CONCORRENTE; 01.557.127/0001-79;AUTO POSTO ILHA DAS GARCAS LTDA;AUTO POSTO ILHA DAS GARCAS LTDA;VIBRA;RUA MARIA DE OLIVEIRA MARES GUIA, 40 - PRAIA DAS GAIVOTAS;29102-567;V. VELHA;ES;SE;GASOLINA, GASOLINA ADITIVADA;6,39 / 6,69;"R$ / litro; R$ / litro";Borracharia, Caixa eletronico;;;;
16/03/2026;2026-S12;CONCORRENTE; 01.823.633/0001-62;POSTO METROPOLITANO LTDA;POSTO METROPOLITANO LTDA;IPIRANGA;VIA DOIS, 226 - ANEXO QUADRA 03 MODULO 03 - TIMS;29161-373;SERRA;ES;SE;DIESEL, DIESEL S10, ETANOL, GASOLINA, GASOLINA ADITIVADA;6,49 / 6,59 / 4,99 / 6,59 / 6,79;"R$ / litro; R$ / litro; R$ / litro; R$ / litro; R$ / litro";"Borracharia; Calibragem";;;;
16/03/2026;2026-S12;CONCORRENTE; 02.567.214/0001-70;POSTO DE COMBUSTIVEL IDEAL LTDA;POSTO DE COMBUSTIVEL IDEAL LTDA;IPIRANGA;AVENIDA VITORIA, 3031 - GURIGICA;29027-080;VITORIA;ES;SE;ETANOL, GASOLINA, GASOLINA ADITIVADA;4,85 / 6,45 / 6,45;"R$/l; R$/l; R$/l";Conveniencia / Borracharia / Calibragem;;;;
16/03/2026;2026-S12;CONCORRENTE; 03.948.877/0003-69;AUTO POSTO SANTA ANA LTDA;AUTO POSTO SANTA ANA LTDA;ALE;RODOVIA DO CAFE, 1871 - CARLOS GERMANO NAUMANN;29705-200;COLATINA;ES;SE;DIESEL, DIESEL S10, GASOLINA, GASOLINA ADITIVADA;6,49 / 6,59 / 6,45 / 6,65;"R$ / litro; R$ / litro; R$ / litro; R$ / litro";Calibragem / Lava-jato / Troca de oleo;;;;
16/03/2026;2026-S12;CONCORRENTE; 04.361.389/0001-51;AUTO POSTO WAVE LTDA;AUTO POSTO WAVE LTDA;ALE;AVENIDA TALMA RODRIGUES RIBEIRO, 5416 A - PORTAL DE JACARAIPE;29173-795;SERRA;ES;SE;DIESEL, DIESEL S10, ETANOL, GASOLINA;6,49 / 6,59 / 4,99 / 6,59;"R$ / litro; R$ / litro; R$ / litro; R$ / litro";Calibragem,Borracharia;;;;
16/03/2026;2026-S12;CONCORRENTE; 04.814.652/0001-10;POSTO MOTOCAP LTDA;POSTO MOTOCAP LTDA;VIBRA;PRACA ALMIRANTE BARROSO, 52 - LETRA A - LACE;29703-055;COLATINA;ES;SE;GASOLINA;6,59;R$ / litro;Calibragem, Lava-jato, Conveniencia;;;;
16/03/2026;2026-S12;CONCORRENTE; 04.960.337/0001-00;RENOVA COMERCIO COMBUSTIVEL E SERVICOS LTDA.;RENOVA COMERCIO COMBUSTIVEL E SERVICOS LTDA;BRANCA;AVENIDA LEITAO DA SILVA, 1150 - SANTA LUCIA;29056-184;VITORIA;ES;SE;ETANOL, GASOLINA, GASOLINA ADITIVADA;4,97 / 6,57 / 6,57;"R$ / litro; R$ / litro; R$ / litro";Borracharia,Calibragem;;;;
16/03/2026;2026-S12;CONCORRENTE; 05.738.923/0001-69;GEGEL AUTO POSTO LTDA;GEGEL AUTO POSTO LTDA;RAIZEN;AVENIDA CENTRAL B, S/N - QUADRAEC VII - CIVIT II;29168-071;SERRA;ES;SE;DIESEL, ETANOL, GASOLINA, GASOLINA ADITIVADA;6,59 / 4,89 / 6,58 / 7,08;"R$ / litro; R$ / litro; R$ / litro; R$ / litro";Conveniencia,Borracharia,Caixa eletronico,Calibragem;;;;
16/03/2026;2026-S12;CONCORRENTE; 07.381.843/0001-24;POSTO DE COMBUSTIVEIS BRUNO LTDA;POSTO DE COMBUSTIVEIS BRUNO LTDA;BRANCA;RUA FIORAVANTE ROSSI, 738 - SAO BRAZ;29704-700;COLATINA;ES;SE;GASOLINA, GASOLINA ADITIVADA;6,59 / 6,59;"R$ / litro; R$ / litro";Borracharia;;;;
16/03/2026;2026-S12;CONCORRENTE; 07.571.908/0001-02;AUTO POSTO CORAL LTDA;AUTO POSTO CORAL LTDA;VIBRA;AVENIDA NORTE SUL, 259 - N.S.DO ROSARIO DE FATIMA;29176-798;SERRA;ES;SE;GASOLINA, GASOLINA ADITIVADA;6,59 / 6,89;"R$ / litro; R$ / litro";Borracharia / Lava-jato / Conveniencia;;;;ATUALIZAR!!
16/03/2026;2026-S12;CONCORRENTE; 08.519.545/0001-10;SAO FRANCISCO DE ASSIS COMERCIO DE COMBUSTIVEIS LTDA;SAO FRANCISCO DE ASSIS COMERCIO DE COMBUSTIVEIS LTDA;VIBRA;PRACA FIDELIS FERRARI, 35 - LACE;29703-030;COLATINA;ES;SE;GASOLINA, GASOLINA ADITIVADA;6,79 / 6,89;"R$ / litro; R$ / litro";Caixa eletronico,Troca de oleo,Conveniencia;;;;
16/03/2026;2026-S12;CONCORRENTE; 08.788.618/0001-70;J. S. PETROLEO E COMERCIO LTDA.;J. S. PETROLEO E COMERCIO LTDA.;RAIZEN;AVENIDA DANTE MICHELINI, 2461 - MATA DA PRAIA;29066-430;VITORIA;ES;SE;ETANOL, GASOLINA, GASOLINA ADITIVADA, GNV;4,99 / 6,59 / 6,99 / 4,09;"R$ / litro; R$ / litro; R$ / litro; R$ / m³";Borracharia,Caixa eletronico,Troca de oleo;;;;
16/03/2026;2026-S12;CONCORRENTE; 08.971.375/0001-00;BRAX COMBUSTIVEIS LTDA;BRAX COMBUSTIVEIS LTDA;IPIRANGA;RODOVIA CONEGO JOAO GUILHERME, 1516 - MARIO GIURIZATTO;29706-557;COLATINA;ES;SE;DIESEL, DIESEL S10, ETANOL, GASOLINA, GASOLINA ADITIVADA;6,47 / 6,57 / 4,99 / 6,52 / 6,63;"R$ / litro; R$ / litro; R$ / litro; R$ / litro; R$ / litro";Lava-jato, Troca de oleo;;;;
16/03/2026;2026-S12;CONCORRENTE; 11.942.147/0001-17;POSTO PARADA VITORIA LTDA;POSTO PARADA VITORIA LTDA;ALE;AVENIDA MARECHALCAMPOS, 370 - CONSOLACAO;29045-460;Vitória;ES;SE;DIESEL S10, ETANOL, GASOLINA, GASOLINA ADITIVADA;6,39 / 4,98 / 6,59 / 6,79;"R$ / litro; R$ / litro; R$ / litro; R$ / litro";Conveniencia,Caixa eletronico,Troca de oleo;;;;
16/03/2026;2026-S12;CONCORRENTE; 12.535.572/0001-54;AUTO POSTO MORADA LTDA;AUTO POSTO MORADA LTDA;IPIRANGA;AVENIDA PAULO PEREIRA GOMES, S/N - LOTE  03C                 QUADRAUE IV               SETOR II - MORADA DE LARANJEIRAS;29166-828;SERRA;ES;SE;DIESEL S10, ETANOL, GASOLINA, GASOLINA ADITIVADA;6,59 / 4,99 / 6,59 / 6,69;"R$ / litro; R$ / litro; R$ / litro; R$ / litro";Borracharia, Calibragem, Troca de oleo;;;;
16/03/2026;2026-S12;CONCORRENTE; 14.806.977/0001-05;AUTO POSTO SILVARES LTDA;AUTO POSTO SILVARES LTDA;IPIRANGA;AVENIDA   NAIR AZEVEDO SILVA, 430 - ILHA DO PRINCIPE;29020-240;VITORIA;ES;SE;ETANOL, GASOLINA, GASOLINA ADITIVADA;4,89 / 6,59 / 6,79;"R$ / litro; R$ / litro; R$ / litro";Borracharia;;;;
16/03/2026;2026-S12;CONCORRENTE; 15.010.530/0001-98;AUTO POSTO R M LTDA;AUTO POSTO R M LTDA;RAIZEN;"RODOVIA DO SOL, 3701 - LOTE: 11; QUADRA: 64; - PRAIA DE ITAPARICA";29102-023;VILA VELHA;ES;SE;DIESEL S10, ETANOL, GASOLINA, GASOLINA ADITIVADA;6,39 / 4,99 / 6,59 / 6,99;"R$ / litro; R$ / litro; R$ / litro; R$ / litro";Conveniencia;;;;
16/03/2026;2026-S12;CONCORRENTE; 16.577.742/0001-14;AUTO POSTO ESCOLA COMERCIO DE COMBUSTIVEIS, LUBRIFICANTES E SERVICOS LTDA;AUTO POSTO ESCOLA COMERCIO DE COMBUSTIVEIS, LUBRIFICANTES E SERVICOS LTDA;VIBRA;"AVENIDA AMERICO BUAIZ, 1 - : POSTO; - ENSEADA DO SUA";29050-463;VITORIA;ES;SE;GASOLINA, GASOLINA ADITIVADA;6,59 / 6,79;"R$ / litro; R$ / litro";Troca de oleo / Caixa eletronico;;;;
16/03/2026;2026-S12;CONCORRENTE; 17.753.176/0001-17;AUTO POSTO BOULEVARD LTDA;AUTO POSTO BOULEVARD LTDA;ALE;"RODOVIA DO SOL, S/N - LOTE: 08 E 09; QUADRA: 59; - PRAIA DE ITAPARICA";29102-020;VILA VELHA;ES;SE;DIESEL S10, ETANOL, GASOLINA, GASOLINA ADITIVADA;6,39 / 4,99 / 6,59 / 6,99;"R$/l; R$/l; R$/l; R$/l";"Troca de oleo; Conveniencia; Calibragem; Lava-jato";;;;
16/03/2026;2026-S12;CONCORRENTE; 20.246.670/0001-08;POSTO DE COMBUSTIVEIS COLATINA LTDA;POSTO DE COMBUSTIVEIS COLATINA LTDA;BRANCA;RODOVIA DO CAFE, 606 - CARLOS GERMANO NAUMANN;29705-200;COLATINA;ES;SE;ETANOL, GASOLINA;4,59 / 6,49;"R$ / litro; R$ / litro";Troca de oleo / Calibragem;;;;
16/03/2026;2026-S12;CONCORRENTE; 22.356.015/0001-20;CENTRAL COMERCIO DE COMBUSTIVEIS LTDA;CENTRAL COMERCIO DE COMBUSTIVEIS LTDA;IPIRANGA;"AVENIDA ELDES SCHERRER SOUZA, 2100 - : POSTO; - CIVIT II";29168-060;SERRA;ES;SE;DIESEL, DIESEL S10, ETANOL, GASOLINA, GASOLINA ADITIVADA, GNV;6,39 / 6,49 / 4,99 / 6,59 / 6,79 / 3,99;"R$/l; R$/l; R$/l; R$/l; R$/l; R$ / m³";Troca de oleo,Borracharia,Lava-jato,Conveniencia;;;;
16/03/2026;2026-S12;CONCORRENTE; 26.980.450/0001-81;AUTO POSTO VITORIA COMERCIO DE COMBUSTIVEIS LTDA;AUTO POSTO VITORIA COMERCIO DE COMBUSTIVEIS LTDA;VIBRA;RUA OLYMPIO RODRIGUES PASSOS, 14 - LOJA  01 - JABOUR;29072-290;VITORIA;ES;SE;ETANOL, GASOLINA, GASOLINA ADITIVADA;5,09 / 6,59 / 6,79;"R$ / litro; R$ / litro; R$ / litro";Caixa eletronico;;;;
16/03/2026;2026-S12;CONCORRENTE; 27.066.273/0002-76;POSTO ARVOREDO LTDA;POSTO ARVOREDO LTDA;BRANCA;AVENIDA VITORIA, 1600 - POSTO - ILHA DE SANTA MARIA;29051-040;VITORIA;ES;SE;GASOLINA, GASOLINA ADITIVADA;6,45 / 6,45;"R$ / litro; R$ / litro";Lava-jato / Troca de oleo / Borracharia;;;;
16/03/2026;2026-S12;CONCORRENTE; 27.085.240/0001-92;POSTO DE GASOLINA SANTO ANTONIO LTDA;POSTO DE GASOLINA SANTO ANTONIO LTDA;ALE;AVENIDA SILVIO AVIDOS, 3251 - SANTO ANTONIO;29704-053;COLATINA;ES;SE;DIESEL, DIESEL S10, GASOLINA, GASOLINA ADITIVADA;6,49 / 6,59 / 6,49 / 6,62;"R$ / litro; R$ / litro; R$ / litro; R$ / litro";Lava-jato / Calibragem;;;;
16/03/2026;2026-S12;CONCORRENTE; 27.352.004/0001-95;POSTO DE COMBUSTIVEIS GIRASSOL LTDA;POSTO DE COMBUSTIVEIS GIRASSOL LTDA;VIBRA;AVENIDA DAS NACOES, 852 - COLATINA VELHA;29700-543;COLATINA;ES;SE;DIESEL, ETANOL, GASOLINA, GASOLINA ADITIVADA;6,59 / 5,19 / 6,59 / 6,69;"R$ / litro; R$ / litro; R$ / litro; R$ / litro";Lava-jato,Borracharia;;;;
16/03/2026;2026-S12;CONCORRENTE; 27.734.094/0001-89;POSTO ATLANTICO LTDA;POSTO ATLANTICO LTDA;RAIZEN;AVENIDA DANTE MICHELINI, 4655 - POSTO - JARDIM CAMBURI;29090-070;VITORIA;ES;SE;DIESEL S10, ETANOL, GASOLINA, GASOLINA ADITIVADA;6,79 / 4,99 / 6,59 / 6,94;"R$ / litro; R$ / litro; R$ / litro; R$ / litro";Borracharia, Calibragem;;;;ATUALIZAR!!
16/03/2026;2026-S12;CONCORRENTE; 28.059.632/0001-40;A.B.C. AUTO SERVICOS LTDA;A.B.C. AUTO SERVICOS LTDA;RAIZEN;AVENIDA ROBERT KENNEDY, 21 - A - SAO TORQUATO;29114-000;VILA VELHA;ES;SE;DIESEL, DIESEL S10, GASOLINA, GASOLINA ADITIVADA;6,39 / 6,39 / 6,59 / 6,99;"R$ / litro; R$ / litro; R$ / litro; R$ / litro";Caixa eletronico,Borracharia,Troca de oleo;;;;
16/03/2026;2026-S12;CONCORRENTE; 28.413.219/0001-31;COMERCIAL NORTE SUL LTDA;COMERCIAL NORTE SUL LTDA;VIBRA;AVENIDA MARUIPE, 2757 - SANTA LUIZA;29045-230;VITORIA;ES;SE;DIESEL S10, GASOLINA, GASOLINA ADITIVADA;6,49 / 6,59 / 6,89;"R$ / litro; R$ / litro; R$ / litro";Lava-jato;;;;
16/03/2026;2026-S12;CONCORRENTE; 29.326.587/0001-05;AUTO POSTO PRAIA DE CAMBURI LTDA;AUTO POSTO PRAIA DE CAMBURI LTDA;VIBRA;AVENIDA DANTE MICHELINI, 1187 - JARDIM DA PENHA;29060-235;VITORIA;ES;SE;GASOLINA, GASOLINA ADITIVADA, GNV;6,59 / 6,79 / 3,99;"R$ / litro; R$ / litro; R$ / m³";Caixa eletronico,Troca de oleo,Borracharia,Conveniencia;;;;
17/03/2026;2026-S12;CONCORRENTE; 00.580.488/0001-73;POSTO DE GASOLINA MARACANA LTDA;POSTO DE GASOLINA MARACANA LTDA;IPIRANGA;AVENIDA ALICE COUTINHO SANTOS, 2101 - POSTO DE GASOLINA - MARACANA;29142-887;CARIACICA;ES;SE;DIESEL, DIESEL S10, ETANOL, GASOLINA, GASOLINA ADITIVADA;6,69 / 6,79 / 4,99 / 6,59 / 6,69;"R$ / litro; R$ / litro; R$ / litro; R$ / litro; R$ / litro";Troca de oleo, Borracharia, Caixa eletronico;;;;
17/03/2026;2026-S12;CONCORRENTE; 01.503.536/0001-92;POSTO MARCELA LTDA;POSTO MARCELA LTDA;VIBRA;RUA DO PESSEGUEIRO, S/N - DIVINO ESPÍRITO SANTO;29107-230;VILA VELHA;ES;SE;DIESEL S10, GASOLINA, GASOLINA ADITIVADA;6,79 / 6,59 / 6,79;"R$ / litro; R$ / litro; R$ / litro";"Caixa eletronico; Borracharia";;;;
17/03/2026;2026-S12;CONCORRENTE; 02.582.857/0001-92;POSTO CAMPO GRANDE LTDA;POSTO CAMPO GRANDE LTDA;ATLÂNTICA;AVENIDA EXPEDITO GARCIA, 222 - CAMPO GRANDE;29157-405;CARIACICA;ES;SE;ETANOL, GASOLINA, GASOLINA ADITIVADA;4,79 / 6,17 / 6,17;"R$ / litro; R$ / litro; R$ / litro";Lava-jato;;;;
17/03/2026;2026-S12;CONCORRENTE; 04.361.389/0002-32;AUTO POSTO WAVE LTDA;AUTO POSTO WAVE LTDA;ALE;AVENIDA MARTIN PESCADOR, 12 - PORTO CANOA;29168-460;SERRA;ES;SE;DIESEL S10, ETANOL, GASOLINA, GASOLINA ADITIVADA;6,39 / 4,89 / 6,59 / 6,79;"R$/l; R$/l; R$/l; R$/l";"Borracharia; Caixa eletronico; Troca de oleo";;;;
17/03/2026;2026-S12;CONCORRENTE; 04.994.796/0001-04;POSTO SB LTDA;POSTO SB LTDA;VIBRA;AVENIDA BRASILIA, 1360 - PLANICIE DA SERRA;29168-710;SERRA;ES;SE;GASOLINA, GASOLINA ADITIVADA;6,59 / 6,74;"R$ / litro; R$ / litro";Borracharia,Calibragem,Troca de oleo,Caixa eletronico;;;;
17/03/2026;2026-S12;CONCORRENTE; 05.393.247/0001-39;POSTO CANOA DERIVADOS DE PETROLEO LTDA;POSTO CANOA DERIVADOS DE PETROLEO LTDA;ALE;AVENIDA BRASILIA, 575 - PORTO CANOA;29168-600;SERRA;ES;SE;DIESEL S10, ETANOL, GASOLINA, GASOLINA ADITIVADA;6,39 / 4,89 / 6,59 / 6,79;"R$ / litro; R$ / litro; R$ / litro; R$ / litro";Borracharia,Caixa eletronico,Calibragem;;;;
17/03/2026;2026-S12;CONCORRENTE; 05.892.261/0001-87;AUTO POSTO VALE ENCANTADO LTDA.;AUTO POSTO VALE ENCANTADO LTDA.;VIBRA;RUA SOBREIRO, 395 - RIO MARINHO;29112-112;VILA VELHA;ES;SE;DIESEL, DIESEL S10, ETANOL, GASOLINA, GASOLINA ADITIVADA;6,59 / 6,69 / 4,50 / 6,59 / 6,79;"R$ / litro; R$ / litro; R$ / litro; R$ / litro; R$ / litro";Calibragem;;;;
17/03/2026;2026-S12;CONCORRENTE; 06.073.382/0001-60;AUTO POSTO SUCESSO LTDA;AUTO POSTO SUCESSO LTDA;BRANCA;AVENIDA JOAO FRANCISCO GONCALVES, 746 - COBILANDIA;29111-300;VILA VELHA;ES;SE;DIESEL S10, ETANOL, GASOLINA;6,55 / 4,86 / 6,46;"R$ / litro; R$ / litro; R$ / litro";Caixa eletronico, Calibragem, Lava-jato, Borracharia;;;;
17/03/2026;2026-S12;CONCORRENTE; 07.470.392/0001-00;POSTO DE COMBUSTIVEIS OTAVIO EIRELI;POSTO DE COMBUSTIVEIS OTAVIO EIRELI;RAIZEN;AVENIDA ABDO SAAD, 833 - JACARAIPE;29173-510;SERRA;ES;SE;DIESEL, ETANOL, GASOLINA, GASOLINA ADITIVADA;6,89 / 5,09 / 6,69 / 6,99;"R$ / litro; R$ / litro; R$ / litro; R$ / litro";Borracharia;;;;
17/03/2026;2026-S12;CONCORRENTE; 08.022.304/0001-61;AUTO POSTO DE COMBUSTIVEL RTT LTDA;AUTO POSTO DE COMBUSTIVEL RTT LTDA;IPIRANGA;RUA MOEMA, 38 - DIVINO ESPIRITO SANTO;29107-250;VILA VELHA;ES;SE;DIESEL S10, ETANOL, GASOLINA, GASOLINA ADITIVADA;6,49 / 5,19 / 6,49 / 6,89;"R$ / litro; R$ / litro; R$ / litro; R$ / litro";Borracharia;;;;preco conferido por telefone
17/03/2026;2026-S12;CONCORRENTE;09167931000153;POSTO CHAMPAGNAT LTDA;POSTO CHAMPAGNAT LTDA;IPIRANGA;RUA HUGO MUSSO, 550 - PRAIA DA COSTA;29101-280;VILA VELHA;ES;SE;DIESEL S10, ETANOL, GASOLINA, GASOLINA ADITIVADA;6,99 / 4,99 / 6,59 / 6,79;"R$ / litro; R$ / litro; R$ / litro; R$ / litro";Calibragem, Conveniencia, Caixa eletronico;;;;
17/03/2026;2026-S12;CONCORRENTE; 10.197.775/0001-52;Rede De Postos Sagui Ltda;REDE DE POSTOS SAGUI LTDA;ATLÂNTICA;RUA EUCLIDES DA CUNHA, 421 - SAO DIOGO I;29163-265;SERRA;ES;SE;DIESEL S10, ETANOL, GASOLINA, GASOLINA ADITIVADA;6,49 / 4,99 / 6,59 / 6,59;"R$/l; R$/l; R$/l; R$/l";Caixa eletronico, Conveniencia;;;;
17/03/2026;2026-S12;CONCORRENTE; 10.569.345/0001-14;POSTO CRISTOVAO COLOMBO LTDA;POSTO CRISTOVAO COLOMBO LTDA;VIBRA;RUA CRISTOVAO COLOMBO, 582 - CRISTOVAO COLOMBO;29106-595;VILA VELHA;ES;SE;GASOLINA, GASOLINA ADITIVADA;6,59 / 6,89;"R$ / litro; R$ / litro";Caixa eletronico,Troca de oleo,Lava-jato,Calibragem;;;;
17/03/2026;2026-S12;CONCORRENTE; 10.813.831/0001-36;AUTO POSTO E SERVICOS ARACRUZ - COLINA DE BELA VISTA LTDA;AUTO POSTO E SERVICOS ARACRUZ - COLINA DE BELA VISTA LTDA;RAIZEN;AVENIDA CASTELO BRANCO, 14 - QUADRARC 06 -                   LOTEAMENTO COLINA - BELA VISTA;29192-066;ARACRUZ;ES;SE;DIESEL, DIESEL S10, GASOLINA, GASOLINA ADITIVADA;6,89 / 6,99 / 6,69 / 6,99;"R$ / litro; R$ / litro; R$ / litro; R$ / litro";Troca de oleo, Caixa eletronico, Borracharia, Lava-jato;;;;
17/03/2026;2026-S12;PROPRIO; 11.222.333/0001-81;REDE MARE COMBUSTIVEIS LTDA;REDE MARE;BRANCA;AVENIDA MARIO GURGEL, 1092 - ITAQUARI;29151-570;CARIACICA;ES;SE;DIESEL, DIESEL S10, ETANOL, GASOLINA, GASOLINA ADITIVADA, GNV;7,00 / 7,02 / 4,65 / 6,59 / 6,59 / 4,09;"R$ / litro; R$ / litro; R$ / litro; R$ / litro; R$ / litro; R$ / m³";Conveniencia, Troca de oleo, Caixa eletronico, Borracharia;Carlos Menezes;(27) 99811-2041 / (27) 3334-1100;"00.580.488/0001-73; 13.814.642/0001-76; 15.226.314/0001-84";
17/03/2026;2026-S12;PROPRIO; 11.222.333/0004-24;REDE MARE COMBUSTIVEIS LTDA;REDE MARE;BRANCA;RODOVIA GOVERNADOR MARIO COVAS, 4324 - KM    265   POSTO - PLANALTO DE CARAPINA;29162-702;SERRA;ES;SE;DIESEL S10, ETANOL, GASOLINA, GASOLINA ADITIVADA;6,49 / 4,89 / 6,49 / 6,69;"R$ / litro; R$ / litro; R$ / litro; R$ / litro";Troca de oleo;Renata Alves;(27) 99633-9021;"01.823.633/0001-62; 04.361.389/0002-32; 05.393.247/0001-39";
17/03/2026;2026-S12;PROPRIO; 11.222.333/0005-05;REDE MARE COMBUSTIVEIS LTDA;REDE MARE;BRANCA;AVENIDA MARIO GURGEL, 3127 - FUNDOSCOM A AV EXPEDITO GA - CAMPO GRANDE;29146-012;CARIACICA;ES;SE;DIESEL S10, ETANOL, GASOLINA, GASOLINA ADITIVADA, GNV;6,69 / 4,89 / 6,29 / 6,29 / 3,99;"R$ / litro; R$ / litro; R$ / litro; R$ / litro; R$ / m³";Conveniencia;Marcos Lyrio;(27) 99890-1276 / (27) 3345-0098;"00.580.488/0001-73; 13.814.642/0001-76; 15.226.314/0001-84";
17/03/2026;2026-S12;CONCORRENTE; 13.814.642/0001-76;POSTO BR 31 AUTO SERVICOS LTDA;POSTO BR 31 AUTO SERVICOS LTDA;RAIZEN;AVENIDA MARIO GURGEL, 2844 - ALTO LAJE;29151-026;CARIACICA;ES;SE;DIESEL S10, ETANOL, GASOLINA, GASOLINA ADITIVADA;6,59 / 4,69 / 6,59 / 6,99;"R$ / litro; R$ / litro; R$ / litro; R$ / litro";Troca de oleo / Calibragem / Caixa eletronico / Conveniencia;;;;
17/03/2026;2026-S12;CONCORRENTE; 15.226.314/0001-84;MAIS COMERCIO DE COMBUSTIVEL CARIACICA LTDA;MAIS COMERCIO DE COMBUSTIVEL CARIACICA LTDA;BRANCA;AVENIDA MARIO GURGEL, 4935 - VILA PALESTINA;29145-711;CARIACICA;ES;SE;ETANOL, GASOLINA;4,69 / 6,39;"R$ / litro; R$ / litro";Borracharia,Lava-jato,Conveniencia,Calibragem;;;;
17/03/2026;2026-S12;CONCORRENTE; 17.375.525/0001-04;AUTO POSTO LUCAS - EPP.;AUTO POSTO LUCAS - EPP.;ALE;AVENIDA ROMULO CASTELLO, 791 - LOTES 20 A 23 - CASTELANDIA;29172-620;SERRA;ES;SE;DIESEL S10, ETANOL, GASOLINA, GASOLINA ADITIVADA;6,55 / 4,98 / 6,59 / 6,79;"R$/l; R$/l; R$/l; R$/l";Troca de oleo / Calibragem / Borracharia / Caixa eletronico;;;;
17/03/2026;2026-S12;CONCORRENTE; 18.366.697/0001-84;POSTO RIO MARINHO COMERCIO DE DERIVADOS DE PETROLEO EIRELI - EPP;POSTO RIO MARINHO COMERCIO DE DERIVADOS DE PETROLEO EIRELI - EPP;VIBRA;AVENIDA RIO MARINHO, S/N - RIO MARINHO;29112-690;VILA VELHA;ES;SE;DIESEL, DIESEL S10, ETANOL, GASOLINA, GASOLINA ADITIVADA;6,37 / 6,47 / 4,89 / 6,69 / 6,99;"R$ / litro; R$ / litro; R$ / litro; R$ / litro; R$ / litro";Conveniencia;;;;
17/03/2026;2026-S12;CONCORRENTE; 21.246.940/0001-35;AUTO POSTO GASCROMA COMERCIO DE COMBUSTIVEIS, LUBRIFICANTES E SERVICOS LTDA;AUTO POSTO GASCROMA COMERCIO DE COMBUSTIVEIS, LUBRIFICANTES E SERVICOS LTDA;VIBRA;AVENIDA JERONIMO MONTEIRO, 840 - JABURUNA;29100-600;VILA VELHA;ES;SE;DIESEL, GASOLINA, GASOLINA ADITIVADA;6,79 / 6,79 / 6,89;"R$ / litro; R$ / litro; R$ / litro";Calibragem / Conveniencia;;;;
17/03/2026;2026-S12;CONCORRENTE; 23.305.603/0001-05;POSTO MARLIM BRANCO LTDA - ME;POSTO MARLIM BRANCO LTDA - ME;VIBRA;AVENIDA ROMULO CASTELLO, 161 - LOTE  16 17 18 - CASTELANDIA;29172-620;SERRA;ES;SE;GASOLINA, GASOLINA ADITIVADA;6,59 / 6,92;"R$ / litro; R$ / litro";Borracharia;;;;
17/03/2026;2026-S12;CONCORRENTE; 24.145.665/0001-51;C.R.B. Dezan E Cia Ltda;C.R.B. DEZAN E CIA LTDA;ATLÂNTICA;AVENIDA MARIO GURGEL, 5913 - AUTO POSTO - SAO FRANCISCO;29145-409;CARIACICA;ES;SE;DIESEL S10, ETANOL, GASOLINA;6,79 / 4,89 / 6,49;"R$ / litro; R$ / litro; R$ / litro";Conveniencia, Caixa eletronico;;;;
17/03/2026;2026-S12;CONCORRENTE; 27.016.518/0001-70;AUTO POSTO CONTORNO LTDA;AUTO POSTO CONTORNO LTDA;BRANCA;RODOVIA GOVERNADOR MARIO COVAS, 11282 - SERRA DO ANIL;29147-030;CARIACICA;ES;SE;DIESEL, DIESEL S10, ETANOL, GASOLINA, GASOLINA ADITIVADA;6,74 / 6,84 / 4,89 / 6,49 / 6,69;"R$ / litro; R$ / litro; R$ / litro; R$ / litro; R$ / litro";Borracharia;;;;
17/03/2026;2026-S12;CONCORRENTE; 27.394.378/0001-73;POSTO DE PRODUTOS DE PETROLEO OASIS LTDA;POSTO DE PRODUTOS DE PETROLEO OASIS LTDA;IPIRANGA;AVENIDA MARIO GURGEL, 297 - JARDIM AMERICA;29140-261;CARIACICA;ES;SE;DIESEL S10, GASOLINA, GASOLINA ADITIVADA, GNV;6,99 / 6,39 / 6,59 / 3,99;"R$ / litro; R$ / litro; R$ / litro; R$ / m³";Calibragem / Caixa eletronico;;;;
17/03/2026;2026-S12;CONCORRENTE; 27.396.415/0001-82;AUTO SERVICO SAO CRISTOVAO LTDA;AUTO SERVICO SAO CRISTOVAO LTDA;VIBRA;AVENIDA MARIO GURGEL, 4 - KM    4 5  BR 262 - DOM BOSCO;29147-345;CARIACICA;ES;SE;DIESEL, ETANOL, GASOLINA, GASOLINA ADITIVADA, GNV;6,78 / 4,89 / 6,48 / 6,59 / 3,98;"R$ / litro; R$ / litro; R$ / litro; R$ / litro; R$ / m³";Caixa eletronico,Borracharia,Conveniencia;;;;
17/03/2026;2026-S12;CONCORRENTE; 27.926.384/0001-24;PETROVERA - POSTO DE PRODUTOS DE PETROLEO E TRANSPORTES LTDA - ME;PETROVERA - POSTO DE PRODUTOS DE PETROLEO E TRANSPORTES LTDA - ME;IPIRANGA;RODOVIA GOVERNADOR JOSE HENRIQUE SETTE, 906 - PAVMTO01 - ALTO LAGE;29151-055;CARIACICA;ES;SE;DIESEL, DIESEL S10, ETANOL, GASOLINA, GASOLINA ADITIVADA;6,79 / 6,89 / 4,99 / 6,59 / 6,59;"R$ / litro; R$ / litro; R$ / litro; R$ / litro; R$ / litro";Caixa eletronico / Conveniencia / Borracharia / Calibragem;;;;
17/03/2026;2026-S12;CONCORRENTE; 28.344.206/0001-58;POSTO DE COMBUSTIVEIS ITACIBA LTDA;POSTO DE COMBUSTIVEIS ITACIBA LTDA;BRANCA;RUA MANOEL JOAQUIM DOS SANTOS, 317 - ITACIBA;29150-270;CARIACICA;ES;SE;ETANOL, GASOLINA, GASOLINA ADITIVADA;4,89 / 6,39 / 6,39;"R$ / litro; R$ / litro; R$ / litro";Troca de oleo / Conveniencia / Lava-jato / Borracharia;;;;
17/03/2026;2026-S12;CONCORRENTE; 30.869.047/0001-57;ABT COMERCIO DE COMBUSTIVEIS LTDA;ABT COMERCIO DE COMBUSTIVEIS LTDA;BRANCA;RODOVIA GOVERNADOR MARIO COVAS, 1874 - KM    65 - BOA VISTA;29931-200;SAO MATEUS;ES;SE;DIESEL, DIESEL S10, ETANOL, GASOLINA;7,09 / 7,19 / 5,49 / 6,69;"R$ / litro; R$ / litro; R$ / litro; R$ / litro";Lava-jato,Troca de oleo,Caixa eletronico;;;;
18/03/2026;2026-S12;CONCORRENTE; 04.145.589/0011-49;ARARA AZUL REDE DE POSTOS LTDA;ARARA AZUL REDE DE POSTOS LTDA;BRANCA;RODOVIA RODOVIA DO SOL, 530 - PRAIA DE ITAPARICA;29102-020;VILA VELHA;ES;SE;DIESEL S10, ETANOL, GASOLINA, GASOLINA ADITIVADA;6,49 / 4,95 / 6,57 / 6,77;"R$ / litro; R$ / litro; R$ / litro; R$ / litro";Lava-jato,Troca de oleo,Borracharia;;;;
18/03/2026;2026-S12;CONCORRENTE; 04.850.382/0001-01;POSTO ARIBIRI DO GAS LTDA;POSTO ARIBIRI DO GAS LTDA;VIBRA;AVENIDA CARLOS LINDEMBERG, 1944 - SANTA INEZ;29108-075;VILA VELHA;ES;SE;GASOLINA, GASOLINA ADITIVADA, GNV;6,59 / 6,79 / 3,99;"R$ / litro; R$ / litro; R$ / m³";Caixa eletronico,Lava-jato;;;;
18/03/2026;2026-S12;CONCORRENTE; 23.314.250/0001-00;COMERCIO DE COMBUSTIVEIS LINDENBERG LTDA;COMERCIO DE COMBUSTIVEIS LINDENBERG LTDA;BRANCA;AVENIDA CARLOS LINDENBERG, 5718 - LOTE  2. 3. 14 E 15       QUADRAD - SANTA INES;29108-075;VILA VELHA;ES;SE;DIESEL S10, ETANOL, GASOLINA;6,79 / 4,85 / 6,55;"R$ / litro; R$ / litro; R$ / litro";Conveniencia, Borracharia, Calibragem;;;;
19/03/2026;2026-S12;CONCORRENTE; 02.802.986/0001-49;A S SALES JUNIOR LTDA;A S SALES JUNIOR LTDA;ATLÂNTICA;RUA DAVINO MATOS, S/N - PARQUE AREIA PRETA;29200-615;GUARAPARI;ES;SE;DIESEL S10, ETANOL, GASOLINA, GASOLINA ADITIVADA;6,63 / 5,15 / 6,63 / 6,73;"R$ / litro; R$ / litro; R$ / litro; R$ / litro";Borracharia / Caixa eletronico / Lava-jato;;;;
19/03/2026;2026-S12;CONCORRENTE; 09.076.862/0001-72;VALOR POSTOS PRAIA DO MORRO LTDA;VALOR POSTOS PRAIA DO MORRO LTDA;VIBRA;RODOVIA RODOVIA DO SOL, S/ NR - KM    41 - AEROPORTO;29216-705;GUARAPARI;ES;SE;GASOLINA, GASOLINA ADITIVADA;7,19 / 7,39;"R$ / litro; R$ / litro";Caixa eletronico;;;;
19/03/2026;2026-S12;CONCORRENTE; 14.096.313/0001-08;AUTO POSTO GUARAPARI LTDA;AUTO POSTO GUARAPARI LTDA;RAIZEN;AVENIDA GOVERNADOR JONES DOS SANTOS NEVES, 15 - VARZEA NOVA;29211-630;GUARAPARI;ES;SE;DIESEL, DIESEL S10, ETANOL, GASOLINA, GASOLINA ADITIVADA;6,15 / 6,99 / 5,89 / 6,79 / 6,89;"R$ / litro; R$ / litro; R$ / litro; R$ / litro; R$ / litro";Conveniencia;;;;
19/03/2026;2026-S12;CONCORRENTE; 23.238.396/0001-05;CAPIXABA COMERCIO DE PRODUTOS AUTOMOTIVOS LTDA;CAPIXABA COMERCIO DE PRODUTOS AUTOMOTIVOS LTDA;ATLÂNTICA;RUA PROFESSOR MELCHIADES PEREIRA MARTINS, 15 - CENTRO;29200-480;GUARAPARI;ES;SE;DIESEL S10, ETANOL, GASOLINA, GASOLINA ADITIVADA;6,65 / 5,15 / 6,65 / 6,77;"R$ / litro; R$ / litro; R$ / litro; R$ / litro";Caixa eletronico;;;;
19/03/2026;2026-S12;CONCORRENTE; 27.020.445/0001-90;GUARAVE GUARAPARI VEICULOS LTDA;GUARAVE GUARAPARI VEICULOS LTDA;VIBRA;AVENIDA EWERSON DE ABREU SODRE, 300 - MUQUICABA;29215-010;GUARAPARI;ES;SE;GASOLINA, GASOLINA ADITIVADA;7,19 / 7,39;"R$ / litro; R$ / litro";Calibragem,Conveniencia;;;;
19/03/2026;2026-S12;CONCORRENTE; 27.020.445/0005-13;GUARAVE GUARAPARI VEICULOS LTDA;GUARAVE GUARAPARI VEICULOS LTDA;VIBRA;RODOVIA DO SOL, S/N - MUQUICABA;29215-005;GUARAPARI;ES;SE;GASOLINA, GASOLINA ADITIVADA;7,19 / 7,39;"R$/l; R$/l";Caixa eletronico,Borracharia;;;;
19/03/2026;2026-S12;CONCORRENTE; 32.248.017/0001-59;AUTO POSTO ALDEIA DA PRAIA LTDA;AUTO POSTO ALDEIA DA PRAIA LTDA;IPIRANGA;AVENIDA PARIS, S/N - PRAIA DO MORRO;29216-570;GUARAPARI;ES;SE;DIESEL S10, ETANOL, GASOLINA, GASOLINA ADITIVADA;7,49 / 5,89 / 7,19 / 7,49;"R$ / litro; R$ / litro; R$ / litro; R$ / litro";Caixa eletronico, Lava-jato;;;;
19/03/2026;2026-S12;CONCORRENTE; 34.034.823/0001-50;AUTO POSTO ROTA 22;AUTO POSTO ROTA 22 LTDA;IPIRANGA;AVENIDA PADRE JOSE DE ANCHIETA, 2083 - LOTE  01 A 07 - PRAIA DO MORRO;29216-005;GUARAPARI;ES;SE;DIESEL S10, ETANOL, GASOLINA, GASOLINA ADITIVADA;7,49 / 5,89 / 7,19 / 7,49;"R$ / litro; R$ / litro; R$ / litro; R$ / litro";Conveniencia,Caixa eletronico,Troca de oleo,Calibragem;;;;
23/03/2026;2026-S13;CONCORRENTE; 00.580.488/0001-73;POSTO DE GASOLINA MARACANA LTDA;POSTO DE GASOLINA MARACANA LTDA;IPIRANGA;AVENIDA ALICE COUTINHO SANTOS, 2101 - POSTO DE GASOLINA - MARACANA;29142-887;CARIACICA;ES;SE;DIESEL, DIESEL S10, ETANOL, GASOLINA, GASOLINA ADITIVADA;6,69 / 6,79 / 4,99 / 6,39 / 6,59;"R$ / litro; R$ / litro; R$ / litro; R$ / litro; R$ / litro";Troca de oleo,Borracharia,Caixa eletronico;;;;
23/03/2026;2026-S13;CONCORRENTE; 01.514.752/0001-33;POSTO THIAGO LIMITADA;POSTO THIAGO LIMITADA;VIBRA;AVENIDA CEZAR HILAL, 868 - BENTO FERREIRA;29050-662;VITORIA;ES;SE;ETANOL, GASOLINA, GASOLINA ADITIVADA;4,79 / 6,47 / 6,67;"R$ / litro; R$ / litro; R$ / litro";Caixa eletronico;;;;
23/03/2026;2026-S13;CONCORRENTE; 01.557.127/0001-79;AUTO POSTO ILHA DAS GARCAS LTDA;AUTO POSTO ILHA DAS GARCAS LTDA;VIBRA;RUA MARIA DE OLIVEIRA MARES GUIA, 40 - PRAIA DAS GAIVOTAS;29102-567;VILA VELHA;ES;SE;GASOLINA, GASOLINA ADITIVADA;6,39 / 6,69;"R$ / litro; R$ / litro";Borracharia,Caixa eletronico;;;;
23/03/2026;2026-S13;CONCORRENTE; 01.823.633/0001-62;POSTO METROPOLITANO LTDA;POSTO METROPOLITANO LTDA;IPIRANGA;VIA DOIS, 226 - ANEXO QUADRA 03 MODULO 03 - TIMS;29161-373;SERRA;ES;SE;DIESEL, DIESEL S10, ETANOL, GASOLINA, GASOLINA ADITIVADA;6,69 / 6,79 / 4,99 / 6,49 / 6,69;"R$ / litro; R$ / litro; R$ / litro; R$ / litro; R$ / litro";Borracharia,Calibragem;;;;
23/03/2026;2026-S13;CONCORRENTE; 02.567.214/0001-70;POSTO DE COMBUSTIVEL IDEAL LTDA;POSTO DE COMBUSTIVEL IDEAL LTDA;IPIRANGA;AVENIDA VITORIA, 3031 - GURIGICA;29027-080;VITORIA;ES;SE;ETANOL, GASOLINA, GASOLINA ADITIVADA;4,85 / 6,45 / 6,59;"R$ / litro; R$ / litro; R$ / litro";Conveniencia,Borracharia,Calibragem;;;;
23/03/2026;2026-S13;CONCORRENTE; 02.582.857/0001-92;POSTO CAMPO GRANDE LTDA;POSTO CAMPO GRANDE LTDA;ATLÂNTICA;AVENIDA EXPEDITO GARCIA, 222 - CAMPO GRANDE;29157-405;CARIACICA;ES;SE;ETANOL, GASOLINA, GASOLINA ADITIVADA;4,89 / 6,27 / 6,27;"R$ / litro; R$ / litro; R$ / litro";Lava-jato;;;;
23/03/2026;2026-S13;CONCORRENTE; 02.802.986/0001-49;A S Sales Junior Ltda;A S SALES JUNIOR LTDA;ATLÂNTICA;RUA DAVINO MATOS, S/N - PARQUE AREIA PRETA;29200-615;GUARAPARI;ES;SE;DIESEL S10, ETANOL, GASOLINA, GASOLINA ADITIVADA;6,63 / 5,15 / 6,63 / 6,73;"R$ / litro; R$ / litro; R$ / litro; R$ / litro";Borracharia, Caixa eletronico, Lava-jato;;;;
23/03/2026;2026-S13;CONCORRENTE; 04.145.589/0011-49;ARARA AZUL REDE DE POSTOS LTDA;ARARA AZUL REDE DE POSTOS LTDA;BRANCA;RODOVIA RODOVIA DO SOL, 530 - PRAIA DE ITAPARICA;29102-020;VILA VELHA;ES;SE;DIESEL S10, ETANOL, GASOLINA, GASOLINA ADITIVADA;6,67 / 4,95 / 6,57 / 6,77;"R$ / litro; R$ / litro; R$ / litro; R$ / litro";Lava-jato / Troca de oleo / Borracharia;;;;
23/03/2026;2026-S13;CONCORRENTE; 04.960.337/0001-00;Renova Comercio Combustivel E Servicos Ltda;RENOVA COMERCIO COMBUSTIVEL E SERVICOS LTDA;BRANCA;AVENIDA LEITAO DA SILVA, 1150 - SANTA LUCIA;29056-184;VITORIA;ES;SE;ETANOL, GASOLINA, GASOLINA ADITIVADA;4,75 / 6,45 / 6,45;"R$ / litro; R$ / litro; R$ / litro";Borracharia / Calibragem;;;;
23/03/2026;2026-S13;CONCORRENTE; 07.470.392/0001-00;Posto De Combustiveis Otavio Eireli;POSTO DE COMBUSTIVEIS OTAVIO EIRELI;RAIZEN;AVENIDA ABDO SAAD, 833 - JACARAIPE;29173-510;SERRA;ES;SE;DIESEL, ETANOL, GASOLINA, GASOLINA ADITIVADA;6,89 / 5,19 / 6,79 / 6,99;"R$ / litro; R$ / litro; R$ / litro; R$ / litro";Borracharia;;;;
23/03/2026;2026-S13;CONCORRENTE; 07.571.908/0001-02;AUTO POSTO CORAL LTDA;AUTO POSTO CORAL LTDA;VIBRA;AVENIDA NORTE SUL, 259 - N.S.DO ROSARIO DE FATIMA;29176-798;SERRA;ES;SE;GASOLINA, GASOLINA ADITIVADA;6,49 / 6,79;"R$ / litro; R$ / litro";Borracharia,Lava-jato,Conveniencia;;;;
23/03/2026;2026-S13;CONCORRENTE; 08.788.618/0001-70;J. S. PETROLEO E COMERCIO LTDA.;J. S. PETROLEO E COMERCIO LTDA.;RAIZEN;AVENIDA DANTE MICHELINI, 2461 - MATA DA PRAIA;29066-430;VITORIA;ES;SE;ETANOL, GASOLINA, GASOLINA ADITIVADA, GNV;4,99 / 6,59 / 6,99 / 4,09;"R$ / litro; R$ / litro; R$ / litro; R$ / m³";Borracharia, Caixa eletronico, Troca de oleo;;;;
23/03/2026;2026-S13;CONCORRENTE; 09.076.862/0001-72;VALOR POSTOS PRAIA DO MORRO LTDA;VALOR POSTOS PRAIA DO MORRO LTDA;VIBRA;RODOVIA RODOVIA DO SOL, S/ NR - KM    41 - AEROPORTO;29216-705;GUARAPARI;ES;SE;GASOLINA, GASOLINA ADITIVADA;7,19 / 7,39;"R$ / litro; R$ / litro";Caixa eletronico;;;;
23/03/2026;2026-S13;CONCORRENTE; 10.197.775/0001-52;Rede De Postos Sagui Ltda;REDE DE POSTOS SAGUI LTDA;ATLÂNTICA;RUA EUCLIDES DA CUNHA, 421 - SAO DIOGO I;29163-265;SERRA;ES;SE;DIESEL S10, ETANOL, GASOLINA, GASOLINA ADITIVADA;6,49 / 4,99 / 6,59 / 6,59;"R$ / litro; R$ / litro; R$ / litro; R$ / litro";Caixa eletronico,Conveniencia;;;;
23/03/2026;2026-S13;PROPRIO; 11.222.333/0001-81;REDE MARE COMBUSTIVEIS LTDA;REDE MARE;BRANCA;AVENIDA MARIO GURGEL, 1092 - ITAQUARI;29151-570;CARIACICA;ES;SE;DIESEL, ETANOL, GASOLINA, GASOLINA ADITIVADA, GNV;7,20 / 4,80 / 6,59 / 6,59 / 4,09;"R$ / litro; R$ / litro; R$ / litro; R$ / litro; R$ / m³";Conveniencia, Troca de oleo, Caixa eletronico, Borracharia;Carlos Menezes;(27) 99811-2041 / (27) 3334-1100;"00.580.488/0001-73; 13.814.642/0001-76; 15.226.314/0001-84";
23/03/2026;2026-S13;PROPRIO; 11.222.333/0002-62;REDE MARE COMBUSTIVEIS;REDE MARE;BRANCA;RODOVIA DARLY SANTOS, S/N - KM    2 5 - POSTO - POLO EMPRESARIAL NOVO MEXICO;29104-360;VILA VELHA;ES;SE;DIESEL, DIESEL S10, ETANOL, GASOLINA, GASOLINA ADITIVADA, GNV;6,69 / 6,79 / 4,99 / 6,59 / 6,79 / 3,99;"R$ / litro; R$ / litro; R$ / litro; R$ / litro; R$ / litro; R$ / m³";Conveniencia / Caixa eletronico / Troca de oleo;Juliana Rocha;(27) 99702-3355;"15.010.530/0001-98; 04.145.589/0011-49; 10.569.345/0001-14";
23/03/2026;2026-S13;PROPRIO; 11.222.333/0005-05;REDE MARE COMBUSTIVEIS LTDA;REDE MARE;BRANCA;AVENIDA MARIO GURGEL, 3127 - FUNDOSCOM A AV EXPEDITO GA - CAMPO GRANDE;29146-012;CARIACICA;ES;SE;DIESEL S10, ETANOL, GASOLINA, GASOLINA ADITIVADA, GNV;6,69 / 4,89 / 6,29 / 6,29 / 3,99;"R$ / litro; R$ / litro; R$ / litro; R$ / litro; R$ / m³";Conveniencia;Marcos Lyrio;(27) 99890-1276 / (27) 3345-0098;"00.580.488/0001-73; 13.814.642/0001-76; 15.226.314/0001-84";
23/03/2026;2026-S13;CONCORRENTE; 11.942.147/0001-17;POSTO PARADA VITORIA LTDA;POSTO PARADA VITORIA LTDA;ALE;AVENIDA MARECHALCAMPOS, 370 - CONSOLACAO;29045-460;VITORIA;ES;SE;DIESEL S10, ETANOL, GASOLINA, GASOLINA ADITIVADA;6,39 / 4,98 / 6,45 / 6,79;"R$ / litro; R$ / litro; R$ / litro; R$ / litro";"Conveniencia; Caixa eletronico; Troca de oleo";;;;
23/03/2026;2026-S13;CONCORRENTE; 13.814.642/0001-76;Posto Br 31 Auto Servicos Ltda;POSTO BR 31 AUTO SERVICOS LTDA;RAIZEN;AVENIDA MARIO GURGEL, 2844 - ALTO LAJE;29151-026;CARIACICA;ES;SE;DIESEL S10, ETANOL, GASOLINA, GASOLINA ADITIVADA;6,99 / 4,69 / 6,39 / 6,79;"R$ / litro; R$ / litro; R$ / litro; R$ / litro";"Troca de oleo; Calibragem; Caixa eletronico; Conveniencia";;;;
23/03/2026;2026-S13;CONCORRENTE; 14.096.313/0001-08;AUTO POSTO GUARAPARI LTDA;AUTO POSTO GUARAPARI LTDA;RAIZEN;AVENIDA GOVERNADOR JONES DOS SANTOS NEVES, 15 - VARZEA NOVA;29211-630;GUARAPARI;ES;SE;DIESEL, DIESEL S10, ETANOL, GASOLINA, GASOLINA ADITIVADA;6,15 / 6,99 / 5,89 / 6,79 / 6,89;"R$/l; R$/l; R$/l; R$/l; R$/l";Conveniencia;;;;
23/03/2026;2026-S13;CONCORRENTE; 14.806.977/0001-05;AUTO POSTO SILVARES LTDA;AUTO POSTO SILVARES LTDA;IPIRANGA;AVENIDA   NAIR AZEVEDO SILVA, 430 - ILHA DO PRINCIPE;29020-240;VITORIA;ES;SE;ETANOL, GASOLINA, GASOLINA ADITIVADA;4,89 / 6,59 / 6,79;"R$ / litro; R$ / litro; R$ / litro";Borracharia;;;;
23/03/2026;2026-S13;CONCORRENTE; 15.010.530/0001-98;AUTO POSTO R M LTDA;AUTO POSTO R M LTDA;RAIZEN;"RODOVIA DO SOL, 3701 - LOTE: 11; QUADRA: 64; - PRAIA DE ITAPARICA";29102-023;VILA VELHA;ES;SE;DIESEL S10, ETANOL, GASOLINA, GASOLINA ADITIVADA;6,99 / 4,99 / 6,56 / 6,96;"R$ / litro; R$ / litro; R$ / litro; R$ / litro";Conveniencia;;;;
23/03/2026;2026-S13;CONCORRENTE; 15.226.314/0001-84;MAIS COMERCIO DE COMBUSTIVEL CARIACICA LTDA;MAIS COMERCIO DE COMBUSTIVEL CARIACICA LTDA;BRANCA;AVENIDA MARIO GURGEL, 4935 - VILA PALESTINA;29145-711;CARIACICA;ES;SE;ETANOL, GASOLINA;4,89 / 6,39;"R$ / litro; R$ / litro";"Borracharia; Lava-jato; Conveniencia; Calibragem";;;;
23/03/2026;2026-S13;CONCORRENTE; 17.375.525/0001-04;AUTO POSTO LUCAS - EPP.;AUTO POSTO LUCAS - EPP.;ALE;AVENIDA ROMULO CASTELLO, 791 - LOTES 20 A 23 - CASTELANDIA;29172-620;SERRA;ES;SE;DIESEL S10, ETANOL, GASOLINA, GASOLINA ADITIVADA;6,88 / 4,98 / 6,59 / 6,79;"R$ / litro; R$ / litro; R$ / litro; R$ / litro";Troca de oleo,Calibragem,Borracharia,Caixa eletronico;;;;
23/03/2026;2026-S13;CONCORRENTE; 17.753.176/0001-17;AUTO POSTO BOULEVARD LTDA;AUTO POSTO BOULEVARD LTDA;ALE;"RODOVIA DO SOL, S/N - LOTE: 08 E 09; QUADRA: 59; - PRAIA DE ITAPARICA";29102-020;VILA VELHA;ES;SE;DIESEL S10, ETANOL, GASOLINA, GASOLINA ADITIVADA;6,99 / 4,99 / 6,56 / 6,96;"R$ / litro; R$ / litro; R$ / litro; R$ / litro";Troca de oleo, Conveniencia, Calibragem, Lava-jato;;;;
23/03/2026;2026-S13;CONCORRENTE; 23.238.396/0001-05;CAPIXABA COMERCIO DE PRODUTOS AUTOMOTIVOS LTDA;CAPIXABA COMERCIO DE PRODUTOS AUTOMOTIVOS LTDA;ATLÂNTICA;RUA PROFESSOR MELCHIADES PEREIRA MARTINS, 15 - CENTRO;29200-480;GUARAPARI;ES;SE;DIESEL S10, ETANOL, GASOLINA, GASOLINA ADITIVADA;6,65 / 5,15 / 6,65 / 6,77;"R$ / litro; R$ / litro; R$ / litro; R$ / litro";Caixa eletronico;;;;
23/03/2026;2026-S13;CONCORRENTE; 23.305.603/0001-05;POSTO MARLIM BRANCO LTDA - ME;POSTO MARLIM BRANCO LTDA - ME;VIBRA;AVENIDA ROMULO CASTELLO, 161 - LOTE  16 17 18 - CASTELANDIA;29172-620;SERRA;ES;SE;GASOLINA, GASOLINA ADITIVADA;6,59 / 6,92;"R$ / litro; R$ / litro";Borracharia;;;;
23/03/2026;2026-S13;CONCORRENTE; 24.145.665/0001-51;C.R.B. DEZAN E CIA LTDA;C.R.B. DEZAN E CIA LTDA;ATLÂNTICA;AVENIDA MARIO GURGEL, 5913 - AUTO POSTO - SAO FRANCISCO;29145-409;CARIACICA;ES;SE;DIESEL S10, ETANOL, GASOLINA;6,89 / 4,89 / 6,59;"R$ / litro; R$ / litro; R$ / litro";Conveniencia, Caixa eletronico;;;;ATUALIZAR!!
23/03/2026;2026-S13;CONCORRENTE; 26.980.450/0001-81;AUTO POSTO VITORIA COMERCIO DE COMBUSTIVEIS LTDA;AUTO POSTO VITORIA COMERCIO DE COMBUSTIVEIS LTDA;VIBRA;RUA OLYMPIO RODRIGUES PASSOS, 14 - LOJA  01 - JABOUR;29072-290;VITORIA;ES;SE;ETANOL, GASOLINA, GASOLINA ADITIVADA;5,09 / 6,59 / 6,79;"R$ / litro; R$ / litro; R$ / litro";Caixa eletronico;;;;
23/03/2026;2026-S13;CONCORRENTE; 27.016.518/0001-70;AUTO POSTO CONTORNO LTDA;AUTO POSTO CONTORNO LTDA;BRANCA;RODOVIA GOVERNADOR MARIO COVAS, 11282 - SERRA DO ANIL;29147-030;CARIACICA;ES;SE;DIESEL, DIESEL S10, ETANOL, GASOLINA, GASOLINA ADITIVADA;6,79 / 6,89 / 4,89 / 6,39 / 6,69;"R$ / litro; R$ / litro; R$ / litro; R$ / litro; R$ / litro";Borracharia;;;;
23/03/2026;2026-S13;CONCORRENTE; 27.020.445/0001-90;GUARAVE GUARAPARI VEICULOS LTDA;GUARAVE GUARAPARI VEICULOS LTDA;VIBRA;AVENIDA EWERSON DE ABREU SODRE, 300 - MUQUICABA;29215-010;GUARAPARI;ES;SE;GASOLINA, GASOLINA ADITIVADA;7,19 / 7,39;"R$ / litro; R$ / litro";Calibragem,Conveniencia;;;;
23/03/2026;2026-S13;CONCORRENTE; 27.020.445/0005-13;GUARAVE GUARAPARI VEICULOS LTDA;GUARAVE GUARAPARI VEICULOS LTDA;VIBRA;RODOVIA DO SOL, S/N - MUQUICABA;29215-005;GUARAPARI;ES;SE;GASOLINA, GASOLINA ADITIVADA;7,19 / 7,39;"R$ / litro; R$ / litro";"Caixa eletronico; Borracharia";;;;
23/03/2026;2026-S13;CONCORRENTE; 27.066.273/0002-76;Posto Arvoredo Ltda;POSTO ARVOREDO LTDA;BRANCA;AVENIDA VITORIA, 1600 - POSTO - ILHA DE SANTA MARIA;29051-040;VITORIA;ES;SE;ETANOL, GASOLINA, GASOLINA ADITIVADA;4,79 / 6,45 / 6,45;"R$ / litro; R$ / litro; R$ / litro";Lava-jato,Troca de oleo,Borracharia;;;;
23/03/2026;2026-S13;CONCORRENTE; 27.316.819/0001-19;BECAR PETROLEO LTDA;BECAR PETROLEO LTDA;RAIZEN;AVENIDA GOVERNADOR JONES DOS SANTOS NEVES, S/N - CONFLUENCIA COM RODOVIA DO SOL - MUQUICABA;29215-002;GUARAPARI;ES;SE;GASOLINA, GASOLINA ADITIVADA;6,89 / 6,99;"R$ / litro; R$ / litro";"Lava-jato; Conveniencia";;;;
23/03/2026;2026-S13;CONCORRENTE; 27.394.378/0001-73;POSTO DE PRODUTOS DE PETROLEO OASIS LTDA;POSTO DE PRODUTOS DE PETROLEO OASIS LTDA;IPIRANGA;AVENIDA MARIO GURGEL, 297 - JARDIM AMERICA;29140-261;CARIACICA;ES;SE;DIESEL S10, GASOLINA, GASOLINA ADITIVADA, GNV;6,99 / 6,35 / 6,89 / 3,99;"R$ / litro; R$ / litro; R$ / litro; R$ / m³";Calibragem, Caixa eletronico;;;;
23/03/2026;2026-S13;CONCORRENTE; 27.396.415/0001-82;AUTO SERVICO SAO CRISTOVAO LTDA;AUTO SERVICO SAO CRISTOVAO LTDA;VIBRA;AVENIDA MARIO GURGEL, 4 - KM    4 5  BR 262 - DOM BOSCO;29147-345;CARIACICA;ES;SE;DIESEL, ETANOL, GASOLINA, GASOLINA ADITIVADA, GNV;6,87 / 4,89 / 6,48 / 6,59 / 3,98;"R$ / litro; R$ / litro; R$ / litro; R$ / litro; R$ / m³";"Caixa eletronico; Borracharia; Conveniencia";;;;
23/03/2026;2026-S13;CONCORRENTE; 27.734.094/0001-89;POSTO ATLANTICO LTDA;POSTO ATLANTICO LTDA;RAIZEN;AVENIDA DANTE MICHELINI, 4655 - POSTO - JARDIM CAMBURI;29090-070;VITORIA;ES;SE;DIESEL S10, ETANOL, GASOLINA, GASOLINA ADITIVADA;6,79 / 4,99 / 6,59 / 6,94;"R$ / litro; R$ / litro; R$ / litro; R$ / litro";"Borracharia; Calibragem";;;;
23/03/2026;2026-S13;CONCORRENTE; 27.926.384/0001-24;PETROVERA - POSTO DE PRODUTOS DE PETROLEO E TRANSPORTES LTDA - ME;PETROVERA - POSTO DE PRODUTOS DE PETROLEO E TRANSPORTES LTDA - ME;IPIRANGA;RODOVIA GOVERNADOR JOSE HENRIQUE SETTE, 906 - PAVMTO01 - ALTO LAGE;29151-055;CARIACICA;ES;SE;DIESEL, DIESEL S10, ETANOL, GASOLINA, GASOLINA ADITIVADA;6,89 / 6,99 / 4,99 / 6,59 / 6,59;"R$ / litro; R$ / litro; R$ / litro; R$ / litro; R$ / litro";Caixa eletronico / Conveniencia / Borracharia / Calibragem;;;;
23/03/2026;2026-S13;CONCORRENTE; 28.059.632/0001-40;A.B.C. AUTO SERVICOS LTDA;A.B.C. AUTO SERVICOS LTDA;RAIZEN;AVENIDA ROBERT KENNEDY, 21 - A - SAO TORQUATO;29114-000;VILA VELHA;ES;SE;DIESEL, DIESEL S10, GASOLINA, GASOLINA ADITIVADA;6,99 / 6,99 / 6,45 / 6,85;"R$ / litro; R$ / litro; R$ / litro; R$ / litro";Caixa eletronico,Borracharia,Troca de oleo;;;;
23/03/2026;2026-S13;CONCORRENTE; 28.344.206/0001-58;POSTO DE COMBUSTIVEIS ITACIBA LTDA;POSTO DE COMBUSTIVEIS ITACIBA LTDA;BRANCA;RUA MANOEL JOAQUIM DOS SANTOS, 317 - ITACIBA;29150-270;CARIACICA;ES;SE;ETANOL, GASOLINA, GASOLINA ADITIVADA;4,89 / 6,59 / 6,59;"R$ / litro; R$ / litro; R$ / litro";Troca de oleo,Conveniencia,Lava-jato,Borracharia;;;;
23/03/2026;2026-S13;CONCORRENTE; 28.413.219/0001-31;COMERCIAL NORTE SUL LTDA;COMERCIAL NORTE SUL LTDA;VIBRA;AVENIDA MARUIPE, 2757 - SANTA LUIZA;29045-230;VITORIA;ES;SE;GASOLINA, GASOLINA ADITIVADA;6,59 / 6,89;"R$ / litro; R$ / litro";Lava-jato;;;;
23/03/2026;2026-S13;CONCORRENTE;29326587000105;AUTO POSTO PRAIA DE CAMBURI LTDA;AUTO POSTO PRAIA DE CAMBURI LTDA;VIBRA;AVENIDA DANTE MICHELINI, 1187 - JARDIM DA PENHA;29060-235;VITORIA;ES;SE;GASOLINA, GASOLINA ADITIVADA, GNV;6,49 / 6,79 / 3,99;"R$ / litro; R$ / litro; R$ / m³";"Caixa eletronico; Troca de oleo; Borracharia; Conveniencia";;;;
23/03/2026;2026-S13;CONCORRENTE; 30.456.018/0001-63;ALTERNATO COMERCIO DE COMBUSTIVEIS LTDA;ALTERNATO COMERCIO DE COMBUSTIVEIS LTDA;RAIZEN;AVENIDA NOSSA SENHORA DA PENHA, 2719 - SANTA LUIZA;29045-403;VITORIA;ES;SE;GASOLINA, GASOLINA ADITIVADA, GNV;6,59 / 6,79 / 3,99;"R$ / litro; R$ / litro; R$ / m³";Borracharia, Troca de oleo, Lava-jato, Conveniencia;;;;
23/03/2026;2026-S13;CONCORRENTE; 32.248.017/0001-59;AUTO POSTO ALDEIA DA PRAIA LTDA;AUTO POSTO ALDEIA DA PRAIA LTDA;IPIRANGA;AVENIDA PARIS, S/N - PRAIA DO MORRO;29216-570;GUARAPARI;ES;SE;DIESEL S10, ETANOL, GASOLINA, GASOLINA ADITIVADA;7,49 / 5,89 / 7,19 / 7,49;"R$ / litro; R$ / litro; R$ / litro; R$ / litro";Caixa eletronico,Lava-jato;;;;
23/03/2026;2026-S13;CONCORRENTE; 36.336.386/0001-54;POSTO TRES COQUEIROS LTDA;POSTO TRES COQUEIROS LTDA;IPIRANGA;RODOVIA CARLOS LINDEMBERG, SN - ALVORADA;29123-600;VILA VELHA;ES;SE;DIESEL, DIESEL S10, ETANOL, GASOLINA, GASOLINA ADITIVADA;6,69 / 6,79 / 4,99 / 6,59 / 6,79;"R$ / litro; R$ / litro; R$ / litro; R$ / litro; R$ / litro";Caixa eletronico / Borracharia;;;;
23/03/2026;2026-S13;CONCORRENTE; 38.530.950/0001-09;POSTO CAPUABA LTDA;POSTO CAPUABA LTDA;BRANCA;ESTRADA CAPUABA, 21 - ATAIDE;29119-060;VILA VELHA;ES;SE;DIESEL, DIESEL S10, ETANOL, GASOLINA, GASOLINA ADITIVADA;6,79 / 6,99 / 4,99 / 6,59 / 6,89;"R$ / litro; R$ / litro; R$ / litro; R$ / litro; R$ / litro";Caixa eletronico,Borracharia,Lava-jato;;;;
23/03/2026;2026-S13;CONCORRENTE; 45.543.915/0046-83;CARREFOUR COMERCIO E INDUSTRIA LTDA;CARREFOUR COMERCIO E INDUSTRIA LTDA;BRANCA;AVENIDA DARLY SANTOS, 4393 - NOSSA SENHORA DA PENHA;29123-600;VILA VELHA;ES;SE;ETANOL, GASOLINA, GASOLINA ADITIVADA;4,87 / 6,57 / 6,77;"R$ / litro; R$ / litro; R$ / litro";Conveniencia, Calibragem;;;;
24/03/2026;2026-S13;CONCORRENTE; 04.361.389/0001-51;AUTO POSTO WAVE LTDA;AUTO POSTO WAVE LTDA;ALE;AVENIDA TALMA RODRIGUES RIBEIRO, 5416 A - PORTAL DE JACARAIPE;29173-795;SERRA;ES;SE;DIESEL, DIESEL S10, ETANOL, GASOLINA;6,78 / 6,88 / 4,99 / 6,59;"R$ / litro; R$ / litro; R$ / litro; R$ / litro";Calibragem,Borracharia;;;;
24/03/2026;2026-S13;CONCORRENTE; 04.361.389/0002-32;AUTO POSTO WAVE LTDA;AUTO POSTO WAVE LTDA;ALE;AVENIDA MARTIN PESCADOR, 12 - PORTO CANOA;29168-460;SERRA;ES;SE;DIESEL S10, ETANOL, GASOLINA, GASOLINA ADITIVADA;6,67 / 4,89 / 6,59 / 6,79;"R$/l; R$/l; R$/l; R$/l";Borracharia,Caixa eletronico,Troca de oleo;;;;
24/03/2026;2026-S13;CONCORRENTE; 04.994.796/0001-04;POSTO SB LTDA;POSTO SB LTDA;VIBRA;AVENIDA BRASILIA, 1360 - PLANICIE DA SERRA;29168-710;SERRA;ES;SE;GASOLINA, GASOLINA ADITIVADA;6,59 / 6,74;"R$ / litro; R$ / litro";Borracharia / Calibragem / Troca de oleo / Caixa eletronico;;;;
24/03/2026;2026-S13;CONCORRENTE; 05.393.247/0001-39;POSTO CANOA DERIVADOS DE PETROLEO LTDA;POSTO CANOA DERIVADOS DE PETROLEO LTDA;ALE;AVENIDA BRASILIA, 575 - PORTO CANOA;29168-600;SERRA;ES;SE;DIESEL S10, ETANOL, GASOLINA, GASOLINA ADITIVADA;6,67 / 4,89 / 6,59 / 6,79;"R$ / litro; R$ / litro; R$ / litro; R$ / litro";Borracharia, Caixa eletronico, Calibragem;;;;
24/03/2026;2026-S13;CONCORRENTE; 05.738.923/0001-69;GEGEL AUTO POSTO LTDA;GEGEL AUTO POSTO LTDA;RAIZEN;AVENIDA CENTRAL B, S/N - QUADRAEC VII - CIVIT II;29168-071;SERRA;ES;SE;DIESEL, ETANOL, GASOLINA, GASOLINA ADITIVADA;6,89 / 5,09 / 6,69 / 7,09;"R$ / litro; R$ / litro; R$ / litro; R$ / litro";Conveniencia,Borracharia,Caixa eletronico,Calibragem;;;;
24/03/2026;2026-S13;PROPRIO;11222333000424;REDE MARE COMBUSTIVEIS LTDA;REDE MARE;BRANCA;RODOVIA GOVERNADOR MARIO COVAS, 4324 - KM    265   POSTO - PLANALTO DE CARAPINA;29162-702;SERRA;ES;SE;DIESEL S10, ETANOL, GASOLINA, GASOLINA ADITIVADA;6,49 / 4,89 / 6,49 / 6,69;"R$ / litro; R$ / litro; R$ / litro; R$ / litro";Troca de oleo;Renata Alves;(27) 99633-9021;01.823.633/0001-62 / 04.361.389/0002-32 / 05.393.247/0001-39;
24/03/2026;2026-S13;CONCORRENTE; 12.535.572/0001-54;AUTO POSTO MORADA LTDA;AUTO POSTO MORADA LTDA;IPIRANGA;AVENIDA PAULO PEREIRA GOMES, S/N - LOTE  03C                 QUADRAUE IV               SETOR II - MORADA DE LARANJEIRAS;29166-828;SERRA;ES;SE;DIESEL S10, ETANOL, GASOLINA, GASOLINA ADITIVADA;6,79 / 4,99 / 6,49 / 6,69;"R$ / litro; R$ / litro; R$ / litro; R$ / litro";"Borracharia; Calibragem; Troca de oleo";;;;
24/03/2026;2026-S13;CONCORRENTE; 22.356.015/0001-20;CENTRAL COMERCIO DE COMBUSTIVEIS LTDA;CENTRAL COMERCIO DE COMBUSTIVEIS LTDA;IPIRANGA;"AVENIDA ELDES SCHERRER SOUZA, 2100 - : POSTO; - CIVIT II";29168-060;SERRA;ES;SE;DIESEL, DIESEL S10, ETANOL, GASOLINA, GASOLINA ADITIVADA, GNV;6,79 / 6,89 / 4,99 / 6,59 / 6,79 / 3,99;"R$ / litro; R$ / litro; R$ / litro; R$ / litro; R$ / litro; R$ / m³";Troca de oleo,Borracharia,Lava-jato,Conveniencia;;;;
24/03/2026;2026-S13;CONCORRENTE; 31.465.040/0001-32;POSTO ITAPOA LTDA;POSTO ITAPOA LTDA;IPIRANGA;AVENIDA FRANCELINA SETUBAL, 333 - ITAPOAN;29100-000;VILA VELHA;ES;SE;DIESEL S10, ETANOL, GASOLINA, GASOLINA ADITIVADA;6,79 / 4,99 / 6,59 / 6,79;"R$ / litro; R$ / litro; R$ / litro; R$ / litro";Calibragem,Lava-jato;;;;
25/03/2026;2026-S13;CONCORRENTE; 00.345.721/0001-33;RUBENS SCHUENG FILHO;RUBENS SCHUENG FILHO;IPIRANGA;RUA DOUTOR RAIMUNDO GUILHERME SOBRINHO, 605 - FRENTE - SERNAMBY;29930-480;SAO MATEUS;ES;SE;DIESEL S10, GASOLINA;6,99 / 6,79;"R$ / litro; R$ / litro";Conveniencia;;;;ver com gerente
25/03/2026;2026-S13;CONCORRENTE; 01.503.536/0001-92;POSTO MARCELA LTDA;POSTO MARCELA LTDA;VIBRA;RUA DO PESSEGUEIRO, S/N - DIVINO ESPÍRITO SANTO;29107-230;VILA VELHA;ES;SE;DIESEL S10, GASOLINA, GASOLINA ADITIVADA;6,89 / 6,59 / 6,79;"R$/l; R$/l; R$/l";"Caixa eletronico; Borracharia";;;;
25/03/2026;2026-S13;CONCORRENTE; 05.892.261/0001-87;AUTO POSTO VALE ENCANTADO LTDA.;AUTO POSTO VALE ENCANTADO LTDA.;VIBRA;RUA SOBREIRO, 395 - RIO MARINHO;29112-112;VILA VELHA;ES;SE;DIESEL, DIESEL S10, GASOLINA, GASOLINA ADITIVADA;6,89 / 6,99 / 6,59 / 6,79;"R$ / litro; R$ / litro; R$ / litro; R$ / litro";Calibragem;;;;
25/03/2026;2026-S13;CONCORRENTE;06073382000160;AUTO POSTO SUCESSO LTDA;AUTO POSTO SUCESSO LTDA;BRANCA;AVENIDA JOAO FRANCISCO GONCALVES, 746 - COBILANDIA;29111-300;VILA VELHA;ES;SE;DIESEL S10, ETANOL, GASOLINA;6,96 / 4,86 / 6,56;"R$ / litro; R$ / litro; R$ / litro";Caixa eletronico,Calibragem,Lava-jato,Borracharia;;;;
25/03/2026;2026-S13;CONCORRENTE; 09.369.995/0001-37;POSTO DE COMBUSTIVEIS FERRARI SAO MATEUS LTDA;POSTO DE COMBUSTIVEIS FERRARI SAO MATEUS LTDA;BRANCA;"RODOVIA BR-101 NORTE, 921 - KM: 63; - VILA NOVA";29941-010;SAO MATEUS;ES;SE;ETANOL, GASOLINA, GNV;4,89 / 6,69 / 4,98;"R$ / litro; R$ / litro; R$ / m³";"Lava-jato; Troca de oleo; Conveniencia";;;;
25/03/2026;2026-S13;CONCORRENTE; 18.366.697/0001-84;POSTO RIO MARINHO COMERCIO DE DERIVADOS DE PETROLEO EIRELI - EPP;POSTO RIO MARINHO COMERCIO DE DERIVADOS DE PETROLEO EIRELI - EPP;VIBRA;AVENIDA RIO MARINHO, S/N - RIO MARINHO;29112-690;VILA VELHA;ES;SE;DIESEL, DIESEL S10, ETANOL, GASOLINA, GASOLINA ADITIVADA;6,49 / 6,69 / 4,89 / 6,39 / 6,69;"R$ / litro; R$ / litro; R$ / litro; R$ / litro; R$ / litro";Conveniencia;;;;promo fim de semana?
25/03/2026;2026-S13;CONCORRENTE; 29.937.036/0001-88;LOCVAN TRANSPORTE E TURISMO LTDA;LOCVAN TRANSPORTE E TURISMO LTDA;BRANCA;RODOVIA GOVERNADOR MARIO COVAS, 573 - VILA NOVA;29941-010;SAO MATEUS;ES;SE;DIESEL S10, ETANOL, GASOLINA;7,19 / 5,09 / 6,79;"R$ / litro; R$ / litro; R$ / litro";Calibragem,Conveniencia;;;;
25/03/2026;2026-S13;CONCORRENTE; 30.869.047/0001-57;ABT COMERCIO DE COMBUSTIVEIS LTDA;ABT COMERCIO DE COMBUSTIVEIS LTDA;BRANCA;RODOVIA GOVERNADOR MARIO COVAS, 1874 - KM    65 - BOA VISTA;29931-200;SAO MATEUS;ES;SE;DIESEL, DIESEL S10, ETANOL, GASOLINA;7,09 / 7,19 / 5,79 / 6,79;"R$ / litro; R$ / litro; R$ / litro; R$ / litro";"Lava-jato; Troca de oleo; Caixa eletronico";;;;
26/03/2026;2026-S13;CONCORRENTE; 03.948.877/0003-69;AUTO POSTO SANTA ANA LTDA;AUTO POSTO SANTA ANA LTDA;ALE;RODOVIA DO CAFE, 1871 - CARLOS GERMANO NAUMANN;29705-200;COLATINA;ES;SE;DIESEL, DIESEL S10, GASOLINA, GASOLINA ADITIVADA;6,89 / 6,99 / 6,55 / 6,75;"R$ / litro; R$ / litro; R$ / litro; R$ / litro";Calibragem,Lava-jato,Troca de oleo;;;;
26/03/2026;2026-S13;CONCORRENTE; 04.814.652/0001-10;POSTO MOTOCAP LTDA;POSTO MOTOCAP LTDA;VIBRA;PRACA ALMIRANTE BARROSO, 52 - LETRA A - LACE;29703-055;COLATINA;ES;SE;GASOLINA;6,69;R$ / litro;Calibragem, Lava-jato, Conveniencia;;;;
26/03/2026;2026-S13;CONCORRENTE; 04.850.382/0001-01;POSTO ARIBIRI DO GAS LTDA;POSTO ARIBIRI DO GAS LTDA;VIBRA;AVENIDA CARLOS LINDEMBERG, 1944 - SANTA INEZ;29108-075;VILA VELHA;ES;SE;GASOLINA, GASOLINA ADITIVADA, GNV;6,59 / 6,79 / 3,99;"R$ / litro; R$ / litro; R$ / m³";"Caixa eletronico; Lava-jato";;;;
26/03/2026;2026-S13;CONCORRENTE; 07.381.843/0001-24;POSTO DE COMBUSTIVEIS BRUNO LTDA;POSTO DE COMBUSTIVEIS BRUNO LTDA;BRANCA;RUA FIORAVANTE ROSSI, 738 - SAO BRAZ;29704-700;COLATINA;ES;SE;GASOLINA, GASOLINA ADITIVADA;6,69 / 6,69;"R$ / litro; R$ / litro";Borracharia;;;;
26/03/2026;2026-S13;CONCORRENTE; 08.519.545/0001-10;SAO FRANCISCO DE ASSIS COMERCIO DE COMBUSTIVEIS LTDA;SAO FRANCISCO DE ASSIS COMERCIO DE COMBUSTIVEIS LTDA;VIBRA;PRACA FIDELIS FERRARI, 35 - LACE;29703-030;COLATINA;ES;SE;GASOLINA, GASOLINA ADITIVADA;6,89 / 6,99;"R$ / litro; R$ / litro";Caixa eletronico / Troca de oleo / Conveniencia;;;;
26/03/2026;2026-S13;CONCORRENTE; 08.971.375/0001-00;BRAX COMBUSTIVEIS LTDA;BRAX COMBUSTIVEIS LTDA;IPIRANGA;RODOVIA CONEGO JOAO GUILHERME, 1516 - MARIO GIURIZATTO;29706-557;COLATINA;ES;SE;DIESEL, DIESEL S10, ETANOL, GASOLINA, GASOLINA ADITIVADA;6,63 / 6,93 / 5,07 / 6,49 / 6,69;"R$ / litro; R$ / litro; R$ / litro; R$ / litro; R$ / litro";Lava-jato,Troca de oleo;;;;
26/03/2026;2026-S13;CONCORRENTE; 20.246.670/0001-08;POSTO DE COMBUSTIVEIS COLATINA LTDA;POSTO DE COMBUSTIVEIS COLATINA LTDA;BRANCA;RODOVIA DO CAFE, 606 - CARLOS GERMANO NAUMANN;29705-200;COLATINA;ES;SE;DIESEL, DIESEL S10, ETANOL, GASOLINA;7,59 / 7,69 / 4,59 / 6,55;"R$ / litro; R$ / litro; R$ / litro; R$ / litro";"Troca de oleo; Calibragem";;;;
26/03/2026;2026-S13;CONCORRENTE; 27.085.240/0001-92;POSTO DE GASOLINA SANTO ANTONIO LTDA;POSTO DE GASOLINA SANTO ANTONIO LTDA;ALE;AVENIDA SILVIO AVIDOS, 3251 - SANTO ANTONIO;29704-053;COLATINA;ES;SE;DIESEL, DIESEL S10, GASOLINA, GASOLINA ADITIVADA;6,89 / 6,99 / 6,79 / 6,92;"R$ / litro; R$ / litro; R$ / litro; R$ / litro";Lava-jato / Calibragem;;;;
26/03/2026;2026-S13;CONCORRENTE; 39.814.835/0001-10;PNEUMAX LTDA;PNEUMAX LTDA;VIBRA;AVENIDA SILVIO AVIDOS, 1358 - SAO SILVANO;29703-100;COLATINA;ES;SE;DIESEL, DIESEL S10, ETANOL, GASOLINA, GASOLINA ADITIVADA;6,89 / 6,99 / 5,19 / 6,59 / 6,69;"R$ / litro; R$ / litro; R$ / litro; R$ / litro; R$ / litro";Conveniencia;;;;
26/03/2026;2026-S13;CONCORRENTE;42176421000118;AUTOPOSTO DE COMBUSTIVEIS MASP SANTA INES LTDA;AUTOPOSTO DE COMBUSTIVEIS MASP SANTA INES LTDA;IPIRANGA;AVENIDA CARLOS LINDENBERG, 3241 - SANTA INES;29108-075;V. VELHA;ES;SE;ETANOL, GASOLINA, GASOLINA ADITIVADA;4,99 / 6,59 / 6,79;"R$ / litro; R$ / litro; R$ / litro";Troca de oleo / Borracharia / Calibragem / Conveniencia;;;;
30/03/2026;2026-S14;CONCORRENTE; 01.503.536/0001-92;POSTO MARCELA LTDA;POSTO MARCELA LTDA;VIBRA;RUA DO PESSEGUEIRO, S/N - DIVINO ESPÍRITO SANTO;29107-230;VILA VELHA;ES;SE;DIESEL S10, GASOLINA, GASOLINA ADITIVADA;6,89 / 6,59 / 6,79;"R$ / litro; R$ / litro; R$ / litro";Caixa eletronico, Borracharia;;;;
30/03/2026;2026-S14;CONCORRENTE; 01.514.752/0001-33;POSTO THIAGO LIMITADA;POSTO THIAGO LIMITADA;VIBRA;AVENIDA CEZAR HILAL, 868 - BENTO FERREIRA;29050-662;VITORIA;ES;SE;ETANOL, GASOLINA, GASOLINA ADITIVADA;4,79 / 6,47 / 6,67;"R$ / litro; R$ / litro; R$ / litro";Caixa eletronico;;;;
30/03/2026;2026-S14;CONCORRENTE; 01.823.633/0001-62;POSTO METROPOLITANO LTDA;POSTO METROPOLITANO LTDA;IPIRANGA;VIA DOIS, 226 - ANEXO QUADRA 03 MODULO 03 - TIMS;29161-373;SERRA;ES;SE;DIESEL, DIESEL S10, ETANOL, GASOLINA, GASOLINA ADITIVADA;6,79 / 6,89 / 4,99 / 6,45 / 6,65;"R$ / litro; R$ / litro; R$ / litro; R$ / litro; R$ / litro";"Borracharia; Calibragem";;;;
30/03/2026;2026-S14;CONCORRENTE; 02.567.214/0001-70;POSTO DE COMBUSTIVEL IDEAL LTDA;POSTO DE COMBUSTIVEL IDEAL LTDA;IPIRANGA;AVENIDA VITORIA, 3031 - GURIGICA;29027-080;VITORIA;ES;SE;ETANOL, GASOLINA, GASOLINA ADITIVADA;4,79 / 6,45 / 6,59;"R$ / litro; R$ / litro; R$ / litro";Conveniencia / Borracharia / Calibragem;;;;
30/03/2026;2026-S14;CONCORRENTE; 04.228.463/0001-66;AUTO POSTO MARLIN LTDA;AUTO POSTO MARLIN LTDA;ATLÂNTICA;RUA JUIZ ALEXANDRE MARTINS DE CASTRO FILHO, 285 - SANTA LUCIA;29056-295;VITORIA;ES;SE;DIESEL S10, ETANOL, GASOLINA ADITIVADA;6,99 / 4,99 / 6,59;"R$ / litro; R$ / litro; R$ / litro";"Caixa eletronico; Troca de oleo";;;;
30/03/2026;2026-S14;CONCORRENTE; 04.361.389/0001-51;AUTO POSTO WAVE LTDA;AUTO POSTO WAVE LTDA;ALE;AVENIDA TALMA RODRIGUES RIBEIRO, 5416 A - PORTAL DE JACARAIPE;29173-795;SERRA;ES;SE;DIESEL, DIESEL S10, ETANOL, GASOLINA;6,78 / 6,88 / 4,99 / 6,59;"R$ / litro; R$ / litro; R$ / litro; R$ / litro";"Calibragem; Borracharia";;;;
30/03/2026;2026-S14;CONCORRENTE; 04.960.337/0001-00;RENOVA COMERCIO COMBUSTIVEL E SERVICOS LTDA;RENOVA COMERCIO COMBUSTIVEL E SERVICOS LTDA;BRANCA;AVENIDA LEITAO DA SILVA, 1150 - SANTA LUCIA;29056-184;VITORIA;ES;SE;ETANOL, GASOLINA, GASOLINA ADITIVADA;4,75 / 6,45 / 6,45;"R$ / litro; R$ / litro; R$ / litro";"Borracharia; Calibragem";;;;
2026-03-30;2026-S14;CONCORRENTE; 05.609.081/0001-45;AUTO SERVICO FLORESTA LTDA;AUTO SERVICO FLORESTA LTDA;VIBRA;AVENIDA PREFEITO SAMUEL BATISTA CRUZ, 1276 - ARACA;29900-100;LINHARES;ES;SE;DIESEL, DIESEL S10, ETANOL, GASOLINA;6,69 / 6,79 / 4,89 / 6,69;"R$ / litro; R$ / litro; R$ / litro; R$ / litro";Lava-jato, Troca de oleo, Caixa eletronico, Borracharia;;;;
30/03/2026;2026-S14;CONCORRENTE; 05.738.923/0001-69;GEGEL AUTO POSTO LTDA;GEGEL AUTO POSTO LTDA;RAIZEN;AVENIDA CENTRAL B, S/N - QUADRAEC VII - CIVIT II;29168-071;SERRA;ES;SE;DIESEL, ETANOL, GASOLINA, GASOLINA ADITIVADA;6,89 / 5,09 / 6,69 / 7,09;"R$ / litro; R$ / litro; R$ / litro; R$ / litro";"Conveniencia; Borracharia; Caixa eletronico; Calibragem";;;;
30/03/2026;2026-S14;CONCORRENTE; 07.571.908/0001-02;AUTO POSTO CORAL LTDA;AUTO POSTO CORAL LTDA;VIBRA;AVENIDA NORTE SUL, 259 - N.S.DO ROSARIO DE FATIMA;29176-798;SERRA;ES;SE;GASOLINA, GASOLINA ADITIVADA;6,49 / 6,79;"R$ / litro; R$ / litro";Borracharia, Lava-jato, Conveniencia;;;;
30/03/2026;2026-S14;CONCORRENTE; 08.788.618/0001-70;J. S. PETROLEO E COMERCIO LTDA.;J. S. PETROLEO E COMERCIO LTDA.;RAIZEN;AVENIDA DANTE MICHELINI, 2461 - MATA DA PRAIA;29066-430;VITORIA;ES;SE;ETANOL, GASOLINA, GASOLINA ADITIVADA, GNV;4,99 / 6,49 / 6,89 / 3,99;"R$ / litro; R$ / litro; R$ / litro; R$ / m³";Borracharia,Caixa eletronico,Troca de oleo;;;;
30/03/2026;2026-S14;CONCORRENTE; 10.331.576/0001-95;AUTO POSTO LINHARES LTDA;AUTO POSTO LINHARES LTDA;IPIRANGA;AVENIDA JOSE TESCH, 657 - SHELL;29901-500;LINHARES;ES;SE;DIESEL, DIESEL S10, GASOLINA, GASOLINA ADITIVADA;6,69 / 6,79 / 6,69 / 6,69;"R$ / litro; R$ / litro; R$ / litro; R$ / litro";"Conveniencia; Caixa eletronico; Troca de oleo; Borracharia";;;;
30/03/2026;2026-S14;CONCORRENTE; 10.569.345/0001-14;POSTO CRISTOVAO COLOMBO LTDA;POSTO CRISTOVAO COLOMBO LTDA;VIBRA;RUA CRISTOVAO COLOMBO, 582 - CRISTOVAO COLOMBO;29106-595;VILA VELHA;ES;SE;GASOLINA, GASOLINA ADITIVADA;6,59 / 6,89;"R$ / litro; R$ / litro";"Caixa eletronico; Troca de oleo; Lava-jato; Calibragem";;;;preco conferido por telefone
30/03/2026;2026-S14;PROPRIO; 11.222.333/0003-43;REDE MARE COMBUSTIVEIS LTDA;REDE MARE;BRANCA;AVENIDA VITORIA, 2667 - HORTO;29027-080;Vitória;ES;SE;DIESEL S10, ETANOL, GASOLINA, GASOLINA ADITIVADA;6,49 / 4,85 / 6,45 / 6,45;"R$/l; R$/l; R$/l; R$/l";Conveniencia / Borracharia;Paulo Ferraz;(27) 99945-7810 / (27) 3226-4410;02.567.214/0001-70 / 14.806.977/0001-05 / 26.980.450/0001-81;
30/03/2026;2026-S14;CONCORRENTE; 11.942.147/0001-17;POSTO PARADA VITORIA LTDA;POSTO PARADA VITORIA LTDA;ALE;AVENIDA MARECHALCAMPOS, 370 - CONSOLACAO;29045-460;VITORIA;ES;SE;DIESEL S10, ETANOL, GASOLINA, GASOLINA ADITIVADA;6,79 / 4,98 / 6,58 / 6,79;"R$ / litro; R$ / litro; R$ / litro; R$ / litro";Conveniencia,Caixa eletronico,Troca de oleo;;;;
30/03/2026;2026-S14;CONCORRENTE;12535572000154;AUTO POSTO MORADA LTDA;AUTO POSTO MORADA LTDA;IPIRANGA;AVENIDA PAULO PEREIRA GOMES, S/N - LOTE  03C                 QUADRAUE IV               SETOR II - MORADA DE LARANJEIRAS;29166-828;SERRA;ES;SE;DIESEL S10, ETANOL, GASOLINA, GASOLINA ADITIVADA;6,87 / 4,99 / 6,49 / 6,69;"R$ / litro; R$ / litro; R$ / litro; R$ / litro";Borracharia,Calibragem,Troca de oleo;;;;
30/03/2026;2026-S14;CONCORRENTE; 13.602.147/0001-01;AUTO POSTO LAGOA DO MEIO LTDA;AUTO POSTO LAGOA DO MEIO LTDA;IPIRANGA;RUA GUAICURUS, 18 - LAGOA DO MEIO;29904-010;LINHARES;ES;SE;GASOLINA;6,69;R$ / litro;"Borracharia; Caixa eletronico";;;;
30/03/2026;2026-S14;CONCORRENTE; 14.806.977/0001-05;AUTO POSTO SILVARES LTDA;AUTO POSTO SILVARES LTDA;IPIRANGA;AVENIDA   NAIR AZEVEDO SILVA, 430 - ILHA DO PRINCIPE;29020-240;VITORIA;ES;SE;ETANOL, GASOLINA, GASOLINA ADITIVADA;4,99 / 6,59 / 6,79;"R$ / litro; R$ / litro; R$ / litro";Borracharia;;;;
30/03/2026;2026-S14;CONCORRENTE;21246940000135;AUTO POSTO GASCROMA COMERCIO DE COMBUSTIVEIS, LUBRIFICANTES E SERVICOS LTDA;AUTO POSTO GASCROMA COMERCIO DE COMBUSTIVEIS, LUBRIFICANTES E SERVICOS LTDA;VIBRA;AVENIDA JERONIMO MONTEIRO, 840 - JABURUNA;29100-600;VILA VELHA;ES;SE;DIESEL, GASOLINA, GASOLINA ADITIVADA;6,89 / 6,59 / 6,79;"R$ / litro; R$ / litro; R$ / litro";Calibragem / Conveniencia;;;;
30/03/2026;2026-S14;CONCORRENTE;22356015000120;CENTRAL COMERCIO DE COMBUSTIVEIS LTDA;CENTRAL COMERCIO DE COMBUSTIVEIS LTDA;IPIRANGA;"AVENIDA ELDES SCHERRER SOUZA, 2100 - : POSTO; - CIVIT II";29168-060;SERRA;ES;SE;DIESEL, DIESEL S10, ETANOL, GASOLINA, GASOLINA ADITIVADA, GNV;6,79 / 6,89 / 4,99 / 6,59 / 6,79 / 3,99;"R$ / litro; R$ / litro; R$ / litro; R$ / litro; R$ / litro; R$ / m³";"Troca de oleo; Borracharia; Lava-jato; Conveniencia";;;;
30/03/2026;2026-S14;CONCORRENTE; 26.980.450/0001-81;AUTO POSTO VITORIA COMERCIO DE COMBUSTIVEIS LTDA;AUTO POSTO VITORIA COMERCIO DE COMBUSTIVEIS LTDA;VIBRA;RUA OLYMPIO RODRIGUES PASSOS, 14 - LOJA  01 - JABOUR;29072-290;VITORIA;ES;SE;ETANOL, GASOLINA, GASOLINA ADITIVADA;5,29 / 6,49 / 6,79;"R$ / litro; R$ / litro; R$ / litro";Caixa eletronico;;;;
30/03/2026;2026-S14;CONCORRENTE; 27.066.273/0002-76;POSTO ARVOREDO LTDA;POSTO ARVOREDO LTDA;BRANCA;AVENIDA VITORIA, 1600 - POSTO - ILHA DE SANTA MARIA;29051-040;VITORIA;ES;SE;GASOLINA, GASOLINA ADITIVADA;6,45 / 6,45;"R$ / litro; R$ / litro";Lava-jato, Troca de oleo, Borracharia;;;;
30/03/2026;2026-S14;CONCORRENTE; 27.664.597/0005-59;AUTO POSTO SCHUENG LTDA;AUTO POSTO SCHUENG LTDA;ALE;RODOVIA GOVERNADOR MARIO COVAS, S/N - KM    159 - BEBEDOURO;29915-140;LINHARES;ES;SE;DIESEL, DIESEL S10, GASOLINA;6,89 / 6,99 / 6,59;"R$ / litro; R$ / litro; R$ / litro";Lava-jato,Caixa eletronico,Troca de oleo;;;;
30/03/2026;2026-S14;CONCORRENTE; 27.734.094/0001-89;POSTO ATLANTICO LTDA;POSTO ATLANTICO LTDA;RAIZEN;AVENIDA DANTE MICHELINI, 4655 - POSTO - JARDIM CAMBURI;29090-070;VITORIA;ES;SE;DIESEL S10, ETANOL, GASOLINA, GASOLINA ADITIVADA;6,79 / 5,29 / 6,59 / 6,94;"R$/l; R$/l; R$/l; R$/l";Borracharia,Calibragem;;;;
30/03/2026;2026-S14;CONCORRENTE; 28.059.632/0001-40;A.B.C. AUTO SERVICOS LTDA;A.B.C. AUTO SERVICOS LTDA;RAIZEN;AVENIDA ROBERT KENNEDY, 21 - A - SAO TORQUATO;29114-000;VILA VELHA;ES;SE;DIESEL, DIESEL S10, GASOLINA, GASOLINA ADITIVADA;6,89 / 6,89 / 6,45 / 6,85;"R$ / litro; R$ / litro; R$ / litro; R$ / litro";"Caixa eletronico; Borracharia; Troca de oleo";;;;
30/03/2026;2026-S14;CONCORRENTE; 28.413.219/0001-31;COMERCIAL NORTE SUL LTDA;COMERCIAL NORTE SUL LTDA;VIBRA;AVENIDA MARUIPE, 2757 - SANTA LUIZA;29045-230;VITORIA;ES;SE;GASOLINA, GASOLINA ADITIVADA;6,59 / 6,89;"R$ / litro; R$ / litro";Lava-jato;;;;
30/03/2026;2026-S14;CONCORRENTE; 30.869.047/0001-57;ABT COMERCIO DE COMBUSTIVEIS LTDA;ABT COMERCIO DE COMBUSTIVEIS LTDA;BRANCA;RODOVIA GOVERNADOR MARIO COVAS, 1874 - KM    65 - BOA VISTA;29931-200;SAO MATEUS;ES;SE;DIESEL, DIESEL S10, ETANOL, GASOLINA;7,09 / 7,19 / 5,49 / 6,79;"R$ / litro; R$ / litro; R$ / litro; R$ / litro";Lava-jato,Troca de oleo,Caixa eletronico;;;;
30/03/2026;2026-S14;CONCORRENTE; 36.336.386/0001-54;POSTO TRES COQUEIROS LTDA;POSTO TRES COQUEIROS LTDA;IPIRANGA;RODOVIA CARLOS LINDEMBERG, SN - ALVORADA;29123-600;VILA VELHA;ES;SE;DIESEL, DIESEL S10, ETANOL, GASOLINA, GASOLINA ADITIVADA;6,79 / 6,89 / 4,99 / 6,45 / 6,65;"R$ / litro; R$ / litro; R$ / litro; R$ / litro; R$ / litro";Caixa eletronico / Borracharia;;;;
30/03/2026;2026-S14;CONCORRENTE; 36.675.989/0001-80;COMERCIO DE COMBUSTIVEIS COQUEIRAL DE ITAPARICA LTDA;COMERCIO DE COMBUSTIVEIS COQUEIRAL DE ITAPARICA LTDA;BRANCA;AVENIDA SANTA LEOPOLDINA, 635 - COQUEIRAL DE ITAPARICA;29102-320;VILA VELHA;ES;SE;DIESEL S10, ETANOL, GASOLINA, GASOLINA ADITIVADA;7,09 / 4,72 / 6,57 / 6,57;"R$ / litro; R$ / litro; R$ / litro; R$ / litro";"Lava-jato; Troca de oleo; Calibragem";;;;
30/03/2026;2026-S14;CONCORRENTE; 38.530.950/0001-09;POSTO CAPUABA LTDA;POSTO CAPUABA LTDA;BRANCA;ESTRADA CAPUABA, 21 - ATAIDE;29119-060;VILA VELHA;ES;SE;DIESEL, DIESEL S10, ETANOL, GASOLINA, GASOLINA ADITIVADA;6,69 / 6,79 / 4,99 / 6,59 / 6,89;"R$ / litro; R$ / litro; R$ / litro; R$ / litro; R$ / litro";Caixa eletronico, Borracharia, Lava-jato;;;;
31/03/2026;2026-S14;CONCORRENTE; 04.361.389/0002-32;AUTO POSTO WAVE LTDA;AUTO POSTO WAVE LTDA;ALE;AVENIDA MARTIN PESCADOR, 12 - PORTO CANOA;29168-460;SERRA;ES;SE;DIESEL S10, ETANOL, GASOLINA, GASOLINA ADITIVADA;6,89 / 4,99 / 6,59 / 6,59;"R$ / litro; R$ / litro; R$ / litro; R$ / litro";"Borracharia; Caixa eletronico; Troca de oleo";;;;
31/03/2026;2026-S14;CONCORRENTE; 04.850.382/0001-01;POSTO ARIBIRI DO GAS LTDA;POSTO ARIBIRI DO GAS LTDA;VIBRA;AVENIDA CARLOS LINDEMBERG, 1944 - SANTA INEZ;29108-075;VILA VELHA;ES;SE;GASOLINA, GASOLINA ADITIVADA, GNV;6,49 / 6,69 / 3,99;"R$ / litro; R$ / litro; R$ / m³";"Caixa eletronico; Lava-jato";;;;
31/03/2026;2026-S14;CONCORRENTE; 05.393.247/0001-39;POSTO CANOA DERIVADOS DE PETROLEO LTDA;POSTO CANOA DERIVADOS DE PETROLEO LTDA;ALE;AVENIDA BRASILIA, 575 - PORTO CANOA;29168-600;SERRA;ES;SE;DIESEL S10, ETANOL, GASOLINA, GASOLINA ADITIVADA;6,89 / 4,99 / 6,59 / 6,59;"R$ / litro; R$ / litro; R$ / litro; R$ / litro";Borracharia / Caixa eletronico / Calibragem;;;;
31/03/2026;2026-S14;CONCORRENTE; 07.470.392/0001-00;POSTO DE COMBUSTIVEIS OTAVIO EIRELI;POSTO DE COMBUSTIVEIS OTAVIO EIRELI;RAIZEN;AVENIDA ABDO SAAD, 833 - JACARAIPE;29173-510;SERRA;ES;SE;DIESEL, ETANOL, GASOLINA, GASOLINA ADITIVADA;6,89 / 5,19 / 6,79 / 6,99;"R$ / litro; R$ / litro; R$ / litro; R$ / litro";Borracharia;;;;
31/03/2026;2026-S14;CONCORRENTE; 07.830.414/0001-97;REVENDA DE COMBUSTIVEIS BKR LTDA;REVENDA DE COMBUSTIVEIS BKR LTDA;RAIZEN;RODOVIA GOVERNADOR MARIO COVAS, 122 - BARCELONA;29166-095;SERRA;ES;SE;DIESEL, ETANOL, GASOLINA, GASOLINA ADITIVADA;6,89 / 4,99 / 6,68 / 7,03;"R$ / litro; R$ / litro; R$ / litro; R$ / litro";"Calibragem; Troca de oleo; Borracharia";;;;
31/03/2026;2026-S14;CONCORRENTE; 10.197.775/0001-52;REDE DE POSTOS SAGUI LTDA;REDE DE POSTOS SAGUI LTDA;ATLÂNTICA;RUA EUCLIDES DA CUNHA, 421 - SAO DIOGO I;29163-265;SERRA;ES;SE;DIESEL S10, ETANOL, GASOLINA, GASOLINA ADITIVADA;6,99 / 4,99 / 6,59 / 6,79;"R$ / litro; R$ / litro; R$ / litro; R$ / litro";Caixa eletronico / Conveniencia;;;;
31/03/2026;2026-S14;CONCORRENTE; 10.813.831/0001-36;AUTO POSTO E SERVICOS ARACRUZ - COLINA DE BELA VISTA LTDA;AUTO POSTO E SERVICOS ARACRUZ - COLINA DE BELA VISTA LTDA;RAIZEN;AVENIDA CASTELO BRANCO, 14 - QUADRARC 06 -                   LOTEAMENTO COLINA - BELA VISTA;29192-066;ARACRUZ;ES;SE;DIESEL, DIESEL S10, GASOLINA, GASOLINA ADITIVADA;7,25 / 7,35 / 6,69 / 6,99;"R$ / litro; R$ / litro; R$ / litro; R$ / litro";"Troca de oleo; Caixa eletronico; Borracharia; Lava-jato";;;;
31/03/2026;2026-S14;CONCORRENTE; 11.217.185/0001-07;POSTO PARADAO DA 101 LTDA;POSTO PARADAO DA 101 LTDA;RAIZEN;RODOVIA GOVERNADOR MARIO COVAS, S/N - KM    16010 - BEBEDOURO;29915-140;LINHARES;ES;SE;DIESEL, DIESEL S10, GASOLINA, GASOLINA ADITIVADA;7,29 / 7,39 / 6,59 / 6,99;"R$ / litro; R$ / litro; R$ / litro; R$ / litro";Calibragem, Lava-jato, Borracharia;;;;
31/03/2026;2026-S14;PROPRIO; 11.222.333/0004-24;REDE MARE COMBUSTIVEIS LTDA;REDE MARE;BRANCA;RODOVIA GOVERNADOR MARIO COVAS, 4324 - KM    265   POSTO - PLANALTO DE CARAPINA;29162-702;SERRA;ES;SE;DIESEL S10, ETANOL, GASOLINA, GASOLINA ADITIVADA;6,65 / 4,99 / 6,49 / 6,69;"R$ / litro; R$ / litro; R$ / litro; R$ / litro";Troca de oleo;Renata Alves;(27) 99633-9021;01.823.633/0001-62 / 04.361.389/0002-32 / 05.393.247/0001-39;
31/03/2026;2026-S14;CONCORRENTE; 17.375.525/0001-04;AUTO POSTO LUCAS - EPP.;AUTO POSTO LUCAS - EPP.;ALE;AVENIDA ROMULO CASTELLO, 791 - LOTES 20 A 23 - CASTELANDIA;29172-620;SERRA;ES;SE;DIESEL S10, ETANOL, GASOLINA, GASOLINA ADITIVADA;6,99 / 4,98 / 6,45 / 6,79;"R$ / litro; R$ / litro; R$ / litro; R$ / litro";Troca de oleo,Calibragem,Borracharia,Caixa eletronico;;;;
31/03/2026;2026-S14;CONCORRENTE; 23.305.603/0001-05;POSTO MARLIM BRANCO LTDA - ME;POSTO MARLIM BRANCO LTDA - ME;VIBRA;AVENIDA ROMULO CASTELLO, 161 - LOTE  16 17 18 - CASTELANDIA;29172-620;Serra ;ES;SE;GASOLINA, GASOLINA ADITIVADA;6,45 / 6,85;"R$ / litro; R$ / litro";Borracharia;;;;
31/03/2026;2026-S14;CONCORRENTE; 23.314.250/0001-00;COMERCIO DE COMBUSTIVEIS LINDENBERG LTDA;COMERCIO DE COMBUSTIVEIS LINDENBERG LTDA;BRANCA;AVENIDA CARLOS LINDENBERG, 5718 - LOTE  2. 3. 14 E 15       QUADRAD - SANTA INES;29108-075;VILA VELHA;ES;SE;DIESEL S10, ETANOL, GASOLINA;6,79 / 4,84 / 6,44;"R$ / litro; R$ / litro; R$ / litro";Conveniencia / Borracharia / Calibragem;;;;
31/03/2026;2026-S14;CONCORRENTE; 27.303.411/0001-02;AUTO POSTO DADINHO LTDA;AUTO POSTO DADINHO LTDA;IPIRANGA;RODOVIA BR 101, S/N - KM 140 - CANIVETE;29901-401;LINHARES;ES;SE;ETANOL, GASOLINA, GASOLINA ADITIVADA;5,49 / 6,99 / 7,09;"R$ / litro; R$ / litro; R$ / litro";Conveniencia;;;;
31/03/2026;2026-S14;CONCORRENTE; 27.303.411/0003-74;AUTO POSTO DADINHO LTDA;AUTO POSTO DADINHO LTDA;ALE;AVENIDA VEREADOR WILMO VITORIO GUIZANI, 12 - SAO JOSE;29905-080;LINHARES;ES;SE;DIESEL S10, GASOLINA, GASOLINA ADITIVADA;6,79 / 6,69 / 6,79;"R$ / litro; R$ / litro; R$ / litro";Caixa eletronico,Lava-jato;;;;
31/03/2026;2026-S14;CONCORRENTE; 31.465.040/0001-32;POSTO ITAPOA LTDA;POSTO ITAPOA LTDA;IPIRANGA;AVENIDA FRANCELINA SETUBAL, 333 - ITAPOAN;29100-000;VILA VELHA;ES;SE;DIESEL S10, ETANOL, GASOLINA, GASOLINA ADITIVADA;6,79 / 4,99 / 6,59 / 6,59;"R$ / litro; R$ / litro; R$ / litro; R$ / litro";Calibragem,Lava-jato;;;;
31/03/2026;2026-S14;CONCORRENTE; 32.467.417/0001-55;J C RODRIGUES NETO E FILHOS LTDA;J C RODRIGUES NETO E FILHOS LTDA;VIBRA;RUA CEARA, S/N - LOTES 01/04  Q.01 - PRAIA DA COSTA;29101-290;VILA VELHA;ES;SE;GASOLINA, GASOLINA ADITIVADA;6,41 / 6,41;"R$ / litro; R$ / litro";Lava-jato / Borracharia / Calibragem / Caixa eletronico;;;;
31/03/2026;2026-S14;CONCORRENTE; 34.765.133/0001-70;RGM 2 COMERCIO DE PETROLEO LTDA;RGM 2 COMERCIO DE PETROLEO LTDA;IPIRANGA;AVENIDA CARLOS LINDENBERG, 2423 - ANEXO 1 - IBES;29108-335;VILA VELHA;ES;SE;DIESEL S10, ETANOL, GASOLINA, GASOLINA ADITIVADA;6,99 / 4,99 / 6,45 / 6,89;"R$ / litro; R$ / litro; R$ / litro; R$ / litro";Borracharia;;;;
31/03/2026;2026-S14;CONCORRENTE; 36.004.950/0001-31;DERIVADOS PETROLEO SANTA INES LTDA;DERIVADOS PETROLEO SANTA INES LTDA;IPIRANGA;RODOVIA CARLOS LINDEMBERG, 1801 - SANTA INES;29100-000;VILA VELHA;ES;SE;ETANOL, GASOLINA, GASOLINA ADITIVADA;4,99 / 6,45 / 6,65;"R$/l; R$/l; R$/l";Calibragem, Lava-jato, Troca de oleo;;;;
31/03/2026;2026-S14;CONCORRENTE; 37.361.618/0001-97;AUTO POSTO MAX COMBUSTIVEIS E DERIVADOS LTDA;AUTO POSTO MAX COMBUSTIVEIS E DERIVADOS LTDA;BRANCA;AVENIDA CEREJEIRA, 694 - LOTE  01                  QUADRA12 - MOVELAR;29906-014;LINHARES;ES;SE;ETANOL, GASOLINA, GASOLINA ADITIVADA;4,89 / 6,69 / 6,69;"R$ / litro; R$ / litro; R$ / litro";"Caixa eletronico; Calibragem";;;;
31/03/2026;2026-S14;CONCORRENTE; 97.538.270/0001-92;SUPER POSTO JEQUITIBA LTDA;SUPER POSTO JEQUITIBA LTDA;RAIZEN;RODOVIA BR 101, KM 134, S/N - CANIVETE;29909-025;LINHARES;ES;SE;DIESEL, DIESEL S10, GASOLINA, GASOLINA ADITIVADA;6,99 / 7,19 / 6,59 / 6,89;"R$ / litro; R$ / litro; R$ / litro; R$ / litro";Calibragem / Caixa eletronico / Borracharia;;;;
01/04/2026;2026-S14;CONCORRENTE; 00.580.488/0001-73;POSTO DE GASOLINA MARACANA LTDA;POSTO DE GASOLINA MARACANA LTDA;IPIRANGA;AVENIDA ALICE COUTINHO SANTOS, 2101 - POSTO DE GASOLINA - MARACANA;29142-887;CARIACICA;ES;SE;DIESEL, DIESEL S10, ETANOL, GASOLINA, GASOLINA ADITIVADA;6,69 / 6,79 / 4,99 / 6,39 / 6,59;"R$ / litro; R$ / litro; R$ / litro; R$ / litro; R$ / litro";Troca de oleo,Borracharia,Caixa eletronico;;;;
01/04/2026;2026-S14;CONCORRENTE; 02.582.857/0001-92;POSTO CAMPO GRANDE LTDA;POSTO CAMPO GRANDE LTDA;ATLÂNTICA;AVENIDA EXPEDITO GARCIA, 222 - CAMPO GRANDE;29157-405;CARIACICA;ES;SE;ETANOL, GASOLINA, GASOLINA ADITIVADA;4,89 / 6,34 / 6,34;"R$ / litro; R$ / litro; R$ / litro";Lava-jato;;;;
01/04/2026;2026-S14;CONCORRENTE; 04.145.589/0011-49;ARARA AZUL REDE DE POSTOS LTDA;ARARA AZUL REDE DE POSTOS LTDA;BRANCA;RODOVIA RODOVIA DO SOL, 530 - PRAIA DE ITAPARICA;29102-020;VILA VELHA;ES;SE;DIESEL S10, ETANOL, GASOLINA, GASOLINA ADITIVADA;6,98 / 4,95 / 6,46 / 6,76;"R$ / litro; R$ / litro; R$ / litro; R$ / litro";Lava-jato,Troca de oleo,Borracharia;;;;
01/04/2026;2026-S14;CONCORRENTE; 06.073.382/0001-60;Auto Posto Sucesso Ltda;AUTO POSTO SUCESSO LTDA;BRANCA;AVENIDA JOAO FRANCISCO GONCALVES, 746 - COBILANDIA;29111-300;VILA VELHA;ES;SE;DIESEL S10, ETANOL, GASOLINA;6,96 / 4,82 / 6,42;"R$ / litro; R$ / litro; R$ / litro";Caixa eletronico,Calibragem,Lava-jato,Borracharia;;;;
01/04/2026;2026-S14;PROPRIO; 11.222.333/0001-81;REDE MARE COMBUSTIVEIS LTDA;REDE MARE;BRANCA;AVENIDA MARIO GURGEL, 1092 - ITAQUARI;29151-570;CARIACICA;ES;SE;DIESEL, ETANOL, GASOLINA, GASOLINA ADITIVADA, GNV;6,90 / 4,80 / 6,59 / 6,59 / 4,09;"R$ / litro; R$ / litro; R$ / litro; R$ / litro; R$ / m³";Conveniencia, Troca de oleo, Caixa eletronico, Borracharia;Carlos Menezes;(27) 99811-2041 / (27) 3334-1100;"00.580.488/0001-73; 13.814.642/0001-76; 15.226.314/0001-84";
01/04/2026;2026-S14;PROPRIO; 11.222.333/0005-05;REDE MARE COMBUSTIVEIS LTDA;REDE MARE;BRANCA;AVENIDA MARIO GURGEL, 3127 - FUNDOSCOM A AV EXPEDITO GA - CAMPO GRANDE;29146-012;CARIACICA;ES;SE;DIESEL S10, ETANOL, GASOLINA, GASOLINA ADITIVADA, GNV;6,89 / 4,89 / 6,39 / 6,39 / 3,99;"R$ / litro; R$ / litro; R$ / litro; R$ / litro; R$ / m³";Conveniencia;Marcos Lyrio;(27) 99890-1276 / (27) 3345-0098;"00.580.488/0001-73; 13.814.642/0001-76; 15.226.314/0001-84";
01/04/2026;2026-S14;CONCORRENTE; 13.814.642/0001-76;POSTO BR 31 AUTO SERVICOS LTDA;POSTO BR 31 AUTO SERVICOS LTDA;RAIZEN;AVENIDA MARIO GURGEL, 2844 - ALTO LAJE;29151-026;CARIACICA;ES;SE;DIESEL S10, ETANOL, GASOLINA, GASOLINA ADITIVADA;6,89 / 4,99 / 6,39 / 6,79;"R$ / litro; R$ / litro; R$ / litro; R$ / litro";Troca de oleo, Calibragem, Caixa eletronico, Conveniencia;;;;
01/04/2026;2026-S14;CONCORRENTE; 15.226.314/0001-84;MAIS COMERCIO DE COMBUSTIVEL CARIACICA LTDA;MAIS COMERCIO DE COMBUSTIVEL CARIACICA LTDA;BRANCA;AVENIDA MARIO GURGEL, 4935 - VILA PALESTINA;29145-711;CARIACICA;ES;SE;ETANOL, GASOLINA;4,99 / 6,59;"R$ / litro; R$ / litro";"Borracharia; Lava-jato; Conveniencia; Calibragem";;;;
01/04/2026;2026-S14;CONCORRENTE; 18.366.697/0001-84;POSTO RIO MARINHO COMERCIO DE DERIVADOS DE PETROLEO EIRELI - EPP;POSTO RIO MARINHO COMERCIO DE DERIVADOS DE PETROLEO EIRELI - EPP;VIBRA;AVENIDA RIO MARINHO, S/N - RIO MARINHO;29112-690;VILA VELHA;ES;SE;DIESEL, DIESEL S10, ETANOL, GASOLINA, GASOLINA ADITIVADA;6,49 / 6,69 / 4,89 / 6,39 / 6,69;"R$ / litro; R$ / litro; R$ / litro; R$ / litro; R$ / litro";Conveniencia;;;;
01/04/2026;2026-S14;CONCORRENTE; 24.145.665/0001-51;C.R.B. DEZAN E CIA LTDA;C.R.B. DEZAN E CIA LTDA;ATLÂNTICA;AVENIDA MARIO GURGEL, 5913 - AUTO POSTO - SAO FRANCISCO;29145-409;CARIACICA;ES;SE;DIESEL S10, ETANOL, GASOLINA;7,55 / 4,89 / 6,59;"R$ / litro; R$ / litro; R$ / litro";Conveniencia, Caixa eletronico;;;;
01/04/2026;2026-S14;CONCORRENTE; 27.394.378/0001-73;POSTO DE PRODUTOS DE PETROLEO OASIS LTDA;POSTO DE PRODUTOS DE PETROLEO OASIS LTDA;IPIRANGA;AVENIDA MARIO GURGEL, 297 - JARDIM AMERICA;29140-261;CARIACICA;ES;SE;DIESEL S10, GASOLINA, GASOLINA ADITIVADA, GNV;6,99 / 6,69 / 6,89 / 3,99;"R$ / litro; R$ / litro; R$ / litro; R$ / m³";Calibragem, Caixa eletronico;;;;
01/04/2026;2026-S14;CONCORRENTE; 27.396.415/0001-82;AUTO SERVICO SAO CRISTOVAO LTDA;AUTO SERVICO SAO CRISTOVAO LTDA;VIBRA;AVENIDA MARIO GURGEL, 4 - KM    4 5  BR 262 - DOM BOSCO;29147-345;CARIACICA;ES;SE;DIESEL, ETANOL, GASOLINA, GASOLINA ADITIVADA, GNV;6,87 / 4,89 / 6,48 / 6,59 / 3,98;"R$ / litro; R$ / litro; R$ / litro; R$ / litro; R$ / m³";Caixa eletronico, Borracharia, Conveniencia;;;;
01/04/2026;2026-S14;CONCORRENTE; 27.664.597/0007-10;Auto Posto Schueng Ltda;AUTO POSTO SCHUENG LTDA;IPIRANGA;AVENIDA DOUTOR RAIMUNDO GUILHERME SOBRINHO, 176 - BOA VISTA;29931-630;SAO MATEUS;ES;SE;ETANOL, GASOLINA, GASOLINA ADITIVADA;5,69 / 6,79 / 6,99;"R$ / litro; R$ / litro; R$ / litro";Conveniencia, Borracharia, Calibragem;;;;
01/04/2026;2026-S14;CONCORRENTE; 27.926.384/0001-24;PETROVERA - POSTO DE PRODUTOS DE PETROLEO E TRANSPORTES LTDA. - ME;PETROVERA - POSTO DE PRODUTOS DE PETROLEO E TRANSPORTES LTDA - ME;IPIRANGA;RODOVIA GOVERNADOR JOSE HENRIQUE SETTE, 906 - PAVMTO01 - ALTO LAGE;29151-055;CARIACICA;ES;SE;DIESEL, DIESEL S10, ETANOL, GASOLINA, GASOLINA ADITIVADA;6,89 / 6,99 / 4,99 / 6,45 / 6,45;"R$ / litro; R$ / litro; R$ / litro; R$ / litro; R$ / litro";"Caixa eletronico; Conveniencia; Borracharia; Calibragem";;;;
01/04/2026;2026-S14;CONCORRENTE; 28.344.206/0001-58;POSTO DE COMBUSTIVEIS ITACIBA LTDA;POSTO DE COMBUSTIVEIS ITACIBA LTDA;BRANCA;RUA MANOEL JOAQUIM DOS SANTOS, 317 - ITACIBA;29150-270;CARIACICA;ES;SE;ETANOL, GASOLINA, GASOLINA ADITIVADA;4,89 / 6,45 / 6,45;"R$ / litro; R$ / litro; R$ / litro";Troca de oleo, Conveniencia, Lava-jato, Borracharia;;;;
01/04/2026;2026-S14;CONCORRENTE; 29.986.296/0001-43;EDEPEL EQUIPAMENTOS E DERIVADOS DE PETROLEO LTDA;EDEPEL EQUIPAMENTOS E DERIVADOS DE PETROLEO LTDA;RAIZEN;AVENIDA MARIO GURGEL, 4338 - LOJA  POSTO - VILA CAPIXABA;29148-022;CARIACICA;ES;SE;ETANOL, GASOLINA, GASOLINA ADITIVADA;4,99 / 6,59 / 6,99;"R$ / litro; R$ / litro; R$ / litro";Borracharia / Lava-jato;;;;
02/04/2026;2026-S14;CONCORRENTE; 02.802.986/0001-49;A S SALES JUNIOR LTDA;A S SALES JUNIOR LTDA;ATLÂNTICA;RUA DAVINO MATOS, S/N - PARQUE AREIA PRETA;29200-615;GUARAPARI;ES;SE;DIESEL S10, ETANOL, GASOLINA, GASOLINA ADITIVADA;7,19 / 5,35 / 6,72 / 6,83;"R$ / litro; R$ / litro; R$ / litro; R$ / litro";Borracharia, Caixa eletronico, Lava-jato;;;;
02/04/2026;2026-S14;CONCORRENTE; 03.948.877/0003-69;AUTO POSTO SANTA ANA LTDA;AUTO POSTO SANTA ANA LTDA;ALE;RODOVIA DO CAFE, 1871 - CARLOS GERMANO NAUMANN;29705-200;COLATINA;ES;SE;DIESEL, DIESEL S10, GASOLINA, GASOLINA ADITIVADA;6,89 / 6,99 / 6,55 / 6,75;"R$ / litro; R$ / litro; R$ / litro; R$ / litro";Calibragem,Lava-jato,Troca de oleo;;;;
02/04/2026;2026-S14;CONCORRENTE; 05.791.319/0001-04;MOTOCAP COMBUSTIVEIS LTDA;MOTOCAP COMBUSTIVEIS LTDA;VIBRA;RODOVIA GETHER LOPES DE FARIAS, 2600 - CARLOS GERMANO NAUMANN;29705-390;COLATINA;ES;SE;DIESEL, GASOLINA, GASOLINA ADITIVADA, GNV;6,89 / 6,63 / 6,73 / 4,49;"R$ / litro; R$ / litro; R$ / litro; R$ / m³";Borracharia, Calibragem;;;;
02/04/2026;2026-S14;CONCORRENTE; 07.381.843/0001-24;POSTO DE COMBUSTIVEIS BRUNO LTDA;POSTO DE COMBUSTIVEIS BRUNO LTDA;BRANCA;RUA FIORAVANTE ROSSI, 738 - SAO BRAZ;29704-700;COLATINA;ES;SE;GASOLINA, GASOLINA ADITIVADA;6,69 / 6,69;"R$ / litro; R$ / litro";Borracharia;;;;
02/04/2026;2026-S14;CONCORRENTE; 08.519.545/0001-10;SAO FRANCISCO DE ASSIS COMERCIO DE COMBUSTIVEIS LTDA;SAO FRANCISCO DE ASSIS COMERCIO DE COMBUSTIVEIS LTDA;VIBRA;PRACA FIDELIS FERRARI, 35 - LACE;29703-030;COLATINA;ES;SE;GASOLINA, GASOLINA ADITIVADA;6,89 / 6,99;"R$ / litro; R$ / litro";Caixa eletronico, Troca de oleo, Conveniencia;;;;
2026-04-02;2026-S14;CONCORRENTE; 08.971.375/0001-00;BRAX COMBUSTIVEIS LTDA;BRAX COMBUSTIVEIS LTDA;IPIRANGA;RODOVIA CONEGO JOAO GUILHERME, 1516 - MARIO GIURIZATTO;29706-557;COLATINA;ES;SE;DIESEL, DIESEL S10, ETANOL, GASOLINA, GASOLINA ADITIVADA;6,69 / 6,93 / 5,09 / 6,49 / 6,69;"R$ / litro; R$ / litro; R$ / litro; R$ / litro; R$ / litro";Lava-jato / Troca de oleo;;;;
02/04/2026;2026-S14;CONCORRENTE; 09.076.862/0001-72;VALOR POSTOS PRAIA DO MORRO LTDA;VALOR POSTOS PRAIA DO MORRO LTDA;VIBRA;RODOVIA RODOVIA DO SOL, S/ NR - KM    41 - AEROPORTO;29216-705;GUARAPARI;ES;SE;GASOLINA, GASOLINA ADITIVADA;7,19 / 7,19;"R$ / litro; R$ / litro";Caixa eletronico;;;;
02/04/2026;2026-S14;CONCORRENTE;14096313000108;AUTO POSTO GUARAPARI LTDA;AUTO POSTO GUARAPARI LTDA;RAIZEN;AVENIDA GOVERNADOR JONES DOS SANTOS NEVES, 15 - VARZEA NOVA;29211-630;GUARAPARI;ES;SE;DIESEL, ETANOL, GASOLINA, GASOLINA ADITIVADA;7,25 / 5,89 / 6,99 / 6,99;"R$ / litro; R$ / litro; R$ / litro; R$ / litro";Conveniencia;;;;
02/04/2026;2026-S14;CONCORRENTE;14096313000108;AUTO POSTO GUARAPARI LTDA;AUTO POSTO GUARAPARI LTDA;RAIZEN;AVENIDA GOVERNADOR JONES DOS SANTOS NEVES, 15 - VARZEA NOVA;29211-630;GUARAPARI;ES;SE;DIESEL, ETANOL, GASOLINA, GASOLINA ADITIVADA;7,25 / 5,89 / 6,99 / 6,99;"R$ / litro; R$ / litro; R$ / litro; R$ / litro";Conveniencia;;;;
02/04/2026;2026-S14;CONCORRENTE; 23.238.396/0001-05;CAPIXABA COMERCIO DE PRODUTOS AUTOMOTIVOS LTDA;CAPIXABA COMERCIO DE PRODUTOS AUTOMOTIVOS LTDA;ATLÂNTICA;RUA PROFESSOR MELCHIADES PEREIRA MARTINS, 15 - CENTRO;29200-480;GUARAPARI;ES;SE;DIESEL S10, ETANOL, GASOLINA, GASOLINA ADITIVADA;7,29 / 5,39 / 6,72 / 6,84;"R$ / litro; R$ / litro; R$ / litro; R$ / litro";Caixa eletronico;;;;
02/04/2026;2026-S14;CONCORRENTE; 27.020.445/0001-90;GUARAVE GUARAPARI VEICULOS LTDA;GUARAVE GUARAPARI VEICULOS LTDA;VIBRA;AVENIDA EWERSON DE ABREU SODRE, 300 - MUQUICABA;29215-010;GUARAPARI;ES;SE;GASOLINA, GASOLINA ADITIVADA;7,19 / 7,19;"R$ / litro; R$ / litro";"Calibragem; Conveniencia";;;;
02/04/2026;2026-S14;CONCORRENTE; 27.020.445/0005-13;GUARAVE GUARAPARI VEICULOS LTDA;GUARAVE GUARAPARI VEICULOS LTDA;VIBRA;RODOVIA DO SOL, S/N - MUQUICABA;29215-005;GUARAPARI;ES;SE;GASOLINA, GASOLINA ADITIVADA;7,19 / 7,19;"R$ / litro; R$ / litro";Caixa eletronico / Borracharia;;;;
02/04/2026;2026-S14;CONCORRENTE; 27.085.240/0001-92;POSTO DE GASOLINA SANTO ANTONIO LTDA;POSTO DE GASOLINA SANTO ANTONIO LTDA;ALE;AVENIDA SILVIO AVIDOS, 3251 - SANTO ANTONIO;29704-053;COLATINA;ES;SE;DIESEL, DIESEL S10, GASOLINA, GASOLINA ADITIVADA;6,89 / 6,99 / 6,79 / 6,92;"R$ / litro; R$ / litro; R$ / litro; R$ / litro";Lava-jato / Calibragem;;;;
02/04/2026;2026-S14;CONCORRENTE; 27.316.819/0001-19;BECAR PETROLEO LTDA;BECAR PETROLEO LTDA;RAIZEN;AVENIDA GOVERNADOR JONES DOS SANTOS NEVES, S/N - CONFLUENCIA COM RODOVIA DO SOL - MUQUICABA;29215-002;GUARAPARI;ES;SE;GASOLINA, GASOLINA ADITIVADA;6,99 / 7,09;"R$ / litro; R$ / litro";"Lava-jato; Conveniencia";;;;
02/04/2026;2026-S14;CONCORRENTE; 27.493.675/0001-76;POSTO RIO DOCE LTDA.;POSTO RIO DOCE LTDA.;BRANCA;R SEVERINO DAMIANI, 177 - CENTRO;29700-013;COLATINA;ES;SE;DIESEL S10, ETANOL, GASOLINA, GASOLINA ADITIVADA;7,38 / 5,38 / 6,98 / 6,98;"R$ / litro; R$ / litro; R$ / litro; R$ / litro";Borracharia, Conveniencia, Troca de oleo;;;;
02/04/2026;2026-S14;CONCORRENTE; 32.248.017/0001-59;AUTO POSTO ALDEIA DA PRAIA LTDA;AUTO POSTO ALDEIA DA PRAIA LTDA;IPIRANGA;AVENIDA PARIS, S/N - PRAIA DO MORRO;29216-570;GUARAPARI;ES;SE;DIESEL S10, ETANOL, GASOLINA, GASOLINA ADITIVADA;7,59 / 5,89 / 7,19 / 7,49;"R$ / litro; R$ / litro; R$ / litro; R$ / litro";Caixa eletronico / Lava-jato;;;;
02/04/2026;2026-S14;CONCORRENTE; 39.814.835/0001-10;PNEUMAX LTDA;PNEUMAX LTDA;VIBRA;AVENIDA SILVIO AVIDOS, 1358 - SAO SILVANO;29703-100;COLATINA;ES;SE;DIESEL, ETANOL, GASOLINA, GASOLINA ADITIVADA;6,89 / 5,19 / 6,79 / 6,89;"R$/l; R$/l; R$/l; R$/l";Conveniencia;;;;
06/04/2026;2026-S15;CONCORRENTE;01496517000186;POSTO PERIM LTDA;POSTO PERIM LTDA;VIBRA;RUA SANTA LEOPOLDINA, 1650 - ITAPARICA;29102-040;VILA VELHA;ES;SE;DIESEL S10, ETANOL, GASOLINA, GASOLINA ADITIVADA;6,99 / 5,19 / 6,49 / 6,69;"R$ / litro; R$ / litro; R$ / litro; R$ / litro";Conveniencia / Borracharia / Caixa eletronico / Calibragem;;;;
06/04/2026;2026-S15;CONCORRENTE; 01.557.127/0001-79;AUTO POSTO ILHA DAS GARCAS LTDA;AUTO POSTO ILHA DAS GARCAS LTDA;VIBRA;RUA MARIA DE OLIVEIRA MARES GUIA, 40 - PRAIA DAS GAIVOTAS;29102-567;VILA VELHA;ES;SE;GASOLINA, GASOLINA ADITIVADA;6,42 / 6,82;"R$ / litro; R$ / litro";Borracharia,Caixa eletronico;;;;
06/04/2026;2026-S15;CONCORRENTE;02802986000149;A S SALES JUNIOR LTDA;A S SALES JUNIOR LTDA;ATLÂNTICA;RUA DAVINO MATOS, S/N - PARQUE AREIA PRETA;29200-615;GUARAPARI;ES;SE;DIESEL S10, ETANOL, GASOLINA, GASOLINA ADITIVADA;7,19 / 5,35 / 6,72 / 6,83;"R$/l; R$/l; R$/l; R$/l";"Borracharia; Caixa eletronico; Lava-jato";;;;
06/04/2026;2026-S15;CONCORRENTE; 03.948.877/0003-69;AUTO POSTO SANTA ANA LTDA;AUTO POSTO SANTA ANA LTDA;ALE;RODOVIA DO CAFE, 1871 - CARLOS GERMANO NAUMANN;29705-200;COLATINA;ES;SE;DIESEL, DIESEL S10, GASOLINA, GASOLINA ADITIVADA;6,89 / 6,99 / 6,55 / 6,75;"R$ / litro; R$ / litro; R$ / litro; R$ / litro";Calibragem, Lava-jato, Troca de oleo;;;;
06/04/2026;2026-S15;CONCORRENTE; 04.814.652/0001-10;POSTO MOTOCAP LTDA;POSTO MOTOCAP LTDA;VIBRA;PRACA ALMIRANTE BARROSO, 52 - LETRA A - LACE;29703-055;COLATINA;ES;SE;GASOLINA;6,79;R$/l;"Calibragem; Lava-jato; Conveniencia";;;;
06/04/2026;2026-S15;CONCORRENTE; 07.381.843/0001-24;POSTO DE COMBUSTIVEIS BRUNO LTDA;POSTO DE COMBUSTIVEIS BRUNO LTDA;BRANCA;RUA FIORAVANTE ROSSI, 738 - SAO BRAZ;29704-700;COLATINA;ES;SE;GASOLINA, GASOLINA ADITIVADA;6,69 / 6,69;"R$ / litro; R$ / litro";Borracharia;;;;
06/04/2026;2026-S15;CONCORRENTE; 07.470.392/0001-00;POSTO DE COMBUSTIVEIS OTAVIO EIRELI;POSTO DE COMBUSTIVEIS OTAVIO EIRELI;RAIZEN;AVENIDA ABDO SAAD, 833 - JACARAIPE;29173-510;SERRA;ES;SE;DIESEL, ETANOL, GASOLINA, GASOLINA ADITIVADA;6,89 / 5,19 / 6,79 / 6,99;"R$ / litro; R$ / litro; R$ / litro; R$ / litro";Borracharia;;;;
06/04/2026;2026-S15;CONCORRENTE; 08.519.545/0001-10;SAO FRANCISCO DE ASSIS COMERCIO DE COMBUSTIVEIS LTDA;SAO FRANCISCO DE ASSIS COMERCIO DE COMBUSTIVEIS LTDA;VIBRA;PRACA FIDELIS FERRARI, 35 - LACE;29703-030;COLATINA;ES;SE;GASOLINA, GASOLINA ADITIVADA;6,99 / 7,09;"R$ / litro; R$ / litro";"Caixa eletronico; Troca de oleo; Conveniencia";;;;
06/04/2026;2026-S15;CONCORRENTE; 09.076.862/0001-72;VALOR POSTOS PRAIA DO MORRO LTDA;VALOR POSTOS PRAIA DO MORRO LTDA;VIBRA;RODOVIA RODOVIA DO SOL, S/ NR - KM    41 - AEROPORTO;29216-705;GUARAPARI;ES;SE;GASOLINA, GASOLINA ADITIVADA;7,19 / 7,19;"R$ / litro; R$ / litro";Caixa eletronico;;;;
06/04/2026;2026-S15;CONCORRENTE; 10.197.775/0001-52;REDE DE POSTOS SAGUI LTDA;REDE DE POSTOS SAGUI LTDA;ATLÂNTICA;RUA EUCLIDES DA CUNHA, 421 - SAO DIOGO I;29163-265;SERRA;ES;SE;DIESEL S10, ETANOL, GASOLINA, GASOLINA ADITIVADA;6,99 / 4,99 / 6,59 / 6,79;"R$ / litro; R$ / litro; R$ / litro; R$ / litro";Caixa eletronico / Conveniencia;;;;
06/04/2026;2026-S15;CONCORRENTE; 10.331.576/0001-95;AUTO POSTO LINHARES LTDA;AUTO POSTO LINHARES LTDA;IPIRANGA;AVENIDA JOSE TESCH, 657 - SHELL;29901-500;LINHARES;ES;SE;DIESEL, DIESEL S10, GASOLINA, GASOLINA ADITIVADA;6,69 / 6,79 / 6,69 / 6,69;"R$ / litro; R$ / litro; R$ / litro; R$ / litro";"Conveniencia; Caixa eletronico; Troca de oleo; Borracharia";;;;
06/04/2026;2026-S15;PROPRIO; 11.222.333/0002-62;REDE MARE COMBUSTIVEIS LTDA;REDE MARE;BRANCA;RODOVIA DARLY SANTOS, S/N - KM    2 5 - POSTO - POLO EMPRESARIAL NOVO MEXICO;29104-360;VILA VELHA;ES;SE;DIESEL, DIESEL S10, ETANOL, GASOLINA, GASOLINA ADITIVADA, GNV;6,69 / 6,79 / 4,99 / 6,49 / 6,69 / 3,99;"R$/l; R$/l; R$/l; R$/l; R$/l; R$ / m³";Conveniencia,Caixa eletronico,Troca de oleo;Juliana Rocha;(27) 99702-3355;"15.010.530/0001-98; 04.145.589/0011-49; 10.569.345/0001-14";
06/04/2026;2026-S15;CONCORRENTE; 13.602.147/0001-01;AUTO POSTO LAGOA DO MEIO LTDA;AUTO POSTO LAGOA DO MEIO LTDA;IPIRANGA;RUA GUAICURUS, 18 - LAGOA DO MEIO;29904-010;LINHARES;ES;SE;DIESEL S10, GASOLINA;6,79 / 6,69;"R$ / litro; R$ / litro";Borracharia, Caixa eletronico;;;;
06/04/2026;2026-S15;CONCORRENTE; 14.096.313/0001-08;AUTO POSTO GUARAPARI LTDA;AUTO POSTO GUARAPARI LTDA;RAIZEN;AVENIDA GOVERNADOR JONES DOS SANTOS NEVES, 15 - VARZEA NOVA;29211-630;GUARAPARI;ES;SE;DIESEL, ETANOL, GASOLINA, GASOLINA ADITIVADA;7,25 / 5,89 / 6,99 / 6,99;"R$ / litro; R$ / litro; R$ / litro; R$ / litro";Conveniencia;;;;
2026-04-06;2026-S15;CONCORRENTE; 15.010.530/0001-98;AUTO POSTO R M LTDA;AUTO POSTO R M LTDA;RAIZEN;"RODOVIA DO SOL, 3701 - LOTE: 11; QUADRA: 64; - PRAIA DE ITAPARICA";29102-023;VILA VELHA;ES;SE;DIESEL S10, ETANOL, GASOLINA, GASOLINA ADITIVADA;6,89 / 4,99 / 6,43 / 6,83;"R$ / litro; R$ / litro; R$ / litro; R$ / litro";Conveniencia;;;;
06/04/2026;2026-S15;CONCORRENTE; 17.375.525/0001-04;AUTO POSTO LUCAS - EPP.;AUTO POSTO LUCAS - EPP.;ALE;AVENIDA ROMULO CASTELLO, 791 - LOTES 20 A 23 - CASTELANDIA;29172-620;SERRA;ES;SE;DIESEL S10, ETANOL, GASOLINA, GASOLINA ADITIVADA;6,99 / 4,98 / 6,59 / 6,79;"R$ / litro; R$ / litro; R$ / litro; R$ / litro";"Troca de oleo; Calibragem; Borracharia; Caixa eletronico";;;;
2026-04-06;2026-S15;CONCORRENTE; 17.753.176/0001-17;AUTO POSTO BOULEVARD LTDA;AUTO POSTO BOULEVARD LTDA;ALE;"RODOVIA DO SOL, S/N - LOTE: 08 E 09; QUADRA: 59; - PRAIA DE ITAPARICA";29102-020;VILA VELHA;ES;SE;DIESEL S10, ETANOL, GASOLINA, GASOLINA ADITIVADA;6,89 / 4,99 / 6,43 / 6,83;"R$ / litro; R$ / litro; R$ / litro; R$ / litro";Troca de oleo,Conveniencia,Calibragem,Lava-jato;;;;
06/04/2026;2026-S15;CONCORRENTE; 20.246.670/0001-08;POSTO DE COMBUSTIVEIS COLATINA LTDA;POSTO DE COMBUSTIVEIS COLATINA LTDA;BRANCA;RODOVIA DO CAFE, 606 - CARLOS GERMANO NAUMANN;29705-200;COLATINA;ES;SE;DIESEL, DIESEL S10, ETANOL, GASOLINA;6,99 / 7,29 / 4,69 / 6,55;"R$ / litro; R$ / litro; R$ / litro; R$ / litro";Troca de oleo / Calibragem;;;;
2026-04-06;2026-S15;CONCORRENTE; 23.238.396/0001-05;CAPIXABA COMERCIO DE PRODUTOS AUTOMOTIVOS LTDA;CAPIXABA COMERCIO DE PRODUTOS AUTOMOTIVOS LTDA;ATLÂNTICA;RUA PROFESSOR MELCHIADES PEREIRA MARTINS, 15 - CENTRO;29200-480;GUARAPARI;ES;SE;DIESEL S10, ETANOL, GASOLINA, GASOLINA ADITIVADA;7,29 / 5,39 / 6,72 / 6,84;"R$ / litro; R$ / litro; R$ / litro; R$ / litro";Caixa eletronico;;;;
06/04/2026;2026-S15;CONCORRENTE; 23.305.603/0001-05;POSTO MARLIM BRANCO LTDA - ME;POSTO MARLIM BRANCO LTDA - ME;VIBRA;AVENIDA ROMULO CASTELLO, 161 - LOTE  16 17 18 - CASTELANDIA;29172-620;SERRA;ES;SE;ETANOL, GASOLINA, GASOLINA ADITIVADA;4,99 / 6,45 / 6,85;"R$/l; R$/l; R$/l";Borracharia;;;;
2026-04-06;2026-S15;CONCORRENTE; 27.020.445/0001-90;GUARAVE GUARAPARI VEICULOS LTDA;GUARAVE GUARAPARI VEICULOS LTDA;VIBRA;AVENIDA EWERSON DE ABREU SODRE, 300 - MUQUICABA;29215-010;GUARAPARI;ES;SE;GASOLINA, GASOLINA ADITIVADA;7,19 / 7,19;"R$ / litro; R$ / litro";"Calibragem; Conveniencia";;;;
06/04/2026;2026-S15;CONCORRENTE; 27.020.445/0005-13;GUARAVE GUARAPARI VEICULOS LTDA;GUARAVE GUARAPARI VEICULOS LTDA;VIBRA;RODOVIA DO SOL, S/N - MUQUICABA;29215-005;GUARAPARI;ES;SE;GASOLINA, GASOLINA ADITIVADA;7,19 / 7,19;"R$ / litro; R$ / litro";Caixa eletronico,Borracharia;;;;
06/04/2026;2026-S15;CONCORRENTE; 27.085.240/0001-92;POSTO DE GASOLINA SANTO ANTONIO;POSTO DE GASOLINA SANTO ANTONIO LTDA;ALE;AVENIDA SILVIO AVIDOS, 3251 - SANTO ANTONIO;29704-053;COLATINA;ES;SE;DIESEL, DIESEL S10, GASOLINA, GASOLINA ADITIVADA;6,89 / 6,99 / 6,79 / 6,92;"R$ / litro; R$ / litro; R$ / litro; R$ / litro";Lava-jato / Calibragem;;;;
06/04/2026;2026-S15;CONCORRENTE; 27.316.819/0001-19;BECAR PETROLEO LTDA;BECAR PETROLEO LTDA;RAIZEN;AVENIDA GOVERNADOR JONES DOS SANTOS NEVES, S/N - CONFLUENCIA COM RODOVIA DO SOL - MUQUICABA;29215-002;GUARAPARI;ES;SE;GASOLINA;6,99;R$/l;"Lava-jato; Conveniencia";;;;
06/04/2026;2026-S15;CONCORRENTE; 27.352.004/0001-95;POSTO DE COMBUSTIVEIS GIRASSOL LTDA;POSTO DE COMBUSTIVEIS GIRASSOL LTDA;VIBRA;AVENIDA DAS NACOES, 852 - COLATINA VELHA;29700-543;COLATINA;ES;SE;DIESEL, ETANOL, GASOLINA, GASOLINA ADITIVADA;6,89 / 5,19 / 6,79 / 6,89;"R$ / litro; R$ / litro; R$ / litro; R$ / litro";Lava-jato,Borracharia;;;;
06/04/2026;2026-S15;CONCORRENTE; 27.493.675/0001-76;POSTO RIO DOCE LTDA.;POSTO RIO DOCE LTDA.;BRANCA;R SEVERINO DAMIANI, 177 - CENTRO;29700-013;COLATINA;ES;SE;DIESEL S10, ETANOL, GASOLINA, GASOLINA ADITIVADA;7,38 / 5,38 / 6,98 / 6,98;"R$ / litro; R$ / litro; R$ / litro; R$ / litro";Borracharia / Conveniencia / Troca de oleo;;;;
06/04/2026;2026-S15;CONCORRENTE; 31.465.040/0001-32;POSTO ITAPOA LTDA;POSTO ITAPOA LTDA;IPIRANGA;AVENIDA FRANCELINA SETUBAL, 333 - ITAPOAN;29100-000;VILA VELHA;ES;SE;DIESEL S10, ETANOL, GASOLINA, GASOLINA ADITIVADA;6,89 / 4,99 / 6,46 / 6,66;"R$ / litro; R$ / litro; R$ / litro; R$ / litro";Calibragem,Lava-jato;;;;
06/04/2026;2026-S15;CONCORRENTE; 32.248.017/0001-59;AUTO POSTO ALDEIA DA PRAIA LTDA;AUTO POSTO ALDEIA DA PRAIA LTDA;IPIRANGA;AVENIDA PARIS, S/N - PRAIA DO MORRO;29216-570;GUARAPARI;ES;SE;DIESEL S10, ETANOL, GASOLINA, GASOLINA ADITIVADA;7,59 / 5,89 / 7,19 / 7,49;"R$ / litro; R$ / litro; R$ / litro; R$ / litro";Caixa eletronico / Lava-jato;;;;
07/04/2026;2026-S15;CONCORRENTE; 01.514.752/0001-33;POSTO THIAGO LIMITADA;POSTO THIAGO LIMITADA;VIBRA;AVENIDA CEZAR HILAL, 868 - BENTO FERREIRA;29050-662;VITORIA;ES;SE;ETANOL, GASOLINA, GASOLINA ADITIVADA;4,99 / 6,47 / 6,67;"R$ / litro; R$ / litro; R$ / litro";Caixa eletronico;;;;
2026-04-07;2026-S15;CONCORRENTE; 01.823.633/0001-62;POSTO METROPOLITANO LTDA;POSTO METROPOLITANO LTDA;IPIRANGA;VIA DOIS, 226 - ANEXO QUADRA 03 MODULO 03 - TIMS;29161-373;SERRA;ES;SE;DIESEL, DIESEL S10, ETANOL, GASOLINA, GASOLINA ADITIVADA;6,79 / 6,89 / 4,99 / 6,45 / 6,65;"R$ / litro; R$ / litro; R$ / litro; R$ / litro; R$ / litro";Borracharia / Calibragem;;;;
07/04/2026;2026-S15;CONCORRENTE; 02.567.214/0001-70;Posto De Combustivel Ideal Ltda;POSTO DE COMBUSTIVEL IDEAL LTDA;IPIRANGA;AVENIDA VITORIA, 3031 - GURIGICA;29027-080;VITORIA;ES;SE;ETANOL, GASOLINA, GASOLINA ADITIVADA;4,85 / 6,45 / 6,59;"R$ / litro; R$ / litro; R$ / litro";Conveniencia / Borracharia / Calibragem;;;;
07/04/2026;2026-S15;CONCORRENTE; 04.228.463/0001-66;AUTO POSTO MARLIN LTDA;AUTO POSTO MARLIN LTDA;ATLÂNTICA;RUA JUIZ ALEXANDRE MARTINS DE CASTRO FILHO, 285 - SANTA LUCIA;29056-295;VITORIA;ES;SE;DIESEL S10, ETANOL, GASOLINA, GASOLINA ADITIVADA;6,99 / 4,99 / 6,47 / 6,67;"R$ / litro; R$ / litro; R$ / litro; R$ / litro";Caixa eletronico / Troca de oleo;;;;promo fim de semana?
07/04/2026;2026-S15;CONCORRENTE; 04.361.389/0001-51;AUTO POSTO WAVE LTDA;AUTO POSTO WAVE LTDA;ALE;AVENIDA TALMA RODRIGUES RIBEIRO, 5416 A - PORTAL DE JACARAIPE;29173-795;SERRA;ES;SE;DIESEL, DIESEL S10, ETANOL, GASOLINA;6,89 / 6,99 / 4,99 / 6,59;"R$ / litro; R$ / litro; R$ / litro; R$ / litro";Calibragem,Borracharia;;;;
07/04/2026;2026-S15;CONCORRENTE; 04.960.337/0001-00;RENOVA COMERCIO COMBUSTIVEL E SERVICOS LTDA;RENOVA COMERCIO COMBUSTIVEL E SERVICOS LTDA;BRANCA;AVENIDA LEITAO DA SILVA, 1150 - SANTA LUCIA;29056-184;VITORIA;ES;SE;ETANOL, GASOLINA, GASOLINA ADITIVADA;4,81 / 6,45 / 6,45;"R$/l; R$/l; R$/l";Borracharia, Calibragem;;;;
07/04/2026;2026-S15;CONCORRENTE; 05.609.081/0001-45;AUTO SERVICO FLORESTA LTDA;AUTO SERVICO FLORESTA LTDA;VIBRA;AVENIDA PREFEITO SAMUEL BATISTA CRUZ, 1276 - ARACA;29900-100;LINHARES;ES;SE;GASOLINA;6,69;R$ / litro;Lava-jato, Troca de oleo, Caixa eletronico, Borracharia;;;;
07/04/2026;2026-S15;CONCORRENTE; 05.738.923/0001-69;GEGEL AUTO POSTO LTDA;GEGEL AUTO POSTO LTDA;RAIZEN;AVENIDA CENTRAL B, S/N - QUADRAEC VII - CIVIT II;29168-071;SERRA;ES;SE;DIESEL, ETANOL, GASOLINA, GASOLINA ADITIVADA;6,89 / 5,09 / 6,69 / 7,09;"R$ / litro; R$ / litro; R$ / litro; R$ / litro";Conveniencia / Borracharia / Caixa eletronico / Calibragem;;;;
07/04/2026;2026-S15;CONCORRENTE; 07.571.908/0001-02;AUTO POSTO CORAL LTDA;AUTO POSTO CORAL LTDA;VIBRA;AVENIDA NORTE SUL, 259 - N.S.DO ROSARIO DE FATIMA;29176-798;SERRA;ES;SE;GASOLINA;6,49;R$ / litro;Borracharia / Lava-jato / Conveniencia;;;;conferir bandeira
07/04/2026;2026-S15;CONCORRENTE; 08.022.304/0001-61;AUTO POSTO DE COMBUSTIVEL RTT LTDA;AUTO POSTO DE COMBUSTIVEL RTT LTDA;IPIRANGA;RUA MOEMA, 38 - DIVINO ESPIRITO SANTO;29107-250;VILA VELHA;ES;SE;DIESEL S10, ETANOL, GASOLINA, GASOLINA ADITIVADA;6,99 / 5,19 / 6,49 / 6,89;"R$ / litro; R$ / litro; R$ / litro; R$ / litro";Borracharia;;;;
07/04/2026;2026-S15;CONCORRENTE; 08.788.618/0001-70;J. S. PETROLEO E COMERCIO LTDA.;J. S. PETROLEO E COMERCIO LTDA.;RAIZEN;AVENIDA DANTE MICHELINI, 2461 - MATA DA PRAIA;29066-430;Vitória;ES;SE;ETANOL, GASOLINA, GASOLINA ADITIVADA, GNV;4,99 / 6,49 / 6,89 / 3,99;"R$ / litro; R$ / litro; R$ / litro; R$ / m³";Borracharia, Caixa eletronico, Troca de oleo;;;;
07/04/2026;2026-S15;CONCORRENTE; 10.223.356/0001-48;POSTO TREVO DA PONTE LTDA;POSTO TREVO DA PONTE LTDA;IPIRANGA;AVENIDA GOVERNADOR JONES DOS SANTOS NEVES, 160 - AVISO;29900-384;LINHARES;ES;SE;DIESEL, GASOLINA, GASOLINA ADITIVADA;6,69 / 6,69 / 6,69;"R$ / litro; R$ / litro; R$ / litro";Borracharia;;;;
07/04/2026;2026-S15;CONCORRENTE; 10.569.345/0001-14;POSTO CRISTOVAO COLOMBO LTDA;POSTO CRISTOVAO COLOMBO LTDA;VIBRA;RUA CRISTOVAO COLOMBO, 582 - CRISTOVAO COLOMBO;29106-595;VILA VELHA;ES;SE;GASOLINA, GASOLINA ADITIVADA;6,45 / 6,75;"R$ / litro; R$ / litro";Caixa eletronico / Troca de oleo / Lava-jato / Calibragem;;;;
07/04/2026;2026-S15;PROPRIO; 11.222.333/0003-43;REDE MARE COMBUSTIVEIS LTDA;REDE MARE;BRANCA;AVENIDA VITORIA, 2667 - HORTO;29027-080;VITORIA;ES;SE;DIESEL S10, ETANOL, GASOLINA, GASOLINA ADITIVADA;7,14 / 4,85 / 6,45 / 6,45;"R$ / litro; R$ / litro; R$ / litro; R$ / litro";Conveniencia, Borracharia;Paulo Ferraz;(27) 99945-7810 / (27) 3226-4410;"02.567.214/0001-70; 14.806.977/0001-05; 26.980.450/0001-81";
2026-04-07;2026-S15;CONCORRENTE; 11.942.147/0001-17;POSTO PARADA VITORIA LTDA;POSTO PARADA VITORIA LTDA;ALE;AVENIDA MARECHALCAMPOS, 370 - CONSOLACAO;29045-460;VITORIA;ES;SE;DIESEL S10, ETANOL, GASOLINA, GASOLINA ADITIVADA;7,49 / 4,98 / 6,58 / 6,79;"R$ / litro; R$ / litro; R$ / litro; R$ / litro";Conveniencia / Caixa eletronico / Troca de oleo;;;;
07/04/2026;2026-S15;CONCORRENTE; 12.535.572/0001-54;AUTO POSTO MORADA LTDA;AUTO POSTO MORADA LTDA;IPIRANGA;AVENIDA PAULO PEREIRA GOMES, S/N - LOTE  03C                 QUADRAUE IV               SETOR II - MORADA DE LARANJEIRAS;29166-828;SERRA;ES;SE;DIESEL S10, ETANOL, GASOLINA, GASOLINA ADITIVADA;6,95 / 4,99 / 6,49 / 6,69;"R$ / litro; R$ / litro; R$ / litro; R$ / litro";Borracharia / Calibragem / Troca de oleo;;;;
07/04/2026;2026-S15;CONCORRENTE; 14.806.977/0001-05;AUTO POSTO SILVARES LTDA;AUTO POSTO SILVARES LTDA;IPIRANGA;AVENIDA   NAIR AZEVEDO SILVA, 430 - ILHA DO PRINCIPE;29020-240;VITORIA;ES;SE;ETANOL, GASOLINA, GASOLINA ADITIVADA;4,99 / 6,59 / 6,79;"R$ / litro; R$ / litro; R$ / litro";Borracharia;;;;
07/04/2026;2026-S15;CONCORRENTE; 16.577.742/0001-14;AUTO POSTO ESCOLA COMERCIO DE COMBUSTIVEIS, LUBRIFICANTES E SERVICOS LTDA;AUTO POSTO ESCOLA COMERCIO DE COMBUSTIVEIS, LUBRIFICANTES E SERVICOS LTDA;VIBRA;"AVENIDA AMERICO BUAIZ, 1 - : POSTO; - ENSEADA DO SUA";29050-463;VITORIA;ES;SE;GASOLINA, GASOLINA ADITIVADA;6,49 / 6,69;"R$ / litro; R$ / litro";Troca de oleo / Caixa eletronico;;;;
07/04/2026;2026-S15;CONCORRENTE; 21.246.940/0001-35;AUTO POSTO GASCROMA COMERCIO DE COMBUSTIVEIS, LUBRIFICANTES E SERVICOS LTDA;AUTO POSTO GASCROMA COMERCIO DE COMBUSTIVEIS, LUBRIFICANTES E SERVICOS LTDA;VIBRA;AVENIDA JERONIMO MONTEIRO, 840 - JABURUNA;29100-600;VILA VELHA;ES;SE;DIESEL, GASOLINA, GASOLINA ADITIVADA;6,89 / 6,59 / 6,79;"R$ / litro; R$ / litro; R$ / litro";"Calibragem; Conveniencia";;;;
07/04/2026;2026-S15;CONCORRENTE; 22.356.015/0001-20;CENTRAL COMERCIO DE COMBUSTIVEIS LTDA;CENTRAL COMERCIO DE COMBUSTIVEIS LTDA;IPIRANGA;"AVENIDA ELDES SCHERRER SOUZA, 2100 - : POSTO; - CIVIT II";29168-060;SERRA;ES;SE;DIESEL, DIESEL S10, ETANOL, GASOLINA, GASOLINA ADITIVADA, GNV;6,89 / 6,99 / 4,99 / 6,59 / 6,79 / 3,99;"R$ / litro; R$ / litro; R$ / litro; R$ / litro; R$ / litro; R$ / m³";Troca de oleo / Borracharia / Lava-jato / Conveniencia;;;;
07/04/2026;2026-S15;CONCORRENTE; 26.980.450/0001-81;AUTO POSTO VITORIA COMERCIO DE COMBUSTIVEIS LTDA;AUTO POSTO VITORIA COMERCIO DE COMBUSTIVEIS LTDA;VIBRA;RUA OLYMPIO RODRIGUES PASSOS, 14 - LOJA  01 - JABOUR;29072-290;VITORIA;ES;SE;ETANOL, GASOLINA, GASOLINA ADITIVADA;5,29 / 6,49 / 6,79;"R$ / litro; R$ / litro; R$ / litro";Caixa eletronico;;;;
07/04/2026;2026-S15;CONCORRENTE; 27.066.273/0002-76;POSTO ARVOREDO LTDA;POSTO ARVOREDO LTDA;BRANCA;AVENIDA VITORIA, 1600 - POSTO - ILHA DE SANTA MARIA;29051-040;VITORIA;ES;SE;GASOLINA, GASOLINA ADITIVADA;6,45 / 6,45;"R$ / litro; R$ / litro";Lava-jato, Troca de oleo, Borracharia;;;;
07/04/2026;2026-S15;CONCORRENTE; 27.734.094/0001-89;POSTO ATLANTICO LTDA;POSTO ATLANTICO LTDA;RAIZEN;AVENIDA DANTE MICHELINI, 4655 - POSTO - JARDIM CAMBURI;29090-070;VITORIA;ES;SE;DIESEL S10, ETANOL, GASOLINA, GASOLINA ADITIVADA;6,79 / 5,29 / 6,59 / 6,94;"R$ / litro; R$ / litro; R$ / litro; R$ / litro";Borracharia / Calibragem;;;;
07/04/2026;2026-S15;CONCORRENTE; 28.059.632/0001-40;A.B.C. AUTO SERVICOS LTDA;A.B.C. AUTO SERVICOS LTDA;RAIZEN;AVENIDA ROBERT KENNEDY, 21 - A - SAO TORQUATO;29114-000;VILA VELHA;ES;SE;DIESEL, DIESEL S10, GASOLINA, GASOLINA ADITIVADA;6,89 / 6,89 / 6,45 / 6,85;"R$ / litro; R$ / litro; R$ / litro; R$ / litro";Caixa eletronico / Borracharia / Troca de oleo;;;;
08/04/2026;2026-S15;CONCORRENTE; 00.580.488/0001-73;POSTO DE GASOLINA MARACANA LTDA;POSTO DE GASOLINA MARACANA LTDA;IPIRANGA;AVENIDA ALICE COUTINHO SANTOS, 2101 - POSTO DE GASOLINA - MARACANA;29142-887;CARIACICA;ES;SE;DIESEL, DIESEL S10, ETANOL, GASOLINA, GASOLINA ADITIVADA;6,75 / 6,89 / 4,99 / 6,39 / 6,59;"R$ / litro; R$ / litro; R$ / litro; R$ / litro; R$ / litro";Troca de oleo / Borracharia / Caixa eletronico;;;;
08/04/2026;2026-S15;CONCORRENTE;02582857000192;POSTO CAMPO GRANDE LTDA;POSTO CAMPO GRANDE LTDA;ATLÂNTICA;AVENIDA EXPEDITO GARCIA, 222 - CAMPO GRANDE;29157-405;CARIACICA;ES;SE;ETANOL, GASOLINA, GASOLINA ADITIVADA;4,89 / 6,34 / 6,34;"R$ / litro; R$ / litro; R$ / litro";Lava-jato;;;;
08/04/2026;2026-S15;CONCORRENTE; 04.145.589/0011-49;ARARA AZUL REDE DE POSTOS LTDA;ARARA AZUL REDE DE POSTOS LTDA;BRANCA;RODOVIA RODOVIA DO SOL, 530 - PRAIA DE ITAPARICA;29102-020;VILA VELHA;ES;SE;DIESEL S10, ETANOL, GASOLINA, GASOLINA ADITIVADA;6,98 / 4,95 / 6,46 / 6,76;"R$ / litro; R$ / litro; R$ / litro; R$ / litro";Lava-jato / Troca de oleo / Borracharia;;;;
08/04/2026;2026-S15;CONCORRENTE; 04.361.389/0002-32;AUTO POSTO WAVE LTDA;AUTO POSTO WAVE LTDA;ALE;AVENIDA MARTIN PESCADOR, 12 - PORTO CANOA;29168-460;SERRA;ES;SE;DIESEL S10, ETANOL, GASOLINA, GASOLINA ADITIVADA;6,89 / 4,99 / 6,69 / 6,69;"R$ / litro; R$ / litro; R$ / litro; R$ / litro";Borracharia,Caixa eletronico,Troca de oleo;;;;
08/04/2026;2026-S15;CONCORRENTE; 04.994.796/0001-04;POSTO SB LTDA;POSTO SB LTDA;VIBRA;AVENIDA BRASILIA, 1360 - PLANICIE DA SERRA;29168-710;SERRA;ES;SE;GASOLINA, GASOLINA ADITIVADA;6,59 / 6,74;"R$ / litro; R$ / litro";"Borracharia; Calibragem; Troca de oleo; Caixa eletronico";;;;
08/04/2026;2026-S15;CONCORRENTE; 05.393.247/0001-39;POSTO CANOA DERIVADOS DE PETROLEO LTDA;POSTO CANOA DERIVADOS DE PETROLEO LTDA;ALE;AVENIDA BRASILIA, 575 - PORTO CANOA;29168-600;SERRA;ES;SE;DIESEL S10, ETANOL, GASOLINA, GASOLINA ADITIVADA;6,89 / 4,99 / 6,69 / 6,69;"R$ / litro; R$ / litro; R$ / litro; R$ / litro";Borracharia, Caixa eletronico, Calibragem;;;;
08/04/2026;2026-S15;CONCORRENTE; 05.892.261/0001-87;AUTO POSTO VALE ENCANTADO LTDA.;AUTO POSTO VALE ENCANTADO LTDA.;VIBRA;RUA SOBREIRO, 395 - RIO MARINHO;29112-112;VILA VELHA;ES;SE;DIESEL, DIESEL S10, GASOLINA, GASOLINA ADITIVADA;6,89 / 6,99 / 6,59 / 6,79;"R$ / litro; R$ / litro; R$ / litro; R$ / litro";Calibragem;;;;
08/04/2026;2026-S15;CONCORRENTE; 06.073.382/0001-60;AUTO POSTO SUCESSO LTDA;AUTO POSTO SUCESSO LTDA;BRANCA;AVENIDA JOAO FRANCISCO GONCALVES, 746 - COBILANDIA;29111-300;VILA VELHA;ES;SE;DIESEL S10, ETANOL, GASOLINA;6,96 / 4,82 / 6,42;"R$ / litro; R$ / litro; R$ / litro";Caixa eletronico / Calibragem / Lava-jato / Borracharia;;;;
08/04/2026;2026-S15;CONCORRENTE; 09.167.931/0001-53;POSTO CHAMPAGNAT LTDA;POSTO CHAMPAGNAT LTDA;IPIRANGA;RUA HUGO MUSSO, 550 - PRAIA DA COSTA;29101-280;VILA VELHA;ES;SE;DIESEL S10, ETANOL, GASOLINA, GASOLINA ADITIVADA;6,99 / 4,99 / 6,59 / 6,79;"R$ / litro; R$ / litro; R$ / litro; R$ / litro";Calibragem, Conveniencia, Caixa eletronico;;;;
08/04/2026;2026-S15;CONCORRENTE; 11.217.185/0001-07;POSTO PARADAO DA 101 LTDA;POSTO PARADAO DA 101 LTDA;RAIZEN;RODOVIA GOVERNADOR MARIO COVAS, S/N - KM    16010 - BEBEDOURO;29915-140;LINHARES;ES;SE;DIESEL, DIESEL S10, GASOLINA, GASOLINA ADITIVADA;7,54 / 7,59 / 6,59 / 6,99;"R$ / litro; R$ / litro; R$ / litro; R$ / litro";Calibragem / Lava-jato / Borracharia;;;;
08/04/2026;2026-S15;PROPRIO; 11.222.333/0001-81;REDE MARE COMBUSTIVEIS LTDA;REDE MARE;BRANCA;AVENIDA MARIO GURGEL, 1092 - ITAQUARI;29151-570;CARIACICA;ES;SE;DIESEL, ETANOL, GASOLINA, GASOLINA ADITIVADA, GNV;6,90 / 4,87 / 6,59 / 6,59 / 4,09;"R$ / litro; R$ / litro; R$ / litro; R$ / litro; R$ / m³";Conveniencia / Troca de oleo / Caixa eletronico / Borracharia;Carlos Menezes;(27) 99811-2041 / (27) 3334-1100;00.580.488/0001-73 / 13.814.642/0001-76 / 15.226.314/0001-84;
08/04/2026;2026-S15;PROPRIO; 11.222.333/0004-24;REDE MARE COMBUSTIVEIS LTDA;REDE MARE;BRANCA;RODOVIA GOVERNADOR MARIO COVAS, 4324 - KM    265   POSTO - PLANALTO DE CARAPINA;29162-702;SERRA;ES;SE;DIESEL S10, ETANOL, GASOLINA, GASOLINA ADITIVADA;6,99 / 4,99 / 6,49 / 6,69;"R$ / litro; R$ / litro; R$ / litro; R$ / litro";Troca de oleo;Renata Alves;(27) 99633-9021;01.823.633/0001-62 / 04.361.389/0002-32 / 05.393.247/0001-39;
08/04/2026;2026-S15;PROPRIO; 11.222.333/0005-05;REDE MARE COMBUSTIVEIS LTDA;REDE MARE;BRANCA;AVENIDA MARIO GURGEL, 3127 - FUNDOSCOM A AV EXPEDITO GA - CAMPO GRANDE;29146-012;CARIACICA;ES;SE;ETANOL, GASOLINA, GASOLINA ADITIVADA, GNV;4,89 / 6,39 / 6,39 / 3,99;"R$ / litro; R$ / litro; R$ / litro; R$ / m³";Conveniencia;Marcos Lyrio;(27) 99890-1276 / (27) 3345-0098;00.580.488/0001-73 / 13.814.642/0001-76 / 15.226.314/0001-84;
2026-04-08;2026-S15;CONCORRENTE; 13.814.642/0001-76;POSTO BR 31 AUTO SERVICOS LTDA;POSTO BR 31 AUTO SERVICOS LTDA;RAIZEN;AVENIDA MARIO GURGEL, 2844 - ALTO LAJE;29151-026;CARIACICA;ES;SE;DIESEL S10, ETANOL, GASOLINA, GASOLINA ADITIVADA;6,89 / 4,99 / 6,39 / 6,79;"R$ / litro; R$ / litro; R$ / litro; R$ / litro";"Troca de oleo; Calibragem; Caixa eletronico; Conveniencia";;;;
08/04/2026;2026-S15;CONCORRENTE; 15.226.314/0001-84;MAIS COMERCIO DE COMBUSTIVEL CARIACICA LTDA;MAIS COMERCIO DE COMBUSTIVEL CARIACICA LTDA;BRANCA;AVENIDA MARIO GURGEL, 4935 - VILA PALESTINA;29145-711;CARIACICA;ES;SE;ETANOL, GASOLINA;4,99 / 6,49;"R$ / litro; R$ / litro";Borracharia / Lava-jato / Conveniencia / Calibragem;;;;
08/04/2026;2026-S15;CONCORRENTE; 18.366.697/0001-84;POSTO RIO MARINHO COMERCIO DE DERIVADOS DE PETROLEO EIRELI - EPP;POSTO RIO MARINHO COMERCIO DE DERIVADOS DE PETROLEO EIRELI - EPP;VIBRA;AVENIDA RIO MARINHO, S/N - RIO MARINHO;29112-690;VILA VELHA;ES;SE;DIESEL, DIESEL S10, ETANOL, GASOLINA, GASOLINA ADITIVADA;6,49 / 6,79 / 4,99 / 6,39 / 6,69;"R$ / litro; R$ / litro; R$ / litro; R$ / litro; R$ / litro";Conveniencia;;;;
08/04/2026;2026-S15;CONCORRENTE; 24.145.665/0001-51;C.R.B. DEZAN E CIA LTDA;C.R.B. DEZAN E CIA LTDA;ATLÂNTICA;AVENIDA MARIO GURGEL, 5913 - AUTO POSTO - SAO FRANCISCO;29145-409;Cariacica;ES;SE;DIESEL S10, ETANOL, GASOLINA;7,19 / 4,89 / 6,59;"R$ / litro; R$ / litro; R$ / litro";"Conveniencia; Caixa eletronico";;;;
08/04/2026;2026-S15;CONCORRENTE;27016518000170;AUTO POSTO CONTORNO LTDA;AUTO POSTO CONTORNO LTDA;BRANCA;RODOVIA GOVERNADOR MARIO COVAS, 11282 - SERRA DO ANIL;29147-030;CARIACICA;ES;SE;DIESEL, DIESEL S10, ETANOL, GASOLINA, GASOLINA ADITIVADA;6,79 / 6,99 / 4,99 / 6,59 / 6,69;"R$ / litro; R$ / litro; R$ / litro; R$ / litro; R$ / litro";Borracharia;;;;
08/04/2026;2026-S15;CONCORRENTE; 27.303.411/0003-74;AUTO POSTO DADINHO LTDA;AUTO POSTO DADINHO LTDA;ALE;AVENIDA VEREADOR WILMO VITORIO GUIZANI, 12 - SAO JOSE;29905-080;LINHARES;ES;SE;DIESEL S10, GASOLINA, GASOLINA ADITIVADA;6,79 / 6,69 / 6,79;"R$ / litro; R$ / litro; R$ / litro";Caixa eletronico / Lava-jato;;;;
08/04/2026;2026-S15;CONCORRENTE; 27.394.378/0001-73;POSTO DE PRODUTOS DE PETROLEO OASIS LTDA;POSTO DE PRODUTOS DE PETROLEO OASIS LTDA;IPIRANGA;AVENIDA MARIO GURGEL, 297 - JARDIM AMERICA;29140-261;CARIACICA;ES;SE;GASOLINA, GASOLINA ADITIVADA, GNV;6,35 / 6,69 / 3,99;"R$ / litro; R$ / litro; R$ / m³";Calibragem / Caixa eletronico;;;;
08/04/2026;2026-S15;CONCORRENTE; 27.396.415/0001-82;AUTO SERVICO SAO CRISTOVAO LTDA;AUTO SERVICO SAO CRISTOVAO LTDA;VIBRA;AVENIDA MARIO GURGEL, 4 - KM    4 5  BR 262 - DOM BOSCO;29147-345;CARIACICA;ES;SE;ETANOL, GASOLINA, GASOLINA ADITIVADA, GNV;4,89 / 6,48 / 6,59 / 3,98;"R$ / litro; R$ / litro; R$ / litro; R$ / m³";Caixa eletronico / Borracharia / Conveniencia;;;;
08/04/2026;2026-S15;CONCORRENTE; 27.664.597/0005-59;AUTO POSTO SCHUENG LTDA;AUTO POSTO SCHUENG LTDA;ALE;RODOVIA GOVERNADOR MARIO COVAS, S/N - KM    159 - BEBEDOURO;29915-140;LINHARES;ES;SE;DIESEL, DIESEL S10, GASOLINA;6,89 / 6,99 / 6,59;"R$ / litro; R$ / litro; R$ / litro";"Lava-jato; Caixa eletronico; Troca de oleo";;;;
08/04/2026;2026-S15;CONCORRENTE; 27.664.597/0007-10;AUTO POSTO SCHUENG LTDA;AUTO POSTO SCHUENG LTDA;IPIRANGA;AVENIDA DOUTOR RAIMUNDO GUILHERME SOBRINHO, 176 - BOA VISTA;29931-630;SAO MATEUS;ES;SE;ETANOL, GASOLINA, GASOLINA ADITIVADA;5,69 / 6,79 / 6,99;"R$ / litro; R$ / litro; R$ / litro";Conveniencia, Borracharia, Calibragem;;;;
08/04/2026;2026-S15;CONCORRENTE; 27.926.384/0001-24;PETROVERA - POSTO DE PRODUTOS DE PETROLEO E TRANSPORTES LTDA. - ME;PETROVERA - POSTO DE PRODUTOS DE PETROLEO E TRANSPORTES LTDA - ME;IPIRANGA;RODOVIA GOVERNADOR JOSE HENRIQUE SETTE, 906 - PAVMTO01 - ALTO LAGE;29151-055;CARIACICA;ES;SE;DIESEL, DIESEL S10, ETANOL, GASOLINA, GASOLINA ADITIVADA;6,89 / 6,99 / 4,99 / 6,45 / 6,45;"R$ / litro; R$ / litro; R$ / litro; R$ / litro; R$ / litro";Caixa eletronico,Conveniencia,Borracharia,Calibragem;;;;
08/04/2026;2026-S15;CONCORRENTE; 28.344.206/0001-58;POSTO DE COMBUSTIVEIS ITACIBA LTDA;POSTO DE COMBUSTIVEIS ITACIBA LTDA;BRANCA;RUA MANOEL JOAQUIM DOS SANTOS, 317 - ITACIBA;29150-270;CARIACICA;ES;SE;ETANOL, GASOLINA, GASOLINA ADITIVADA;4,85 / 6,45 / 6,45;"R$ / litro; R$ / litro; R$ / litro";Troca de oleo, Conveniencia, Lava-jato, Borracharia;;;;
08/04/2026;2026-S15;CONCORRENTE; 32.467.417/0001-55;J C RODRIGUES NETO E FILHOS LTDA;J C RODRIGUES NETO E FILHOS LTDA;VIBRA;RUA CEARA, S/N - LOTES 01/04  Q.01 - PRAIA DA COSTA;29101-290;VILA VELHA;ES;SE;ETANOL, GASOLINA, GASOLINA ADITIVADA;4,91 / 6,51 / 6,56;"R$/l; R$/l; R$/l";Lava-jato / Borracharia / Calibragem / Caixa eletronico;;;;
09/04/2026;2026-S15;CONCORRENTE; 00.762.780/0002-98;POSTO SD LTDA;POSTO SD LTDA;VIBRA;AVENIDA GOVERNADOR EURICO VIEIRA DE REZENDE, 278 - LOTE  1-2-3-4-5 - GURIRI NORTE;29946-100;SAO MATEUS;ES;SE;DIESEL S10, GASOLINA, GASOLINA ADITIVADA;7,09 / 6,79 / 6,89;"R$ / litro; R$ / litro; R$ / litro";Borracharia;;;;
09/04/2026;2026-S15;CONCORRENTE; 03.348.196/0001-06;POSTO DAMIANI LTDA.;POSTO DAMIANI LTDA.;VIBRA;AVENIDA CENTRAL, 567 - CARAPINA;29933-210;SAO MATEUS;ES;SE;DIESEL, DIESEL S10, ETANOL, GASOLINA, GASOLINA ADITIVADA;6,99 / 7,09 / 5,49 / 6,79 / 6,89;"R$ / litro; R$ / litro; R$ / litro; R$ / litro; R$ / litro";Lava-jato / Conveniencia;;;;
09/04/2026;2026-S15;CONCORRENTE; 09.369.995/0001-37;POSTO DE COMBUSTIVEIS FERRARI SAO MATEUS LTDA;POSTO DE COMBUSTIVEIS FERRARI SAO MATEUS LTDA;BRANCA;"RODOVIA BR-101 NORTE, 921 - KM: 63; - VILA NOVA";29941-010;SAO MATEUS;ES;SE;ETANOL, GASOLINA, GNV;4,99 / 6,89 / 4,98;"R$ / litro; R$ / litro; R$ / m³";Lava-jato,Troca de oleo,Conveniencia;;;;
09/04/2026;2026-S15;CONCORRENTE; 10.813.831/0001-36;AUTO POSTO E SERVICOS ARACRUZ - COLINA DE BELA VISTA LTDA;AUTO POSTO E SERVICOS ARACRUZ - COLINA DE BELA VISTA LTDA;RAIZEN;AVENIDA CASTELO BRANCO, 14 - QUADRARC 06 -                   LOTEAMENTO COLINA - BELA VISTA;29192-066;ARACRUZ;ES;SE;DIESEL, DIESEL S10, GASOLINA, GASOLINA ADITIVADA;7,25 / 7,35 / 6,69 / 6,99;"R$ / litro; R$ / litro; R$ / litro; R$ / litro";Troca de oleo,Caixa eletronico,Borracharia,Lava-jato;;;;
09/04/2026;2026-S15;CONCORRENTE; 27.664.597/0006-30;AUTO POSTO SCHUENG LTDA;AUTO POSTO SCHUENG LTDA;ALE;RUA DOMINGOS CARRAFA, 49 - GURIRI SUL;29945-170;SAO MATEUS;ES;SE;DIESEL S10, GASOLINA;6,99 / 6,79;"R$ / litro; R$ / litro";Troca de oleo / Lava-jato / Calibragem;;;;
09/04/2026;2026-S15;CONCORRENTE; 27.664.597/0009-82;AUTO POSTO SCHUENG LTDA;AUTO POSTO SCHUENG LTDA;IPIRANGA;AVENIDA ESBERTALINA BARBOSA DAMIANI, 41-N - GURIRI NORTE;29946-490;SAO MATEUS;ES;SE;DIESEL, DIESEL S10, ETANOL, GASOLINA;6,89 / 6,99 / 5,69 / 6,79;"R$ / litro; R$ / litro; R$ / litro; R$ / litro";Conveniencia,Borracharia,Lava-jato;;;;
13/04/2026;2026-S16;CONCORRENTE; 01.496.517/0001-86;POSTO PERIM LTDA;POSTO PERIM LTDA;VIBRA;RUA SANTA LEOPOLDINA, 1650 - ITAPARICA;29102-040;VILA VELHA;ES;SE;DIESEL S10, ETANOL, GASOLINA, GASOLINA ADITIVADA;6,99 / 5,19 / 6,49 / 6,69;"R$ / litro; R$ / litro; R$ / litro; R$ / litro";Conveniencia,Borracharia,Caixa eletronico,Calibragem;;;;
13/04/2026;2026-S16;CONCORRENTE; 01.514.752/0001-33;POSTO THIAGO LIMITADA;POSTO THIAGO LIMITADA;VIBRA;AVENIDA CEZAR HILAL, 868 - BENTO FERREIRA;29050-662;VITORIA;ES;SE;ETANOL, GASOLINA, GASOLINA ADITIVADA;4,99 / 6,47 / 6,67;"R$ / litro; R$ / litro; R$ / litro";Caixa eletronico;;;;
13/04/2026;2026-S16;CONCORRENTE; 01.557.127/0001-79;AUTO POSTO ILHA DAS GARCAS LTDA;AUTO POSTO ILHA DAS GARCAS LTDA;VIBRA;RUA MARIA DE OLIVEIRA MARES GUIA, 40 - PRAIA DAS GAIVOTAS;29102-567;VILA VELHA;ES;SE;GASOLINA, GASOLINA ADITIVADA;6,44 / 6,84;"R$ / litro; R$ / litro";Borracharia, Caixa eletronico;;;;preco conferido por telefone
13/04/2026;2026-S16;CONCORRENTE; 01.823.633/0001-62;POSTO METROPOLITANO LTDA;POSTO METROPOLITANO LTDA;IPIRANGA;VIA DOIS, 226 - ANEXO QUADRA 03 MODULO 03 - TIMS;29161-373;Serra ;ES;SE;DIESEL, DIESEL S10, ETANOL, GASOLINA, GASOLINA ADITIVADA;6,79 / 6,89 / 4,99 / 6,45 / 6,65;"R$ / litro; R$ / litro; R$ / litro; R$ / litro; R$ / litro";Borracharia / Calibragem;;;;
13/04/2026;2026-S16;CONCORRENTE; 02.567.214/0001-70;POSTO DE COMBUSTIVEL IDEAL LTDA;POSTO DE COMBUSTIVEL IDEAL LTDA;IPIRANGA;AVENIDA VITORIA, 3031 - GURIGICA;29027-080;VITORIA;ES;SE;ETANOL, GASOLINA, GASOLINA ADITIVADA;4,85 / 6,45 / 6,59;"R$ / litro; R$ / litro; R$ / litro";Conveniencia,Borracharia,Calibragem;;;;
13/04/2026;2026-S16;CONCORRENTE; 04.228.463/0001-66;AUTO POSTO MARLIN LTDA;AUTO POSTO MARLIN LTDA;ATLÂNTICA;RUA JUIZ ALEXANDRE MARTINS DE CASTRO FILHO, 285 - SANTA LUCIA;29056-295;VITORIA;ES;SE;DIESEL S10, ETANOL, GASOLINA, GASOLINA ADITIVADA;6,99 / 4,99 / 6,47 / 6,67;"R$ / litro; R$ / litro; R$ / litro; R$ / litro";"Caixa eletronico; Troca de oleo";;;;
13/04/2026;2026-S16;CONCORRENTE; 04.361.389/0001-51;AUTO POSTO WAVE LTDA;AUTO POSTO WAVE LTDA;ALE;AVENIDA TALMA RODRIGUES RIBEIRO, 5416 A - PORTAL DE JACARAIPE;29173-795;SERRA;ES;SE;DIESEL, DIESEL S10, ETANOL, GASOLINA;6,89 / 6,99 / 4,99 / 6,59;"R$ / litro; R$ / litro; R$ / litro; R$ / litro";"Calibragem; Borracharia";;;;
13/04/2026;2026-S16;CONCORRENTE; 04.361.389/0002-32;AUTO POSTO WAVE LTDA;AUTO POSTO WAVE LTDA;ALE;AVENIDA MARTIN PESCADOR, 12 - PORTO CANOA;29168-460;SERRA;ES;SE;DIESEL S10, ETANOL, GASOLINA, GASOLINA ADITIVADA;6,99 / 4,99 / 6,59 / 6,59;"R$ / litro; R$ / litro; R$ / litro; R$ / litro";Borracharia, Caixa eletronico, Troca de oleo;;;;
13/04/2026;2026-S16;CONCORRENTE; 04.960.337/0001-00;RENOVA COMERCIO COMBUSTIVEL E SERVICOS;RENOVA COMERCIO COMBUSTIVEL E SERVICOS LTDA;BRANCA;AVENIDA LEITAO DA SILVA, 1150 - SANTA LUCIA;29056-184;VITORIA;ES;SE;ETANOL, GASOLINA, GASOLINA ADITIVADA;4,81 / 6,45 / 6,45;"R$ / litro; R$ / litro; R$ / litro";Borracharia,Calibragem;;;;
13/04/2026;2026-S16;CONCORRENTE; 04.994.796/0001-04;POSTO SB LTDA;POSTO SB LTDA;VIBRA;AVENIDA BRASILIA, 1360 - PLANICIE DA SERRA;29168-710;SERRA;ES;SE;GASOLINA, GASOLINA ADITIVADA;6,59 / 6,74;"R$ / litro; R$ / litro";Borracharia / Calibragem / Troca de oleo / Caixa eletronico;;;;
13/04/2026;2026-S16;CONCORRENTE; 05.393.247/0001-39;POSTO CANOA DERIVADOS DE PETROLEO LTDA;POSTO CANOA DERIVADOS DE PETROLEO LTDA;ALE;AVENIDA BRASILIA, 575 - PORTO CANOA;29168-600;SERRA;ES;SE;DIESEL S10, ETANOL, GASOLINA, GASOLINA ADITIVADA;6,99 / 4,69 / 6,59 / 6,59;"R$ / litro; R$ / litro; R$ / litro; R$ / litro";Borracharia,Caixa eletronico,Calibragem;;;;
13/04/2026;2026-S16;CONCORRENTE; 05.738.923/0001-69;GEGEL AUTO POSTO LTDA;GEGEL AUTO POSTO LTDA;RAIZEN;AVENIDA CENTRAL B, S/N - QUADRAEC VII - CIVIT II;29168-071;SERRA;ES;SE;DIESEL, ETANOL, GASOLINA, GASOLINA ADITIVADA;6,89 / 5,09 / 6,69 / 7,09;"R$ / litro; R$ / litro; R$ / litro; R$ / litro";Conveniencia, Borracharia, Caixa eletronico, Calibragem;;;;
13/04/2026;2026-S16;CONCORRENTE; 07.571.908/0001-02;AUTO POSTO CORAL LTDA;AUTO POSTO CORAL LTDA;VIBRA;AVENIDA NORTE SUL, 259 - N.S.DO ROSARIO DE FATIMA;29176-798;SERRA;ES;SE;GASOLINA, GASOLINA ADITIVADA;6,49 / 6,79;"R$ / litro; R$ / litro";Borracharia / Lava-jato / Conveniencia;;;;
13/04/2026;2026-S16;CONCORRENTE; 07.830.414/0001-97;REVENDA DE COMBUSTIVEIS BKR LTDA;REVENDA DE COMBUSTIVEIS BKR LTDA;RAIZEN;RODOVIA GOVERNADOR MARIO COVAS, 122 - BARCELONA;29166-095;SERRA;ES;SE;DIESEL, ETANOL, GASOLINA, GASOLINA ADITIVADA;6,99 / 5,09 / 6,80 / 6,80;"R$ / litro; R$ / litro; R$ / litro; R$ / litro";Calibragem / Troca de oleo / Borracharia;;;;
2026-04-13;2026-S16;CONCORRENTE; 09.167.931/0001-53;POSTO CHAMPAGNAT LTDA;POSTO CHAMPAGNAT LTDA;IPIRANGA;RUA HUGO MUSSO, 550 - PRAIA DA COSTA;29101-280;VILA VELHA;ES;SE;DIESEL S10, ETANOL, GASOLINA, GASOLINA ADITIVADA;6,99 / 4,99 / 6,59 / 6,79;"R$ / litro; R$ / litro; R$ / litro; R$ / litro";Calibragem,Conveniencia,Caixa eletronico;;;;
13/04/2026;2026-S16;PROPRIO; 11.222.333/0003-43;REDE MARE COMBUSTIVEIS LTDA;REDE MARE;BRANCA;AVENIDA VITORIA, 2667 - HORTO;29027-080;VITORIA;ES;SE;DIESEL S10, ETANOL, GASOLINA, GASOLINA ADITIVADA;6,98 / 4,85 / 6,45 / 6,45;"R$ / litro; R$ / litro; R$ / litro; R$ / litro";Conveniencia / Borracharia;Paulo Ferraz;(27) 99945-7810 / (27) 3226-4410;02.567.214/0001-70 / 14.806.977/0001-05 / 26.980.450/0001-81;
13/04/2026;2026-S16;PROPRIO; 11.222.333/0004-24;REDE MARE COMBUSTIVEIS LTDA;REDE MARE;BRANCA;RODOVIA GOVERNADOR MARIO COVAS, 4324 - KM    265   POSTO - PLANALTO DE CARAPINA;29162-702;SERRA;ES;SE;DIESEL S10, ETANOL, GASOLINA, GASOLINA ADITIVADA;6,79 / 4,99 / 6,49 / 6,69;"R$ / litro; R$ / litro; R$ / litro; R$ / litro";Troca de oleo;Renata Alves;(27) 99633-9021;"01.823.633/0001-62; 04.361.389/0002-32; 05.393.247/0001-39";
13/04/2026;2026-S16;CONCORRENTE; 11.942.147/0001-17;Posto Parada Vitoria Ltda;POSTO PARADA VITORIA LTDA;ALE;AVENIDA MARECHALCAMPOS, 370 - CONSOLACAO;29045-460;VITÓRIA;ES;SE;DIESEL S10, ETANOL, GASOLINA, GASOLINA ADITIVADA;7,49 / 4,98 / 6,58 / 6,79;"R$ / litro; R$ / litro; R$ / litro; R$ / litro";Conveniencia,Caixa eletronico,Troca de oleo;;;;
13/04/2026;2026-S16;CONCORRENTE; 12.535.572/0001-54;AUTO POSTO MORADA LTDA;AUTO POSTO MORADA LTDA;IPIRANGA;AVENIDA PAULO PEREIRA GOMES, S/N - LOTE  03C                 QUADRAUE IV               SETOR II - MORADA DE LARANJEIRAS;29166-828;SERRA;ES;SE;DIESEL S10, ETANOL, GASOLINA, GASOLINA ADITIVADA;6,89 / 4,99 / 6,49 / 6,69;"R$ / litro; R$ / litro; R$ / litro; R$ / litro";Borracharia / Calibragem / Troca de oleo;;;;
13/04/2026;2026-S16;CONCORRENTE; 14.806.977/0001-05;AUTO POSTO SILVARES LTDA;AUTO POSTO SILVARES LTDA;IPIRANGA;AVENIDA   NAIR AZEVEDO SILVA, 430 - ILHA DO PRINCIPE;29020-240;VITORIA;ES;SE;ETANOL, GASOLINA, GASOLINA ADITIVADA;4,99 / 6,59 / 6,79;"R$ / litro; R$ / litro; R$ / litro";Borracharia;;;;
13/04/2026;2026-S16;CONCORRENTE; 15.010.530/0001-98;AUTO POSTO R M LTDA.;AUTO POSTO R M LTDA;RAIZEN;"RODOVIA DO SOL, 3701 - LOTE: 11; QUADRA: 64; - PRAIA DE ITAPARICA";29102-023;VILA VELHA;ES;SE;DIESEL S10, ETANOL, GASOLINA, GASOLINA ADITIVADA;6,89 / 4,99 / 6,43 / 6,83;"R$ / litro; R$ / litro; R$ / litro; R$ / litro";Conveniencia;;;;
13/04/2026;2026-S16;CONCORRENTE; 16.577.742/0001-14;AUTO POSTO ESCOLA COMERCIO DE COMBUSTIVEIS, LUBRIFICANTES E SERVICOS LTDA;AUTO POSTO ESCOLA COMERCIO DE COMBUSTIVEIS, LUBRIFICANTES E SERVICOS LTDA;VIBRA;"AVENIDA AMERICO BUAIZ, 1 - : POSTO; - ENSEADA DO SUA";29050-463;VITORIA;ES;SE;GASOLINA, GASOLINA ADITIVADA;6,49 / 6,69;"R$ / litro; R$ / litro";Troca de oleo, Caixa eletronico;;;;
13/04/2026;2026-S16;CONCORRENTE; 17.753.176/0001-17;AUTO POSTO BOULEVARD LTDA;AUTO POSTO BOULEVARD LTDA;ALE;"RODOVIA DO SOL, S/N - LOTE: 08 E 09; QUADRA: 59; - PRAIA DE ITAPARICA";29102-020;VILA VELHA;ES;SE;DIESEL S10, ETANOL, GASOLINA, GASOLINA ADITIVADA;6,99 / 5,19 / 6,43 / 6,83;"R$ / litro; R$ / litro; R$ / litro; R$ / litro";"Troca de oleo; Conveniencia; Calibragem; Lava-jato";;;;
13/04/2026;2026-S16;CONCORRENTE; 21.246.940/0001-35;AUTO POSTO GASCROMA COMERCIO DE COMBUSTIVEIS, LUBRIFICANTES E SERVICOS LTDA;AUTO POSTO GASCROMA COMERCIO DE COMBUSTIVEIS, LUBRIFICANTES E SERVICOS LTDA;VIBRA;AVENIDA JERONIMO MONTEIRO, 840 - JABURUNA;29100-600;Vila Velha;ES;SE;GASOLINA, GASOLINA ADITIVADA;6,59 / 6,59;"R$ / litro; R$ / litro";Calibragem, Conveniencia;;;;
13/04/2026;2026-S16;CONCORRENTE; 22.356.015/0001-20;CENTRAL COMERCIO DE COMBUSTIVEIS LTDA;CENTRAL COMERCIO DE COMBUSTIVEIS LTDA;IPIRANGA;"AVENIDA ELDES SCHERRER SOUZA, 2100 - : POSTO; - CIVIT II";29168-060;SERRA;ES;SE;DIESEL, DIESEL S10, ETANOL, GASOLINA, GASOLINA ADITIVADA, GNV;6,89 / 6,99 / 4,99 / 6,59 / 6,79 / 3,99;"R$ / litro; R$ / litro; R$ / litro; R$ / litro; R$ / litro; R$ / m³";Troca de oleo, Borracharia, Lava-jato, Conveniencia;;;;
13/04/2026;2026-S16;CONCORRENTE; 26.980.450/0001-81;AUTO POSTO VITORIA COMERCIO DE COMBUSTIVEIS LTDA;AUTO POSTO VITORIA COMERCIO DE COMBUSTIVEIS LTDA;VIBRA;RUA OLYMPIO RODRIGUES PASSOS, 14 - LOJA  01 - JABOUR;29072-290;VITORIA;ES;SE;ETANOL, GASOLINA, GASOLINA ADITIVADA;5,29 / 6,49 / 6,79;"R$/l; R$/l; R$/l";Caixa eletronico;;;;
13/04/2026;2026-S16;CONCORRENTE; 27.066.273/0002-76;POSTO ARVOREDO LTDA;POSTO ARVOREDO LTDA;BRANCA;AVENIDA VITORIA, 1600 - POSTO - ILHA DE SANTA MARIA;29051-040;Vitória;ES;SE;GASOLINA, GASOLINA ADITIVADA;6,45 / 6,45;"R$ / litro; R$ / litro";"Lava-jato; Troca de oleo; Borracharia";;;;
13/04/2026;2026-S16;CONCORRENTE; 27.734.094/0001-89;POSTO ATLANTICO LTDA;POSTO ATLANTICO LTDA;RAIZEN;AVENIDA DANTE MICHELINI, 4655 - POSTO - JARDIM CAMBURI;29090-070;VITORIA;ES;SE;DIESEL S10, ETANOL, GASOLINA, GASOLINA ADITIVADA;6,79 / 5,29 / 6,59 / 6,94;"R$ / litro; R$ / litro; R$ / litro; R$ / litro";Borracharia,Calibragem;;;;
13/04/2026;2026-S16;CONCORRENTE; 28.413.219/0001-31;COMERCIAL NORTE SUL LTDA;COMERCIAL NORTE SUL LTDA;VIBRA;AVENIDA MARUIPE, 2757 - SANTA LUIZA;29045-230;VITORIA;ES;SE;GASOLINA, GASOLINA ADITIVADA;6,59 / 6,89;"R$ / litro; R$ / litro";Lava-jato;;;;
13/04/2026;2026-S16;CONCORRENTE;32467417000155;J C RODRIGUES NETO E FILHOS LTDA;J C RODRIGUES NETO E FILHOS LTDA;VIBRA;RUA CEARA, S/N - LOTES 01/04  Q.01 - PRAIA DA COSTA;29101-290;VILA VELHA;ES;SE;ETANOL, GASOLINA, GASOLINA ADITIVADA;4,91 / 6,46 / 6,51;"R$ / litro; R$ / litro; R$ / litro";Lava-jato / Borracharia / Calibragem / Caixa eletronico;;;;
13/04/2026;2026-S16;CONCORRENTE; 36.336.386/0001-54;POSTO TRES COQUEIROS LTDA;POSTO TRES COQUEIROS LTDA;IPIRANGA;RODOVIA CARLOS LINDEMBERG, SN - ALVORADA;29123-600;VILA VELHA;ES;SE;DIESEL, DIESEL S10, ETANOL, GASOLINA, GASOLINA ADITIVADA;6,79 / 6,89 / 4,99 / 6,45 / 6,65;"R$ / litro; R$ / litro; R$ / litro; R$ / litro; R$ / litro";Caixa eletronico / Borracharia;;;;
13/04/2026;2026-S16;CONCORRENTE; 38.530.950/0001-09;POSTO CAPUABA LTDA;POSTO CAPUABA LTDA;BRANCA;ESTRADA CAPUABA, 21 - ATAIDE;29119-060;VILA VELHA;ES;SE;DIESEL, DIESEL S10, ETANOL, GASOLINA, GASOLINA ADITIVADA;6,69 / 6,79 / 4,99 / 6,49 / 6,79;"R$ / litro; R$ / litro; R$ / litro; R$ / litro; R$ / litro";Caixa eletronico, Borracharia, Lava-jato;;;;
13/04/2026;2026-S16;CONCORRENTE; 39.343.553/0001-82;FRED ROSALEM HELIODORO;FRED ROSALEM HELIODORO;ATLÂNTICA;RUA JOSE ROSALEM, 1 - SANTA INES;29105-645;VILA VELHA;ES;SE;DIESEL, DIESEL S10, ETANOL, GASOLINA, GASOLINA ADITIVADA;6,79 / 6,98 / 4,98 / 6,47 / 6,47;"R$ / litro; R$ / litro; R$ / litro; R$ / litro; R$ / litro";"Calibragem; Caixa eletronico";;;;
13/04/2026;2026-S16;CONCORRENTE; 45.543.915/0046-83;CARREFOUR COMERCIO E INDUSTRIA LTDA;CARREFOUR COMERCIO E INDUSTRIA LTDA;BRANCA;AVENIDA DARLY SANTOS, 4393 - NOSSA SENHORA DA PENHA;29123-600;VILA VELHA;ES;SE;ETANOL, GASOLINA, GASOLINA ADITIVADA;4,77 / 6,57 / 6,59;"R$ / litro; R$ / litro; R$ / litro";"Conveniencia; Calibragem";;;;
14/04/2026;2026-S16;CONCORRENTE; 00.580.488/0001-73;Posto De Gasolina Maracana Ltda;POSTO DE GASOLINA MARACANA LTDA;IPIRANGA;AVENIDA ALICE COUTINHO SANTOS, 2101 - POSTO DE GASOLINA - MARACANA;29142-887;CARIACICA;ES;SE;DIESEL, DIESEL S10, ETANOL, GASOLINA, GASOLINA ADITIVADA;6,75 / 6,89 / 4,99 / 6,49 / 6,69;"R$ / litro; R$ / litro; R$ / litro; R$ / litro; R$ / litro";Troca de oleo,Borracharia,Caixa eletronico;;;;
14/04/2026;2026-S16;CONCORRENTE; 02.468.894/0001-74;POSTO OURO NEGRO LTDA;POSTO OURO NEGRO LTDA;VIBRA;AVENIDA SAMUEL BATISTA CRUZ, 2319 - COLINA;29901-401;LINHARES;ES;SE;GASOLINA, GASOLINA ADITIVADA, GNV;6,69 / 6,79 / 4,29;"R$ / litro; R$ / litro; R$ / m³";Lava-jato,Troca de oleo,Caixa eletronico;;;;
14/04/2026;2026-S16;CONCORRENTE; 02.582.857/0001-92;POSTO CAMPO GRANDE LTDA;POSTO CAMPO GRANDE LTDA;ATLÂNTICA;AVENIDA EXPEDITO GARCIA, 222 - CAMPO GRANDE;29157-405;CARIACICA;ES;SE;ETANOL, GASOLINA, GASOLINA ADITIVADA;4,89 / 6,34 / 6,34;"R$ / litro; R$ / litro; R$ / litro";Lava-jato;;;;
14/04/2026;2026-S16;CONCORRENTE; 05.609.081/0001-45;AUTO SERVICO FLORESTA LTDA;AUTO SERVICO FLORESTA LTDA;VIBRA;AVENIDA PREFEITO SAMUEL BATISTA CRUZ, 1276 - ARACA;29900-100;LINHARES;ES;SE;DIESEL, GASOLINA;6,89 / 6,69;"R$ / litro; R$ / litro";"Lava-jato; Troca de oleo; Caixa eletronico; Borracharia";;;;
14/04/2026;2026-S16;CONCORRENTE; 07.470.392/0001-00;POSTO DE COMBUSTIVEIS OTAVIO EIRELI;POSTO DE COMBUSTIVEIS OTAVIO EIRELI;RAIZEN;AVENIDA ABDO SAAD, 833 - JACARAIPE;29173-510;SERRA;ES;SE;DIESEL, ETANOL, GASOLINA, GASOLINA ADITIVADA;6,89 / 5,19 / 6,69 / 6,99;"R$ / litro; R$ / litro; R$ / litro; R$ / litro";Borracharia;;;;
14/04/2026;2026-S16;CONCORRENTE; 10.197.775/0001-52;REDE DE POSTOS SAGUI LTDA;REDE DE POSTOS SAGUI LTDA;ATLÂNTICA;RUA EUCLIDES DA CUNHA, 421 - SAO DIOGO I;29163-265;SERRA;ES;SE;DIESEL S10, ETANOL, GASOLINA, GASOLINA ADITIVADA;6,99 / 4,99 / 6,59 / 6,79;"R$ / litro; R$ / litro; R$ / litro; R$ / litro";"Caixa eletronico; Conveniencia";;;;
14/04/2026;2026-S16;CONCORRENTE; 10.223.356/0001-48;POSTO TREVO DA PONTE LTDA;POSTO TREVO DA PONTE LTDA;IPIRANGA;AVENIDA GOVERNADOR JONES DOS SANTOS NEVES, 160 - AVISO;29900-384;LINHARES;ES;SE;DIESEL, GASOLINA, GASOLINA ADITIVADA;6,69 / 6,69 / 6,69;"R$ / litro; R$ / litro; R$ / litro";Borracharia;;;;
14/04/2026;2026-S16;CONCORRENTE; 10.331.576/0001-95;AUTO POSTO LINHARES LTDA;AUTO POSTO LINHARES LTDA;IPIRANGA;AVENIDA JOSE TESCH, 657 - SHELL;29901-500;LINHARES;ES;SE;DIESEL, ETANOL, GASOLINA, GASOLINA ADITIVADA;6,69 / 4,89 / 6,69 / 6,69;"R$ / litro; R$ / litro; R$ / litro; R$ / litro";"Conveniencia; Caixa eletronico; Troca de oleo; Borracharia";;;;
14/04/2026;2026-S16;CONCORRENTE; 10.813.831/0001-36;AUTO POSTO E SERVICOS ARACRUZ - COLINA DE BELA VISTA LTDA;AUTO POSTO E SERVICOS ARACRUZ - COLINA DE BELA VISTA LTDA;RAIZEN;AVENIDA CASTELO BRANCO, 14 - QUADRARC 06 -                   LOTEAMENTO COLINA - BELA VISTA;29192-066;ARACRUZ;ES;SE;DIESEL, DIESEL S10, GASOLINA, GASOLINA ADITIVADA;7,25 / 7,35 / 6,69 / 6,99;"R$ / litro; R$ / litro; R$ / litro; R$ / litro";Troca de oleo / Caixa eletronico / Borracharia / Lava-jato;;;;
14/04/2026;2026-S16;PROPRIO; 11.222.333/0001-81;REDE MARE COMBUSTIVEIS LTDA;REDE MARE;BRANCA;AVENIDA MARIO GURGEL, 1092 - ITAQUARI;29151-570;CARIACICA;ES;SE;DIESEL, ETANOL, GASOLINA, GASOLINA ADITIVADA, GNV;6,90 / 4,87 / 6,59 / 6,59 / 4,09;"R$ / litro; R$ / litro; R$ / litro; R$ / litro; R$ / m³";"Conveniencia; Troca de oleo; Caixa eletronico; Borracharia";Carlos Menezes;(27) 99811-2041 / (27) 3334-1100;00.580.488/0001-73 / 13.814.642/0001-76 / 15.226.314/0001-84;
14/04/2026;2026-S16;PROPRIO; 11.222.333/0005-05;REDE MARE COMBUSTIVEIS LTDA;REDE MARE;BRANCA;AVENIDA MARIO GURGEL, 3127 - FUNDOSCOM A AV EXPEDITO GA - CAMPO GRANDE;29146-012;CARIACICA;ES;SE;DIESEL S10, ETANOL, GASOLINA, GASOLINA ADITIVADA, GNV;7,09 / 4,99 / 6,39 / 6,39 / 3,99;"R$ / litro; R$ / litro; R$ / litro; R$ / litro; R$ / m³";Conveniencia;Marcos Lyrio;(27) 99890-1276 / (27) 3345-0098;"00.580.488/0001-73; 13.814.642/0001-76; 15.226.314/0001-84";
14/04/2026;2026-S16;CONCORRENTE; 13.814.642/0001-76;POSTO BR 31 AUTO SERVICOS LTDA;POSTO BR 31 AUTO SERVICOS LTDA;RAIZEN;AVENIDA MARIO GURGEL, 2844 - ALTO LAJE;29151-026;CARIACICA;ES;SE;DIESEL S10, ETANOL, GASOLINA, GASOLINA ADITIVADA;6,89 / 4,99 / 6,39 / 6,79;"R$ / litro; R$ / litro; R$ / litro; R$ / litro";"Troca de oleo; Calibragem; Caixa eletronico; Conveniencia";;;;
14/04/2026;2026-S16;CONCORRENTE; 15.226.314/0001-84;MAIS COMERCIO DE COMBUSTIVEL CARIACICA LTDA;MAIS COMERCIO DE COMBUSTIVEL CARIACICA LTDA;BRANCA;AVENIDA MARIO GURGEL, 4935 - VILA PALESTINA;29145-711;CARIACICA;ES;SE;ETANOL, GASOLINA;4,99 / 6,49;"R$ / litro; R$ / litro";Borracharia, Lava-jato, Conveniencia, Calibragem;;;;
14/04/2026;2026-S16;CONCORRENTE; 17.375.525/0001-04;AUTO POSTO LUCAS - EPP.;AUTO POSTO LUCAS - EPP.;ALE;AVENIDA ROMULO CASTELLO, 791 - LOTES 20 A 23 - CASTELANDIA;29172-620;SERRA;ES;SE;DIESEL S10, ETANOL, GASOLINA, GASOLINA ADITIVADA;6,99 / 4,98 / 6,45 / 6,79;"R$ / litro; R$ / litro; R$ / litro; R$ / litro";"Troca de oleo; Calibragem; Borracharia; Caixa eletronico";;;;
14/04/2026;2026-S16;CONCORRENTE; 24.145.665/0001-51;C.R.B. DEZAN E CIA LTDA;C.R.B. DEZAN E CIA LTDA;ATLÂNTICA;AVENIDA MARIO GURGEL, 5913 - AUTO POSTO - SAO FRANCISCO;29145-409;CARIACICA;ES;SE;DIESEL S10, ETANOL, GASOLINA;7,19 / 4,89 / 6,59;"R$/l; R$/l; R$/l";"Conveniencia; Caixa eletronico";;;;
14/04/2026;2026-S16;CONCORRENTE; 27.016.518/0001-70;AUTO POSTO CONTORNO LTDA;AUTO POSTO CONTORNO LTDA;BRANCA;RODOVIA GOVERNADOR MARIO COVAS, 11282 - SERRA DO ANIL;29147-030;CARIACICA;ES;SE;DIESEL, DIESEL S10, ETANOL, GASOLINA, GASOLINA ADITIVADA;6,79 / 6,89 / 4,99 / 6,49 / 6,69;"R$ / litro; R$ / litro; R$ / litro; R$ / litro; R$ / litro";Borracharia;;;;
14/04/2026;2026-S16;CONCORRENTE; 27.303.411/0003-74;AUTO POSTO DADINHO;AUTO POSTO DADINHO LTDA;ALE;AVENIDA VEREADOR WILMO VITORIO GUIZANI, 12 - SAO JOSE;29905-080;LINHARES;ES;SE;DIESEL S10, GASOLINA, GASOLINA ADITIVADA;6,79 / 6,69 / 6,79;"R$ / litro; R$ / litro; R$ / litro";Caixa eletronico, Lava-jato;;;;
14/04/2026;2026-S16;CONCORRENTE; 27.394.378/0001-73;POSTO DE PRODUTOS DE PETROLEO OASIS LTDA;POSTO DE PRODUTOS DE PETROLEO OASIS LTDA;IPIRANGA;AVENIDA MARIO GURGEL, 297 - JARDIM AMERICA;29140-261;CARIACICA;ES;SE;DIESEL S10, GASOLINA, GASOLINA ADITIVADA, GNV;6,79 / 6,39 / 6,89 / 3,99;"R$ / litro; R$ / litro; R$ / litro; R$ / m³";Calibragem, Caixa eletronico;;;;
14/04/2026;2026-S16;CONCORRENTE; 27.396.415/0001-82;AUTO SERVICO SAO CRISTOVAO LTDA;AUTO SERVICO SAO CRISTOVAO LTDA;VIBRA;AVENIDA MARIO GURGEL, 4 - KM    4 5  BR 262 - DOM BOSCO;29147-345;CARIACICA;ES;SE;ETANOL, GASOLINA, GASOLINA ADITIVADA, GNV;4,89 / 6,48 / 6,59 / 3,98;"R$ / litro; R$ / litro; R$ / litro; R$ / m³";Caixa eletronico,Borracharia,Conveniencia;;;;
14/04/2026;2026-S16;CONCORRENTE; 27.926.384/0001-24;PETROVERA - POSTO DE PRODUTOS DE PETROLEO E TRANSPORTES LTDA - ME;PETROVERA - POSTO DE PRODUTOS DE PETROLEO E TRANSPORTES LTDA - ME;IPIRANGA;RODOVIA GOVERNADOR JOSE HENRIQUE SETTE, 906 - PAVMTO01 - ALTO LAGE;29151-055;CARIACICA;ES;SE;DIESEL, DIESEL S10, ETANOL, GASOLINA, GASOLINA ADITIVADA;6,89 / 6,99 / 4,99 / 6,45 / 6,45;"R$ / litro; R$ / litro; R$ / litro; R$ / litro; R$ / litro";Caixa eletronico / Conveniencia / Borracharia / Calibragem;;;;
14/04/2026;2026-S16;CONCORRENTE; 28.344.206/0001-58;POSTO DE COMBUSTIVEIS ITACIBA LTDA;POSTO DE COMBUSTIVEIS ITACIBA LTDA;BRANCA;RUA MANOEL JOAQUIM DOS SANTOS, 317 - ITACIBA;29150-270;CARIACICA;ES;SE;ETANOL, GASOLINA, GASOLINA ADITIVADA;4,85 / 6,45 / 6,45;"R$ / litro; R$ / litro; R$ / litro";Troca de oleo, Conveniencia, Lava-jato, Borracharia;;;;
14/04/2026;2026-S16;CONCORRENTE; 30.869.047/0001-57;ABT COMERCIO DE COMBUSTIVEIS LTDA;ABT COMERCIO DE COMBUSTIVEIS LTDA;BRANCA;RODOVIA GOVERNADOR MARIO COVAS, 1874 - KM    65 - BOA VISTA;29931-200;SAO MATEUS;ES;SE;DIESEL, DIESEL S10, ETANOL, GASOLINA;7,49 / 7,59 / 5,49 / 6,79;"R$ / litro; R$ / litro; R$ / litro; R$ / litro";Lava-jato,Troca de oleo,Caixa eletronico;;;;
14/04/2026;2026-S16;CONCORRENTE; 37.361.618/0001-97;AUTO POSTO MAX COMBUSTIVEIS E DERIVADOS LTDA;AUTO POSTO MAX COMBUSTIVEIS E DERIVADOS LTDA;BRANCA;AVENIDA CEREJEIRA, 694 - LOTE  01                  QUADRA12 - MOVELAR;29906-014;LINHARES;ES;SE;ETANOL, GASOLINA, GASOLINA ADITIVADA;4,89 / 6,69 / 6,69;"R$ / litro; R$ / litro; R$ / litro";Caixa eletronico,Calibragem;;;;
15/04/2026;2026-S16;CONCORRENTE; 04.145.589/0011-49;ARARA AZUL REDE DE POSTOS LTDA;ARARA AZUL REDE DE POSTOS LTDA;BRANCA;RODOVIA RODOVIA DO SOL, 530 - PRAIA DE ITAPARICA;29102-020;VILA VELHA;ES;SE;DIESEL S10, ETANOL, GASOLINA, GASOLINA ADITIVADA;6,98 / 4,95 / 6,46 / 6,76;"R$ / litro; R$ / litro; R$ / litro; R$ / litro";Lava-jato / Troca de oleo / Borracharia;;;;
15/04/2026;2026-S16;CONCORRENTE; 05.349.237/0001-04;POSTO IRMAOS CAMATTA LTDA;POSTO IRMAOS CAMATTA LTDA;VIBRA;RODOVIA BR 101, KM 143, S/N - CANIVETE;29909-010;LINHARES;ES;SE;DIESEL, DIESEL S10, GASOLINA, GASOLINA ADITIVADA;6,69 / 6,79 / 6,69 / 6,69;"R$ / litro; R$ / litro; R$ / litro; R$ / litro";Troca de oleo / Caixa eletronico;;;;
15/04/2026;2026-S16;CONCORRENTE; 27.303.411/0001-02;AUTO POSTO DADINHO LTDA;AUTO POSTO DADINHO LTDA;IPIRANGA;RODOVIA BR 101, S/N - KM 140 - CANIVETE;29901-401;LINHARES;ES;SE;DIESEL, DIESEL S10, ETANOL, GASOLINA, GASOLINA ADITIVADA;6,89 / 6,99 / 5,49 / 6,99 / 7,09;"R$ / litro; R$ / litro; R$ / litro; R$ / litro; R$ / litro";Conveniencia;;;;
2026-04-15;2026-S16;CONCORRENTE; 31.465.040/0001-32;POSTO ITAPOA LTDA;POSTO ITAPOA LTDA;IPIRANGA;AVENIDA FRANCELINA SETUBAL, 333 - ITAPOAN;29100-000;VILA VELHA;ES;SE;DIESEL S10, ETANOL, GASOLINA, GASOLINA ADITIVADA;6,65 / 4,99 / 6,46 / 6,66;"R$ / litro; R$ / litro; R$ / litro; R$ / litro";Calibragem,Lava-jato;;;;
15/04/2026;2026-S16;CONCORRENTE; 36.004.950/0001-31;DERIVADOS PETROLEO SANTA INES LTDA;DERIVADOS PETROLEO SANTA INES LTDA;IPIRANGA;RODOVIA CARLOS LINDEMBERG, 1801 - SANTA INES;29100-000;VILA VELHA;ES;SE;ETANOL, GASOLINA, GASOLINA ADITIVADA;4,99 / 6,45 / 6,65;"R$ / litro; R$ / litro; R$ / litro";Calibragem, Lava-jato, Troca de oleo;;;;
15/04/2026;2026-S16;CONCORRENTE; 36.675.989/0001-80;COMERCIO DE COMBUSTIVEIS COQUEIRAL DE ITAPARICA LTDA;COMERCIO DE COMBUSTIVEIS COQUEIRAL DE ITAPARICA LTDA;BRANCA;AVENIDA SANTA LEOPOLDINA, 635 - COQUEIRAL DE ITAPARICA;29102-320;VILA VELHA;ES;SE;DIESEL S10, ETANOL, GASOLINA, GASOLINA ADITIVADA;7,29 / 4,72 / 6,45 / 6,45;"R$ / litro; R$ / litro; R$ / litro; R$ / litro";"Lava-jato; Troca de oleo; Calibragem";;;;
15/04/2026;2026-S16;CONCORRENTE; 42.176.421/0001-18;AUTOPOSTO DE COMBUSTIVEIS MASP SANTA INES LTDA;AUTOPOSTO DE COMBUSTIVEIS MASP SANTA INES LTDA;IPIRANGA;AVENIDA CARLOS LINDENBERG, 3241 - SANTA INES;29108-075;VILA VELHA;ES;SE;ETANOL, GASOLINA, GASOLINA ADITIVADA;4,99 / 6,45 / 6,65;"R$ / litro; R$ / litro; R$ / litro";Troca de oleo, Borracharia, Calibragem, Conveniencia;;;;
16/04/2026;2026-S16;CONCORRENTE; 00.762.780/0002-98;POSTO SD LTDA;POSTO SD LTDA;VIBRA;AVENIDA GOVERNADOR EURICO VIEIRA DE REZENDE, 278 - LOTE  1-2-3-4-5 - GURIRI NORTE;29946-100;SAO MATEUS;ES;SE;DIESEL S10, GASOLINA, GASOLINA ADITIVADA;7,09 / 6,79 / 6,89;"R$ / litro; R$ / litro; R$ / litro";Borracharia;;;;
16/04/2026;2026-S16;CONCORRENTE; 02.802.986/0001-49;A S SALES JUNIOR LTDA;A S SALES JUNIOR LTDA;ATLÂNTICA;RUA DAVINO MATOS, S/N - PARQUE AREIA PRETA;29200-615;GUARAPARI;ES;SE;DIESEL S10, ETANOL, GASOLINA, GASOLINA ADITIVADA;7,29 / 5,45 / 6,72 / 6,84;"R$ / litro; R$ / litro; R$ / litro; R$ / litro";"Borracharia; Caixa eletronico; Lava-jato";;;;
16/04/2026;2026-S16;CONCORRENTE; 04.814.652/0001-10;POSTO MOTOCAP LTDA;POSTO MOTOCAP LTDA;VIBRA;PRACA ALMIRANTE BARROSO, 52 - LETRA A - LACE;29703-055;COLATINA;ES;SE;GASOLINA;6,79;R$ / litro;Calibragem / Lava-jato / Conveniencia;;;;
16/04/2026;2026-S16;CONCORRENTE; 05.791.319/0001-04;MOTOCAP COMBUSTIVEIS LTDA;MOTOCAP COMBUSTIVEIS LTDA;VIBRA;RODOVIA GETHER LOPES DE FARIAS, 2600 - CARLOS GERMANO NAUMANN;29705-390;COLATINA;ES;SE;DIESEL, GASOLINA, GASOLINA ADITIVADA, GNV;6,89 / 6,75 / 6,85 / 4,49;"R$ / litro; R$ / litro; R$ / litro; R$ / m³";"Borracharia; Calibragem";;;;
16/04/2026;2026-S16;CONCORRENTE; 07.381.843/0001-24;POSTO DE COMBUSTIVEIS BRUNO LTDA;POSTO DE COMBUSTIVEIS BRUNO LTDA;ALE;RUA FIORAVANTE ROSSI, 738 - SAO BRAZ;29704-700;COLATINA;ES;SE;GASOLINA, GASOLINA ADITIVADA;6,69 / 6,69;"R$ / litro; R$ / litro";Borracharia;;;;
16/04/2026;2026-S16;CONCORRENTE; 08.519.545/0001-10;SAO FRANCISCO DE ASSIS COMERCIO DE COMBUSTIVEIS LTDA;SAO FRANCISCO DE ASSIS COMERCIO DE COMBUSTIVEIS LTDA;VIBRA;PRACA FIDELIS FERRARI, 35 - LACE;29703-030;COLATINA;ES;SE;GASOLINA, GASOLINA ADITIVADA;6,99 / 7,09;"R$ / litro; R$ / litro";Caixa eletronico,Troca de oleo,Conveniencia;;;;
16/04/2026;2026-S16;CONCORRENTE; 08.971.375/0001-00;BRAX COMBUSTIVEIS LTDA;BRAX COMBUSTIVEIS LTDA;IPIRANGA;RODOVIA CONEGO JOAO GUILHERME, 1516 - MARIO GIURIZATTO;29706-557;COLATINA;ES;SE;DIESEL, DIESEL S10, ETANOL, GASOLINA, GASOLINA ADITIVADA;6,79 / 6,98 / 5,09 / 6,59 / 6,79;"R$ / litro; R$ / litro; R$ / litro; R$ / litro; R$ / litro";Lava-jato / Troca de oleo;;;;
16/04/2026;2026-S16;CONCORRENTE; 09.076.862/0001-72;VALOR POSTOS PRAIA DO MORRO LTDA;VALOR POSTOS PRAIA DO MORRO LTDA;VIBRA;RODOVIA RODOVIA DO SOL, S/ NR - KM    41 - AEROPORTO;29216-705;GUARAPARI;ES;SE;GASOLINA, GASOLINA ADITIVADA;7,19 / 7,19;"R$ / litro; R$ / litro";Caixa eletronico;;;;preco conferido por telefone
16/04/2026;2026-S16;CONCORRENTE; 11.217.185/0001-07;POSTO PARADAO DA 101;POSTO PARADAO DA 101 LTDA;RAIZEN;RODOVIA GOVERNADOR MARIO COVAS, S/N - KM    16010 - BEBEDOURO;29915-140;LINHARES;ES;SE;DIESEL, GASOLINA, GASOLINA ADITIVADA;6,99 / 6,59 / 6,99;"R$ / litro; R$ / litro; R$ / litro";"Calibragem; Lava-jato; Borracharia";;;;
16/04/2026;2026-S16;CONCORRENTE; 14.096.313/0001-08;AUTO POSTO GUARAPARI LTDA;AUTO POSTO GUARAPARI LTDA;RAIZEN;AVENIDA GOVERNADOR JONES DOS SANTOS NEVES, 15 - VARZEA NOVA;29211-630;GUARAPARI;ES;SE;DIESEL, ETANOL, GASOLINA, GASOLINA ADITIVADA;7,25 / 5,89 / 6,99 / 6,99;"R$ / litro; R$ / litro; R$ / litro; R$ / litro";Conveniencia;;;;ATUALIZAR!!
16/04/2026;2026-S16;CONCORRENTE; 20.246.670/0001-08;POSTO DE COMBUSTIVEIS COLATINA LTDA;POSTO DE COMBUSTIVEIS COLATINA LTDA;BRANCA;RODOVIA DO CAFE, 606 - CARLOS GERMANO NAUMANN;29705-200;COLATINA;ES;SE;DIESEL, DIESEL S10, ETANOL, GASOLINA;6,89 / 6,99 / 4,69 / 6,55;"R$ / litro; R$ / litro; R$ / litro; R$ / litro";Troca de oleo / Calibragem;;;;
16/04/2026;2026-S16;CONCORRENTE; 23.238.396/0001-05;CAPIXABA COMERCIO DE PRODUTOS AUTOMOTIVOS LTDA;CAPIXABA COMERCIO DE PRODUTOS AUTOMOTIVOS LTDA;ATLÂNTICA;RUA PROFESSOR MELCHIADES PEREIRA MARTINS, 15 - CENTRO;29200-480;GUARAPARI;ES;SE;DIESEL S10, ETANOL, GASOLINA, GASOLINA ADITIVADA;7,39 / 5,65 / 6,72 / 6,84;"R$ / litro; R$ / litro; R$ / litro; R$ / litro";Caixa eletronico;;;;
16/04/2026;2026-S16;CONCORRENTE; 27.020.445/0001-90;GUARAVE GUARAPARI VEICULOS LTDA;GUARAVE GUARAPARI VEICULOS LTDA;VIBRA;AVENIDA EWERSON DE ABREU SODRE, 300 - MUQUICABA;29215-010;GUARAPARI;ES;SE;GASOLINA, GASOLINA ADITIVADA;7,19 / 7,19;"R$ / litro; R$ / litro";Calibragem, Conveniencia;;;;
16/04/2026;2026-S16;CONCORRENTE; 27.020.445/0005-13;GUARAVE GUARAPARI VEICULOS LTDA;GUARAVE GUARAPARI VEICULOS LTDA;VIBRA;RODOVIA DO SOL, S/N - MUQUICABA;29215-005;GUARAPARI;ES;SE;GASOLINA, GASOLINA ADITIVADA;7,19 / 7,19;"R$ / litro; R$ / litro";"Caixa eletronico; Borracharia";;;;
16/04/2026;2026-S16;CONCORRENTE; 27.085.240/0001-92;POSTO DE GASOLINA SANTO ANTONIO LTDA;POSTO DE GASOLINA SANTO ANTONIO LTDA;ALE;AVENIDA SILVIO AVIDOS, 3251 - SANTO ANTONIO;29704-053;COLATINA;ES;SE;DIESEL, DIESEL S10, GASOLINA, GASOLINA ADITIVADA;6,89 / 6,99 / 6,79 / 6,92;"R$ / litro; R$ / litro; R$ / litro; R$ / litro";Lava-jato,Calibragem;;;;
16/04/2026;2026-S16;CONCORRENTE; 27.316.819/0001-19;BECAR PETROLEO LTDA;BECAR PETROLEO LTDA;RAIZEN;AVENIDA GOVERNADOR JONES DOS SANTOS NEVES, S/N - CONFLUENCIA COM RODOVIA DO SOL - MUQUICABA;29215-002;GUARAPARI;ES;SE;GASOLINA, GASOLINA ADITIVADA;6,99 / 7,09;"R$ / litro; R$ / litro";Lava-jato / Conveniencia;;;;
16/04/2026;2026-S16;CONCORRENTE; 27.352.004/0001-95;POSTO DE COMBUSTIVEIS GIRASSOL LTDA;POSTO DE COMBUSTIVEIS GIRASSOL LTDA;VIBRA;AVENIDA DAS NACOES, 852 - COLATINA VELHA;29700-543;COLATINA;ES;SE;DIESEL, ETANOL, GASOLINA, GASOLINA ADITIVADA;6,79 / 5,19 / 6,79 / 6,89;"R$ / litro; R$ / litro; R$ / litro; R$ / litro";Lava-jato,Borracharia;;;;
16/04/2026;2026-S16;CONCORRENTE; 27.664.597/0005-59;AUTO POSTO SCHUENG LTDA;AUTO POSTO SCHUENG LTDA;ALE;RODOVIA GOVERNADOR MARIO COVAS, S/N - KM    159 - BEBEDOURO;29915-140;LINHARES;ES;SE;DIESEL, DIESEL S10, GASOLINA;6,89 / 6,99 / 6,59;"R$/l; R$/l; R$/l";Lava-jato,Caixa eletronico,Troca de oleo;;;;
16/04/2026;2026-S16;CONCORRENTE; 27.664.597/0006-30;AUTO POSTO SCHUENG LTDA;AUTO POSTO SCHUENG LTDA;ALE;RUA DOMINGOS CARRAFA, 49 - GURIRI SUL;29945-170;SAO MATEUS;ES;SE;DIESEL S10, GASOLINA;6,99 / 6,79;"R$ / litro; R$ / litro";Troca de oleo,Lava-jato,Calibragem;;;;
16/04/2026;2026-S16;CONCORRENTE; 27.664.597/0009-82;AUTO POSTO SCHUENG LTDA;AUTO POSTO SCHUENG LTDA;IPIRANGA;AVENIDA ESBERTALINA BARBOSA DAMIANI, 41-N - GURIRI NORTE;29946-490;SAO MATEUS;ES;SE;DIESEL, DIESEL S10, ETANOL, GASOLINA;6,89 / 6,99 / 5,69 / 6,79;"R$ / litro; R$ / litro; R$ / litro; R$ / litro";Conveniencia, Borracharia, Lava-jato;;;;
16/04/2026;2026-S16;CONCORRENTE; 32.248.017/0001-59;AUTO POSTO ALDEIA DA PRAIA LTDA;AUTO POSTO ALDEIA DA PRAIA LTDA;IPIRANGA;AVENIDA PARIS, S/N - PRAIA DO MORRO;29216-570;GUARAPARI;ES;SE;DIESEL S10, ETANOL, GASOLINA, GASOLINA ADITIVADA;7,59 / 5,89 / 7,19 / 7,49;"R$ / litro; R$ / litro; R$ / litro; R$ / litro";Caixa eletronico, Lava-jato;;;;
17/04/2026;2026-S16;CONCORRENTE; 00.345.721/0001-33;RUBENS SCHUENG FILHO;RUBENS SCHUENG FILHO;IPIRANGA;RUA DOUTOR RAIMUNDO GUILHERME SOBRINHO, 605 - FRENTE - SERNAMBY;29930-480;SAO MATEUS;ES;SE;DIESEL S10, GASOLINA;6,99 / 6,79;"R$ / litro; R$ / litro";Conveniencia;;;;
20/04/2026;2026-S17;CONCORRENTE; 01.503.536/0001-92;POSTO MARCELA LTDA;POSTO MARCELA LTDA;VIBRA;RUA DO PESSEGUEIRO, S/N - DIVINO ESPÍRITO SANTO;29107-230;VILA VELHA;ES;SE;DIESEL S10, GASOLINA, GASOLINA ADITIVADA;6,99 / 6,46 / 6,66;"R$ / litro; R$ / litro; R$ / litro";"Caixa eletronico; Borracharia";;;;
20/04/2026;2026-S17;CONCORRENTE; 01.557.127/0001-79;AUTO POSTO ILHA DAS GARCAS LTDA;AUTO POSTO ILHA DAS GARCAS LTDA;VIBRA;RUA MARIA DE OLIVEIRA MARES GUIA, 40 - PRAIA DAS GAIVOTAS;29102-567;VILA VELHA;ES;SE;GASOLINA, GASOLINA ADITIVADA;6,44 / 6,84;"R$ / litro; R$ / litro";Borracharia,Caixa eletronico;;;;
20/04/2026;2026-S17;CONCORRENTE; 01.823.633/0001-62;POSTO METROPOLITANO LTDA;POSTO METROPOLITANO LTDA;IPIRANGA;VIA DOIS, 226 - ANEXO QUADRA 03 MODULO 03 - TIMS;29161-373;SERRA;ES;SE;DIESEL, DIESEL S10, ETANOL, GASOLINA, GASOLINA ADITIVADA;6,79 / 6,89 / 4,99 / 6,45 / 6,65;"R$ / litro; R$ / litro; R$ / litro; R$ / litro; R$ / litro";Borracharia / Calibragem;;;;
20/04/2026;2026-S17;CONCORRENTE; 02.567.214/0001-70;POSTO DE COMBUSTIVEL IDEAL LTDA;POSTO DE COMBUSTIVEL IDEAL LTDA;IPIRANGA;AVENIDA VITORIA, 3031 - GURIGICA;29027-080;VITORIA;ES;SE;ETANOL, GASOLINA, GASOLINA ADITIVADA;4,85 / 6,45 / 6,59;"R$ / litro; R$ / litro; R$ / litro";Conveniencia / Borracharia / Calibragem;;;;
20/04/2026;2026-S17;CONCORRENTE;02802986000149;A S SALES JUNIOR LTDA;A S SALES JUNIOR LTDA;ATLÂNTICA;RUA DAVINO MATOS, S/N - PARQUE AREIA PRETA;29200-615;GUARAPARI;ES;SE;DIESEL S10, ETANOL, GASOLINA, GASOLINA ADITIVADA;7,29 / 5,45 / 6,72 / 6,84;"R$/l; R$/l; R$/l; R$/l";Borracharia / Caixa eletronico / Lava-jato;;;;
20/04/2026;2026-S17;CONCORRENTE; 04.228.463/0001-66;AUTO POSTO MARLIN LTDA;AUTO POSTO MARLIN LTDA;ATLÂNTICA;RUA JUIZ ALEXANDRE MARTINS DE CASTRO FILHO, 285 - SANTA LUCIA;29056-295;VITORIA;ES;SE;DIESEL S10, ETANOL, GASOLINA, GASOLINA ADITIVADA;6,99 / 4,99 / 6,47 / 6,67;"R$ / litro; R$ / litro; R$ / litro; R$ / litro";Caixa eletronico / Troca de oleo;;;;
20/04/2026;2026-S17;CONCORRENTE; 04.850.382/0001-01;POSTO ARIBIRI DO GAS LTDA;POSTO ARIBIRI DO GAS LTDA;VIBRA;AVENIDA CARLOS LINDEMBERG, 1944 - SANTA INEZ;29108-075;VILA VELHA;ES;SE;GASOLINA, GASOLINA ADITIVADA, GNV;6,49 / 6,69 / 3,99;"R$ / litro; R$ / litro; R$ / m³";Caixa eletronico,Lava-jato;;;;
20/04/2026;2026-S17;CONCORRENTE; 05.349.237/0001-04;POSTO IRMAOS CAMATTA LTDA;POSTO IRMAOS CAMATTA LTDA;VIBRA;RODOVIA BR 101, KM 143, S/N - CANIVETE;29909-010;LINHARES;ES;SE;DIESEL, GASOLINA, GASOLINA ADITIVADA;6,69 / 6,69 / 6,69;"R$ / litro; R$ / litro; R$ / litro";"Troca de oleo; Caixa eletronico";;;;
20/04/2026;2026-S17;CONCORRENTE; 07.470.392/0001-00;POSTO DE COMBUSTIVEIS OTAVIO EIRELI;POSTO DE COMBUSTIVEIS OTAVIO EIRELI;RAIZEN;AVENIDA ABDO SAAD, 833 - JACARAIPE;29173-510;SERRA;ES;SE;DIESEL, ETANOL, GASOLINA, GASOLINA ADITIVADA;6,89 / 5,19 / 6,69 / 6,99;"R$ / litro; R$ / litro; R$ / litro; R$ / litro";Borracharia;;;;
20/04/2026;2026-S17;CONCORRENTE; 07.571.908/0001-02;AUTO POSTO CORAL LTDA;AUTO POSTO CORAL LTDA;VIBRA;AVENIDA NORTE SUL, 259 - N.S.DO ROSARIO DE FATIMA;29176-798;SERRA;ES;SE;GASOLINA, GASOLINA ADITIVADA;6,49 / 6,79;"R$ / litro; R$ / litro";Borracharia / Lava-jato / Conveniencia;;;;
2026-04-20;2026-S17;CONCORRENTE; 08.022.304/0001-61;AUTO POSTO DE COMBUSTIVEL RTT LTDA;AUTO POSTO DE COMBUSTIVEL RTT LTDA;IPIRANGA;RUA MOEMA, 38 - DIVINO ESPIRITO SANTO;29107-250;VILA VELHA;ES;SE;DIESEL S10, ETANOL, GASOLINA, GASOLINA ADITIVADA;6,99 / 5,09 / 6,45 / 6,75;"R$ / litro; R$ / litro; R$ / litro; R$ / litro";Borracharia;;;;
20/04/2026;2026-S17;CONCORRENTE; 08.788.618/0001-70;J. S. PETROLEO E COMERCIO LTDA.;J. S. PETROLEO E COMERCIO LTDA.;RAIZEN;AVENIDA DANTE MICHELINI, 2461 - MATA DA PRAIA;29066-430;Vitória;ES;SE;ETANOL, GASOLINA, GASOLINA ADITIVADA, GNV;4,99 / 6,49 / 6,89 / 3,99;"R$ / litro; R$ / litro; R$ / litro; R$ / m³";Borracharia,Caixa eletronico,Troca de oleo;;;;preco conferido por telefone
20/04/2026;2026-S17;CONCORRENTE; 09.076.862/0001-72;VALOR POSTOS PRAIA DO MORRO LTDA;VALOR POSTOS PRAIA DO MORRO LTDA;VIBRA;RODOVIA RODOVIA DO SOL, S/ NR - KM    41 - AEROPORTO;29216-705;GUARAPARI;ES;SE;GASOLINA, GASOLINA ADITIVADA;7,19 / 7,19;"R$ / litro; R$ / litro";Caixa eletronico;;;;
20/04/2026;2026-S17;CONCORRENTE; 10.197.775/0001-52;REDE DE POSTOS SAGUI LTDA;REDE DE POSTOS SAGUI LTDA;ATLÂNTICA;RUA EUCLIDES DA CUNHA, 421 - SAO DIOGO I;29163-265;SERRA;ES;SE;DIESEL S10, ETANOL, GASOLINA, GASOLINA ADITIVADA;6,99 / 4,99 / 6,47 / 6,67;"R$ / litro; R$ / litro; R$ / litro; R$ / litro";Caixa eletronico / Conveniencia;;;;
20/04/2026;2026-S17;CONCORRENTE; 10.569.345/0001-14;POSTO CRISTOVAO COLOMBO LTDA;POSTO CRISTOVAO COLOMBO LTDA;VIBRA;RUA CRISTOVAO COLOMBO, 582 - CRISTOVAO COLOMBO;29106-595;VILA VELHA;ES;SE;GASOLINA, GASOLINA ADITIVADA;6,45 / 6,75;"R$ / litro; R$ / litro";Caixa eletronico,Troca de oleo,Lava-jato,Calibragem;;;;
20/04/2026;2026-S17;PROPRIO; 11.222.333/0002-62;REDE MARE COMBUSTIVEIS LTDA;REDE MARE;BRANCA;RODOVIA DARLY SANTOS, S/N - KM    2 5 - POSTO - POLO EMPRESARIAL NOVO MEXICO;29104-360;VILA VELHA;ES;SE;DIESEL, DIESEL S10, ETANOL, GASOLINA, GASOLINA ADITIVADA, GNV;6,69 / 6,79 / 4,99 / 6,49 / 6,69 / 3,99;"R$ / litro; R$ / litro; R$ / litro; R$ / litro; R$ / litro; R$ / m³";Conveniencia, Caixa eletronico, Troca de oleo;Juliana Rocha;(27) 99702-3355;"15.010.530/0001-98; 04.145.589/0011-49; 10.569.345/0001-14";
20/04/2026;2026-S17;PROPRIO; 11.222.333/0003-43;REDE MARE COMBUSTIVEIS LTDA;REDE MARE;BRANCA;AVENIDA VITORIA, 2667 - HORTO;29027-080;VITORIA;ES;SE;DIESEL S10, ETANOL, GASOLINA, GASOLINA ADITIVADA;6,98 / 4,85 / 6,45 / 6,45;"R$/l; R$/l; R$/l; R$/l";Conveniencia, Borracharia;Paulo Ferraz;(27) 99945-7810 / (27) 3226-4410;"02.567.214/0001-70; 14.806.977/0001-05; 26.980.450/0001-81";
20/04/2026;2026-S17;CONCORRENTE; 11.942.147/0001-17;POSTO PARADA VITORIA LTDA;POSTO PARADA VITORIA LTDA;ALE;AVENIDA MARECHALCAMPOS, 370 - CONSOLACAO;29045-460;VITORIA;ES;SE;DIESEL S10, ETANOL, GASOLINA, GASOLINA ADITIVADA;7,49 / 4,98 / 6,58 / 6,79;"R$ / litro; R$ / litro; R$ / litro; R$ / litro";Conveniencia, Caixa eletronico, Troca de oleo;;;;
20/04/2026;2026-S17;CONCORRENTE; 13.602.147/0001-01;AUTO POSTO LAGOA DO MEIO LTDA;AUTO POSTO LAGOA DO MEIO LTDA;IPIRANGA;RUA GUAICURUS, 18 - LAGOA DO MEIO;29904-010;LINHARES;ES;SE;DIESEL S10, ETANOL, GASOLINA;6,79 / 4,89 / 6,69;"R$ / litro; R$ / litro; R$ / litro";"Borracharia; Caixa eletronico";;;;
20/04/2026;2026-S17;CONCORRENTE; 14.096.313/0001-08;AUTO POSTO GUARAPARI LTDA;AUTO POSTO GUARAPARI LTDA;RAIZEN;AVENIDA GOVERNADOR JONES DOS SANTOS NEVES, 15 - VARZEA NOVA;29211-630;GUARAPARI;ES;SE;DIESEL, ETANOL, GASOLINA, GASOLINA ADITIVADA;7,25 / 5,89 / 6,99 / 6,99;"R$ / litro; R$ / litro; R$ / litro; R$ / litro";Conveniencia;;;;ver com gerente
20/04/2026;2026-S17;CONCORRENTE; 14.806.977/0001-05;AUTO POSTO SILVARES LTDA;AUTO POSTO SILVARES LTDA;IPIRANGA;AVENIDA   NAIR AZEVEDO SILVA, 430 - ILHA DO PRINCIPE;29020-240;VITORIA;ES;SE;ETANOL, GASOLINA, GASOLINA ADITIVADA;4,99 / 6,59 / 6,79;"R$ / litro; R$ / litro; R$ / litro";Borracharia;;;;
2026-04-20;2026-S17;CONCORRENTE; 15.010.530/0001-98;AUTO POSTO R M LTDA;AUTO POSTO R M LTDA;RAIZEN;"RODOVIA DO SOL, 3701 - LOTE: 11; QUADRA: 64; - PRAIA DE ITAPARICA";29102-023;VILA VELHA;ES;SE;DIESEL S10, ETANOL, GASOLINA, GASOLINA ADITIVADA;6,89 / 4,99 / 6,43 / 6,83;"R$ / litro; R$ / litro; R$ / litro; R$ / litro";Conveniencia;;;;
20/04/2026;2026-S17;CONCORRENTE; 16.577.742/0001-14;AUTO POSTO ESCOLA COMERCIO DE COMBUSTIVEIS, LUBRIFICANTES E SERVICOS LTDA;AUTO POSTO ESCOLA COMERCIO DE COMBUSTIVEIS, LUBRIFICANTES E SERVICOS LTDA;VIBRA;"AVENIDA AMERICO BUAIZ, 1 - : POSTO; - ENSEADA DO SUA";29050-463;VITORIA;ES;SE;GASOLINA, GASOLINA ADITIVADA;6,49 / 6,69;"R$ / litro; R$ / litro";Troca de oleo,Caixa eletronico;;;;
20/04/2026;2026-S17;CONCORRENTE; 17.375.525/0001-04;AUTO POSTO LUCAS - EPP.;AUTO POSTO LUCAS - EPP.;ALE;AVENIDA ROMULO CASTELLO, 791 - LOTES 20 A 23 - CASTELANDIA;29172-620;SERRA;ES;SE;DIESEL S10, ETANOL, GASOLINA, GASOLINA ADITIVADA;6,99 / 4,98 / 6,45 / 6,79;"R$ / litro; R$ / litro; R$ / litro; R$ / litro";Troca de oleo / Calibragem / Borracharia / Caixa eletronico;;;;
2026-04-20;2026-S17;CONCORRENTE; 17.753.176/0001-17;AUTO POSTO BOULEVARD LTDA;AUTO POSTO BOULEVARD LTDA;ALE;"RODOVIA DO SOL, S/N - LOTE: 08 E 09; QUADRA: 59; - PRAIA DE ITAPARICA";29102-020;VILA VELHA;ES;SE;DIESEL S10, ETANOL, GASOLINA, GASOLINA ADITIVADA;6,89 / 4,99 / 6,43 / 6,83;"R$ / litro; R$ / litro; R$ / litro; R$ / litro";Troca de oleo,Conveniencia,Calibragem,Lava-jato;;;;
20/04/2026;2026-S17;CONCORRENTE; 23.238.396/0001-05;CAPIXABA COMERCIO DE PRODUTOS AUTOMOTIVOS LTDA;CAPIXABA COMERCIO DE PRODUTOS AUTOMOTIVOS LTDA;ATLÂNTICA;RUA PROFESSOR MELCHIADES PEREIRA MARTINS, 15 - CENTRO;29200-480;GUARAPARI;ES;SE;DIESEL S10, ETANOL, GASOLINA, GASOLINA ADITIVADA;7,39 / 5,65 / 6,72 / 6,84;"R$ / litro; R$ / litro; R$ / litro; R$ / litro";Caixa eletronico;;;;
20/04/2026;2026-S17;CONCORRENTE; 23.314.250/0001-00;COMERCIO DE COMBUSTIVEIS LINDENBERG LTDA;COMERCIO DE COMBUSTIVEIS LINDENBERG LTDA;BRANCA;AVENIDA CARLOS LINDENBERG, 5718 - LOTE  2. 3. 14 E 15       QUADRAD - SANTA INES;29108-075;VILA VELHA;ES;SE;DIESEL S10, ETANOL, GASOLINA;6,89 / 4,84 / 6,37;"R$ / litro; R$ / litro; R$ / litro";Conveniencia / Borracharia / Calibragem;;;;
20/04/2026;2026-S17;CONCORRENTE; 26.980.450/0001-81;AUTO POSTO VITORIA COMERCIO DE COMBUSTIVEIS LTDA;AUTO POSTO VITORIA COMERCIO DE COMBUSTIVEIS LTDA;VIBRA;RUA OLYMPIO RODRIGUES PASSOS, 14 - LOJA  01 - JABOUR;29072-290;VITORIA;ES;SE;ETANOL, GASOLINA, GASOLINA ADITIVADA;5,29 / 6,49 / 6,79;"R$ / litro; R$ / litro; R$ / litro";Caixa eletronico;;;;
20/04/2026;2026-S17;CONCORRENTE; 27.020.445/0001-90;GUARAVE GUARAPARI VEICULOS LTDA;GUARAVE GUARAPARI VEICULOS LTDA;VIBRA;AVENIDA EWERSON DE ABREU SODRE, 300 - MUQUICABA;29215-010;GUARAPARI;ES;SE;GASOLINA, GASOLINA ADITIVADA;7,19 / 7,19;"R$ / litro; R$ / litro";"Calibragem; Conveniencia";;;;
20/04/2026;2026-S17;CONCORRENTE; 27.020.445/0005-13;GUARAVE GUARAPARI VEICULOS LTDA;GUARAVE GUARAPARI VEICULOS LTDA;VIBRA;RODOVIA DO SOL, S/N - MUQUICABA;29215-005;GUARAPARI;ES;SE;GASOLINA, GASOLINA ADITIVADA;7,19 / 7,19;"R$ / litro; R$ / litro";Caixa eletronico,Borracharia;;;;
20/04/2026;2026-S17;CONCORRENTE; 27.066.273/0002-76;POSTO ARVOREDO LTDA;POSTO ARVOREDO LTDA;BRANCA;AVENIDA VITORIA, 1600 - POSTO - ILHA DE SANTA MARIA;29051-040;VITORIA;ES;SE;ETANOL, GASOLINA, GASOLINA ADITIVADA;4,85 / 6,45 / 6,45;"R$ / litro; R$ / litro; R$ / litro";"Lava-jato; Troca de oleo; Borracharia";;;;
20/04/2026;2026-S17;CONCORRENTE; 27.303.411/0001-02;AUTO POSTO DADINHO LTDA;AUTO POSTO DADINHO LTDA;IPIRANGA;RODOVIA BR 101, S/N - KM 140 - CANIVETE;29901-401;LINHARES;ES;SE;ETANOL, GASOLINA, GASOLINA ADITIVADA;5,49 / 6,99 / 7,00;"R$ / litro; R$ / litro; R$ / litro";Conveniencia;;;;
20/04/2026;2026-S17;CONCORRENTE; 27.316.819/0001-19;BECAR PETROLEO LTDA;BECAR PETROLEO LTDA;RAIZEN;AVENIDA GOVERNADOR JONES DOS SANTOS NEVES, S/N - CONFLUENCIA COM RODOVIA DO SOL - MUQUICABA;29215-002;GUARAPARI;ES;SE;GASOLINA, GASOLINA ADITIVADA;6,99 / 7,09;"R$ / litro; R$ / litro";Lava-jato / Conveniencia;;;;
20/04/2026;2026-S17;CONCORRENTE; 27.664.597/0007-10;AUTO POSTO SCHUENG LTDA;AUTO POSTO SCHUENG LTDA;IPIRANGA;AVENIDA DOUTOR RAIMUNDO GUILHERME SOBRINHO, 176 - BOA VISTA;29931-630;SAO MATEUS;ES;SE;ETANOL, GASOLINA, GASOLINA ADITIVADA;5,69 / 6,79 / 6,99;"R$ / litro; R$ / litro; R$ / litro";Conveniencia, Borracharia, Calibragem;;;;
20/04/2026;2026-S17;CONCORRENTE; 27.734.094/0001-89;POSTO ATLANTICO LTDA;POSTO ATLANTICO LTDA;RAIZEN;AVENIDA DANTE MICHELINI, 4655 - POSTO - JARDIM CAMBURI;29090-070;VITORIA;ES;SE;DIESEL S10, ETANOL, GASOLINA, GASOLINA ADITIVADA;6,79 / 5,29 / 6,59 / 6,94;"R$ / litro; R$ / litro; R$ / litro; R$ / litro";Borracharia / Calibragem;;;;
20/04/2026;2026-S17;CONCORRENTE; 28.059.632/0001-40;A.B.C. AUTO SERVICOS LTDA;A.B.C. AUTO SERVICOS LTDA;RAIZEN;AVENIDA ROBERT KENNEDY, 21 - A - SAO TORQUATO;29114-000;VILA VELHA;ES;SE;DIESEL, DIESEL S10, GASOLINA, GASOLINA ADITIVADA;6,99 / 6,99 / 6,45 / 6,85;"R$ / litro; R$ / litro; R$ / litro; R$ / litro";"Caixa eletronico; Borracharia; Troca de oleo";;;;
20/04/2026;2026-S17;CONCORRENTE; 28.413.219/0001-31;COMERCIAL NORTE SUL LTDA;COMERCIAL NORTE SUL LTDA;VIBRA;AVENIDA MARUIPE, 2757 - SANTA LUIZA;29045-230;VITORIA;ES;SE;GASOLINA, GASOLINA ADITIVADA;6,49 / 6,79;"R$/l; R$/l";Lava-jato;;;;
20/04/2026;2026-S17;CONCORRENTE; 28.761.038/0001-04;AUTO POSTO PORTO LTDA;AUTO POSTO PORTO LTDA;VIBRA;AVENIDA PRESIDENTE FLORENTINO AVIDOS, 190 - PARQUE MOSCOSO;29018-190;VITORIA;ES;SE;ETANOL, GASOLINA, GASOLINA ADITIVADA;4,99 / 6,45 / 6,69;"R$ / litro; R$ / litro; R$ / litro";Lava-jato;;;;
20/04/2026;2026-S17;CONCORRENTE; 32.248.017/0001-59;AUTO POSTO ALDEIA DA PRAIA LTDA;AUTO POSTO ALDEIA DA PRAIA LTDA;IPIRANGA;AVENIDA PARIS, S/N - PRAIA DO MORRO;29216-570;GUARAPARI;ES;SE;DIESEL S10, ETANOL, GASOLINA, GASOLINA ADITIVADA;7,59 / 5,89 / 7,19 / 7,49;"R$ / litro; R$ / litro; R$ / litro; R$ / litro";Caixa eletronico,Lava-jato;;;;
20/04/2026;2026-S17;CONCORRENTE; 34.765.133/0001-70;RGM 2 COMERCIO DE PETROLEO LTDA;RGM 2 COMERCIO DE PETROLEO LTDA;IPIRANGA;AVENIDA CARLOS LINDENBERG, 2423 - ANEXO 1 - IBES;29108-335;VILA VELHA;ES;SE;DIESEL S10, ETANOL, GASOLINA, GASOLINA ADITIVADA;6,99 / 4,99 / 6,45 / 6,75;"R$ / litro; R$ / litro; R$ / litro; R$ / litro";Borracharia;;;;
20/04/2026;2026-S17;CONCORRENTE; 36.004.950/0001-31;DERIVADOS PETROLEO SANTA INES LTDA;DERIVADOS PETROLEO SANTA INES LTDA;IPIRANGA;RODOVIA CARLOS LINDEMBERG, 1801 - SANTA INES;29100-000;VILA VELHA;ES;SE;ETANOL, GASOLINA, GASOLINA ADITIVADA;4,99 / 6,45 / 6,65;"R$ / litro; R$ / litro; R$ / litro";Calibragem,Lava-jato,Troca de oleo;;;;
20/04/2026;2026-S17;CONCORRENTE; 36.336.386/0001-54;POSTO TRES COQUEIROS LTDA;POSTO TRES COQUEIROS LTDA;IPIRANGA;RODOVIA CARLOS LINDEMBERG, SN - ALVORADA;29123-600;VILA VELHA;ES;SE;DIESEL, DIESEL S10, ETANOL, GASOLINA, GASOLINA ADITIVADA;6,79 / 6,89 / 4,99 / 6,45 / 6,65;"R$ / litro; R$ / litro; R$ / litro; R$ / litro; R$ / litro";Caixa eletronico / Borracharia;;;;
20/04/2026;2026-S17;CONCORRENTE; 36.751.443/0001-61;BOA VISTA SERVICO AUTOMOTIVO LTDA;BOA VISTA SERVICO AUTOMOTIVO LTDA;ALE;AVENIDA JOAO XXIII, 1339 - BOA VISTA;29931-225;SAO MATEUS;ES;SE;DIESEL S10, GASOLINA, GASOLINA ADITIVADA;6,59 / 6,89 / 6,89;"R$ / litro; R$ / litro; R$ / litro";"Calibragem; Borracharia; Caixa eletronico";;;;
20/04/2026;2026-S17;CONCORRENTE; 37.361.618/0001-97;AUTO POSTO MAX COMBUSTIVEIS E DERIVADOS LTDA;AUTO POSTO MAX COMBUSTIVEIS E DERIVADOS LTDA;BRANCA;AVENIDA CEREJEIRA, 694 - LOTE  01                  QUADRA12 - MOVELAR;29906-014;LINHARES;ES;SE;ETANOL, GASOLINA, GASOLINA ADITIVADA;4,79 / 6,69 / 6,69;"R$ / litro; R$ / litro; R$ / litro";Caixa eletronico, Calibragem;;;;
20/04/2026;2026-S17;CONCORRENTE; 38.530.950/0001-09;POSTO CAPUABA LTDA;POSTO CAPUABA LTDA;BRANCA;ESTRADA CAPUABA, 21 - ATAIDE;29119-060;V. VELHA;ES;SE;DIESEL, DIESEL S10, ETANOL, GASOLINA, GASOLINA ADITIVADA;6,79 / 6,89 / 4,99 / 6,49 / 6,79;"R$ / litro; R$ / litro; R$ / litro; R$ / litro; R$ / litro";Caixa eletronico, Borracharia, Lava-jato;;;;
20/04/2026;2026-S17;CONCORRENTE; 97.538.270/0001-92;Super Posto Jequitiba Ltda;SUPER POSTO JEQUITIBA LTDA;RAIZEN;RODOVIA BR 101, KM 134, S/N - CANIVETE;29909-025;LINHARES;ES;SE;DIESEL, DIESEL S10, GASOLINA, GASOLINA ADITIVADA;6,99 / 7,19 / 6,54 / 6,84;"R$ / litro; R$ / litro; R$ / litro; R$ / litro";"Calibragem; Caixa eletronico; Borracharia";;;;
21/04/2026;2026-S17;CONCORRENTE; 03.948.877/0003-69;AUTO POSTO SANTA ANA LTDA;AUTO POSTO SANTA ANA LTDA;ALE;RODOVIA DO CAFE, 1871 - CARLOS GERMANO NAUMANN;29705-200;COLATINA;ES;SE;DIESEL, DIESEL S10, GASOLINA, GASOLINA ADITIVADA;6,89 / 6,99 / 6,55 / 6,75;"R$ / litro; R$ / litro; R$ / litro; R$ / litro";Calibragem, Lava-jato, Troca de oleo;;;;
21/04/2026;2026-S17;CONCORRENTE; 04.361.389/0001-51;AUTO POSTO WAVE LTDA;AUTO POSTO WAVE LTDA;ALE;AVENIDA TALMA RODRIGUES RIBEIRO, 5416 A - PORTAL DE JACARAIPE;29173-795;SERRA;ES;SE;DIESEL, DIESEL S10, ETANOL, GASOLINA;6,89 / 6,99 / 4,99 / 6,59;"R$ / litro; R$ / litro; R$ / litro; R$ / litro";Calibragem,Borracharia;;;;
21/04/2026;2026-S17;CONCORRENTE; 04.361.389/0002-32;AUTO POSTO WAVE LTDA;AUTO POSTO WAVE LTDA;ALE;AVENIDA MARTIN PESCADOR, 12 - PORTO CANOA;29168-460;Serra ;ES;SE;DIESEL S10, ETANOL, GASOLINA, GASOLINA ADITIVADA;6,99 / 4,99 / 6,59 / 6,59;"R$ / litro; R$ / litro; R$ / litro; R$ / litro";Borracharia / Caixa eletronico / Troca de oleo;;;;
21/04/2026;2026-S17;CONCORRENTE; 04.814.652/0001-10;POSTO MOTOCAP LTDA;POSTO MOTOCAP LTDA;VIBRA;PRACA ALMIRANTE BARROSO, 52 - LETRA A - LACE;29703-055;COLATINA;ES;SE;GASOLINA;6,79;R$ / litro;"Calibragem; Lava-jato; Conveniencia";;;;
21/04/2026;2026-S17;CONCORRENTE; 04.994.796/0001-04;POSTO SB LTDA;POSTO SB LTDA;VIBRA;AVENIDA BRASILIA, 1360 - PLANICIE DA SERRA;29168-710;SERRA;ES;SE;GASOLINA, GASOLINA ADITIVADA;6,59 / 6,74;"R$/l; R$/l";"Borracharia; Calibragem; Troca de oleo; Caixa eletronico";;;;
21/04/2026;2026-S17;CONCORRENTE; 05.393.247/0001-39;POSTO CANOA DERIVADOS DE PETROLEO LTDA;POSTO CANOA DERIVADOS DE PETROLEO LTDA;ALE;AVENIDA BRASILIA, 575 - PORTO CANOA;29168-600;SERRA;ES;SE;DIESEL S10, ETANOL, GASOLINA, GASOLINA ADITIVADA;6,99 / 4,99 / 6,59 / 6,59;"R$ / litro; R$ / litro; R$ / litro; R$ / litro";Borracharia / Caixa eletronico / Calibragem;;;;
21/04/2026;2026-S17;CONCORRENTE; 05.609.081/0001-45;AUTO SERVICO FLORESTA LTDA;AUTO SERVICO FLORESTA LTDA;VIBRA;AVENIDA PREFEITO SAMUEL BATISTA CRUZ, 1276 - ARACA;29900-100;LINHARES;ES;SE;DIESEL, DIESEL S10, GASOLINA;6,89 / 6,99 / 6,69;"R$ / litro; R$ / litro; R$ / litro";"Lava-jato; Troca de oleo; Caixa eletronico; Borracharia";;;;
2026-04-21;2026-S17;CONCORRENTE; 05.738.923/0001-69;GEGEL AUTO POSTO LTDA;GEGEL AUTO POSTO LTDA;RAIZEN;AVENIDA CENTRAL B, S/N - QUADRAEC VII - CIVIT II;29168-071;SERRA;ES;SE;DIESEL, ETANOL, GASOLINA, GASOLINA ADITIVADA;6,89 / 5,09 / 6,59 / 7,09;"R$ / litro; R$ / litro; R$ / litro; R$ / litro";Conveniencia / Borracharia / Caixa eletronico / Calibragem;;;;
21/04/2026;2026-S17;CONCORRENTE; 07.381.843/0001-24;POSTO DE COMBUSTIVEIS BRUNO LTDA;POSTO DE COMBUSTIVEIS BRUNO LTDA;ALE;RUA FIORAVANTE ROSSI, 738 - SAO BRAZ;29704-700;COLATINA;ES;SE;GASOLINA, GASOLINA ADITIVADA;6,69 / 6,69;"R$ / litro; R$ / litro";Borracharia;;;;
21/04/2026;2026-S17;CONCORRENTE; 07.830.414/0001-97;REVENDA DE COMBUSTIVEIS BKR LTDA;REVENDA DE COMBUSTIVEIS BKR LTDA;RAIZEN;RODOVIA GOVERNADOR MARIO COVAS, 122 - BARCELONA;29166-095;SERRA;ES;SE;DIESEL, ETANOL, GASOLINA, GASOLINA ADITIVADA;6,89 / 5,09 / 6,80 / 6,80;"R$ / litro; R$ / litro; R$ / litro; R$ / litro";Calibragem / Troca de oleo / Borracharia;;;;
21/04/2026;2026-S17;CONCORRENTE; 08.519.545/0001-10;SAO FRANCISCO DE ASSIS COMERCIO DE COMBUSTIVEIS LTDA;SAO FRANCISCO DE ASSIS COMERCIO DE COMBUSTIVEIS LTDA;VIBRA;PRACA FIDELIS FERRARI, 35 - LACE;29703-030;COLATINA;ES;SE;GASOLINA, GASOLINA ADITIVADA;6,99 / 7,09;"R$ / litro; R$ / litro";Caixa eletronico, Troca de oleo, Conveniencia;;;;
21/04/2026;2026-S17;CONCORRENTE;08971375000100;BRAX COMBUSTIVEIS LTDA;BRAX COMBUSTIVEIS LTDA;IPIRANGA;RODOVIA CONEGO JOAO GUILHERME, 1516 - MARIO GIURIZATTO;29706-557;COLATINA;ES;SE;DIESEL, DIESEL S10, ETANOL, GASOLINA, GASOLINA ADITIVADA;6,79 / 6,98 / 5,09 / 6,59 / 6,79;"R$ / litro; R$ / litro; R$ / litro; R$ / litro; R$ / litro";"Lava-jato; Troca de oleo";;;;
21/04/2026;2026-S17;CONCORRENTE; 10.223.356/0001-48;POSTO TREVO DA PONTE LTDA;POSTO TREVO DA PONTE LTDA;IPIRANGA;AVENIDA GOVERNADOR JONES DOS SANTOS NEVES, 160 - AVISO;29900-384;LINHARES;ES;SE;DIESEL, GASOLINA, GASOLINA ADITIVADA;6,69 / 6,69 / 6,69;"R$ / litro; R$ / litro; R$ / litro";Borracharia;;;;
21/04/2026;2026-S17;CONCORRENTE; 11.217.185/0001-07;POSTO PARADAO DA 101 LTDA;POSTO PARADAO DA 101 LTDA;RAIZEN;RODOVIA GOVERNADOR MARIO COVAS, S/N - KM    16010 - BEBEDOURO;29915-140;LINHARES;ES;SE;DIESEL, DIESEL S10, GASOLINA, GASOLINA ADITIVADA;6,99 / 7,19 / 6,59 / 6,99;"R$ / litro; R$ / litro; R$ / litro; R$ / litro";Calibragem, Lava-jato, Borracharia;;;;
21/04/2026;2026-S17;PROPRIO; 11.222.333/0004-24;REDE MARE COMBUSTIVEIS LTDA;REDE MARE;BRANCA;RODOVIA GOVERNADOR MARIO COVAS, 4324 - KM    265   POSTO - PLANALTO DE CARAPINA;29162-702;SERRA;ES;SE;DIESEL S10, ETANOL, GASOLINA, GASOLINA ADITIVADA;6,79 / 4,99 / 6,49 / 6,69;"R$ / litro; R$ / litro; R$ / litro; R$ / litro";Troca de oleo;Renata Alves;(27) 99633-9021;"01.823.633/0001-62; 04.361.389/0002-32; 05.393.247/0001-39";conferir bandeira
21/04/2026;2026-S17;CONCORRENTE; 12.535.572/0001-54;AUTO POSTO MORADA LTDA;AUTO POSTO MORADA LTDA;IPIRANGA;AVENIDA PAULO PEREIRA GOMES, S/N - LOTE  03C                 QUADRAUE IV               SETOR II - MORADA DE LARANJEIRAS;29166-828;SERRA;ES;SE;DIESEL S10, ETANOL, GASOLINA, GASOLINA ADITIVADA;6,89 / 4,99 / 6,49 / 6,69;"R$ / litro; R$ / litro; R$ / litro; R$ / litro";Borracharia,Calibragem,Troca de oleo;;;;
21/04/2026;2026-S17;CONCORRENTE; 20.246.670/0001-08;POSTO DE COMBUSTIVEIS COLATINA LTDA;POSTO DE COMBUSTIVEIS COLATINA LTDA;BRANCA;RODOVIA DO CAFE, 606 - CARLOS GERMANO NAUMANN;29705-200;COLATINA;ES;SE;DIESEL, DIESEL S10, ETANOL, GASOLINA;6,89 / 6,99 / 4,69 / 6,55;"R$ / litro; R$ / litro; R$ / litro; R$ / litro";"Troca de oleo; Calibragem";;;;
21/04/2026;2026-S17;CONCORRENTE; 21.246.940/0001-35;AUTO POSTO GASCROMA COMERCIO DE COMBUSTIVEIS, LUBRIFICANTES E SERVICOS LTDA;AUTO POSTO GASCROMA COMERCIO DE COMBUSTIVEIS, LUBRIFICANTES E SERVICOS LTDA;VIBRA;AVENIDA JERONIMO MONTEIRO, 840 - JABURUNA;29100-600;VILA VELHA;ES;SE;GASOLINA, GASOLINA ADITIVADA;6,59 / 6,59;"R$ / litro; R$ / litro";"Calibragem; Conveniencia";;;;
21/04/2026;2026-S17;CONCORRENTE; 22.356.015/0001-20;CENTRAL COMERCIO DE COMBUSTIVEIS LTDA;CENTRAL COMERCIO DE COMBUSTIVEIS LTDA;IPIRANGA;"AVENIDA ELDES SCHERRER SOUZA, 2100 - : POSTO; - CIVIT II";29168-060;SERRA;ES;SE;DIESEL, DIESEL S10, ETANOL, GASOLINA, GASOLINA ADITIVADA, GNV;6,89 / 6,99 / 4,99 / 6,59 / 6,79 / 3,99;"R$ / litro; R$ / litro; R$ / litro; R$ / litro; R$ / litro; R$ / m³";Troca de oleo, Borracharia, Lava-jato, Conveniencia;;;;
21/04/2026;2026-S17;CONCORRENTE; 27.085.240/0001-92;POSTO DE GASOLINA SANTO ANTONIO LTDA;POSTO DE GASOLINA SANTO ANTONIO LTDA;ALE;AVENIDA SILVIO AVIDOS, 3251 - SANTO ANTONIO;29704-053;COLATINA;ES;SE;DIESEL, DIESEL S10, GASOLINA, GASOLINA ADITIVADA;6,89 / 6,99 / 6,79 / 6,92;"R$ / litro; R$ / litro; R$ / litro; R$ / litro";Lava-jato,Calibragem;;;;
21/04/2026;2026-S17;CONCORRENTE; 27.352.004/0001-95;POSTO DE COMBUSTIVEIS GIRASSOL LTDA;POSTO DE COMBUSTIVEIS GIRASSOL LTDA;VIBRA;AVENIDA DAS NACOES, 852 - COLATINA VELHA;29700-543;COLATINA;ES;SE;DIESEL, ETANOL, GASOLINA, GASOLINA ADITIVADA;6,79 / 5,19 / 6,79 / 6,89;"R$ / litro; R$ / litro; R$ / litro; R$ / litro";Lava-jato,Borracharia;;;;
21/04/2026;2026-S17;CONCORRENTE; 27.664.597/0005-59;AUTO POSTO SCHUENG LTDA;AUTO POSTO SCHUENG LTDA;ALE;RODOVIA GOVERNADOR MARIO COVAS, S/N - KM    159 - BEBEDOURO;29915-140;LINHARES;ES;SE;DIESEL, DIESEL S10, GASOLINA;6,89 / 6,99 / 6,59;"R$ / litro; R$ / litro; R$ / litro";Lava-jato / Caixa eletronico / Troca de oleo;;;;
21/04/2026;2026-S17;CONCORRENTE; 32.467.417/0001-55;J C RODRIGUES NETO E FILHOS LTDA;J C RODRIGUES NETO E FILHOS LTDA;VIBRA;RUA CEARA, S/N - LOTES 01/04  Q.01 - PRAIA DA COSTA;29101-290;VILA VELHA;ES;SE;ETANOL, GASOLINA, GASOLINA ADITIVADA;4,91 / 6,49 / 6,49;"R$ / litro; R$ / litro; R$ / litro";Lava-jato / Borracharia / Calibragem / Caixa eletronico;;;;
22/04/2026;2026-S17;CONCORRENTE; 00.580.488/0001-73;POSTO DE GASOLINA MARACANA LTDA;POSTO DE GASOLINA MARACANA LTDA;IPIRANGA;AVENIDA ALICE COUTINHO SANTOS, 2101 - POSTO DE GASOLINA - MARACANA;29142-887;CARIACICA;ES;SE;DIESEL, DIESEL S10, ETANOL, GASOLINA, GASOLINA ADITIVADA;6,65 / 6,89 / 4,99 / 6,39 / 6,59;"R$ / litro; R$ / litro; R$ / litro; R$ / litro; R$ / litro";Troca de oleo,Borracharia,Caixa eletronico;;;;
22/04/2026;2026-S17;CONCORRENTE; 02.582.857/0001-92;POSTO CAMPO GRANDE LTDA;POSTO CAMPO GRANDE LTDA;ATLÂNTICA;AVENIDA EXPEDITO GARCIA, 222 - CAMPO GRANDE;29157-405;CARIACICA;ES;SE;ETANOL, GASOLINA, GASOLINA ADITIVADA;4,89 / 6,34 / 6,34;"R$ / litro; R$ / litro; R$ / litro";Lava-jato;;;;
22/04/2026;2026-S17;PROPRIO; 11.222.333/0001-81;Rede Mare Combustiveis Ltda;REDE MARE;BRANCA;AVENIDA MARIO GURGEL, 1092 - ITAQUARI;29151-570;CARIACICA;ES;SE;DIESEL, DIESEL S10, ETANOL, GASOLINA, GASOLINA ADITIVADA, GNV;6,76 / 6,82 / 4,87 / 6,59 / 6,59 / 4,09;"R$ / litro; R$ / litro; R$ / litro; R$ / litro; R$ / litro; R$ / m³";"Conveniencia; Troca de oleo; Caixa eletronico; Borracharia";Carlos Menezes;(27) 99811-2041 / (27) 3334-1100;00.580.488/0001-73 / 13.814.642/0001-76 / 15.226.314/0001-84;
22/04/2026;2026-S17;PROPRIO; 11.222.333/0005-05;REDE MARE COMBUSTIVEIS LTDA.;REDE MARE;BRANCA;AVENIDA MARIO GURGEL, 3127 - FUNDOSCOM A AV EXPEDITO GA - CAMPO GRANDE;29146-012;CARIACICA;ES;SE;DIESEL S10, ETANOL, GASOLINA, GASOLINA ADITIVADA, GNV;7,09 / 4,99 / 6,39 / 6,39 / 3,99;"R$ / litro; R$ / litro; R$ / litro; R$ / litro; R$ / m³";Conveniencia;Marcos Lyrio;(27) 99890-1276 / (27) 3345-0098;00.580.488/0001-73 / 13.814.642/0001-76 / 15.226.314/0001-84;
22/04/2026;2026-S17;CONCORRENTE; 13.814.642/0001-76;POSTO BR 31 AUTO SERVICOS LTDA;POSTO BR 31 AUTO SERVICOS LTDA;RAIZEN;AVENIDA MARIO GURGEL, 2844 - ALTO LAJE;29151-026;CARIACICA;ES;SE;DIESEL S10, ETANOL, GASOLINA, GASOLINA ADITIVADA;6,89 / 4,99 / 6,45 / 6,85;"R$ / litro; R$ / litro; R$ / litro; R$ / litro";"Troca de oleo; Calibragem; Caixa eletronico; Conveniencia";;;;
22/04/2026;2026-S17;CONCORRENTE; 15.226.314/0001-84;MAIS COMERCIO DE COMBUSTIVEL CARIACICA LTDA;MAIS COMERCIO DE COMBUSTIVEL CARIACICA LTDA;BRANCA;AVENIDA MARIO GURGEL, 4935 - VILA PALESTINA;29145-711;CARIACICA;ES;SE;ETANOL, GASOLINA;4,99 / 6,49;"R$ / litro; R$ / litro";Borracharia, Lava-jato, Conveniencia, Calibragem;;;;
22/04/2026;2026-S17;CONCORRENTE; 24.145.665/0001-51;C.R.B. DEZAN E CIA LTDA;C.R.B. DEZAN E CIA LTDA;ATLÂNTICA;AVENIDA MARIO GURGEL, 5913 - AUTO POSTO - SAO FRANCISCO;29145-409;CARIACICA;ES;SE;DIESEL S10, ETANOL, GASOLINA;6,99 / 4,99 / 6,49;"R$ / litro; R$ / litro; R$ / litro";"Conveniencia; Caixa eletronico";;;;
22/04/2026;2026-S17;CONCORRENTE; 27.016.518/0001-70;AUTO POSTO CONTORNO LTDA;AUTO POSTO CONTORNO LTDA;BRANCA;RODOVIA GOVERNADOR MARIO COVAS, 11282 - SERRA DO ANIL;29147-030;CARIACICA;ES;SE;DIESEL, DIESEL S10, ETANOL, GASOLINA, GASOLINA ADITIVADA;6,79 / 6,89 / 4,99 / 6,45 / 6,65;"R$ / litro; R$ / litro; R$ / litro; R$ / litro; R$ / litro";Borracharia;;;;
22/04/2026;2026-S17;CONCORRENTE; 27.394.378/0001-73;POSTO DE PRODUTOS DE PETROLEO OASIS LTDA;POSTO DE PRODUTOS DE PETROLEO OASIS LTDA;IPIRANGA;AVENIDA MARIO GURGEL, 297 - JARDIM AMERICA;29140-261;CARIACICA;ES;SE;DIESEL S10, GASOLINA, GASOLINA ADITIVADA, GNV;6,79 / 6,35 / 6,89 / 3,99;"R$ / litro; R$ / litro; R$ / litro; R$ / m³";"Calibragem; Caixa eletronico";;;;preco conferido por telefone
22/04/2026;2026-S17;CONCORRENTE; 27.396.415/0001-82;AUTO SERVICO SAO CRISTOVAO LTDA;AUTO SERVICO SAO CRISTOVAO LTDA;VIBRA;AVENIDA MARIO GURGEL, 4 - KM    4 5  BR 262 - DOM BOSCO;29147-345;CARIACICA;ES;SE;DIESEL, ETANOL, GASOLINA, GASOLINA ADITIVADA, GNV;6,87 / 4,89 / 6,48 / 6,59 / 3,98;"R$ / litro; R$ / litro; R$ / litro; R$ / litro; R$ / m³";Caixa eletronico / Borracharia / Conveniencia;;;;
22/04/2026;2026-S17;CONCORRENTE; 27.926.384/0001-24;PETROVERA - POSTO DE PRODUTOS DE PETROLEO E TRANSPORTES LTDA - ME;PETROVERA - POSTO DE PRODUTOS DE PETROLEO E TRANSPORTES LTDA - ME;IPIRANGA;RODOVIA GOVERNADOR JOSE HENRIQUE SETTE, 906 - PAVMTO01 - ALTO LAGE;29151-055;CARIACICA;ES;SE;DIESEL, DIESEL S10, ETANOL, GASOLINA, GASOLINA ADITIVADA;6,89 / 6,99 / 4,99 / 6,45 / 6,45;"R$ / litro; R$ / litro; R$ / litro; R$ / litro; R$ / litro";"Caixa eletronico; Conveniencia; Borracharia; Calibragem";;;;
22/04/2026;2026-S17;CONCORRENTE;28344206000158;POSTO DE COMBUSTIVEIS ITACIBA LTDA;POSTO DE COMBUSTIVEIS ITACIBA LTDA;BRANCA;RUA MANOEL JOAQUIM DOS SANTOS, 317 - ITACIBA;29150-270;CARIACICA;ES;SE;ETANOL, GASOLINA, GASOLINA ADITIVADA;4,85 / 6,45 / 6,45;"R$ / litro; R$ / litro; R$ / litro";Troca de oleo / Conveniencia / Lava-jato / Borracharia;;;;
27/04/2026;2026-S18;CONCORRENTE; 01.496.517/0001-86;POSTO PERIM LTDA;POSTO PERIM LTDA;VIBRA;RUA SANTA LEOPOLDINA, 1650 - ITAPARICA;29102-040;VILA VELHA;ES;SE;DIESEL S10, ETANOL, GASOLINA, GASOLINA ADITIVADA;6,99 / 5,19 / 6,49 / 6,69;"R$/l; R$/l; R$/l; R$/l";Conveniencia / Borracharia / Caixa eletronico / Calibragem;;;;
27/04/2026;2026-S18;CONCORRENTE; 01.823.633/0001-62;POSTO METROPOLITANO LTDA;POSTO METROPOLITANO LTDA;IPIRANGA;VIA DOIS, 226 - ANEXO QUADRA 03 MODULO 03 - TIMS;29161-373;SERRA;ES;SE;DIESEL, DIESEL S10, ETANOL, GASOLINA, GASOLINA ADITIVADA;6,79 / 6,89 / 4,99 / 6,45 / 6,65;"R$ / litro; R$ / litro; R$ / litro; R$ / litro; R$ / litro";Borracharia / Calibragem;;;;
27/04/2026;2026-S18;CONCORRENTE; 02.567.214/0001-70;POSTO DE COMBUSTIVEL IDEAL LTDA;POSTO DE COMBUSTIVEL IDEAL LTDA;IPIRANGA;AVENIDA VITORIA, 3031 - GURIGICA;29027-080;VITORIA;ES;SE;ETANOL, GASOLINA, GASOLINA ADITIVADA;4,85 / 6,45 / 6,59;"R$ / litro; R$ / litro; R$ / litro";Conveniencia / Borracharia / Calibragem;;;;
2026-04-27;2026-S18;CONCORRENTE; 04.228.463/0001-66;AUTO POSTO MARLIN LTDA;AUTO POSTO MARLIN LTDA;ATLÂNTICA;RUA JUIZ ALEXANDRE MARTINS DE CASTRO FILHO, 285 - SANTA LUCIA;29056-295;VITORIA;ES;SE;DIESEL S10, ETANOL, GASOLINA, GASOLINA ADITIVADA;6,99 / 4,99 / 6,47 / 6,67;"R$ / litro; R$ / litro; R$ / litro; R$ / litro";Caixa eletronico,Troca de oleo;;;;
27/04/2026;2026-S18;CONCORRENTE; 04.361.389/0001-51;AUTO POSTO WAVE LTDA;AUTO POSTO WAVE LTDA;ALE;AVENIDA TALMA RODRIGUES RIBEIRO, 5416 A - PORTAL DE JACARAIPE;29173-795;SERRA;ES;SE;DIESEL, DIESEL S10, ETANOL, GASOLINA;6,89 / 6,99 / 4,99 / 6,49;"R$ / litro; R$ / litro; R$ / litro; R$ / litro";"Calibragem; Borracharia";;;;preco conferido por telefone
27/04/2026;2026-S18;CONCORRENTE; 04.960.337/0001-00;RENOVA COMERCIO COMBUSTIVEL E SERVICOS LTDA;RENOVA COMERCIO COMBUSTIVEL E SERVICOS LTDA;BRANCA;AVENIDA LEITAO DA SILVA, 1150 - SANTA LUCIA;29056-184;Vitória;ES;SE;ETANOL, GASOLINA, GASOLINA ADITIVADA;4,81 / 6,45 / 6,45;"R$/l; R$/l; R$/l";Borracharia / Calibragem;;;;
27/04/2026;2026-S18;CONCORRENTE; 05.609.081/0001-45;AUTO SERVICO FLORESTA LTDA;AUTO SERVICO FLORESTA LTDA;VIBRA;AVENIDA PREFEITO SAMUEL BATISTA CRUZ, 1276 - ARACA;29900-100;LINHARES;ES;SE;GASOLINA;6,69;R$ / litro;Lava-jato,Troca de oleo,Caixa eletronico,Borracharia;;;;
27/04/2026;2026-S18;CONCORRENTE; 05.738.923/0001-69;GEGEL AUTO POSTO LTDA;GEGEL AUTO POSTO LTDA;RAIZEN;AVENIDA CENTRAL B, S/N - QUADRAEC VII - CIVIT II;29168-071;SERRA;ES;SE;DIESEL, ETANOL, GASOLINA, GASOLINA ADITIVADA;6,89 / 5,09 / 6,49 / 6,99;"R$ / litro; R$ / litro; R$ / litro; R$ / litro";Conveniencia / Borracharia / Caixa eletronico / Calibragem;;;;
27/04/2026;2026-S18;CONCORRENTE; 07.571.908/0001-02;AUTO POSTO CORAL LTDA;AUTO POSTO CORAL LTDA;VIBRA;AVENIDA NORTE SUL, 259 - N.S.DO ROSARIO DE FATIMA;29176-798;SERRA;ES;SE;GASOLINA, GASOLINA ADITIVADA;6,49 / 6,79;"R$ / litro; R$ / litro";Borracharia, Lava-jato, Conveniencia;;;;
27/04/2026;2026-S18;CONCORRENTE; 08.788.618/0001-70;J. S. PETROLEO E COMERCIO LTDA.;J. S. PETROLEO E COMERCIO LTDA.;RAIZEN;AVENIDA DANTE MICHELINI, 2461 - MATA DA PRAIA;29066-430;VITORIA;ES;SE;DIESEL S10, ETANOL, GASOLINA, GASOLINA ADITIVADA, GNV;6,69 / 4,99 / 6,49 / 6,89 / 3,99;"R$/l; R$/l; R$/l; R$/l; R$ / m³";Borracharia, Caixa eletronico, Troca de oleo;;;;
27/04/2026;2026-S18;CONCORRENTE; 10.223.356/0001-48;POSTO TREVO DA PONTE LTDA;POSTO TREVO DA PONTE LTDA;IPIRANGA;AVENIDA GOVERNADOR JONES DOS SANTOS NEVES, 160 - AVISO;29900-384;LINHARES;ES;SE;DIESEL, GASOLINA, GASOLINA ADITIVADA;6,69 / 6,69 / 6,69;"R$ / litro; R$ / litro; R$ / litro";Borracharia;;;;
2026-04-27;2026-S18;CONCORRENTE; 10.331.576/0001-95;AUTO POSTO LINHARES LTDA;AUTO POSTO LINHARES LTDA;IPIRANGA;AVENIDA JOSE TESCH, 657 - SHELL;29901-500;LINHARES;ES;SE;DIESEL, DIESEL S10, GASOLINA, GASOLINA ADITIVADA;6,69 / 6,79 / 6,69 / 6,69;"R$ / litro; R$ / litro; R$ / litro; R$ / litro";"Conveniencia; Caixa eletronico; Troca de oleo; Borracharia";;;;
27/04/2026;2026-S18;CONCORRENTE; 11.217.185/0001-07;POSTO PARADAO DA 101 LTDA;POSTO PARADAO DA 101 LTDA;RAIZEN;RODOVIA GOVERNADOR MARIO COVAS, S/N - KM    16010 - BEBEDOURO;29915-140;LINHARES;ES;SE;DIESEL, DIESEL S10, GASOLINA, GASOLINA ADITIVADA;6,89 / 6,99 / 6,59 / 6,99;"R$ / litro; R$ / litro; R$ / litro; R$ / litro";Calibragem / Lava-jato / Borracharia;;;;
27/04/2026;2026-S18;PROPRIO; 11.222.333/0003-43;REDE MARE COMBUSTIVEIS LTDA;REDE MARE;BRANCA;AVENIDA VITORIA, 2667 - HORTO;29027-080;VITORIA;ES;SE;DIESEL S10, ETANOL, GASOLINA, GASOLINA ADITIVADA;6,89 / 4,85 / 6,45 / 6,45;"R$ / litro; R$ / litro; R$ / litro; R$ / litro";Conveniencia / Borracharia;Paulo Ferraz;(27) 99945-7810 / (27) 3226-4410;02.567.214/0001-70 / 14.806.977/0001-05 / 26.980.450/0001-81;preco conferido por telefone
27/04/2026;2026-S18;CONCORRENTE; 11.942.147/0001-17;POSTO PARADA VITORIA LTDA;POSTO PARADA VITORIA LTDA;ALE;AVENIDA MARECHALCAMPOS, 370 - CONSOLACAO;29045-460;VITORIA;ES;SE;DIESEL S10, ETANOL, GASOLINA, GASOLINA ADITIVADA;7,49 / 4,98 / 6,45 / 6,60;"R$ / litro; R$ / litro; R$ / litro; R$ / litro";Conveniencia / Caixa eletronico / Troca de oleo;;;;
27/04/2026;2026-S18;CONCORRENTE; 12.535.572/0001-54;AUTO POSTO MORADA LTDA;AUTO POSTO MORADA LTDA;IPIRANGA;AVENIDA PAULO PEREIRA GOMES, S/N - LOTE  03C                 QUADRAUE IV               SETOR II - MORADA DE LARANJEIRAS;29166-828;SERRA;ES;SE;DIESEL S10, ETANOL, GASOLINA, GASOLINA ADITIVADA;6,89 / 4,99 / 6,49 / 6,69;"R$ / litro; R$ / litro; R$ / litro; R$ / litro";Borracharia, Calibragem, Troca de oleo;;;;
27/04/2026;2026-S18;CONCORRENTE; 14.806.977/0001-05;AUTO POSTO SILVARES LTDA;AUTO POSTO SILVARES LTDA;IPIRANGA;AVENIDA   NAIR AZEVEDO SILVA, 430 - ILHA DO PRINCIPE;29020-240;VITORIA;ES;SE;ETANOL, GASOLINA, GASOLINA ADITIVADA;4,99 / 6,49 / 6,69;"R$ / litro; R$ / litro; R$ / litro";Borracharia;;;;
27/04/2026;2026-S18;CONCORRENTE; 16.577.742/0001-14;AUTO POSTO ESCOLA COMERCIO DE COMBUSTIVEIS, LUBRIFICANTES E SERVICOS LTDA;AUTO POSTO ESCOLA COMERCIO DE COMBUSTIVEIS, LUBRIFICANTES E SERVICOS LTDA;VIBRA;"AVENIDA AMERICO BUAIZ, 1 - : POSTO; - ENSEADA DO SUA";29050-463;VITORIA;ES;SE;GASOLINA, GASOLINA ADITIVADA;6,49 / 6,69;"R$ / litro; R$ / litro";Troca de oleo,Caixa eletronico;;;;
27/04/2026;2026-S18;CONCORRENTE; 22.356.015/0001-20;CENTRAL COMERCIO DE COMBUSTIVEIS LTDA;CENTRAL COMERCIO DE COMBUSTIVEIS LTDA;IPIRANGA;"AVENIDA ELDES SCHERRER SOUZA, 2100 - : POSTO; - CIVIT II";29168-060;SERRA;ES;SE;DIESEL, DIESEL S10, ETANOL, GASOLINA, GASOLINA ADITIVADA, GNV;6,89 / 6,99 / 4,99 / 6,49 / 6,69 / 3,99;"R$ / litro; R$ / litro; R$ / litro; R$ / litro; R$ / litro; R$ / m³";Troca de oleo / Borracharia / Lava-jato / Conveniencia;;;;
27/04/2026;2026-S18;CONCORRENTE; 26.980.450/0001-81;AUTO POSTO VITORIA COMERCIO DE COMBUSTIVEIS LTDA;AUTO POSTO VITORIA COMERCIO DE COMBUSTIVEIS LTDA;VIBRA;RUA OLYMPIO RODRIGUES PASSOS, 14 - LOJA  01 - JABOUR;29072-290;VITORIA;ES;SE;ETANOL, GASOLINA, GASOLINA ADITIVADA;5,29 / 6,49 / 6,79;"R$ / litro; R$ / litro; R$ / litro";Caixa eletronico;;;;
27/04/2026;2026-S18;CONCORRENTE; 27.066.273/0002-76;POSTO ARVOREDO LTDA;POSTO ARVOREDO LTDA;BRANCA;AVENIDA VITORIA, 1600 - POSTO - ILHA DE SANTA MARIA;29051-040;VITORIA;ES;SE;ETANOL, GASOLINA, GASOLINA ADITIVADA;4,85 / 6,45 / 6,45;"R$ / litro; R$ / litro; R$ / litro";Lava-jato,Troca de oleo,Borracharia;;;;
27/04/2026;2026-S18;CONCORRENTE; 27.664.597/0005-59;AUTO POSTO SCHUENG LTDA;AUTO POSTO SCHUENG LTDA;ALE;RODOVIA GOVERNADOR MARIO COVAS, S/N - KM    159 - BEBEDOURO;29915-140;LINHARES;ES;SE;DIESEL, DIESEL S10, GASOLINA;6,89 / 6,99 / 6,59;"R$ / litro; R$ / litro; R$ / litro";Lava-jato / Caixa eletronico / Troca de oleo;;;;
27/04/2026;2026-S18;CONCORRENTE; 27.734.094/0001-89;POSTO ATLANTICO LTDA;POSTO ATLANTICO LTDA;RAIZEN;AVENIDA DANTE MICHELINI, 4655 - POSTO - JARDIM CAMBURI;29090-070;VITORIA;ES;SE;DIESEL S10, ETANOL, GASOLINA, GASOLINA ADITIVADA;6,79 / 5,29 / 6,79 / 7,14;"R$ / litro; R$ / litro; R$ / litro; R$ / litro";Borracharia,Calibragem;;;;
27/04/2026;2026-S18;CONCORRENTE; 28.059.632/0001-40;A.B.C. AUTO SERVICOS LTDA;A.B.C. AUTO SERVICOS LTDA;RAIZEN;AVENIDA ROBERT KENNEDY, 21 - A - SAO TORQUATO;29114-000;VILA VELHA;ES;SE;DIESEL, DIESEL S10, GASOLINA, GASOLINA ADITIVADA;6,99 / 6,99 / 6,45 / 6,85;"R$ / litro; R$ / litro; R$ / litro; R$ / litro";Caixa eletronico / Borracharia / Troca de oleo;;;;
27/04/2026;2026-S18;CONCORRENTE; 28.413.219/0001-31;COMERCIAL NORTE SUL LTDA;COMERCIAL NORTE SUL LTDA;VIBRA;AVENIDA MARUIPE, 2757 - SANTA LUIZA;29045-230;VITORIA;ES;SE;GASOLINA, GASOLINA ADITIVADA;6,49 / 6,79;"R$ / litro; R$ / litro";Lava-jato;;;;
27/04/2026;2026-S18;CONCORRENTE; 36.336.386/0001-54;POSTO TRES COQUEIROS LTDA;POSTO TRES COQUEIROS LTDA;IPIRANGA;RODOVIA CARLOS LINDEMBERG, SN - ALVORADA;29123-600;VILA VELHA;ES;SE;DIESEL, DIESEL S10, ETANOL, GASOLINA, GASOLINA ADITIVADA;6,79 / 6,89 / 4,99 / 6,45 / 6,65;"R$ / litro; R$ / litro; R$ / litro; R$ / litro; R$ / litro";"Caixa eletronico; Borracharia";;;;
28/04/2026;2026-S18;CONCORRENTE; 00.580.488/0001-73;POSTO DE GASOLINA MARACANA LTDA;POSTO DE GASOLINA MARACANA LTDA;IPIRANGA;AVENIDA ALICE COUTINHO SANTOS, 2101 - POSTO DE GASOLINA - MARACANA;29142-887;CARIACICA;ES;SE;DIESEL, DIESEL S10, ETANOL, GASOLINA, GASOLINA ADITIVADA;6,65 / 6,89 / 4,89 / 6,39 / 6,59;"R$ / litro; R$ / litro; R$ / litro; R$ / litro; R$ / litro";Troca de oleo, Borracharia, Caixa eletronico;;;;
28/04/2026;2026-S18;CONCORRENTE; 01.503.536/0001-92;POSTO MARCELA LTDA;POSTO MARCELA LTDA;VIBRA;RUA DO PESSEGUEIRO, S/N - DIVINO ESPÍRITO SANTO;29107-230;Vila Velha;ES;SE;DIESEL S10, GASOLINA, GASOLINA ADITIVADA;6,89 / 6,46 / 6,66;"R$ / litro; R$ / litro; R$ / litro";"Caixa eletronico; Borracharia";;;;
28/04/2026;2026-S18;CONCORRENTE; 01.557.127/0001-79;AUTO POSTO ILHA DAS GARCAS LTDA;AUTO POSTO ILHA DAS GARCAS LTDA;VIBRA;RUA MARIA DE OLIVEIRA MARES GUIA, 40 - PRAIA DAS GAIVOTAS;29102-567;Vila Velha;ES;SE;GASOLINA, GASOLINA ADITIVADA;6,39 / 6,79;"R$ / litro; R$ / litro";Borracharia / Caixa eletronico;;;;
28/04/2026;2026-S18;CONCORRENTE; 02.582.857/0001-92;POSTO CAMPO GRANDE LTDA;POSTO CAMPO GRANDE LTDA;ATLÂNTICA;AVENIDA EXPEDITO GARCIA, 222 - CAMPO GRANDE;29157-405;CARIACICA;ES;SE;ETANOL, GASOLINA, GASOLINA ADITIVADA;4,99 / 6,34 / 6,39;"R$ / litro; R$ / litro; R$ / litro";Lava-jato;;;;
28/04/2026;2026-S18;CONCORRENTE; 04.145.589/0011-49;ARARA AZUL REDE DE POSTOS LTDA;ARARA AZUL REDE DE POSTOS LTDA;BRANCA;RODOVIA RODOVIA DO SOL, 530 - PRAIA DE ITAPARICA;29102-020;VILA VELHA;ES;SE;DIESEL S10, ETANOL, GASOLINA, GASOLINA ADITIVADA;6,98 / 5,09 / 6,46 / 6,76;"R$/l; R$/l; R$/l; R$/l";Lava-jato, Troca de oleo, Borracharia;;;;
28/04/2026;2026-S18;CONCORRENTE; 04.361.389/0002-32;AUTO POSTO WAVE LTDA;AUTO POSTO WAVE LTDA;ALE;AVENIDA MARTIN PESCADOR, 12 - PORTO CANOA;29168-460;SERRA;ES;SE;DIESEL S10, ETANOL, GASOLINA, GASOLINA ADITIVADA;6,99 / 4,99 / 6,49 / 6,69;"R$ / litro; R$ / litro; R$ / litro; R$ / litro";Borracharia,Caixa eletronico,Troca de oleo;;;;
28/04/2026;2026-S18;CONCORRENTE; 04.994.796/0001-04;POSTO SB LTDA;POSTO SB LTDA;VIBRA;AVENIDA BRASILIA, 1360 - PLANICIE DA SERRA;29168-710;SERRA;ES;SE;GASOLINA, GASOLINA ADITIVADA;6,59 / 6,74;"R$ / litro; R$ / litro";"Borracharia; Calibragem; Troca de oleo; Caixa eletronico";;;;
28/04/2026;2026-S18;CONCORRENTE; 05.393.247/0001-39;POSTO CANOA DERIVADOS DE PETROLEO LTDA;POSTO CANOA DERIVADOS DE PETROLEO LTDA;ALE;AVENIDA BRASILIA, 575 - PORTO CANOA;29168-600;SERRA;ES;SE;DIESEL S10, ETANOL, GASOLINA, GASOLINA ADITIVADA;6,99 / 4,99 / 6,49 / 6,69;"R$ / litro; R$ / litro; R$ / litro; R$ / litro";Borracharia / Caixa eletronico / Calibragem;;;;
28/04/2026;2026-S18;CONCORRENTE; 07.470.392/0001-00;POSTO DE COMBUSTIVEIS OTAVIO EIRELI;POSTO DE COMBUSTIVEIS OTAVIO EIRELI;RAIZEN;AVENIDA ABDO SAAD, 833 - JACARAIPE;29173-510;SERRA;ES;SE;DIESEL, ETANOL, GASOLINA, GASOLINA ADITIVADA;6,89 / 5,19 / 6,59 / 6,89;"R$ / litro; R$ / litro; R$ / litro; R$ / litro";Borracharia;;;;
28/04/2026;2026-S18;CONCORRENTE; 07.830.414/0001-97;REVENDA DE COMBUSTIVEIS BKR LTDA;REVENDA DE COMBUSTIVEIS BKR LTDA;RAIZEN;RODOVIA GOVERNADOR MARIO COVAS, 122 - BARCELONA;29166-095;SERRA;ES;SE;DIESEL, ETANOL, GASOLINA, GASOLINA ADITIVADA;6,89 / 5,09 / 6,80 / 6,80;"R$ / litro; R$ / litro; R$ / litro; R$ / litro";Calibragem / Troca de oleo / Borracharia;;;;
28/04/2026;2026-S18;CONCORRENTE; 08.022.304/0001-61;AUTO POSTO DE COMBUSTIVEL RTT LTDA;AUTO POSTO DE COMBUSTIVEL RTT LTDA;IPIRANGA;RUA MOEMA, 38 - DIVINO ESPIRITO SANTO;29107-250;VILA VELHA;ES;SE;DIESEL S10, ETANOL, GASOLINA, GASOLINA ADITIVADA;6,99 / 5,09 / 6,45 / 6,65;"R$ / litro; R$ / litro; R$ / litro; R$ / litro";Borracharia;;;;
28/04/2026;2026-S18;CONCORRENTE; 09.167.931/0001-53;POSTO CHAMPAGNAT LTDA;POSTO CHAMPAGNAT LTDA;IPIRANGA;RUA HUGO MUSSO, 550 - PRAIA DA COSTA;29101-280;VILA VELHA;ES;SE;DIESEL S10, ETANOL, GASOLINA, GASOLINA ADITIVADA;6,99 / 4,99 / 6,59 / 6,79;"R$ / litro; R$ / litro; R$ / litro; R$ / litro";Calibragem,Conveniencia,Caixa eletronico;;;;
28/04/2026;2026-S18;CONCORRENTE; 10.197.775/0001-52;REDE DE POSTOS SAGUI LTDA;REDE DE POSTOS SAGUI LTDA;ATLÂNTICA;RUA EUCLIDES DA CUNHA, 421 - SAO DIOGO I;29163-265;Serra ;ES;SE;DIESEL S10, ETANOL, GASOLINA, GASOLINA ADITIVADA;6,99 / 4,99 / 6,47 / 6,67;"R$ / litro; R$ / litro; R$ / litro; R$ / litro";Caixa eletronico, Conveniencia;;;;
28/04/2026;2026-S18;CONCORRENTE; 10.569.345/0001-14;POSTO CRISTOVAO COLOMBO LTDA;POSTO CRISTOVAO COLOMBO LTDA;VIBRA;RUA CRISTOVAO COLOMBO, 582 - CRISTOVAO COLOMBO;29106-595;VILA VELHA;ES;SE;GASOLINA, GASOLINA ADITIVADA;6,45 / 6,75;"R$ / litro; R$ / litro";Caixa eletronico,Troca de oleo,Lava-jato,Calibragem;;;;
28/04/2026;2026-S18;PROPRIO; 11.222.333/0001-81;REDE MARE COMBUSTIVEIS LTDA;REDE MARE;BRANCA;AVENIDA MARIO GURGEL, 1092 - ITAQUARI;29151-570;CARIACICA;ES;SE;DIESEL, DIESEL S10, ETANOL, GASOLINA, GASOLINA ADITIVADA, GNV;6,76 / 6,82 / 4,87 / 6,59 / 6,59 / 4,09;"R$ / litro; R$ / litro; R$ / litro; R$ / litro; R$ / litro; R$ / m³";Conveniencia,Troca de oleo,Caixa eletronico,Borracharia;Fernanda Castro;(27) 99720-4488;00.580.488/0001-73 / 13.814.642/0001-76 / 15.226.314/0001-84;
28/04/2026;2026-S18;PROPRIO; 11.222.333/0004-24;REDE MARE COMBUSTIVEIS LTDA.;REDE MARE;BRANCA;RODOVIA GOVERNADOR MARIO COVAS, 4324 - KM    265   POSTO - PLANALTO DE CARAPINA;29162-702;SERRA;ES;SE;DIESEL S10, ETANOL, GASOLINA, GASOLINA ADITIVADA;6,79 / 4,99 / 6,49 / 6,69;"R$ / litro; R$ / litro; R$ / litro; R$ / litro";Troca de oleo;Renata Alves;(27) 99633-9021;"01.823.633/0001-62; 04.361.389/0002-32; 05.393.247/0001-39";
28/04/2026;2026-S18;PROPRIO; 11.222.333/0005-05;REDE MARE COMBUSTIVEIS LTDA;REDE MARE;BRANCA;AVENIDA MARIO GURGEL, 3127 - FUNDOSCOM A AV EXPEDITO GA - CAMPO GRANDE;29146-012;CARIACICA;ES;SE;DIESEL S10, ETANOL, GASOLINA, GASOLINA ADITIVADA, GNV;7,09 / 4,99 / 6,39 / 6,39 / 3,99;"R$ / litro; R$ / litro; R$ / litro; R$ / litro; R$ / m³";Conveniencia;Marcos Lyrio;(27) 99890-1276 / (27) 3345-0098;00.580.488/0001-73 / 13.814.642/0001-76 / 15.226.314/0001-84;
28/04/2026;2026-S18;CONCORRENTE; 13.814.642/0001-76;POSTO BR 31 AUTO SERVICOS LTDA;POSTO BR 31 AUTO SERVICOS LTDA;RAIZEN;AVENIDA MARIO GURGEL, 2844 - ALTO LAJE;29151-026;CARIACICA;ES;SE;DIESEL S10, ETANOL, GASOLINA, GASOLINA ADITIVADA;6,89 / 4,99 / 6,45 / 6,85;"R$ / litro; R$ / litro; R$ / litro; R$ / litro";Troca de oleo,Calibragem,Caixa eletronico,Conveniencia;;;;
28/04/2026;2026-S18;CONCORRENTE; 15.010.530/0001-98;AUTO POSTO R M LTDA;AUTO POSTO R M LTDA;RAIZEN;"RODOVIA DO SOL, 3701 - LOTE: 11; QUADRA: 64; - PRAIA DE ITAPARICA";29102-023;VILA VELHA;ES;SE;DIESEL S10, ETANOL, GASOLINA, GASOLINA ADITIVADA;6,89 / 4,99 / 6,43 / 6,83;"R$ / litro; R$ / litro; R$ / litro; R$ / litro";Conveniencia;;;;
28/04/2026;2026-S18;CONCORRENTE; 15.226.314/0001-84;MAIS COMERCIO DE COMBUSTIVEL CARIACICA LTDA;MAIS COMERCIO DE COMBUSTIVEL CARIACICA LTDA;BRANCA;AVENIDA MARIO GURGEL, 4935 - VILA PALESTINA;29145-711;CARIACICA;ES;SE;ETANOL, GASOLINA;4,99 / 6,49;"R$ / litro; R$ / litro";Borracharia / Lava-jato / Conveniencia / Calibragem;;;;
28/04/2026;2026-S18;CONCORRENTE; 17.375.525/0001-04;AUTO POSTO LUCAS - EPP.;AUTO POSTO LUCAS - EPP.;ALE;AVENIDA ROMULO CASTELLO, 791 - LOTES 20 A 23 - CASTELANDIA;29172-620;Serra ;ES;SE;DIESEL S10, ETANOL, GASOLINA, GASOLINA ADITIVADA;6,88 / 4,98 / 6,45 / 6,79;"R$ / litro; R$ / litro; R$ / litro; R$ / litro";Troca de oleo / Calibragem / Borracharia / Caixa eletronico;;;;
28/04/2026;2026-S18;CONCORRENTE; 17.753.176/0001-17;AUTO POSTO BOULEVARD LTDA;AUTO POSTO BOULEVARD LTDA;ALE;"RODOVIA DO SOL, S/N - LOTE: 08 E 09; QUADRA: 59; - PRAIA DE ITAPARICA";29102-020;VILA VELHA;ES;SE;DIESEL S10, ETANOL, GASOLINA, GASOLINA ADITIVADA;6,89 / 4,99 / 6,43 / 6,83;"R$ / litro; R$ / litro; R$ / litro; R$ / litro";"Troca de oleo; Conveniencia; Calibragem; Lava-jato";;;;
28/04/2026;2026-S18;CONCORRENTE; 24.145.665/0001-51;C.R.B. DEZAN E CIA LTDA;C.R.B. DEZAN E CIA LTDA;ATLÂNTICA;AVENIDA MARIO GURGEL, 5913 - AUTO POSTO - SAO FRANCISCO;29145-409;CARIACICA;ES;SE;DIESEL S10, ETANOL, GASOLINA;6,99 / 4,99 / 6,49;"R$ / litro; R$ / litro; R$ / litro";Conveniencia / Caixa eletronico;;;;
28/04/2026;2026-S18;CONCORRENTE; 27.016.518/0001-70;AUTO POSTO CONTORNO LTDA;AUTO POSTO CONTORNO LTDA;BRANCA;RODOVIA GOVERNADOR MARIO COVAS, 11282 - SERRA DO ANIL;29147-030;CARIACICA;ES;SE;DIESEL, DIESEL S10, ETANOL, GASOLINA, GASOLINA ADITIVADA;6,74 / 6,84 / 4,89 / 6,39 / 6,69;"R$ / litro; R$ / litro; R$ / litro; R$ / litro; R$ / litro";Borracharia;;;;
28/04/2026;2026-S18;CONCORRENTE; 27.394.378/0001-73;POSTO DE PRODUTOS DE PETROLEO OASIS LTDA;POSTO DE PRODUTOS DE PETROLEO OASIS LTDA;IPIRANGA;AVENIDA MARIO GURGEL, 297 - JARDIM AMERICA;29140-261;CARIACICA;ES;SE;DIESEL S10, GASOLINA, GASOLINA ADITIVADA, GNV;6,79 / 6,35 / 6,89 / 3,99;"R$ / litro; R$ / litro; R$ / litro; R$ / m³";Calibragem / Caixa eletronico;;;;
28/04/2026;2026-S18;CONCORRENTE; 27.396.415/0001-82;AUTO SERVICO SAO CRISTOVAO LTDA;AUTO SERVICO SAO CRISTOVAO LTDA;VIBRA;AVENIDA MARIO GURGEL, 4 - KM    4 5  BR 262 - DOM BOSCO;29147-345;CARIACICA;ES;SE;ETANOL, GASOLINA, GASOLINA ADITIVADA, GNV;4,89 / 6,48 / 6,59 / 3,98;"R$ / litro; R$ / litro; R$ / litro; R$ / m³";Caixa eletronico, Borracharia, Conveniencia;;;;
28/04/2026;2026-S18;CONCORRENTE; 27.926.384/0001-24;PETROVERA - POSTO DE PRODUTOS DE PETROLEO E TRANSPORTES LTDA - ME;PETROVERA - POSTO DE PRODUTOS DE PETROLEO E TRANSPORTES LTDA - ME;IPIRANGA;RODOVIA GOVERNADOR JOSE HENRIQUE SETTE, 906 - PAVMTO01 - ALTO LAGE;29151-055;CARIACICA;ES;SE;DIESEL, DIESEL S10, ETANOL, GASOLINA, GASOLINA ADITIVADA;6,89 / 6,99 / 4,99 / 6,45 / 6,45;"R$ / litro; R$ / litro; R$ / litro; R$ / litro; R$ / litro";Caixa eletronico,Conveniencia,Borracharia,Calibragem;;;;
28/04/2026;2026-S18;CONCORRENTE; 28.344.206/0001-58;POSTO DE COMBUSTIVEIS ITACIBA LTDA;POSTO DE COMBUSTIVEIS ITACIBA LTDA;BRANCA;RUA MANOEL JOAQUIM DOS SANTOS, 317 - ITACIBA;29150-270;CARIACICA;ES;SE;ETANOL, GASOLINA, GASOLINA ADITIVADA;4,85 / 6,45 / 6,45;"R$ / litro; R$ / litro; R$ / litro";"Troca de oleo; Conveniencia; Lava-jato; Borracharia";;;;
28/04/2026;2026-S18;CONCORRENTE; 31.465.040/0001-32;POSTO ITAPOA LTDA;POSTO ITAPOA LTDA;IPIRANGA;AVENIDA FRANCELINA SETUBAL, 333 - ITAPOAN;29100-000;VILA VELHA;ES;SE;DIESEL S10, ETANOL, GASOLINA, GASOLINA ADITIVADA;6,78 / 4,99 / 6,46 / 6,66;"R$ / litro; R$ / litro; R$ / litro; R$ / litro";"Calibragem; Lava-jato";;;;
28/04/2026;2026-S18;CONCORRENTE; 32.467.417/0001-55;J C RODRIGUES NETO E FILHOS LTDA;J C RODRIGUES NETO E FILHOS LTDA;VIBRA;RUA CEARA, S/N - LOTES 01/04  Q.01 - PRAIA DA COSTA;29101-290;VILA VELHA;ES;SE;ETANOL, GASOLINA, GASOLINA ADITIVADA;4,91 / 6,49 / 6,49;"R$ / litro; R$ / litro; R$ / litro";Lava-jato, Borracharia, Calibragem, Caixa eletronico;;;;
28/04/2026;2026-S18;CONCORRENTE; 34.387.806/0001-04;POSTO SATURNINO RANGEL MAURO LTDA;POSTO SATURNINO RANGEL MAURO LTDA;ALE;RUA PROFESSOR AUGUSTO RUSCH, 121 - PRAIA DE ITAPARICA;29102-080;VILA VELHA;ES;SE;DIESEL S10, ETANOL, GASOLINA, GASOLINA ADITIVADA;6,97 / 4,97 / 6,46 / 6,76;"R$ / litro; R$ / litro; R$ / litro; R$ / litro";Conveniencia,Lava-jato,Caixa eletronico,Calibragem;;;;
28/04/2026;2026-S18;CONCORRENTE; 36.675.989/0001-80;COMERCIO DE COMBUSTIVEIS COQUEIRAL DE ITAPARICA LTDA;COMERCIO DE COMBUSTIVEIS COQUEIRAL DE ITAPARICA LTDA;BRANCA;AVENIDA SANTA LEOPOLDINA, 635 - COQUEIRAL DE ITAPARICA;29102-320;VILA VELHA;ES;SE;DIESEL S10, ETANOL, GASOLINA, GASOLINA ADITIVADA;6,99 / 4,69 / 6,42 / 6,45;"R$ / litro; R$ / litro; R$ / litro; R$ / litro";Lava-jato / Troca de oleo / Calibragem;;;;
29/04/2026;2026-S18;CONCORRENTE; 06.073.382/0001-60;AUTO POSTO SUCESSO LTDA;AUTO POSTO SUCESSO LTDA;BRANCA;AVENIDA JOAO FRANCISCO GONCALVES, 746 - COBILANDIA;29111-300;VILA VELHA;ES;SE;DIESEL S10, ETANOL, GASOLINA;6,82 / 4,77 / 6,36;"R$ / litro; R$ / litro; R$ / litro";Caixa eletronico, Calibragem, Lava-jato, Borracharia;;;;
29/04/2026;2026-S18;CONCORRENTE;27303411000374;AUTO POSTO DADINHO LTDA;AUTO POSTO DADINHO LTDA;ALE;AVENIDA VEREADOR WILMO VITORIO GUIZANI, 12 - SAO JOSE;29905-080;LINHARES;ES;SE;DIESEL S10, GASOLINA, GASOLINA ADITIVADA;6,79 / 6,69 / 6,79;"R$ / litro; R$ / litro; R$ / litro";Caixa eletronico,Lava-jato;;;;
30/04/2026;2026-S18;CONCORRENTE; 02.802.986/0001-49;A S SALES JUNIOR;A S SALES JUNIOR LTDA;ATLÂNTICA;RUA DAVINO MATOS, S/N - PARQUE AREIA PRETA;29200-615;GUARAPARI;ES;SE;DIESEL S10, ETANOL, GASOLINA, GASOLINA ADITIVADA;7,29 / 5,45 / 6,72 / 6,84;"R$ / litro; R$ / litro; R$ / litro; R$ / litro";Borracharia, Caixa eletronico, Lava-jato;;;;
30/04/2026;2026-S18;CONCORRENTE; 03.948.877/0003-69;AUTO POSTO SANTA ANA LTDA.;AUTO POSTO SANTA ANA LTDA;ALE;RODOVIA DO CAFE, 1871 - CARLOS GERMANO NAUMANN;29705-200;COLATINA;ES;SE;DIESEL, DIESEL S10, GASOLINA, GASOLINA ADITIVADA;6,89 / 6,99 / 6,55 / 6,75;"R$ / litro; R$ / litro; R$ / litro; R$ / litro";Calibragem,Lava-jato,Troca de oleo;;;;
30/04/2026;2026-S18;CONCORRENTE; 03.948.877/0003-69;AUTO POSTO SANTA ANA LTDA.;AUTO POSTO SANTA ANA LTDA;ALE;RODOVIA DO CAFE, 1871 - CARLOS GERMANO NAUMANN;29705-200;COLATINA;ES;SE;DIESEL, DIESEL S10, GASOLINA, GASOLINA ADITIVADA;6,89 / 6,99 / 6,55 / 6,75;"R$ / litro; R$ / litro; R$ / litro; R$ / litro";Calibragem,Lava-jato,Troca de oleo;;;;
30/04/2026;2026-S18;CONCORRENTE; 04.814.652/0001-10;POSTO MOTOCAP LTDA;POSTO MOTOCAP LTDA;VIBRA;PRACA ALMIRANTE BARROSO, 52 - LETRA A - LACE;29703-055;COLATINA;ES;SE;GASOLINA;6,69;R$ / litro;Calibragem, Lava-jato, Conveniencia;;;;
30/04/2026;2026-S18;CONCORRENTE; 04.814.652/0001-10;POSTO MOTOCAP LTDA;POSTO MOTOCAP LTDA;VIBRA;PRACA ALMIRANTE BARROSO, 52 - LETRA A - LACE;29703-055;COLATINA;ES;SE;GASOLINA;6,69;R$ / litro;Calibragem, Lava-jato, Conveniencia;;;;
30/04/2026;2026-S18;CONCORRENTE; 07.381.843/0001-24;POSTO DE COMBUSTIVEIS BRUNO LTDA;POSTO DE COMBUSTIVEIS BRUNO LTDA;ALE;RUA FIORAVANTE ROSSI, 738 - SAO BRAZ;29704-700;COLATINA;ES;SE;GASOLINA, GASOLINA ADITIVADA;6,69 / 6,69;"R$ / litro; R$ / litro";Borracharia;;;;
30/04/2026;2026-S18;CONCORRENTE; 07.381.843/0001-24;POSTO DE COMBUSTIVEIS BRUNO LTDA;POSTO DE COMBUSTIVEIS BRUNO LTDA;ALE;RUA FIORAVANTE ROSSI, 738 - SAO BRAZ;29704-700;COLATINA;ES;SE;GASOLINA, GASOLINA ADITIVADA;6,69 / 6,69;"R$ / litro; R$ / litro";Borracharia;;;;
30/04/2026;2026-S18;CONCORRENTE; 08.519.545/0001-10;SAO FRANCISCO DE ASSIS COMERCIO DE COMBUSTIVEIS LTDA;SAO FRANCISCO DE ASSIS COMERCIO DE COMBUSTIVEIS LTDA;VIBRA;PRACA FIDELIS FERRARI, 35 - LACE;29703-030;COLATINA;ES;SE;GASOLINA, GASOLINA ADITIVADA;6,89 / 6,99;"R$/l; R$/l";Caixa eletronico, Troca de oleo, Conveniencia;;;;
30/04/2026;2026-S18;CONCORRENTE; 08.971.375/0001-00;BRAX COMBUSTIVEIS LTDA;BRAX COMBUSTIVEIS LTDA;IPIRANGA;RODOVIA CONEGO JOAO GUILHERME, 1516 - MARIO GIURIZATTO;29706-557;COLATINA;ES;SE;DIESEL, DIESEL S10, ETANOL, GASOLINA, GASOLINA ADITIVADA;6,78 / 6,88 / 5,14 / 6,64 / 6,79;"R$ / litro; R$ / litro; R$ / litro; R$ / litro; R$ / litro";Lava-jato / Troca de oleo;;;;
30/04/2026;2026-S18;CONCORRENTE; 09.076.862/0001-72;VALOR POSTOS PRAIA DO MORRO LTDA;VALOR POSTOS PRAIA DO MORRO LTDA;VIBRA;RODOVIA RODOVIA DO SOL, S/ NR - KM    41 - AEROPORTO;29216-705;GUARAPARI;ES;SE;GASOLINA, GASOLINA ADITIVADA;7,19 / 7,19;"R$ / litro; R$ / litro";Caixa eletronico;;;;promo fim de semana?
30/04/2026;2026-S18;CONCORRENTE; 10.813.831/0001-36;AUTO POSTO E SERVICOS ARACRUZ - COLINA DE BELA VISTA LTDA;AUTO POSTO E SERVICOS ARACRUZ - COLINA DE BELA VISTA LTDA;RAIZEN;AVENIDA CASTELO BRANCO, 14 - QUADRARC 06 -                   LOTEAMENTO COLINA - BELA VISTA;29192-066;ARACRUZ;ES;SE;DIESEL, DIESEL S10, GASOLINA, GASOLINA ADITIVADA;6,99 / 7,09 / 6,69 / 6,99;"R$ / litro; R$ / litro; R$ / litro; R$ / litro";Troca de oleo, Caixa eletronico, Borracharia, Lava-jato;;;;
30/04/2026;2026-S18;CONCORRENTE; 14.096.313/0001-08;AUTO POSTO GUARAPARI LTDA;AUTO POSTO GUARAPARI LTDA;RAIZEN;AVENIDA GOVERNADOR JONES DOS SANTOS NEVES, 15 - VARZEA NOVA;29211-630;GUARAPARI;ES;SE;DIESEL, ETANOL, GASOLINA, GASOLINA ADITIVADA;7,25 / 5,99 / 7,09 / 7,09;"R$ / litro; R$ / litro; R$ / litro; R$ / litro";Conveniencia;;;;ver com gerente
30/04/2026;2026-S18;CONCORRENTE; 20.246.670/0001-08;POSTO DE COMBUSTIVEIS COLATINA LTDA;POSTO DE COMBUSTIVEIS COLATINA LTDA;BRANCA;RODOVIA DO CAFE, 606 - CARLOS GERMANO NAUMANN;29705-200;COLATINA;ES;SE;DIESEL, DIESEL S10, ETANOL, GASOLINA;6,89 / 6,99 / 4,69 / 6,55;"R$ / litro; R$ / litro; R$ / litro; R$ / litro";Troca de oleo,Calibragem;;;;
30/04/2026;2026-S18;CONCORRENTE; 23.238.396/0001-05;CAPIXABA COMERCIO DE PRODUTOS AUTOMOTIVOS LTDA;CAPIXABA COMERCIO DE PRODUTOS AUTOMOTIVOS LTDA;ATLÂNTICA;RUA PROFESSOR MELCHIADES PEREIRA MARTINS, 15 - CENTRO;29200-480;GUARAPARI;ES;SE;DIESEL S10, ETANOL, GASOLINA, GASOLINA ADITIVADA;7,39 / 5,65 / 6,72 / 6,84;"R$ / litro; R$ / litro; R$ / litro; R$ / litro";Caixa eletronico;;;;
30/04/2026;2026-S18;CONCORRENTE; 27.020.445/0001-90;GUARAVE GUARAPARI VEICULOS LTDA;GUARAVE GUARAPARI VEICULOS LTDA;VIBRA;AVENIDA EWERSON DE ABREU SODRE, 300 - MUQUICABA;29215-010;GUARAPARI;ES;SE;GASOLINA, GASOLINA ADITIVADA;7,19 / 7,19;"R$ / litro; R$ / litro";Calibragem / Conveniencia;;;;
30/04/2026;2026-S18;CONCORRENTE; 27.020.445/0005-13;GUARAVE GUARAPARI VEICULOS LTDA;GUARAVE GUARAPARI VEICULOS LTDA;VIBRA;RODOVIA DO SOL, S/N - MUQUICABA;29215-005;GUARAPARI;ES;SE;GASOLINA, GASOLINA ADITIVADA;7,19 / 7,19;"R$ / litro; R$ / litro";"Caixa eletronico; Borracharia";;;;
30/04/2026;2026-S18;CONCORRENTE; 27.085.240/0001-92;POSTO DE GASOLINA SANTO ANTONIO LTDA;POSTO DE GASOLINA SANTO ANTONIO LTDA;ALE;AVENIDA SILVIO AVIDOS, 3251 - SANTO ANTONIO;29704-053;COLATINA;ES;SE;DIESEL, DIESEL S10, GASOLINA, GASOLINA ADITIVADA;6,89 / 6,99 / 6,79 / 6,92;"R$ / litro; R$ / litro; R$ / litro; R$ / litro";Lava-jato, Calibragem;;;;
2026-04-30;2026-S18;CONCORRENTE; 27.316.819/0001-19;BECAR PETROLEO LTDA;BECAR PETROLEO LTDA;RAIZEN;AVENIDA GOVERNADOR JONES DOS SANTOS NEVES, S/N - CONFLUENCIA COM RODOVIA DO SOL - MUQUICABA;29215-002;GUARAPARI;ES;SE;GASOLINA, GASOLINA ADITIVADA;6,99 / 7,09;"R$ / litro; R$ / litro";Lava-jato / Conveniencia;;;;
30/04/2026;2026-S18;CONCORRENTE; 32.248.017/0001-59;AUTO POSTO ALDEIA DA PRAIA LTDA;AUTO POSTO ALDEIA DA PRAIA LTDA;IPIRANGA;AVENIDA PARIS, S/N - PRAIA DO MORRO;29216-570;GUARAPARI;ES;SE;DIESEL S10, ETANOL, GASOLINA, GASOLINA ADITIVADA;7,59 / 5,89 / 7,19 / 7,49;"R$ / litro; R$ / litro; R$ / litro; R$ / litro";Caixa eletronico, Lava-jato;;;;
30/04/2026;2026-S18;CONCORRENTE; 36.411.940/0002-00;VESCOVI & BITTI LTDA;VESCOVI & BITTI LTDA;VIBRA;AVENIDA FLORESTAL, 838 - SEGATTO;29192-154;ARACRUZ;ES;SE;DIESEL, DIESEL S10, ETANOL, GASOLINA, GASOLINA ADITIVADA;6,89 / 6,99 / 5,09 / 6,64 / 6,94;"R$ / litro; R$ / litro; R$ / litro; R$ / litro; R$ / litro";Calibragem, Caixa eletronico, Conveniencia;;;;
30/04/2026;2026-S18;CONCORRENTE; 39.814.835/0001-10;PNEUMAX LTDA;PNEUMAX LTDA;VIBRA;AVENIDA SILVIO AVIDOS, 1358 - SAO SILVANO;29703-100;COLATINA;ES;SE;DIESEL, DIESEL S10, ETANOL, GASOLINA, GASOLINA ADITIVADA;6,79 / 6,89 / 5,19 / 6,79 / 6,89;"R$ / litro; R$ / litro; R$ / litro; R$ / litro; R$ / litro";Conveniencia;;;;
2026-05-04;2026-S19;CONCORRENTE; 01.514.752/0001-33;POSTO THIAGO LIMITADA;POSTO THIAGO LIMITADA;VIBRA;AVENIDA CEZAR HILAL, 868 - BENTO FERREIRA;29050-662;VITORIA;ES;SE;ETANOL, GASOLINA, GASOLINA ADITIVADA;4,85 / 6,47 / 6,67;"R$ / litro; R$ / litro; R$ / litro";Caixa eletronico;;;;
04/05/2026;2026-S19;CONCORRENTE; 01.557.127/0001-79;AUTO POSTO ILHA DAS GARCAS LTDA;AUTO POSTO ILHA DAS GARCAS LTDA;VIBRA;RUA MARIA DE OLIVEIRA MARES GUIA, 40 - PRAIA DAS GAIVOTAS;29102-567;Vila Velha;ES;SE;GASOLINA, GASOLINA ADITIVADA;6,39 / 6,79;"R$ / litro; R$ / litro";Borracharia,Caixa eletronico;;;;
04/05/2026;2026-S19;CONCORRENTE; 01.823.633/0001-62;POSTO METROPOLITANO LTDA;POSTO METROPOLITANO LTDA;IPIRANGA;VIA DOIS, 226 - ANEXO QUADRA 03 MODULO 03 - TIMS;29161-373;SERRA;ES;SE;DIESEL, DIESEL S10, ETANOL, GASOLINA, GASOLINA ADITIVADA;6,69 / 6,79 / 4,99 / 6,45 / 6,65;"R$ / litro; R$ / litro; R$ / litro; R$ / litro; R$ / litro";Borracharia / Calibragem;;;;
04/05/2026;2026-S19;CONCORRENTE; 02.567.214/0001-70;POSTO DE COMBUSTIVEL IDEAL LTDA.;POSTO DE COMBUSTIVEL IDEAL LTDA;IPIRANGA;AVENIDA VITORIA, 3031 - GURIGICA;29027-080;VITORIA;ES;SE;ETANOL, GASOLINA, GASOLINA ADITIVADA;4,85 / 6,45 / 6,59;"R$ / litro; R$ / litro; R$ / litro";Conveniencia / Borracharia / Calibragem;;;;
04/05/2026;2026-S19;CONCORRENTE; 02.802.986/0001-49;A S SALES JUNIOR LTDA;A S SALES JUNIOR LTDA;ATLÂNTICA;RUA DAVINO MATOS, S/N - PARQUE AREIA PRETA;29200-615;GUARAPARI;ES;SE;DIESEL S10, ETANOL, GASOLINA, GASOLINA ADITIVADA;7,29 / 5,45 / 6,72 / 6,84;"R$ / litro; R$ / litro; R$ / litro; R$ / litro";"Borracharia; Caixa eletronico; Lava-jato";;;;
04/05/2026;2026-S19;CONCORRENTE; 04.228.463/0001-66;AUTO POSTO MARLIN LTDA;AUTO POSTO MARLIN LTDA;ATLÂNTICA;RUA JUIZ ALEXANDRE MARTINS DE CASTRO FILHO, 285 - SANTA LUCIA;29056-295;VITORIA;ES;SE;DIESEL S10, ETANOL, GASOLINA, GASOLINA ADITIVADA;6,99 / 4,99 / 6,47 / 6,67;"R$ / litro; R$ / litro; R$ / litro; R$ / litro";Caixa eletronico,Troca de oleo;;;;
04/05/2026;2026-S19;CONCORRENTE; 04.960.337/0001-00;RENOVA COMERCIO COMBUSTIVEL E SERVICOS LTDA;RENOVA COMERCIO COMBUSTIVEL E SERVICOS LTDA;BRANCA;AVENIDA LEITAO DA SILVA, 1150 - SANTA LUCIA;29056-184;VITORIA;ES;SE;ETANOL, GASOLINA, GASOLINA ADITIVADA;4,81 / 6,45 / 6,45;"R$ / litro; R$ / litro; R$ / litro";Borracharia / Calibragem;;;;
04/05/2026;2026-S19;CONCORRENTE; 07.571.908/0001-02;AUTO POSTO CORAL LTDA;AUTO POSTO CORAL LTDA;VIBRA;AVENIDA NORTE SUL, 259 - N.S.DO ROSARIO DE FATIMA;29176-798;SERRA;ES;SE;GASOLINA, GASOLINA ADITIVADA;6,49 / 6,79;"R$ / litro; R$ / litro";"Borracharia; Lava-jato; Conveniencia";;;;
04/05/2026;2026-S19;CONCORRENTE; 08.788.618/0001-70;J. S. PETROLEO E COMERCIO LTDA.;J. S. PETROLEO E COMERCIO LTDA.;RAIZEN;AVENIDA DANTE MICHELINI, 2461 - MATA DA PRAIA;29066-430;Vitória;ES;SE;ETANOL, GASOLINA, GASOLINA ADITIVADA, GNV;4,99 / 6,49 / 6,89 / 3,99;"R$ / litro; R$ / litro; R$ / litro; R$ / m³";Borracharia / Caixa eletronico / Troca de oleo;;;;
04/05/2026;2026-S19;CONCORRENTE; 09.076.862/0001-72;VALOR POSTOS PRAIA DO MORRO LTDA;VALOR POSTOS PRAIA DO MORRO LTDA;VIBRA;RODOVIA RODOVIA DO SOL, S/ NR - KM    41 - AEROPORTO;29216-705;GUARAPARI;ES;SE;GASOLINA, GASOLINA ADITIVADA;7,19 / 7,19;"R$ / litro; R$ / litro";Caixa eletronico;;;;
2026-05-04;2026-S19;CONCORRENTE; 09.167.931/0001-53;POSTO CHAMPAGNAT LTDA;POSTO CHAMPAGNAT LTDA;IPIRANGA;RUA HUGO MUSSO, 550 - PRAIA DA COSTA;29101-280;VILA VELHA;ES;SE;DIESEL S10, ETANOL, GASOLINA, GASOLINA ADITIVADA;6,99 / 4,99 / 6,59 / 6,79;"R$ / litro; R$ / litro; R$ / litro; R$ / litro";Calibragem, Conveniencia, Caixa eletronico;;;;
04/05/2026;2026-S19;PROPRIO; 11.222.333/0003-43;REDE MARE COMBUSTIVEIS LTDA;REDE MARE;BRANCA;AVENIDA VITORIA, 2667 - HORTO;29027-080;VITORIA;ES;SE;DIESEL S10, ETANOL, GASOLINA, GASOLINA ADITIVADA;6,89 / 4,85 / 6,45 / 6,45;"R$ / litro; R$ / litro; R$ / litro; R$ / litro";"Conveniencia; Borracharia";Paulo Ferraz;(27) 99945-7810 / (27) 3226-4410;02.567.214/0001-70 / 14.806.977/0001-05 / 26.980.450/0001-81;
04/05/2026;2026-S19;CONCORRENTE; 11.942.147/0001-17;POSTO PARADA VITORIA LTDA;POSTO PARADA VITORIA LTDA;ALE;AVENIDA MARECHALCAMPOS, 370 - CONSOLACAO;29045-460;VITORIA;ES;SE;DIESEL S10, ETANOL, GASOLINA, GASOLINA ADITIVADA;7,49 / 4,98 / 6,45 / 6,60;"R$ / litro; R$ / litro; R$ / litro; R$ / litro";Conveniencia,Caixa eletronico,Troca de oleo;;;;
04/05/2026;2026-S19;CONCORRENTE; 14.096.313/0001-08;AUTO POSTO GUARAPARI LTDA;AUTO POSTO GUARAPARI LTDA;RAIZEN;AVENIDA GOVERNADOR JONES DOS SANTOS NEVES, 15 - VARZEA NOVA;29211-630;GUARAPARI;ES;SE;DIESEL S10, ETANOL, GASOLINA, GASOLINA ADITIVADA;7,19 / 5,99 / 7,09 / 7,09;"R$ / litro; R$ / litro; R$ / litro; R$ / litro";Conveniencia;;;;
04/05/2026;2026-S19;CONCORRENTE; 14.806.977/0001-05;AUTO POSTO SILVARES LTDA;AUTO POSTO SILVARES LTDA;IPIRANGA;AVENIDA   NAIR AZEVEDO SILVA, 430 - ILHA DO PRINCIPE;29020-240;VITORIA;ES;SE;ETANOL, GASOLINA, GASOLINA ADITIVADA;4,99 / 6,49 / 6,69;"R$ / litro; R$ / litro; R$ / litro";Borracharia;;;;ver com gerente
04/05/2026;2026-S19;CONCORRENTE; 15.010.530/0001-98;AUTO POSTO R M LTDA;AUTO POSTO R M LTDA;RAIZEN;"RODOVIA DO SOL, 3701 - LOTE: 11; QUADRA: 64; - PRAIA DE ITAPARICA";29102-023;VILA VELHA;ES;SE;DIESEL S10, ETANOL, GASOLINA, GASOLINA ADITIVADA;6,79 / 4,89 / 6,42 / 6,82;"R$ / litro; R$ / litro; R$ / litro; R$ / litro";Conveniencia;;;;
04/05/2026;2026-S19;CONCORRENTE; 16.577.742/0001-14;AUTO POSTO ESCOLA COMERCIO DE COMBUSTIVEIS, LUBRIFICANTES E SERVICOS LTDA;AUTO POSTO ESCOLA COMERCIO DE COMBUSTIVEIS, LUBRIFICANTES E SERVICOS LTDA;VIBRA;"AVENIDA AMERICO BUAIZ, 1 - : POSTO; - ENSEADA DO SUA";29050-463;VITORIA;ES;SE;GASOLINA, GASOLINA ADITIVADA;6,49 / 6,69;"R$ / litro; R$ / litro";Troca de oleo / Caixa eletronico;;;;
04/05/2026;2026-S19;CONCORRENTE;23238396000105;CAPIXABA COMERCIO DE PRODUTOS AUTOMOTIVOS LTDA;CAPIXABA COMERCIO DE PRODUTOS AUTOMOTIVOS LTDA;ATLÂNTICA;RUA PROFESSOR MELCHIADES PEREIRA MARTINS, 15 - CENTRO;29200-480;GUARAPARI;ES;SE;DIESEL S10, ETANOL, GASOLINA, GASOLINA ADITIVADA;7,39 / 5,65 / 6,72 / 6,84;"R$ / litro; R$ / litro; R$ / litro; R$ / litro";Caixa eletronico;;;;
2026-05-04;2026-S19;CONCORRENTE; 26.980.450/0001-81;AUTO POSTO VITORIA COMERCIO DE COMBUSTIVEIS LTDA;AUTO POSTO VITORIA COMERCIO DE COMBUSTIVEIS LTDA;VIBRA;RUA OLYMPIO RODRIGUES PASSOS, 14 - LOJA  01 - JABOUR;29072-290;VITORIA;ES;SE;ETANOL, GASOLINA, GASOLINA ADITIVADA;4,99 / 6,47 / 6,77;"R$ / litro; R$ / litro; R$ / litro";Caixa eletronico;;;;
04/05/2026;2026-S19;CONCORRENTE; 27.020.445/0001-90;GUARAVE GUARAPARI VEICULOS LTDA;GUARAVE GUARAPARI VEICULOS LTDA;VIBRA;AVENIDA EWERSON DE ABREU SODRE, 300 - MUQUICABA;29215-010;GUARAPARI;ES;SE;GASOLINA, GASOLINA ADITIVADA;7,19 / 7,19;"R$ / litro; R$ / litro";"Calibragem; Conveniencia";;;;
04/05/2026;2026-S19;CONCORRENTE; 27.020.445/0005-13;GUARAVE GUARAPARI VEICULOS LTDA;GUARAVE GUARAPARI VEICULOS LTDA;VIBRA;RODOVIA DO SOL, S/N - MUQUICABA;29215-005;GUARAPARI;ES;SE;GASOLINA, GASOLINA ADITIVADA;7,19 / 7,19;"R$ / litro; R$ / litro";"Caixa eletronico; Borracharia";;;;
04/05/2026;2026-S19;CONCORRENTE;27066273000276;POSTO ARVOREDO LTDA;POSTO ARVOREDO LTDA;BRANCA;AVENIDA VITORIA, 1600 - POSTO - ILHA DE SANTA MARIA;29051-040;VITORIA;ES;SE;ETANOL, GASOLINA, GASOLINA ADITIVADA;4,85 / 6,45 / 6,45;"R$ / litro; R$ / litro; R$ / litro";"Lava-jato; Troca de oleo; Borracharia";;;;
04/05/2026;2026-S19;CONCORRENTE; 27.316.819/0001-19;BECAR PETROLEO LTDA.;BECAR PETROLEO LTDA;RAIZEN;AVENIDA GOVERNADOR JONES DOS SANTOS NEVES, S/N - CONFLUENCIA COM RODOVIA DO SOL - MUQUICABA;29215-002;GUARAPARI;ES;SE;GASOLINA, GASOLINA ADITIVADA;6,99 / 7,09;"R$ / litro; R$ / litro";Lava-jato,Conveniencia;;;;
04/05/2026;2026-S19;CONCORRENTE; 27.734.094/0001-89;POSTO ATLANTICO LTDA;POSTO ATLANTICO LTDA;RAIZEN;AVENIDA DANTE MICHELINI, 4655 - POSTO - JARDIM CAMBURI;29090-070;VITORIA;ES;SE;DIESEL S10, ETANOL, GASOLINA, GASOLINA ADITIVADA;6,79 / 5,19 / 6,49 / 6,84;"R$ / litro; R$ / litro; R$ / litro; R$ / litro";Borracharia, Calibragem;;;;
04/05/2026;2026-S19;CONCORRENTE; 28.059.632/0001-40;A.B.C. AUTO SERVICOS LTDA;A.B.C. AUTO SERVICOS LTDA;RAIZEN;AVENIDA ROBERT KENNEDY, 21 - A - SAO TORQUATO;29114-000;VILA VELHA;ES;SE;DIESEL, DIESEL S10, GASOLINA, GASOLINA ADITIVADA;6,89 / 6,89 / 6,45 / 6,85;"R$ / litro; R$ / litro; R$ / litro; R$ / litro";"Caixa eletronico; Borracharia; Troca de oleo";;;;
04/05/2026;2026-S19;CONCORRENTE; 32.248.017/0001-59;AUTO POSTO ALDEIA DA PRAIA LTDA;AUTO POSTO ALDEIA DA PRAIA LTDA;IPIRANGA;AVENIDA PARIS, S/N - PRAIA DO MORRO;29216-570;GUARAPARI;ES;SE;DIESEL S10, ETANOL, GASOLINA, GASOLINA ADITIVADA;7,59 / 5,89 / 7,19 / 7,49;"R$ / litro; R$ / litro; R$ / litro; R$ / litro";"Caixa eletronico; Lava-jato";;;;
04/05/2026;2026-S19;CONCORRENTE; 32.467.417/0001-55;J C Rodrigues Neto E Filhos Ltda;J C RODRIGUES NETO E FILHOS LTDA;VIBRA;RUA CEARA, S/N - LOTES 01/04  Q.01 - PRAIA DA COSTA;29101-290;VILA VELHA;ES;SE;ETANOL, GASOLINA, GASOLINA ADITIVADA;4,89 / 6,49 / 6,49;"R$ / litro; R$ / litro; R$ / litro";"Lava-jato; Borracharia; Calibragem; Caixa eletronico";;;;
04/05/2026;2026-S19;CONCORRENTE; 36.336.386/0001-54;POSTO TRES COQUEIROS LTDA;POSTO TRES COQUEIROS LTDA;IPIRANGA;RODOVIA CARLOS LINDEMBERG, SN - ALVORADA;29123-600;VILA VELHA;ES;SE;DIESEL, DIESEL S10, ETANOL, GASOLINA, GASOLINA ADITIVADA;6,79 / 6,89 / 4,72 / 6,39 / 6,59;"R$ / litro; R$ / litro; R$ / litro; R$ / litro; R$ / litro";Caixa eletronico,Borracharia;;;;
04/05/2026;2026-S19;CONCORRENTE; 36.675.989/0001-80;COMERCIO DE COMBUSTIVEIS COQUEIRAL DE ITAPARICA LTDA;COMERCIO DE COMBUSTIVEIS COQUEIRAL DE ITAPARICA LTDA;BRANCA;AVENIDA SANTA LEOPOLDINA, 635 - COQUEIRAL DE ITAPARICA;29102-320;VILA VELHA;ES;SE;DIESEL S10, ETANOL, GASOLINA, GASOLINA ADITIVADA;6,99 / 4,69 / 6,42 / 6,45;"R$ / litro; R$ / litro; R$ / litro; R$ / litro";"Lava-jato; Troca de oleo; Calibragem";;;;
04/05/2026;2026-S19;CONCORRENTE; 38.530.950/0001-09;POSTO CAPUABA;POSTO CAPUABA LTDA;BRANCA;ESTRADA CAPUABA, 21 - ATAIDE;29119-060;VILA VELHA;ES;SE;DIESEL, DIESEL S10, ETANOL, GASOLINA, GASOLINA ADITIVADA;6,89 / 6,99 / 4,99 / 6,49 / 6,79;"R$ / litro; R$ / litro; R$ / litro; R$ / litro; R$ / litro";Caixa eletronico / Borracharia / Lava-jato;;;;
05/05/2026;2026-S19;CONCORRENTE; 01.496.517/0001-86;POSTO PERIM LTDA;POSTO PERIM LTDA;VIBRA;RUA SANTA LEOPOLDINA, 1650 - ITAPARICA;29102-040;VILA VELHA;ES;SE;DIESEL S10, ETANOL, GASOLINA, GASOLINA ADITIVADA;6,99 / 5,19 / 6,49 / 6,69;"R$ / litro; R$ / litro; R$ / litro; R$ / litro";"Conveniencia; Borracharia; Caixa eletronico; Calibragem";;;;
05/05/2026;2026-S19;CONCORRENTE; 01.503.536/0001-92;POSTO MARCELA LTDA;POSTO MARCELA LTDA;VIBRA;RUA DO PESSEGUEIRO, S/N - DIVINO ESPÍRITO SANTO;29107-230;VILA VELHA;ES;SE;DIESEL S10, GASOLINA, GASOLINA ADITIVADA;6,89 / 6,46 / 6,66;"R$ / litro; R$ / litro; R$ / litro";"Caixa eletronico; Borracharia";;;;
05/05/2026;2026-S19;CONCORRENTE; 04.145.589/0011-49;ARARA AZUL REDE DE POSTOS;ARARA AZUL REDE DE POSTOS LTDA;BRANCA;RODOVIA RODOVIA DO SOL, 530 - PRAIA DE ITAPARICA;29102-020;VILA VELHA;ES;SE;DIESEL S10, ETANOL, GASOLINA, GASOLINA ADITIVADA;6,98 / 5,09 / 6,46 / 6,76;"R$ / litro; R$ / litro; R$ / litro; R$ / litro";"Lava-jato; Troca de oleo; Borracharia";;;;ATUALIZAR!!
05/05/2026;2026-S19;CONCORRENTE; 04.361.389/0001-51;AUTO POSTO WAVE LTDA;AUTO POSTO WAVE LTDA;ALE;AVENIDA TALMA RODRIGUES RIBEIRO, 5416 A - PORTAL DE JACARAIPE;29173-795;SERRA;ES;SE;DIESEL, DIESEL S10, ETANOL, GASOLINA;6,78 / 6,88 / 4,99 / 6,45;"R$ / litro; R$ / litro; R$ / litro; R$ / litro";"Calibragem; Borracharia";;;;
05/05/2026;2026-S19;CONCORRENTE; 04.361.389/0002-32;AUTO POSTO WAVE;AUTO POSTO WAVE LTDA;ALE;AVENIDA MARTIN PESCADOR, 12 - PORTO CANOA;29168-460;SERRA;ES;SE;DIESEL S10, ETANOL, GASOLINA, GASOLINA ADITIVADA;6,99 / 4,99 / 6,49 / 6,69;"R$/l; R$/l; R$/l; R$/l";Borracharia,Caixa eletronico,Troca de oleo;;;;
2026-05-05;2026-S19;CONCORRENTE; 04.994.796/0001-04;POSTO SB LTDA;POSTO SB LTDA;VIBRA;AVENIDA BRASILIA, 1360 - PLANICIE DA SERRA;29168-710;SERRA;ES;SE;GASOLINA, GASOLINA ADITIVADA;6,59 / 6,74;"R$ / litro; R$ / litro";Borracharia / Calibragem / Troca de oleo / Caixa eletronico;;;;
05/05/2026;2026-S19;CONCORRENTE; 05.393.247/0001-39;POSTO CANOA DERIVADOS DE PETROLEO LTDA;POSTO CANOA DERIVADOS DE PETROLEO LTDA;ALE;AVENIDA BRASILIA, 575 - PORTO CANOA;29168-600;SERRA;ES;SE;DIESEL S10, ETANOL, GASOLINA, GASOLINA ADITIVADA;6,99 / 4,99 / 6,49 / 6,69;"R$/l; R$/l; R$/l; R$/l";Borracharia,Caixa eletronico,Calibragem;;;;
05/05/2026;2026-S19;CONCORRENTE; 05.738.923/0001-69;GEGEL AUTO POSTO LTDA;GEGEL AUTO POSTO LTDA;RAIZEN;AVENIDA CENTRAL B, S/N - QUADRAEC VII - CIVIT II;29168-071;SERRA;ES;SE;DIESEL, ETANOL, GASOLINA, GASOLINA ADITIVADA;6,89 / 5,09 / 6,49 / 6,69;"R$ / litro; R$ / litro; R$ / litro; R$ / litro";Conveniencia, Borracharia, Caixa eletronico, Calibragem;;;;
05/05/2026;2026-S19;CONCORRENTE; 07.830.414/0001-97;REVENDA DE COMBUSTIVEIS BKR LTDA;REVENDA DE COMBUSTIVEIS BKR LTDA;RAIZEN;RODOVIA GOVERNADOR MARIO COVAS, 122 - BARCELONA;29166-095;SERRA;ES;SE;DIESEL, ETANOL, GASOLINA, GASOLINA ADITIVADA;6,89 / 5,09 / 6,80 / 6,80;"R$ / litro; R$ / litro; R$ / litro; R$ / litro";Calibragem / Troca de oleo / Borracharia;;;;
05/05/2026;2026-S19;CONCORRENTE; 08.022.304/0001-61;AUTO POSTO DE COMBUSTIVEL RTT LTDA;AUTO POSTO DE COMBUSTIVEL RTT LTDA;IPIRANGA;RUA MOEMA, 38 - DIVINO ESPIRITO SANTO;29107-250;VILA VELHA;ES;SE;DIESEL S10, ETANOL, GASOLINA, GASOLINA ADITIVADA;6,99 / 5,09 / 6,45 / 6,65;"R$ / litro; R$ / litro; R$ / litro; R$ / litro";Borracharia;;;;
05/05/2026;2026-S19;CONCORRENTE; 10.569.345/0001-14;POSTO CRISTOVAO COLOMBO LTDA;POSTO CRISTOVAO COLOMBO LTDA;VIBRA;RUA CRISTOVAO COLOMBO, 582 - CRISTOVAO COLOMBO;29106-595;VILA VELHA;ES;SE;GASOLINA, GASOLINA ADITIVADA;6,45 / 6,75;"R$ / litro; R$ / litro";Caixa eletronico / Troca de oleo / Lava-jato / Calibragem;;;;
05/05/2026;2026-S19;PROPRIO; 11.222.333/0004-24;REDE MARE COMBUSTIVEIS LTDA;REDE MARE;BRANCA;RODOVIA GOVERNADOR MARIO COVAS, 4324 - KM    265   POSTO - PLANALTO DE CARAPINA;29162-702;SERRA;ES;SE;DIESEL S10, ETANOL, GASOLINA, GASOLINA ADITIVADA;6,79 / 4,99 / 6,39 / 6,59;"R$ / litro; R$ / litro; R$ / litro; R$ / litro";Troca de oleo;Renata Alves;(27) 99633-9021;01.823.633/0001-62 / 04.361.389/0002-32 / 05.393.247/0001-39;
05/05/2026;2026-S19;CONCORRENTE; 12.535.572/0001-54;AUTO POSTO MORADA LTDA;AUTO POSTO MORADA LTDA;IPIRANGA;AVENIDA PAULO PEREIRA GOMES, S/N - LOTE  03C                 QUADRAUE IV               SETOR II - MORADA DE LARANJEIRAS;29166-828;SERRA;ES;SE;DIESEL S10, ETANOL, GASOLINA, GASOLINA ADITIVADA;6,87 / 4,99 / 6,49 / 6,69;"R$ / litro; R$ / litro; R$ / litro; R$ / litro";"Borracharia; Calibragem; Troca de oleo";;;;
05/05/2026;2026-S19;CONCORRENTE; 21.246.940/0001-35;AUTO POSTO GASCROMA COMERCIO DE COMBUSTIVEIS, LUBRIFICANTES E SERVICOS LTDA;AUTO POSTO GASCROMA COMERCIO DE COMBUSTIVEIS, LUBRIFICANTES E SERVICOS LTDA;VIBRA;AVENIDA JERONIMO MONTEIRO, 840 - JABURUNA;29100-600;VILA VELHA;ES;SE;GASOLINA, GASOLINA ADITIVADA;6,59 / 6,59;"R$ / litro; R$ / litro";"Calibragem; Conveniencia";;;;
05/05/2026;2026-S19;CONCORRENTE; 22.356.015/0001-20;CENTRAL COMERCIO DE COMBUSTIVEIS LTDA;CENTRAL COMERCIO DE COMBUSTIVEIS LTDA;IPIRANGA;"AVENIDA ELDES SCHERRER SOUZA, 2100 - : POSTO; - CIVIT II";29168-060;SERRA;ES;SE;DIESEL, DIESEL S10, ETANOL, GASOLINA, GASOLINA ADITIVADA, GNV;6,79 / 6,89 / 4,99 / 6,49 / 6,69 / 3,99;"R$ / litro; R$ / litro; R$ / litro; R$ / litro; R$ / litro; R$ / m³";Troca de oleo, Borracharia, Lava-jato, Conveniencia;;;;
05/05/2026;2026-S19;CONCORRENTE; 31.465.040/0001-32;POSTO ITAPOA LTDA;POSTO ITAPOA LTDA;IPIRANGA;AVENIDA FRANCELINA SETUBAL, 333 - ITAPOAN;29100-000;V. VELHA;ES;SE;DIESEL S10, ETANOL, GASOLINA, GASOLINA ADITIVADA;6,78 / 4,87 / 6,46 / 6,66;"R$ / litro; R$ / litro; R$ / litro; R$ / litro";Calibragem, Lava-jato;;;;
05/05/2026;2026-S19;CONCORRENTE; 34.387.806/0001-04;POSTO SATURNINO RANGEL MAURO LTDA;POSTO SATURNINO RANGEL MAURO LTDA;ALE;RUA PROFESSOR AUGUSTO RUSCH, 121 - PRAIA DE ITAPARICA;29102-080;VILA VELHA;ES;SE;DIESEL S10, ETANOL, GASOLINA, GASOLINA ADITIVADA;6,97 / 4,97 / 6,46 / 6,76;"R$ / litro; R$ / litro; R$ / litro; R$ / litro";Conveniencia,Lava-jato,Caixa eletronico,Calibragem;;;;
06/05/2026;2026-S19;CONCORRENTE; 00.762.780/0002-98;POSTO SD LTDA;POSTO SD LTDA;VIBRA;AVENIDA GOVERNADOR EURICO VIEIRA DE REZENDE, 278 - LOTE  1-2-3-4-5 - GURIRI NORTE;29946-100;SAO MATEUS;ES;SE;DIESEL S10, GASOLINA, GASOLINA ADITIVADA;7,09 / 6,79 / 6,89;"R$ / litro; R$ / litro; R$ / litro";Borracharia;;;;
06/05/2026;2026-S19;CONCORRENTE; 01.283.262/0001-73;POSTO CARIOQUINHA LTDA;POSTO CARIOQUINHA LTDA;BRANCA;AVENIDA FRANCISCO MARDEGAN, 90 - BOA VISTA;29315-477;CACHOEIRO DE ITAPEMIRIM;ES;SE;DIESEL S10, ETANOL, GASOLINA;6,69 / 5,19 / 7,08;"R$ / litro; R$ / litro; R$ / litro";Caixa eletronico;;;;
06/05/2026;2026-S19;CONCORRENTE; 02.583.872/0001-55;SANTA CLARA COMERCIO DE COMBUSTIVEIS LTDA;SANTA CLARA COMERCIO DE COMBUSTIVEIS LTDA;VIBRA;"RODOVIA ENGENHEIRO FABIANO VIVACQUA, 1414 - : A 1452; - MORRO GRANDE";29318-400;CACHOEIRO DE ITAPEMIRIM;ES;SE;DIESEL S10, ETANOL, GASOLINA, GASOLINA ADITIVADA;6,79 / 4,99 / 7,29 / 7,49;"R$ / litro; R$ / litro; R$ / litro; R$ / litro";"Caixa eletronico; Lava-jato; Conveniencia";;;;
06/05/2026;2026-S19;CONCORRENTE; 02.665.124/0001-11;AUTO POSTO SENNA LTDA.;AUTO POSTO SENNA LTDA.;RAIZEN;AVENIDA FRANCISCO LACERDA DE AGUIAR, 350 - GILBERTO MACHADO;29303-384;CACHOEIRO DE ITAPEMIRIM;ES;SE;ETANOL, GASOLINA, GASOLINA ADITIVADA;5,39 / 7,44 / 7,74;"R$ / litro; R$ / litro; R$ / litro";Caixa eletronico, Conveniencia, Calibragem, Borracharia;;;;
06/05/2026;2026-S19;CONCORRENTE; 03.058.196/0001-63;AUTO POSTO DANTAS LTDA;AUTO POSTO DANTAS LTDA;ATLÂNTICA;RODOVIA GOVERNADOR LACERDA DE AGUIAR, SN - CORONEL BORGES;29306-095;CACHOEIRO DE ITAPEMIRIM;ES;SE;DIESEL, DIESEL S10, GASOLINA, GASOLINA ADITIVADA;6,89 / 6,99 / 6,89 / 6,99;"R$ / litro; R$ / litro; R$ / litro; R$ / litro";Borracharia;;;;
06/05/2026;2026-S19;CONCORRENTE; 03.348.196/0001-06;Posto Damiani Ltda.;POSTO DAMIANI LTDA.;VIBRA;AVENIDA CENTRAL, 567 - CARAPINA;29933-210;SAO MATEUS;ES;SE;DIESEL, DIESEL S10, ETANOL, GASOLINA, GASOLINA ADITIVADA;6,99 / 7,09 / 5,49 / 6,79 / 6,89;"R$ / litro; R$ / litro; R$ / litro; R$ / litro; R$ / litro";Lava-jato,Conveniencia;;;;
2026-05-06;2026-S19;CONCORRENTE; 03.408.609/0001-92;POSTO FREEWAY LTDA;POSTO FREEWAY LTDA;IPIRANGA;AVENIDA FRANCISCO MARDEGAN, 535 - MARBRASA;29313-690;CACHOEIRO DE ITAPEMIRIM;ES;SE;DIESEL, DIESEL S10, ETANOL, GASOLINA, GASOLINA ADITIVADA;6,98 / 7,14 / 4,76 / 7,21 / 7,31;"R$ / litro; R$ / litro; R$ / litro; R$ / litro; R$ / litro";Conveniencia, Calibragem;;;;
06/05/2026;2026-S19;CONCORRENTE; 04.411.606/0001-70;AUTO POSTO VALAO LTDA;AUTO POSTO VALAO LTDA;BRANCA;RUA JOSE AMARAL, 232 - ELPIDIO VOLPINI;29309-760;CACHOEIRO DE ITAPEMIRIM;ES;SE;DIESEL S10, ETANOL, GASOLINA;6,79 / 4,79 / 7,09;"R$ / litro; R$ / litro; R$ / litro";Conveniencia, Troca de oleo, Borracharia;;;;
06/05/2026;2026-S19;CONCORRENTE; 05.349.237/0001-04;POSTO IRMAOS CAMATTA LTDA;POSTO IRMAOS CAMATTA LTDA;VIBRA;RODOVIA BR 101, KM 143, S/N - CANIVETE;29909-010;LINHARES;ES;SE;DIESEL, GASOLINA, GASOLINA ADITIVADA;6,69 / 6,69 / 6,69;"R$ / litro; R$ / litro; R$ / litro";Troca de oleo / Caixa eletronico;;;;
06/05/2026;2026-S19;CONCORRENTE; 07.470.392/0001-00;POSTO DE COMBUSTIVEIS OTAVIO EIRELI;POSTO DE COMBUSTIVEIS OTAVIO EIRELI;RAIZEN;AVENIDA ABDO SAAD, 833 - JACARAIPE;29173-510;SERRA;ES;SE;DIESEL, ETANOL, GASOLINA, GASOLINA ADITIVADA;6,89 / 5,19 / 6,59 / 6,89;"R$ / litro; R$ / litro; R$ / litro; R$ / litro";Borracharia;;;;
06/05/2026;2026-S19;CONCORRENTE; 10.197.775/0001-52;REDE DE POSTOS SAGUI LTDA;REDE DE POSTOS SAGUI LTDA;ATLÂNTICA;RUA EUCLIDES DA CUNHA, 421 - SAO DIOGO I;29163-265;SERRA;ES;SE;DIESEL S10, ETANOL, GASOLINA, GASOLINA ADITIVADA;6,99 / 4,99 / 6,47 / 6,67;"R$ / litro; R$ / litro; R$ / litro; R$ / litro";"Caixa eletronico; Conveniencia";;;;
06/05/2026;2026-S19;CONCORRENTE; 13.602.147/0001-01;AUTO POSTO LAGOA DO MEIO LTDA;AUTO POSTO LAGOA DO MEIO LTDA;IPIRANGA;RUA GUAICURUS, 18 - LAGOA DO MEIO;29904-010;LINHARES;ES;SE;DIESEL S10, ETANOL, GASOLINA;6,79 / 4,79 / 6,69;"R$ / litro; R$ / litro; R$ / litro";Borracharia, Caixa eletronico;;;;
06/05/2026;2026-S19;CONCORRENTE; 17.375.525/0001-04;AUTO POSTO LUCAS - EPP.;AUTO POSTO LUCAS - EPP.;ALE;AVENIDA ROMULO CASTELLO, 791 - LOTES 20 A 23 - CASTELANDIA;29172-620;SERRA;ES;SE;DIESEL S10, ETANOL, GASOLINA, GASOLINA ADITIVADA;6,88 / 4,98 / 6,45 / 6,79;"R$ / litro; R$ / litro; R$ / litro; R$ / litro";"Troca de oleo; Calibragem; Borracharia; Caixa eletronico";;;;
06/05/2026;2026-S19;CONCORRENTE; 20.863.591/0001-38;AUTO POSTO ZAMPIROLO LTDA;AUTO POSTO ZAMPIROLO LTDA;VIBRA;RODOVIA GOVERNADOR LACERDA DE AGUIAR, SN - CORONEL BORGES;29306-095;CACHOEIRO DE ITAPEMIRIM;ES;SE;DIESEL S10, GASOLINA, GASOLINA ADITIVADA;6,89 / 6,99 / 7,14;"R$ / litro; R$ / litro; R$ / litro";Calibragem / Troca de oleo / Borracharia / Conveniencia;;;;
06/05/2026;2026-S19;CONCORRENTE; 21.931.941/0001-19;AUTO POSTO INDEPENDENCIA LTDA;AUTO POSTO INDEPENDENCIA LTDA;IPIRANGA;"AVENIDA MAURO MIRANDA MADUREIRA, 1662 - : 1662 A 1720; - CENTRAL PARQUE";29313-162;CACHOEIRO DE ITAPEMIRIM;ES;SE;DIESEL, DIESEL S10, ETANOL, GASOLINA, GASOLINA ADITIVADA;6,84 / 6,94 / 5,39 / 7,39 / 7,69;"R$ / litro; R$ / litro; R$ / litro; R$ / litro; R$ / litro";"Lava-jato; Calibragem; Borracharia; Troca de oleo";;;;
06/05/2026;2026-S19;CONCORRENTE; 27.124.023/0001-64;POSTO NOGUEIRA LTDA;POSTO NOGUEIRA LTDA;BRANCA;RUA CORONEL FRANCISCO BRAGA, 2 - 02 A 08 - CENTRO;29300-220;CACHOEIRO DE ITAPEMIRIM;ES;SE;DIESEL, DIESEL S10, GASOLINA;7,69 / 7,79 / 7,29;"R$ / litro; R$ / litro; R$ / litro";Borracharia / Lava-jato;;;;
06/05/2026;2026-S19;CONCORRENTE; 27.179.654/0003-42;ITAPEMIRIM ORGANIZACAO DE PETROLEO LTDA;ITAPEMIRIM ORGANIZACAO DE PETROLEO LTDA;ATLÂNTICA;AVENIDA JONES DOS SANTOS NEVES, 1196 - CAICARA;29310-376;CACHOEIRO DE ITAPEMIRIM;ES;SE;DIESEL S10, ETANOL, GASOLINA, GASOLINA ADITIVADA, GNV;6,89 / 5,39 / 7,29 / 7,34 / 4,59;"R$ / litro; R$ / litro; R$ / litro; R$ / litro; R$ / m³";Lava-jato,Conveniencia,Caixa eletronico,Troca de oleo;;;;
06/05/2026;2026-S19;CONCORRENTE; 27.303.411/0003-74;AUTO POSTO DADINHO LTDA;AUTO POSTO DADINHO LTDA;ALE;AVENIDA VEREADOR WILMO VITORIO GUIZANI, 12 - SAO JOSE;29905-080;LINHARES;ES;SE;DIESEL S10, GASOLINA, GASOLINA ADITIVADA;6,79 / 6,79 / 6,79;"R$ / litro; R$ / litro; R$ / litro";Caixa eletronico,Lava-jato;;;;
06/05/2026;2026-S19;CONCORRENTE; 27.664.597/0006-30;AUTO POSTO SCHUENG LTDA;AUTO POSTO SCHUENG LTDA;ALE;RUA DOMINGOS CARRAFA, 49 - GURIRI SUL;29945-170;SAO MATEUS;ES;SE;DIESEL S10, GASOLINA;6,99 / 6,79;"R$ / litro; R$ / litro";Troca de oleo / Lava-jato / Calibragem;;;;
06/05/2026;2026-S19;CONCORRENTE; 27.664.597/0009-82;AUTO POSTO SCHUENG LTDA;AUTO POSTO SCHUENG LTDA;IPIRANGA;AVENIDA ESBERTALINA BARBOSA DAMIANI, 41-N - GURIRI NORTE;29946-490;SAO MATEUS;ES;SE;DIESEL, DIESEL S10, ETANOL, GASOLINA;6,89 / 6,99 / 5,69 / 6,79;"R$ / litro; R$ / litro; R$ / litro; R$ / litro";Conveniencia / Borracharia / Lava-jato;;;;
06/05/2026;2026-S19;CONCORRENTE; 28.505.616/0001-33;SUDESTE  COMERCIO DE COMBUSTIVEIS LTDA;SUDESTE  COMERCIO DE COMBUSTIVEIS LTDA;VIBRA;FAZENDA NASSAU I, S/N - AREA RURAL DE CACHOEIRO DE ITAPEMIRIM;29320-899;CACHOEIRO DE ITAPEMIRIM;ES;SE;DIESEL S10, GASOLINA, GASOLINA ADITIVADA;7,44 / 6,89 / 7,19;"R$ / litro; R$ / litro; R$ / litro";Borracharia, Troca de oleo;;;;
06/05/2026;2026-S19;CONCORRENTE; 31.284.466/0001-90;POSTO DUAS BARRAS LTDA;POSTO DUAS BARRAS LTDA;RAIZEN;RODOVIA BR -482 CACHOEIRO X ALEGRE, 8 - WALDIR F. DE AMORIM;29313-760;CACHOEIRO DE ITAPEMIRIM;ES;SE;DIESEL, DIESEL S10, ETANOL, GASOLINA, GASOLINA ADITIVADA;6,69 / 6,79 / 5,05 / 7,26 / 7,56;"R$ / litro; R$ / litro; R$ / litro; R$ / litro; R$ / litro";Borracharia;;;;
06/05/2026;2026-S19;CONCORRENTE; 37.361.618/0001-97;AUTO POSTO MAX COMBUSTIVEIS E DERIVADOS LTDA;AUTO POSTO MAX COMBUSTIVEIS E DERIVADOS LTDA;BRANCA;AVENIDA CEREJEIRA, 694 - LOTE  01                  QUADRA12 - MOVELAR;29906-014;LINHARES;ES;SE;ETANOL, GASOLINA, GASOLINA ADITIVADA;4,79 / 6,69 / 6,69;"R$ / litro; R$ / litro; R$ / litro";Caixa eletronico, Calibragem;;;;
07/05/2026;2026-S19;CONCORRENTE; 00.580.488/0001-73;POSTO DE GASOLINA MARACANA LTDA;POSTO DE GASOLINA MARACANA LTDA;IPIRANGA;AVENIDA ALICE COUTINHO SANTOS, 2101 - POSTO DE GASOLINA - MARACANA;29142-887;CARIACICA;ES;SE;DIESEL, DIESEL S10, ETANOL, GASOLINA, GASOLINA ADITIVADA;6,65 / 6,89 / 4,89 / 6,39 / 6,59;"R$ / litro; R$ / litro; R$ / litro; R$ / litro; R$ / litro";"Troca de oleo; Borracharia; Caixa eletronico";;;;
07/05/2026;2026-S19;CONCORRENTE; 02.582.857/0001-92;POSTO CAMPO GRANDE LTDA;POSTO CAMPO GRANDE LTDA;ATLÂNTICA;AVENIDA EXPEDITO GARCIA, 222 - CAMPO GRANDE;29157-405;CARIACICA;ES;SE;ETANOL, GASOLINA, GASOLINA ADITIVADA;4,99 / 6,34 / 6,39;"R$ / litro; R$ / litro; R$ / litro";Lava-jato;;;;
07/05/2026;2026-S19;CONCORRENTE; 03.948.877/0003-69;AUTO POSTO SANTA ANA LTDA;AUTO POSTO SANTA ANA LTDA;ALE;RODOVIA DO CAFE, 1871 - CARLOS GERMANO NAUMANN;29705-200;COLATINA;ES;SE;DIESEL, DIESEL S10, GASOLINA, GASOLINA ADITIVADA;6,89 / 6,99 / 6,55 / 6,75;"R$ / litro; R$ / litro; R$ / litro; R$ / litro";Calibragem / Lava-jato / Troca de oleo;;;;conferir bandeira
07/05/2026;2026-S19;CONCORRENTE; 04.814.652/0001-10;POSTO MOTOCAP LTDA;POSTO MOTOCAP LTDA;VIBRA;PRACA ALMIRANTE BARROSO, 52 - LETRA A - LACE;29703-055;COLATINA;ES;SE;GASOLINA;6,69;R$ / litro;Calibragem,Lava-jato,Conveniencia;;;;
07/05/2026;2026-S19;CONCORRENTE; 05.609.081/0001-45;AUTO SERVICO FLORESTA LTDA;AUTO SERVICO FLORESTA LTDA;VIBRA;AVENIDA PREFEITO SAMUEL BATISTA CRUZ, 1276 - ARACA;29900-100;LINHARES;ES;SE;GASOLINA;6,69;R$ / litro;Lava-jato,Troca de oleo,Caixa eletronico,Borracharia;;;;
07/05/2026;2026-S19;CONCORRENTE; 05.791.319/0001-04;MOTOCAP COMBUSTIVEIS LTDA;MOTOCAP COMBUSTIVEIS LTDA;VIBRA;RODOVIA GETHER LOPES DE FARIAS, 2600 - CARLOS GERMANO NAUMANN;29705-390;COLATINA;ES;SE;DIESEL, GASOLINA, GASOLINA ADITIVADA, GNV;6,89 / 6,69 / 6,79 / 4,49;"R$ / litro; R$ / litro; R$ / litro; R$ / m³";"Borracharia; Calibragem";;;;
07/05/2026;2026-S19;CONCORRENTE; 07.381.843/0001-24;POSTO DE COMBUSTIVEIS BRUNO LTDA;POSTO DE COMBUSTIVEIS BRUNO LTDA;ALE;RUA FIORAVANTE ROSSI, 738 - SAO BRAZ;29704-700;COLATINA;ES;SE;GASOLINA, GASOLINA ADITIVADA;6,69 / 6,69;"R$ / litro; R$ / litro";Borracharia;;;;
07/05/2026;2026-S19;CONCORRENTE; 08.519.545/0001-10;SAO FRANCISCO DE ASSIS COMERCIO DE COMBUSTIVEIS LTDA;SAO FRANCISCO DE ASSIS COMERCIO DE COMBUSTIVEIS LTDA;VIBRA;PRACA FIDELIS FERRARI, 35 - LACE;29703-030;COLATINA;ES;SE;GASOLINA, GASOLINA ADITIVADA;6,89 / 6,99;"R$ / litro; R$ / litro";"Caixa eletronico; Troca de oleo; Conveniencia";;;;
07/05/2026;2026-S19;CONCORRENTE; 08.971.375/0001-00;BRAX COMBUSTIVEIS LTDA;BRAX COMBUSTIVEIS LTDA;IPIRANGA;RODOVIA CONEGO JOAO GUILHERME, 1516 - MARIO GIURIZATTO;29706-557;COLATINA;ES;SE;DIESEL, DIESEL S10, ETANOL, GASOLINA, GASOLINA ADITIVADA;6,78 / 6,88 / 5,14 / 6,64 / 6,79;"R$ / litro; R$ / litro; R$ / litro; R$ / litro; R$ / litro";"Lava-jato; Troca de oleo";;;;
07/05/2026;2026-S19;CONCORRENTE; 10.223.356/0001-48;POSTO TREVO DA PONTE LTDA;POSTO TREVO DA PONTE LTDA;IPIRANGA;AVENIDA GOVERNADOR JONES DOS SANTOS NEVES, 160 - AVISO;29900-384;LINHARES;ES;SE;DIESEL, GASOLINA, GASOLINA ADITIVADA;6,69 / 6,69 / 6,69;"R$ / litro; R$ / litro; R$ / litro";Borracharia;;;;
07/05/2026;2026-S19;CONCORRENTE;10331576000195;AUTO POSTO LINHARES LTDA;AUTO POSTO LINHARES LTDA;IPIRANGA;AVENIDA JOSE TESCH, 657 - SHELL;29901-500;LINHARES;ES;SE;DIESEL, GASOLINA, GASOLINA ADITIVADA;6,69 / 6,69 / 6,69;"R$ / litro; R$ / litro; R$ / litro";Conveniencia,Caixa eletronico,Troca de oleo,Borracharia;;;;ver com gerente
07/05/2026;2026-S19;CONCORRENTE; 10.813.831/0001-36;AUTO POSTO E SERVICOS ARACRUZ - COLINA DE BELA VISTA LTDA;AUTO POSTO E SERVICOS ARACRUZ - COLINA DE BELA VISTA LTDA;RAIZEN;AVENIDA CASTELO BRANCO, 14 - QUADRARC 06 -                   LOTEAMENTO COLINA - BELA VISTA;29192-066;ARACRUZ;ES;SE;DIESEL, DIESEL S10, GASOLINA, GASOLINA ADITIVADA;6,99 / 7,09 / 6,69 / 6,99;"R$ / litro; R$ / litro; R$ / litro; R$ / litro";Troca de oleo,Caixa eletronico,Borracharia,Lava-jato;;;;
07/05/2026;2026-S19;PROPRIO; 11.222.333/0001-81;REDE MARE COMBUSTIVEIS LTDA;REDE MARE;BRANCA;AVENIDA MARIO GURGEL, 1092 - ITAQUARI;29151-570;CARIACICA;ES;SE;DIESEL, DIESEL S10, ETANOL, GASOLINA, GASOLINA ADITIVADA, GNV;6,76 / 6,82 / 4,87 / 6,59 / 6,59 / 4,09;"R$/l; R$/l; R$/l; R$/l; R$/l; R$ / m³";Conveniencia, Troca de oleo, Caixa eletronico, Borracharia;Fernanda Castro;(27) 99720-4488;"00.580.488/0001-73; 13.814.642/0001-76; 15.226.314/0001-84";
07/05/2026;2026-S19;PROPRIO; 11.222.333/0005-05;REDE MARE COMBUSTIVEIS LTDA;REDE MARE;BRANCA;AVENIDA MARIO GURGEL, 3127 - FUNDOSCOM A AV EXPEDITO GA - CAMPO GRANDE;29146-012;CARIACICA;ES;SE;DIESEL S10, ETANOL, GASOLINA, GASOLINA ADITIVADA, GNV;6,99 / 4,89 / 6,39 / 6,39 / 3,99;"R$ / litro; R$ / litro; R$ / litro; R$ / litro; R$ / m³";Conveniencia;Marcos Lyrio;(27) 99890-1276 / (27) 3345-0098;00.580.488/0001-73 / 13.814.642/0001-76 / 15.226.314/0001-84;ATUALIZAR!!
07/05/2026;2026-S19;CONCORRENTE; 13.814.642/0001-76;POSTO BR 31 AUTO SERVICOS LTDA.;POSTO BR 31 AUTO SERVICOS LTDA;RAIZEN;AVENIDA MARIO GURGEL, 2844 - ALTO LAJE;29151-026;CARIACICA;ES;SE;DIESEL S10, ETANOL, GASOLINA, GASOLINA ADITIVADA;6,89 / 4,79 / 6,45 / 6,85;"R$ / litro; R$ / litro; R$ / litro; R$ / litro";Troca de oleo, Calibragem, Caixa eletronico, Conveniencia;;;;
07/05/2026;2026-S19;CONCORRENTE; 15.226.314/0001-84;MAIS COMERCIO DE COMBUSTIVEL CARIACICA LTDA;MAIS COMERCIO DE COMBUSTIVEL CARIACICA LTDA;BRANCA;AVENIDA MARIO GURGEL, 4935 - VILA PALESTINA;29145-711;CARIACICA;ES;SE;ETANOL, GASOLINA;4,89 / 6,49;"R$ / litro; R$ / litro";Borracharia,Lava-jato,Conveniencia,Calibragem;;;;
07/05/2026;2026-S19;CONCORRENTE; 20.246.670/0001-08;POSTO DE COMBUSTIVEIS COLATINA LTDA;POSTO DE COMBUSTIVEIS COLATINA LTDA;BRANCA;RODOVIA DO CAFE, 606 - CARLOS GERMANO NAUMANN;29705-200;COLATINA;ES;SE;DIESEL, DIESEL S10, ETANOL, GASOLINA;6,89 / 6,99 / 4,69 / 6,55;"R$ / litro; R$ / litro; R$ / litro; R$ / litro";Troca de oleo / Calibragem;;;;
07/05/2026;2026-S19;CONCORRENTE; 24.145.665/0001-51;C.R.B. DEZAN E CIA LTDA;C.R.B. DEZAN E CIA LTDA;ATLÂNTICA;AVENIDA MARIO GURGEL, 5913 - AUTO POSTO - SAO FRANCISCO;29145-409;CARIACICA;ES;SE;DIESEL S10, ETANOL, GASOLINA;6,99 / 4,89 / 6,49;"R$ / litro; R$ / litro; R$ / litro";Conveniencia,Caixa eletronico;;;;
07/05/2026;2026-S19;CONCORRENTE; 27.016.518/0001-70;AUTO POSTO CONTORNO LTDA;AUTO POSTO CONTORNO LTDA;BRANCA;RODOVIA GOVERNADOR MARIO COVAS, 11282 - SERRA DO ANIL;29147-030;CARIACICA;ES;SE;DIESEL, DIESEL S10, GASOLINA, GASOLINA ADITIVADA;6,74 / 6,84 / 6,39 / 6,69;"R$ / litro; R$ / litro; R$ / litro; R$ / litro";Borracharia;;;;
07/05/2026;2026-S19;CONCORRENTE; 27.085.240/0001-92;POSTO DE GASOLINA SANTO ANTONIO LTDA;POSTO DE GASOLINA SANTO ANTONIO LTDA;ALE;AVENIDA SILVIO AVIDOS, 3251 - SANTO ANTONIO;29704-053;COLATINA;ES;SE;DIESEL, DIESEL S10, GASOLINA, GASOLINA ADITIVADA;6,89 / 6,99 / 6,69 / 6,79;"R$ / litro; R$ / litro; R$ / litro; R$ / litro";Lava-jato,Calibragem;;;;
07/05/2026;2026-S19;CONCORRENTE; 27.394.378/0001-73;POSTO DE PRODUTOS DE PETROLEO OASIS LTDA;POSTO DE PRODUTOS DE PETROLEO OASIS LTDA;IPIRANGA;AVENIDA MARIO GURGEL, 297 - JARDIM AMERICA;29140-261;CARIACICA;ES;SE;DIESEL S10, GASOLINA, GASOLINA ADITIVADA, GNV;6,79 / 6,35 / 6,89 / 3,99;"R$ / litro; R$ / litro; R$ / litro; R$ / m³";Calibragem, Caixa eletronico;;;;
07/05/2026;2026-S19;CONCORRENTE; 27.396.415/0001-82;AUTO SERVICO SAO CRISTOVAO LTDA;AUTO SERVICO SAO CRISTOVAO LTDA;VIBRA;AVENIDA MARIO GURGEL, 4 - KM    4 5  BR 262 - DOM BOSCO;29147-345;CARIACICA;ES;SE;DIESEL, ETANOL, GASOLINA, GASOLINA ADITIVADA, GNV;6,87 / 4,89 / 6,48 / 6,59 / 3,98;"R$ / litro; R$ / litro; R$ / litro; R$ / litro; R$ / m³";Caixa eletronico / Borracharia / Conveniencia;;;;
07/05/2026;2026-S19;CONCORRENTE; 27.926.384/0001-24;PETROVERA - POSTO DE PRODUTOS DE PETROLEO E TRANSPORTES LTDA - ME;PETROVERA - POSTO DE PRODUTOS DE PETROLEO E TRANSPORTES LTDA - ME;IPIRANGA;RODOVIA GOVERNADOR JOSE HENRIQUE SETTE, 906 - PAVMTO01 - ALTO LAGE;29151-055;CARIACICA;ES;SE;DIESEL, DIESEL S10, ETANOL, GASOLINA, GASOLINA ADITIVADA;6,89 / 6,99 / 4,79 / 6,45 / 6,45;"R$ / litro; R$ / litro; R$ / litro; R$ / litro; R$ / litro";Caixa eletronico / Conveniencia / Borracharia / Calibragem;;;;preco conferido por telefone
07/05/2026;2026-S19;CONCORRENTE; 28.344.206/0001-58;POSTO DE COMBUSTIVEIS ITACIBA LTDA;POSTO DE COMBUSTIVEIS ITACIBA LTDA;BRANCA;RUA MANOEL JOAQUIM DOS SANTOS, 317 - ITACIBA;29150-270;CARIACICA;ES;SE;ETANOL, GASOLINA, GASOLINA ADITIVADA;4,79 / 6,45 / 6,45;"R$ / litro; R$ / litro; R$ / litro";"Troca de oleo; Conveniencia; Lava-jato; Borracharia";;;;
07/05/2026;2026-S19;CONCORRENTE; 36.411.940/0002-00;VESCOVI & BITTI LTDA;VESCOVI & BITTI LTDA;VIBRA;AVENIDA FLORESTAL, 838 - SEGATTO;29192-154;ARACRUZ;ES;SE;DIESEL, DIESEL S10, GASOLINA, GASOLINA ADITIVADA;6,89 / 6,99 / 6,64 / 6,94;"R$/l; R$/l; R$/l; R$/l";Calibragem, Caixa eletronico, Conveniencia;;;;ATUALIZAR!!
08/05/2026;2026-S19;CONCORRENTE; 09.369.995/0001-37;POSTO DE COMBUSTIVEIS FERRARI SAO MATEUS LTDA;POSTO DE COMBUSTIVEIS FERRARI SAO MATEUS LTDA;BRANCA;"RODOVIA BR-101 NORTE, 921 - KM: 63; - VILA NOVA";29941-010;SAO MATEUS;ES;SE;ETANOL, GASOLINA, GNV;4,99 / 6,89 / 4,98;"R$ / litro; R$ / litro; R$ / m³";Lava-jato,Troca de oleo,Conveniencia;;;;
08/05/2026;2026-S19;CONCORRENTE; 29.937.036/0001-88;LOCVAN TRANSPORTE E TURISMO LTDA.;LOCVAN TRANSPORTE E TURISMO LTDA;BRANCA;RODOVIA GOVERNADOR MARIO COVAS, 573 - VILA NOVA;29941-010;SAO MATEUS;ES;SE;DIESEL S10, ETANOL, GASOLINA;7,19 / 5,50 / 6,79;"R$ / litro; R$ / litro; R$ / litro";Calibragem, Conveniencia;;;;
11/05/2026;2026-S20;CONCORRENTE; 01.496.517/0001-86;POSTO PERIM;POSTO PERIM LTDA;VIBRA;RUA SANTA LEOPOLDINA, 1650 - ITAPARICA;29102-040;VILA VELHA;ES;SE;DIESEL S10, ETANOL, GASOLINA, GASOLINA ADITIVADA;6,99 / 5,19 / 6,49 / 6,69;"R$ / litro; R$ / litro; R$ / litro; R$ / litro";Conveniencia,Borracharia,Caixa eletronico,Calibragem;;;;
11/05/2026;2026-S20;CONCORRENTE; 01.503.536/0001-92;POSTO MARCELA LTDA;POSTO MARCELA LTDA;VIBRA;RUA DO PESSEGUEIRO, S/N - DIVINO ESPÍRITO SANTO;29107-230;VILA VELHA;ES;SE;DIESEL S10, GASOLINA, GASOLINA ADITIVADA;6,89 / 6,46 / 6,66;"R$ / litro; R$ / litro; R$ / litro";Caixa eletronico,Borracharia;;;;
11/05/2026;2026-S20;CONCORRENTE; 01.823.633/0001-62;Posto Metropolitano Ltda;POSTO METROPOLITANO LTDA;IPIRANGA;VIA DOIS, 226 - ANEXO QUADRA 03 MODULO 03 - TIMS;29161-373;SERRA;ES;SE;DIESEL, DIESEL S10, ETANOL, GASOLINA, GASOLINA ADITIVADA;6,69 / 6,79 / 4,99 / 6,34 / 6,54;"R$ / litro; R$ / litro; R$ / litro; R$ / litro; R$ / litro";Borracharia, Calibragem;;;;
11/05/2026;2026-S20;CONCORRENTE; 02.567.214/0001-70;POSTO DE COMBUSTIVEL IDEAL LTDA;POSTO DE COMBUSTIVEL IDEAL LTDA;IPIRANGA;AVENIDA VITORIA, 3031 - GURIGICA;29027-080;VITORIA;ES;SE;ETANOL, GASOLINA, GASOLINA ADITIVADA;4,85 / 6,45 / 6,59;"R$ / litro; R$ / litro; R$ / litro";"Conveniencia; Borracharia; Calibragem";;;;
11/05/2026;2026-S20;CONCORRENTE; 04.145.589/0011-49;ARARA AZUL REDE DE POSTOS LTDA;ARARA AZUL REDE DE POSTOS LTDA;BRANCA;RODOVIA RODOVIA DO SOL, 530 - PRAIA DE ITAPARICA;29102-020;VILA VELHA;ES;SE;DIESEL S10, ETANOL, GASOLINA, GASOLINA ADITIVADA;6,98 / 5,09 / 6,46 / 6,76;"R$ / litro; R$ / litro; R$ / litro; R$ / litro";Lava-jato / Troca de oleo / Borracharia;;;;
11/05/2026;2026-S20;CONCORRENTE; 04.228.463/0001-66;AUTO POSTO MARLIN LTDA;AUTO POSTO MARLIN LTDA;ATLÂNTICA;RUA JUIZ ALEXANDRE MARTINS DE CASTRO FILHO, 285 - SANTA LUCIA;29056-295;VITORIA;ES;SE;DIESEL S10, ETANOL, GASOLINA, GASOLINA ADITIVADA;6,99 / 4,99 / 6,47 / 6,67;"R$ / litro; R$ / litro; R$ / litro; R$ / litro";Caixa eletronico, Troca de oleo;;;;
11/05/2026;2026-S20;CONCORRENTE; 04.361.389/0001-51;AUTO POSTO WAVE LTDA;AUTO POSTO WAVE LTDA;ALE;AVENIDA TALMA RODRIGUES RIBEIRO, 5416 A - PORTAL DE JACARAIPE;29173-795;SERRA;ES;SE;DIESEL, DIESEL S10, ETANOL, GASOLINA;6,78 / 6,88 / 4,99 / 6,45;"R$ / litro; R$ / litro; R$ / litro; R$ / litro";Calibragem, Borracharia;;;;conferir bandeira
11/05/2026;2026-S20;CONCORRENTE; 04.960.337/0001-00;RENOVA COMERCIO COMBUSTIVEL E SERVICOS LTDA;RENOVA COMERCIO COMBUSTIVEL E SERVICOS LTDA;BRANCA;AVENIDA LEITAO DA SILVA, 1150 - SANTA LUCIA;29056-184;VITORIA;ES;SE;ETANOL, GASOLINA, GASOLINA ADITIVADA;4,81 / 6,45 / 6,45;"R$ / litro; R$ / litro; R$ / litro";Borracharia,Calibragem;;;;
11/05/2026;2026-S20;CONCORRENTE; 07.571.908/0001-02;AUTO POSTO CORAL LTDA;AUTO POSTO CORAL LTDA;VIBRA;AVENIDA NORTE SUL, 259 - N.S.DO ROSARIO DE FATIMA;29176-798;SERRA;ES;SE;GASOLINA, GASOLINA ADITIVADA;6,49 / 6,79;"R$ / litro; R$ / litro";"Borracharia; Lava-jato; Conveniencia";;;;
11/05/2026;2026-S20;CONCORRENTE; 08.788.618/0001-70;J. S. PETROLEO E COMERCIO LTDA.;J. S. PETROLEO E COMERCIO LTDA.;RAIZEN;AVENIDA DANTE MICHELINI, 2461 - MATA DA PRAIA;29066-430;VITÓRIA;ES;SE;ETANOL, GASOLINA, GASOLINA ADITIVADA, GNV;4,99 / 6,49 / 6,89 / 3,99;"R$ / litro; R$ / litro; R$ / litro; R$ / m³";Borracharia,Caixa eletronico,Troca de oleo;;;;
11/05/2026;2026-S20;PROPRIO; 11.222.333/0003-43;REDE MARE COMBUSTIVEIS LTDA;REDE MARE;BRANCA;AVENIDA VITORIA, 2667 - HORTO;29027-080;VITORIA;ES;SE;DIESEL S10, ETANOL, GASOLINA, GASOLINA ADITIVADA;6,89 / 4,85 / 6,45 / 6,45;"R$ / litro; R$ / litro; R$ / litro; R$ / litro";Conveniencia, Borracharia;Paulo Ferraz;(27) 99945-7810 / (27) 3226-4410;02.567.214/0001-70 / 14.806.977/0001-05 / 26.980.450/0001-81;
11/05/2026;2026-S20;CONCORRENTE; 11.942.147/0001-17;POSTO PARADA VITORIA LTDA;POSTO PARADA VITORIA LTDA;ALE;AVENIDA MARECHALCAMPOS, 370 - CONSOLACAO;29045-460;VITORIA;ES;SE;DIESEL S10, ETANOL, GASOLINA, GASOLINA ADITIVADA;7,49 / 4,98 / 6,45 / 6,60;"R$ / litro; R$ / litro; R$ / litro; R$ / litro";Conveniencia / Caixa eletronico / Troca de oleo;;;;
11/05/2026;2026-S20;CONCORRENTE; 12.535.572/0001-54;AUTO POSTO MORADA LTDA;AUTO POSTO MORADA LTDA;IPIRANGA;AVENIDA PAULO PEREIRA GOMES, S/N - LOTE  03C                 QUADRAUE IV               SETOR II - MORADA DE LARANJEIRAS;29166-828;SERRA;ES;SE;DIESEL S10, ETANOL, GASOLINA, GASOLINA ADITIVADA;6,87 / 4,99 / 6,49 / 6,69;"R$ / litro; R$ / litro; R$ / litro; R$ / litro";Borracharia / Calibragem / Troca de oleo;;;;
11/05/2026;2026-S20;CONCORRENTE; 14.806.977/0001-05;AUTO POSTO SILVARES LTDA;AUTO POSTO SILVARES LTDA;IPIRANGA;AVENIDA   NAIR AZEVEDO SILVA, 430 - ILHA DO PRINCIPE;29020-240;VITORIA;ES;SE;ETANOL, GASOLINA, GASOLINA ADITIVADA;4,99 / 6,49 / 6,69;"R$ / litro; R$ / litro; R$ / litro";Borracharia;;;;
11/05/2026;2026-S20;CONCORRENTE; 16.577.742/0001-14;AUTO POSTO ESCOLA COMERCIO DE COMBUSTIVEIS, LUBRIFICANTES E SERVICOS LTDA;AUTO POSTO ESCOLA COMERCIO DE COMBUSTIVEIS, LUBRIFICANTES E SERVICOS LTDA;VIBRA;"AVENIDA AMERICO BUAIZ, 1 - : POSTO; - ENSEADA DO SUA";29050-463;VITORIA;ES;SE;GASOLINA, GASOLINA ADITIVADA;6,49 / 6,69;"R$/l; R$/l";Troca de oleo, Caixa eletronico;;;;
11/05/2026;2026-S20;CONCORRENTE; 22.356.015/0001-20;CENTRAL COMERCIO DE COMBUSTIVEIS LTDA;CENTRAL COMERCIO DE COMBUSTIVEIS LTDA;IPIRANGA;"AVENIDA ELDES SCHERRER SOUZA, 2100 - : POSTO; - CIVIT II";29168-060;SERRA;ES;SE;DIESEL, DIESEL S10, ETANOL, GASOLINA, GASOLINA ADITIVADA, GNV;6,79 / 6,89 / 4,99 / 6,49 / 6,69 / 3,99;"R$ / litro; R$ / litro; R$ / litro; R$ / litro; R$ / litro; R$ / m³";Troca de oleo / Borracharia / Lava-jato / Conveniencia;;;;
11/05/2026;2026-S20;CONCORRENTE; 26.980.450/0001-81;AUTO POSTO VITORIA COMERCIO DE COMBUSTIVEIS LTDA;AUTO POSTO VITORIA COMERCIO DE COMBUSTIVEIS LTDA;VIBRA;RUA OLYMPIO RODRIGUES PASSOS, 14 - LOJA  01 - JABOUR;29072-290;VITORIA;ES;SE;ETANOL, GASOLINA, GASOLINA ADITIVADA;4,99 / 6,47 / 6,77;"R$ / litro; R$ / litro; R$ / litro";Caixa eletronico;;;;
11/05/2026;2026-S20;CONCORRENTE; 27.066.273/0002-76;POSTO ARVOREDO LTDA;POSTO ARVOREDO LTDA;BRANCA;AVENIDA VITORIA, 1600 - POSTO - ILHA DE SANTA MARIA;29051-040;VITORIA;ES;SE;ETANOL, GASOLINA, GASOLINA ADITIVADA;4,85 / 6,45 / 6,45;"R$ / litro; R$ / litro; R$ / litro";Lava-jato / Troca de oleo / Borracharia;;;;conferir bandeira
11/05/2026;2026-S20;CONCORRENTE; 27.734.094/0001-89;POSTO ATLANTICO LTDA;POSTO ATLANTICO LTDA;RAIZEN;AVENIDA DANTE MICHELINI, 4655 - POSTO - JARDIM CAMBURI;29090-070;VITORIA;ES;SE;DIESEL S10, ETANOL, GASOLINA, GASOLINA ADITIVADA;6,79 / 5,19 / 6,49 / 6,84;"R$ / litro; R$ / litro; R$ / litro; R$ / litro";Borracharia / Calibragem;;;;
11/05/2026;2026-S20;CONCORRENTE; 28.059.632/0001-40;A.B.C. AUTO SERVICOS LTDA;A.B.C. AUTO SERVICOS LTDA;RAIZEN;AVENIDA ROBERT KENNEDY, 21 - A - SAO TORQUATO;29114-000;VILA VELHA;ES;SE;DIESEL, DIESEL S10, GASOLINA, GASOLINA ADITIVADA;6,89 / 6,89 / 6,45 / 6,85;"R$ / litro; R$ / litro; R$ / litro; R$ / litro";Caixa eletronico,Borracharia,Troca de oleo;;;;
11/05/2026;2026-S20;CONCORRENTE;28413219000131;COMERCIAL NORTE SUL LTDA;COMERCIAL NORTE SUL LTDA;VIBRA;AVENIDA MARUIPE, 2757 - SANTA LUIZA;29045-230;VITORIA;ES;SE;GASOLINA, GASOLINA ADITIVADA;6,49 / 6,79;"R$ / litro; R$ / litro";Lava-jato;;;;
11/05/2026;2026-S20;CONCORRENTE; 31.465.040/0001-32;POSTO ITAPOA LTDA;POSTO ITAPOA LTDA;IPIRANGA;AVENIDA FRANCELINA SETUBAL, 333 - ITAPOAN;29100-000;VILA VELHA;ES;SE;DIESEL S10, ETANOL, GASOLINA, GASOLINA ADITIVADA;6,78 / 4,87 / 6,46 / 6,66;"R$ / litro; R$ / litro; R$ / litro; R$ / litro";Calibragem, Lava-jato;;;;
11/05/2026;2026-S20;CONCORRENTE; 36.336.386/0001-54;POSTO TRES COQUEIROS LTDA;POSTO TRES COQUEIROS LTDA;IPIRANGA;RODOVIA CARLOS LINDEMBERG, SN - ALVORADA;29123-600;VILA VELHA;ES;SE;DIESEL, DIESEL S10, ETANOL, GASOLINA, GASOLINA ADITIVADA;6,79 / 6,89 / 4,72 / 6,39 / 6,59;"R$ / litro; R$ / litro; R$ / litro; R$ / litro; R$ / litro";Caixa eletronico / Borracharia;;;;
11/05/2026;2026-S20;CONCORRENTE; 36.751.443/0001-61;BOA VISTA SERVICO AUTOMOTIVO LTDA;BOA VISTA SERVICO AUTOMOTIVO LTDA;ALE;AVENIDA JOAO XXIII, 1339 - BOA VISTA;29931-225;SAO MATEUS;ES;SE;DIESEL S10, GASOLINA, GASOLINA ADITIVADA;6,59 / 6,89 / 6,89;"R$ / litro; R$ / litro; R$ / litro";Calibragem, Borracharia, Caixa eletronico;;;;
11/05/2026;2026-S20;CONCORRENTE;38530950000109;POSTO CAPUABA LTDA;POSTO CAPUABA LTDA;BRANCA;ESTRADA CAPUABA, 21 - ATAIDE;29119-060;VILA VELHA;ES;SE;DIESEL, ETANOL, GASOLINA, GASOLINA ADITIVADA;6,89 / 4,99 / 6,49 / 6,79;"R$ / litro; R$ / litro; R$ / litro; R$ / litro";Caixa eletronico / Borracharia / Lava-jato;;;;
12/05/2026;2026-S20;CONCORRENTE; 03.948.877/0003-69;AUTO POSTO SANTA ANA LTDA;AUTO POSTO SANTA ANA LTDA;ALE;RODOVIA DO CAFE, 1871 - CARLOS GERMANO NAUMANN;29705-200;COLATINA;ES;SE;DIESEL, DIESEL S10, GASOLINA, GASOLINA ADITIVADA;6,89 / 6,99 / 6,55 / 6,75;"R$ / litro; R$ / litro; R$ / litro; R$ / litro";Calibragem / Lava-jato / Troca de oleo;;;;
12/05/2026;2026-S20;CONCORRENTE; 04.361.389/0002-32;AUTO POSTO WAVE LTDA;AUTO POSTO WAVE LTDA;ALE;AVENIDA MARTIN PESCADOR, 12 - PORTO CANOA;29168-460;SERRA;ES;SE;DIESEL S10, ETANOL, GASOLINA, GASOLINA ADITIVADA;6,99 / 4,99 / 6,49 / 6,49;"R$ / litro; R$ / litro; R$ / litro; R$ / litro";Borracharia,Caixa eletronico,Troca de oleo;;;;
12/05/2026;2026-S20;CONCORRENTE; 04.814.652/0001-10;POSTO MOTOCAP LTDA;POSTO MOTOCAP LTDA;VIBRA;PRACA ALMIRANTE BARROSO, 52 - LETRA A - LACE;29703-055;COLATINA;ES;SE;GASOLINA;6,69;R$ / litro;Calibragem, Lava-jato, Conveniencia;;;;ver com gerente
12/05/2026;2026-S20;CONCORRENTE; 04.994.796/0001-04;POSTO SB LTDA;POSTO SB LTDA;VIBRA;AVENIDA BRASILIA, 1360 - PLANICIE DA SERRA;29168-710;SERRA;ES;SE;GASOLINA, GASOLINA ADITIVADA;6,59 / 6,74;"R$ / litro; R$ / litro";"Borracharia; Calibragem; Troca de oleo; Caixa eletronico";;;;
12/05/2026;2026-S20;CONCORRENTE; 05.393.247/0001-39;POSTO CANOA DERIVADOS DE PETROLEO LTDA;POSTO CANOA DERIVADOS DE PETROLEO LTDA;ALE;AVENIDA BRASILIA, 575 - PORTO CANOA;29168-600;SERRA;ES;SE;DIESEL S10, ETANOL, GASOLINA, GASOLINA ADITIVADA;6,99 / 4,99 / 6,49 / 6,49;"R$ / litro; R$ / litro; R$ / litro; R$ / litro";Borracharia / Caixa eletronico / Calibragem;;;;
12/05/2026;2026-S20;CONCORRENTE; 05.609.081/0001-45;AUTO SERVICO FLORESTA LTDA;AUTO SERVICO FLORESTA LTDA;VIBRA;AVENIDA PREFEITO SAMUEL BATISTA CRUZ, 1276 - ARACA;29900-100;LINHARES;ES;SE;GASOLINA;6,69;R$ / litro;Lava-jato / Troca de oleo / Caixa eletronico / Borracharia;;;;
12/05/2026;2026-S20;CONCORRENTE; 07.381.843/0001-24;POSTO DE COMBUSTIVEIS BRUNO LTDA;POSTO DE COMBUSTIVEIS BRUNO LTDA;ALE;RUA FIORAVANTE ROSSI, 738 - SAO BRAZ;29704-700;COLATINA;ES;SE;GASOLINA, GASOLINA ADITIVADA;6,69 / 6,69;"R$ / litro; R$ / litro";Borracharia;;;;
12/05/2026;2026-S20;CONCORRENTE; 07.470.392/0001-00;POSTO DE COMBUSTIVEIS OTAVIO EIRELI;POSTO DE COMBUSTIVEIS OTAVIO EIRELI;RAIZEN;AVENIDA ABDO SAAD, 833 - JACARAIPE;29173-510;SERRA;ES;SE;DIESEL, ETANOL, GASOLINA, GASOLINA ADITIVADA;6,89 / 5,19 / 6,89 / 7,19;"R$/l; R$/l; R$/l; R$/l";Borracharia;;;;
12/05/2026;2026-S20;CONCORRENTE;07830414000197;REVENDA DE COMBUSTIVEIS BKR LTDA;REVENDA DE COMBUSTIVEIS BKR LTDA;RAIZEN;RODOVIA GOVERNADOR MARIO COVAS, 122 - BARCELONA;29166-095;SERRA;ES;SE;DIESEL, ETANOL, GASOLINA, GASOLINA ADITIVADA;6,89 / 4,99 / 6,80 / 6,80;"R$ / litro; R$ / litro; R$ / litro; R$ / litro";Calibragem, Troca de oleo, Borracharia;;;;
12/05/2026;2026-S20;CONCORRENTE; 08.022.304/0001-61;AUTO POSTO DE COMBUSTIVEL RTT LTDA;AUTO POSTO DE COMBUSTIVEL RTT LTDA;IPIRANGA;RUA MOEMA, 38 - DIVINO ESPIRITO SANTO;29107-250;VILA VELHA;ES;SE;DIESEL S10, ETANOL, GASOLINA, GASOLINA ADITIVADA;6,99 / 5,09 / 6,45 / 6,65;"R$ / litro; R$ / litro; R$ / litro; R$ / litro";Borracharia;;;;
12/05/2026;2026-S20;CONCORRENTE; 08.519.545/0001-10;SAO FRANCISCO DE ASSIS COMERCIO DE COMBUSTIVEIS LTDA;SAO FRANCISCO DE ASSIS COMERCIO DE COMBUSTIVEIS LTDA;VIBRA;PRACA FIDELIS FERRARI, 35 - LACE;29703-030;COLATINA;ES;SE;GASOLINA, GASOLINA ADITIVADA;6,89 / 6,99;"R$ / litro; R$ / litro";Caixa eletronico / Troca de oleo / Conveniencia;;;;
12/05/2026;2026-S20;CONCORRENTE; 08.971.375/0001-00;BRAX COMBUSTIVEIS LTDA;BRAX COMBUSTIVEIS LTDA;IPIRANGA;RODOVIA CONEGO JOAO GUILHERME, 1516 - MARIO GIURIZATTO;29706-557;COLATINA;ES;SE;DIESEL, DIESEL S10, ETANOL, GASOLINA, GASOLINA ADITIVADA;6,78 / 6,88 / 5,19 / 6,69 / 6,79;"R$/l; R$/l; R$/l; R$/l; R$/l";Lava-jato, Troca de oleo;;;;
12/05/2026;2026-S20;CONCORRENTE; 10.197.775/0001-52;REDE DE POSTOS SAGUI LTDA;REDE DE POSTOS SAGUI LTDA;ATLÂNTICA;RUA EUCLIDES DA CUNHA, 421 - SAO DIOGO I;29163-265;SERRA;ES;SE;DIESEL S10, ETANOL, GASOLINA, GASOLINA ADITIVADA;6,99 / 4,99 / 6,85 / 7,05;"R$ / litro; R$ / litro; R$ / litro; R$ / litro";Caixa eletronico / Conveniencia;;;;
12/05/2026;2026-S20;CONCORRENTE; 10.331.576/0001-95;AUTO POSTO LINHARES LTDA;AUTO POSTO LINHARES LTDA;IPIRANGA;AVENIDA JOSE TESCH, 657 - SHELL;29901-500;LINHARES;ES;SE;DIESEL S10, GASOLINA, GASOLINA ADITIVADA;6,69 / 6,69 / 6,69;"R$ / litro; R$ / litro; R$ / litro";Conveniencia, Caixa eletronico, Troca de oleo, Borracharia;;;;
12/05/2026;2026-S20;CONCORRENTE; 10.569.345/0001-14;POSTO CRISTOVAO COLOMBO LTDA.;POSTO CRISTOVAO COLOMBO LTDA;VIBRA;RUA CRISTOVAO COLOMBO, 582 - CRISTOVAO COLOMBO;29106-595;VILA VELHA;ES;SE;GASOLINA, GASOLINA ADITIVADA;6,45 / 6,75;"R$ / litro; R$ / litro";Caixa eletronico,Troca de oleo,Lava-jato,Calibragem;;;;
12/05/2026;2026-S20;CONCORRENTE; 10.813.831/0001-36;AUTO POSTO E SERVICOS ARACRUZ - COLINA DE BELA VISTA LTDA;AUTO POSTO E SERVICOS ARACRUZ - COLINA DE BELA VISTA LTDA;RAIZEN;AVENIDA CASTELO BRANCO, 14 - QUADRARC 06 -                   LOTEAMENTO COLINA - BELA VISTA;29192-066;ARACRUZ;ES;SE;DIESEL, DIESEL S10, GASOLINA, GASOLINA ADITIVADA;6,99 / 7,09 / 6,69 / 6,99;"R$ / litro; R$ / litro; R$ / litro; R$ / litro";Troca de oleo, Caixa eletronico, Borracharia, Lava-jato;;;;
12/05/2026;2026-S20;CONCORRENTE; 17.375.525/0001-04;Auto Posto Lucas - Epp.;AUTO POSTO LUCAS - EPP.;ALE;AVENIDA ROMULO CASTELLO, 791 - LOTES 20 A 23 - CASTELANDIA;29172-620;SERRA;ES;SE;DIESEL S10, ETANOL, GASOLINA, GASOLINA ADITIVADA;6,88 / 4,98 / 6,45 / 6,79;"R$ / litro; R$ / litro; R$ / litro; R$ / litro";Troca de oleo,Calibragem,Borracharia,Caixa eletronico;;;;
12/05/2026;2026-S20;CONCORRENTE; 20.246.670/0001-08;POSTO DE COMBUSTIVEIS COLATINA LTDA;POSTO DE COMBUSTIVEIS COLATINA LTDA;BRANCA;RODOVIA DO CAFE, 606 - CARLOS GERMANO NAUMANN;29705-200;COLATINA;ES;SE;DIESEL, DIESEL S10, ETANOL, GASOLINA;6,89 / 6,99 / 4,69 / 6,55;"R$ / litro; R$ / litro; R$ / litro; R$ / litro";Troca de oleo,Calibragem;;;;
12/05/2026;2026-S20;CONCORRENTE; 21.246.940/0001-35;AUTO POSTO GASCROMA COMERCIO DE COMBUSTIVEIS, LUBRIFICANTES E SERVICOS LTDA;AUTO POSTO GASCROMA COMERCIO DE COMBUSTIVEIS, LUBRIFICANTES E SERVICOS LTDA;VIBRA;AVENIDA JERONIMO MONTEIRO, 840 - JABURUNA;29100-600;VILA VELHA;ES;SE;GASOLINA, GASOLINA ADITIVADA;6,59 / 6,59;"R$ / litro; R$ / litro";Calibragem, Conveniencia;;;;
12/05/2026;2026-S20;CONCORRENTE; 23.305.603/0001-05;POSTO MARLIM BRANCO LTDA - ME;POSTO MARLIM BRANCO LTDA - ME;VIBRA;AVENIDA ROMULO CASTELLO, 161 - LOTE  16 17 18 - CASTELANDIA;29172-620;SERRA;ES;SE;GASOLINA, GASOLINA ADITIVADA;6,85 / 7,15;"R$ / litro; R$ / litro";Borracharia;;;;
12/05/2026;2026-S20;CONCORRENTE; 26.058.218/0001-90;AUTO POSTO 5 ESTRELAS EIRELI;AUTO POSTO 5 ESTRELAS EIRELI;IPIRANGA;RODOVIA GOVERNADOR MARIO COVAS, S/N - KM    245.2 - CALOGI;29181-100;SERRA;ES;SE;DIESEL, DIESEL S10, ETANOL, GASOLINA, GASOLINA ADITIVADA;6,09 / 6,19 / 4,69 / 6,59 / 6,59;"R$ / litro; R$ / litro; R$ / litro; R$ / litro; R$ / litro";Troca de oleo;;;;
12/05/2026;2026-S20;CONCORRENTE; 27.085.240/0001-92;POSTO DE GASOLINA SANTO ANTONIO LTDA;POSTO DE GASOLINA SANTO ANTONIO LTDA;ALE;AVENIDA SILVIO AVIDOS, 3251 - SANTO ANTONIO;29704-053;COLATINA;ES;SE;DIESEL, DIESEL S10, GASOLINA, GASOLINA ADITIVADA;6,89 / 6,99 / 6,69 / 6,79;"R$ / litro; R$ / litro; R$ / litro; R$ / litro";Lava-jato / Calibragem;;;;promo fim de semana?
12/05/2026;2026-S20;CONCORRENTE; 27.352.004/0001-95;POSTO DE COMBUSTIVEIS GIRASSOL LTDA;POSTO DE COMBUSTIVEIS GIRASSOL LTDA;VIBRA;AVENIDA DAS NACOES, 852 - COLATINA VELHA;29700-543;COLATINA;ES;SE;DIESEL, ETANOL, GASOLINA, GASOLINA ADITIVADA;6,79 / 5,19 / 6,79 / 6,89;"R$ / litro; R$ / litro; R$ / litro; R$ / litro";Lava-jato, Borracharia;;;;
12/05/2026;2026-S20;CONCORRENTE; 32.467.417/0001-55;J C RODRIGUES NETO E FILHOS LTDA;J C RODRIGUES NETO E FILHOS LTDA;VIBRA;RUA CEARA, S/N - LOTES 01/04  Q.01 - PRAIA DA COSTA;29101-290;VILA VELHA;ES;SE;ETANOL, GASOLINA, GASOLINA ADITIVADA;4,89 / 6,44 / 6,44;"R$ / litro; R$ / litro; R$ / litro";Lava-jato,Borracharia,Calibragem,Caixa eletronico;;;;
12/05/2026;2026-S20;CONCORRENTE; 39.383.377/0001-02;AUTO POSTO VILA VELHA LTDA;AUTO POSTO VILA VELHA LTDA;BRANCA;RODOVIA CARLOS LINDEMBERG, 101 - CENTRO;29123-600;VILA VELHA;ES;SE;DIESEL S10, ETANOL, GASOLINA, GASOLINA ADITIVADA;7,09 / 4,99 / 6,43 / 6,65;"R$ / litro; R$ / litro; R$ / litro; R$ / litro";Calibragem;;;;
13/05/2026;2026-S20;CONCORRENTE; 00.345.721/0001-33;RUBENS SCHUENG FILHO;RUBENS SCHUENG FILHO;IPIRANGA;RUA DOUTOR RAIMUNDO GUILHERME SOBRINHO, 605 - FRENTE - SERNAMBY;29930-480;SAO MATEUS;ES;SE;DIESEL S10, GASOLINA;6,99 / 6,79;"R$ / litro; R$ / litro";Conveniencia;;;;
13/05/2026;2026-S20;CONCORRENTE; 00.580.488/0001-73;POSTO DE GASOLINA MARACANA LTDA;POSTO DE GASOLINA MARACANA LTDA;IPIRANGA;AVENIDA ALICE COUTINHO SANTOS, 2101 - POSTO DE GASOLINA - MARACANA;29142-887;CARIACICA;ES;SE;DIESEL, DIESEL S10, ETANOL, GASOLINA, GASOLINA ADITIVADA;6,65 / 6,89 / 4,89 / 6,39 / 6,59;"R$ / litro; R$ / litro; R$ / litro; R$ / litro; R$ / litro";Troca de oleo,Borracharia,Caixa eletronico;;;;
13/05/2026;2026-S20;CONCORRENTE; 00.762.780/0002-98;POSTO SD LTDA;POSTO SD LTDA;VIBRA;AVENIDA GOVERNADOR EURICO VIEIRA DE REZENDE, 278 - LOTE  1-2-3-4-5 - GURIRI NORTE;29946-100;SAO MATEUS;ES;SE;DIESEL S10, GASOLINA, GASOLINA ADITIVADA;7,09 / 6,79 / 6,89;"R$ / litro; R$ / litro; R$ / litro";Borracharia;;;;
13/05/2026;2026-S20;CONCORRENTE; 04.850.382/0001-01;POSTO ARIBIRI DO GAS LTDA;POSTO ARIBIRI DO GAS LTDA;VIBRA;AVENIDA CARLOS LINDEMBERG, 1944 - SANTA INEZ;29108-075;VILA VELHA;ES;SE;GASOLINA, GASOLINA ADITIVADA, GNV;6,39 / 6,59 / 3,99;"R$ / litro; R$ / litro; R$ / m³";"Caixa eletronico; Lava-jato";;;;
13/05/2026;2026-S20;PROPRIO; 11.222.333/0001-81;REDE MARE COMBUSTIVEIS LTDA;REDE MARE;BRANCA;AVENIDA MARIO GURGEL, 1092 - ITAQUARI;29151-570;CARIACICA;ES;SE;DIESEL, DIESEL S10, ETANOL, GASOLINA, GASOLINA ADITIVADA, GNV;6,76 / 6,82 / 4,87 / 6,59 / 6,59 / 4,09;"R$ / litro; R$ / litro; R$ / litro; R$ / litro; R$ / litro; R$ / m³";Conveniencia / Troca de oleo / Caixa eletronico / Borracharia;Fernanda Castro;(27) 99720-4488;00.580.488/0001-73 / 13.814.642/0001-76 / 15.226.314/0001-84;ATUALIZAR!!
13/05/2026;2026-S20;PROPRIO; 11.222.333/0005-05;REDE MARE COMBUSTIVEIS LTDA;REDE MARE;BRANCA;AVENIDA MARIO GURGEL, 3127 - FUNDOSCOM A AV EXPEDITO GA - CAMPO GRANDE;29146-012;CARIACICA;ES;SE;DIESEL S10, ETANOL, GASOLINA, GASOLINA ADITIVADA, GNV;6,99 / 4,89 / 6,39 / 6,39 / 3,99;"R$ / litro; R$ / litro; R$ / litro; R$ / litro; R$ / m³";Conveniencia;Marcos Lyrio;(27) 99890-1276 / (27) 3345-0098;00.580.488/0001-73 / 13.814.642/0001-76 / 15.226.314/0001-84;
13/05/2026;2026-S20;CONCORRENTE; 13.602.147/0001-01;AUTO POSTO LAGOA DO MEIO LTDA;AUTO POSTO LAGOA DO MEIO LTDA;IPIRANGA;RUA GUAICURUS, 18 - LAGOA DO MEIO;29904-010;LINHARES;ES;SE;GASOLINA;6,69;R$ / litro;Borracharia,Caixa eletronico;;;;
13/05/2026;2026-S20;CONCORRENTE; 13.814.642/0001-76;POSTO BR 31 AUTO SERVICOS LTDA;POSTO BR 31 AUTO SERVICOS LTDA;RAIZEN;AVENIDA MARIO GURGEL, 2844 - ALTO LAJE;29151-026;CARIACICA;ES;SE;DIESEL S10, ETANOL, GASOLINA, GASOLINA ADITIVADA;6,89 / 4,79 / 6,45 / 6,85;"R$ / litro; R$ / litro; R$ / litro; R$ / litro";Troca de oleo / Calibragem / Caixa eletronico / Conveniencia;;;;
13/05/2026;2026-S20;CONCORRENTE; 15.226.314/0001-84;MAIS COMERCIO DE COMBUSTIVEL CARIACICA LTDA;MAIS COMERCIO DE COMBUSTIVEL CARIACICA LTDA;BRANCA;AVENIDA MARIO GURGEL, 4935 - VILA PALESTINA;29145-711;CARIACICA;ES;SE;ETANOL, GASOLINA;4,89 / 6,49;"R$ / litro; R$ / litro";Borracharia,Lava-jato,Conveniencia,Calibragem;;;;
13/05/2026;2026-S20;CONCORRENTE; 23.314.250/0001-00;COMERCIO DE COMBUSTIVEIS LINDENBERG LTDA;COMERCIO DE COMBUSTIVEIS LINDENBERG LTDA;BRANCA;AVENIDA CARLOS LINDENBERG, 5718 - LOTE  2. 3. 14 E 15       QUADRAD - SANTA INES;29108-075;VILA VELHA;ES;SE;DIESEL S10, ETANOL, GASOLINA;6,76 / 4,62 / 6,37;"R$ / litro; R$ / litro; R$ / litro";"Conveniencia; Borracharia; Calibragem";;;;
13/05/2026;2026-S20;CONCORRENTE; 24.145.665/0001-51;C.R.B. DEZAN E CIA LTDA;C.R.B. DEZAN E CIA LTDA;ATLÂNTICA;AVENIDA MARIO GURGEL, 5913 - AUTO POSTO - SAO FRANCISCO;29145-409;CARIACICA;ES;SE;DIESEL S10, ETANOL, GASOLINA;6,89 / 4,89 / 6,49;"R$ / litro; R$ / litro; R$ / litro";Conveniencia, Caixa eletronico;;;;
13/05/2026;2026-S20;CONCORRENTE; 27.016.518/0001-70;AUTO POSTO CONTORNO LTDA;AUTO POSTO CONTORNO LTDA;BRANCA;RODOVIA GOVERNADOR MARIO COVAS, 11282 - SERRA DO ANIL;29147-030;CARIACICA;ES;SE;DIESEL, DIESEL S10, ETANOL, GASOLINA, GASOLINA ADITIVADA;6,69 / 6,79 / 4,69 / 6,39 / 6,49;"R$ / litro; R$ / litro; R$ / litro; R$ / litro; R$ / litro";Borracharia;;;;
13/05/2026;2026-S20;CONCORRENTE; 27.303.411/0003-74;AUTO POSTO DADINHO LTDA;AUTO POSTO DADINHO LTDA;ALE;AVENIDA VEREADOR WILMO VITORIO GUIZANI, 12 - SAO JOSE;29905-080;LINHARES;ES;SE;DIESEL S10, GASOLINA, GASOLINA ADITIVADA;6,79 / 6,69 / 6,79;"R$ / litro; R$ / litro; R$ / litro";Caixa eletronico, Lava-jato;;;;promo fim de semana?
13/05/2026;2026-S20;CONCORRENTE; 27.394.378/0001-73;POSTO DE PRODUTOS DE PETROLEO OASIS LTDA;POSTO DE PRODUTOS DE PETROLEO OASIS LTDA;IPIRANGA;AVENIDA MARIO GURGEL, 297 - JARDIM AMERICA;29140-261;CARIACICA;ES;SE;DIESEL S10, GASOLINA, GASOLINA ADITIVADA, GNV;6,79 / 6,35 / 6,69 / 3,99;"R$ / litro; R$ / litro; R$ / litro; R$ / m³";"Calibragem; Caixa eletronico";;;;
13/05/2026;2026-S20;CONCORRENTE; 27.396.415/0001-82;AUTO SERVICO SAO CRISTOVAO LTDA;AUTO SERVICO SAO CRISTOVAO LTDA;VIBRA;AVENIDA MARIO GURGEL, 4 - KM    4 5  BR 262 - DOM BOSCO;29147-345;CARIACICA;ES;SE;DIESEL, GASOLINA, GNV;6,87 / 6,48 / 3,98;"R$ / litro; R$ / litro; R$ / m³";Caixa eletronico,Borracharia,Conveniencia;;;;
13/05/2026;2026-S20;CONCORRENTE; 27.664.597/0006-30;AUTO POSTO SCHUENG LTDA;AUTO POSTO SCHUENG LTDA;ALE;RUA DOMINGOS CARRAFA, 49 - GURIRI SUL;29945-170;SAO MATEUS;ES;SE;DIESEL S10, GASOLINA;6,79 / 6,49;"R$ / litro; R$ / litro";Troca de oleo / Lava-jato / Calibragem;;;;
13/05/2026;2026-S20;CONCORRENTE; 27.664.597/0009-82;AUTO POSTO SCHUENG LTDA.;AUTO POSTO SCHUENG LTDA;IPIRANGA;AVENIDA ESBERTALINA BARBOSA DAMIANI, 41-N - GURIRI NORTE;29946-490;SAO MATEUS;ES;SE;DIESEL, DIESEL S10, ETANOL, GASOLINA;6,69 / 6,79 / 4,99 / 6,49;"R$ / litro; R$ / litro; R$ / litro; R$ / litro";Conveniencia,Borracharia,Lava-jato;;;;
13/05/2026;2026-S20;CONCORRENTE; 27.926.384/0001-24;PETROVERA - POSTO DE PRODUTOS DE PETROLEO E TRANSPORTES LTDA - ME;PETROVERA - POSTO DE PRODUTOS DE PETROLEO E TRANSPORTES LTDA - ME;IPIRANGA;RODOVIA GOVERNADOR JOSE HENRIQUE SETTE, 906 - PAVMTO01 - ALTO LAGE;29151-055;CARIACICA;ES;SE;DIESEL, DIESEL S10, ETANOL, GASOLINA, GASOLINA ADITIVADA;6,89 / 6,99 / 4,79 / 6,45 / 6,45;"R$ / litro; R$ / litro; R$ / litro; R$ / litro; R$ / litro";Caixa eletronico / Conveniencia / Borracharia / Calibragem;;;;
13/05/2026;2026-S20;CONCORRENTE; 28.344.206/0001-58;POSTO DE COMBUSTIVEIS ITACIBA LTDA;POSTO DE COMBUSTIVEIS ITACIBA LTDA;BRANCA;RUA MANOEL JOAQUIM DOS SANTOS, 317 - ITACIBA;29150-270;CARIACICA;ES;SE;ETANOL, GASOLINA, GASOLINA ADITIVADA;4,79 / 6,45 / 6,45;"R$ / litro; R$ / litro; R$ / litro";Troca de oleo,Conveniencia,Lava-jato,Borracharia;;;;
13/05/2026;2026-S20;CONCORRENTE; 29.986.296/0001-43;EDEPEL EQUIPAMENTOS E DERIVADOS DE PETROLEO LTDA;EDEPEL EQUIPAMENTOS E DERIVADOS DE PETROLEO LTDA;RAIZEN;AVENIDA MARIO GURGEL, 4338 - LOJA  POSTO - VILA CAPIXABA;29148-022;Cariacica;ES;SE;ETANOL, GASOLINA, GASOLINA ADITIVADA;4,99 / 6,49 / 6,99;"R$ / litro; R$ / litro; R$ / litro";"Borracharia; Lava-jato";;;;conferir bandeira
13/05/2026;2026-S20;CONCORRENTE; 34.765.133/0001-70;RGM 2 COMERCIO DE PETROLEO LTDA;RGM 2 COMERCIO DE PETROLEO LTDA;IPIRANGA;AVENIDA CARLOS LINDENBERG, 2423 - ANEXO 1 - IBES;29108-335;VILA VELHA;ES;SE;DIESEL S10, ETANOL, GASOLINA, GASOLINA ADITIVADA;6,99 / 4,99 / 6,45 / 6,75;"R$ / litro; R$ / litro; R$ / litro; R$ / litro";Borracharia;;;;
13/05/2026;2026-S20;CONCORRENTE; 36.004.950/0001-31;DERIVADOS PETROLEO SANTA INES LTDA;DERIVADOS PETROLEO SANTA INES LTDA;IPIRANGA;RODOVIA CARLOS LINDEMBERG, 1801 - SANTA INES;29100-000;VILA VELHA;ES;SE;ETANOL, GASOLINA, GASOLINA ADITIVADA;4,62 / 6,37 / 6,57;"R$ / litro; R$ / litro; R$ / litro";Calibragem / Lava-jato / Troca de oleo;;;;
14/05/2026;2026-S20;CONCORRENTE; 02.802.986/0001-49;A S SALES JUNIOR LTDA;A S SALES JUNIOR LTDA;ATLÂNTICA;RUA DAVINO MATOS, S/N - PARQUE AREIA PRETA;29200-615;GUARAPARI;ES;SE;DIESEL S10, ETANOL, GASOLINA, GASOLINA ADITIVADA;7,29 / 5,37 / 6,68 / 6,80;"R$ / litro; R$ / litro; R$ / litro; R$ / litro";"Borracharia; Caixa eletronico; Lava-jato";;;;
14/05/2026;2026-S20;CONCORRENTE; 03.348.196/0001-06;POSTO DAMIANI LTDA.;POSTO DAMIANI LTDA.;VIBRA;AVENIDA CENTRAL, 567 - CARAPINA;29933-210;SAO MATEUS;ES;SE;DIESEL, DIESEL S10, ETANOL, GASOLINA, GASOLINA ADITIVADA;6,99 / 7,09 / 5,49 / 6,79 / 6,89;"R$ / litro; R$ / litro; R$ / litro; R$ / litro; R$ / litro";Lava-jato, Conveniencia;;;;
14/05/2026;2026-S20;CONCORRENTE; 09.076.862/0001-72;VALOR POSTOS PRAIA DO MORRO LTDA;VALOR POSTOS PRAIA DO MORRO LTDA;VIBRA;RODOVIA RODOVIA DO SOL, S/ NR - KM    41 - AEROPORTO;29216-705;GUARAPARI;ES;SE;GASOLINA, GASOLINA ADITIVADA;6,99 / 7,19;"R$ / litro; R$ / litro";Caixa eletronico;;;;
14/05/2026;2026-S20;CONCORRENTE;09369995000137;POSTO DE COMBUSTIVEIS FERRARI SAO MATEUS LTDA;POSTO DE COMBUSTIVEIS FERRARI SAO MATEUS LTDA;BRANCA;"RODOVIA BR-101 NORTE, 921 - KM: 63; - VILA NOVA";29941-010;SAO MATEUS;ES;SE;ETANOL, GASOLINA, GNV;4,99 / 6,89 / 4,98;"R$ / litro; R$ / litro; R$ / m³";"Lava-jato; Troca de oleo; Conveniencia";;;;
14/05/2026;2026-S20;CONCORRENTE; 14.096.313/0001-08;AUTO POSTO GUARAPARI LTDA;AUTO POSTO GUARAPARI LTDA;RAIZEN;AVENIDA GOVERNADOR JONES DOS SANTOS NEVES, 15 - VARZEA NOVA;29211-630;GUARAPARI;ES;SE;DIESEL, ETANOL, GASOLINA, GASOLINA ADITIVADA;6,99 / 5,89 / 6,89 / 7,09;"R$ / litro; R$ / litro; R$ / litro; R$ / litro";Conveniencia;;;;
14/05/2026;2026-S20;CONCORRENTE; 23.238.396/0001-05;CAPIXABA COMERCIO DE PRODUTOS AUTOMOTIVOS LTDA;CAPIXABA COMERCIO DE PRODUTOS AUTOMOTIVOS LTDA;ATLÂNTICA;RUA PROFESSOR MELCHIADES PEREIRA MARTINS, 15 - CENTRO;29200-480;GUARAPARI;ES;SE;DIESEL S10, ETANOL, GASOLINA, GASOLINA ADITIVADA;7,39 / 5,39 / 6,69 / 6,84;"R$ / litro; R$ / litro; R$ / litro; R$ / litro";Caixa eletronico;;;;
14/05/2026;2026-S20;CONCORRENTE; 27.020.445/0001-90;GUARAVE GUARAPARI VEICULOS LTDA;GUARAVE GUARAPARI VEICULOS LTDA;VIBRA;AVENIDA EWERSON DE ABREU SODRE, 300 - MUQUICABA;29215-010;GUARAPARI;ES;SE;GASOLINA, GASOLINA ADITIVADA;6,99 / 7,19;"R$ / litro; R$ / litro";Calibragem / Conveniencia;;;;
14/05/2026;2026-S20;CONCORRENTE; 27.020.445/0005-13;GUARAVE GUARAPARI VEICULOS LTDA;GUARAVE GUARAPARI VEICULOS LTDA;VIBRA;RODOVIA DO SOL, S/N - MUQUICABA;29215-005;GUARAPARI;ES;SE;GASOLINA, GASOLINA ADITIVADA;6,99 / 7,19;"R$ / litro; R$ / litro";Caixa eletronico / Borracharia;;;;
14/05/2026;2026-S20;CONCORRENTE; 27.316.819/0001-19;BECAR PETROLEO LTDA;BECAR PETROLEO LTDA;RAIZEN;AVENIDA GOVERNADOR JONES DOS SANTOS NEVES, S/N - CONFLUENCIA COM RODOVIA DO SOL - MUQUICABA;29215-002;GUARAPARI;ES;SE;GASOLINA, GASOLINA ADITIVADA;6,99 / 7,09;"R$ / litro; R$ / litro";Lava-jato, Conveniencia;;;;
14/05/2026;2026-S20;CONCORRENTE; 29.937.036/0001-88;LOCVAN TRANSPORTE E TURISMO LTDA;LOCVAN TRANSPORTE E TURISMO LTDA;BRANCA;RODOVIA GOVERNADOR MARIO COVAS, 573 - VILA NOVA;29941-010;SAO MATEUS;ES;SE;DIESEL S10, ETANOL, GASOLINA;7,19 / 5,50 / 6,79;"R$ / litro; R$ / litro; R$ / litro";"Calibragem; Conveniencia";;;;
14/05/2026;2026-S20;CONCORRENTE; 30.690.682/0001-72;MACPLAN AUTO POSTO SAO MATEUS LTDA;MACPLAN AUTO POSTO SAO MATEUS LTDA;IPIRANGA;RUA HUMBERTO CONDE RIOS, 39 - SERNAMBY;29930-580;SAO MATEUS;ES;SE;DIESEL S10, ETANOL, GASOLINA, GASOLINA ADITIVADA;6,99 / 5,49 / 6,79 / 6,99;"R$ / litro; R$ / litro; R$ / litro; R$ / litro";"Troca de oleo; Calibragem";;;;
2026-05-14;2026-S20;CONCORRENTE; 32.248.017/0001-59;AUTO POSTO ALDEIA DA PRAIA LTDA;AUTO POSTO ALDEIA DA PRAIA LTDA;IPIRANGA;AVENIDA PARIS, S/N - PRAIA DO MORRO;29216-570;GUARAPARI;ES;SE;DIESEL S10, ETANOL, GASOLINA, GASOLINA ADITIVADA;7,39 / 5,89 / 6,99 / 7,39;"R$ / litro; R$ / litro; R$ / litro; R$ / litro";"Caixa eletronico; Lava-jato";;;;
18/05/2026;2026-S21;CONCORRENTE; 01.496.517/0001-86;POSTO PERIM LTDA;POSTO PERIM LTDA;VIBRA;RUA SANTA LEOPOLDINA, 1650 - ITAPARICA;29102-040;VILA VELHA;ES;SE;DIESEL S10, ETANOL, GASOLINA, GASOLINA ADITIVADA;6,99 / 5,19 / 6,49 / 6,69;"R$ / litro; R$ / litro; R$ / litro; R$ / litro";Conveniencia / Borracharia / Caixa eletronico / Calibragem;;;;
18/05/2026;2026-S21;CONCORRENTE; 01.557.127/0001-79;AUTO POSTO ILHA DAS GARCAS LTDA;AUTO POSTO ILHA DAS GARCAS LTDA;VIBRA;RUA MARIA DE OLIVEIRA MARES GUIA, 40 - PRAIA DAS GAIVOTAS;29102-567;VILA VELHA;ES;SE;GASOLINA, GASOLINA ADITIVADA;6,39 / 6,79;"R$ / litro; R$ / litro";"Borracharia; Caixa eletronico";;;;
18/05/2026;2026-S21;CONCORRENTE; 02.802.986/0001-49;A S SALES JUNIOR LTDA;A S SALES JUNIOR LTDA;ATLÂNTICA;RUA DAVINO MATOS, S/N - PARQUE AREIA PRETA;29200-615;GUARAPARI;ES;SE;DIESEL S10, ETANOL, GASOLINA, GASOLINA ADITIVADA;7,29 / 5,37 / 6,68 / 6,80;"R$ / litro; R$ / litro; R$ / litro; R$ / litro";"Borracharia; Caixa eletronico; Lava-jato";;;;
18/05/2026;2026-S21;CONCORRENTE; 05.609.081/0001-45;AUTO SERVICO FLORESTA LTDA;AUTO SERVICO FLORESTA LTDA;VIBRA;AVENIDA PREFEITO SAMUEL BATISTA CRUZ, 1276 - ARACA;29900-100;LINHARES;ES;SE;GASOLINA;6,69;R$ / litro;Lava-jato,Troca de oleo,Caixa eletronico,Borracharia;;;;
18/05/2026;2026-S21;CONCORRENTE; 07.470.392/0001-00;POSTO DE COMBUSTIVEIS OTAVIO EIRELI;POSTO DE COMBUSTIVEIS OTAVIO EIRELI;RAIZEN;AVENIDA ABDO SAAD, 833 - JACARAIPE;29173-510;SERRA;ES;SE;DIESEL, ETANOL, GASOLINA, GASOLINA ADITIVADA;6,89 / 5,19 / 6,85 / 7,19;"R$ / litro; R$ / litro; R$ / litro; R$ / litro";Borracharia;;;;
18/05/2026;2026-S21;CONCORRENTE; 09.076.862/0001-72;VALOR POSTOS PRAIA DO MORRO LTDA;VALOR POSTOS PRAIA DO MORRO LTDA;VIBRA;RODOVIA RODOVIA DO SOL, S/ NR - KM    41 - AEROPORTO;29216-705;GUARAPARI;ES;SE;GASOLINA, GASOLINA ADITIVADA;6,99 / 7,19;"R$ / litro; R$ / litro";Caixa eletronico;;;;
18/05/2026;2026-S21;CONCORRENTE; 09.369.995/0001-37;POSTO DE COMBUSTIVEIS FERRARI SAO MATEUS LTDA;POSTO DE COMBUSTIVEIS FERRARI SAO MATEUS LTDA;BRANCA;"RODOVIA BR-101 NORTE, 921 - KM: 63; - VILA NOVA";29941-010;SAO MATEUS;ES;SE;ETANOL, GASOLINA, GNV;4,99 / 6,89 / 4,98;"R$ / litro; R$ / litro; R$ / m³";Lava-jato / Troca de oleo / Conveniencia;;;;
18/05/2026;2026-S21;CONCORRENTE; 10.197.775/0001-52;REDE DE POSTOS SAGUI LTDA;REDE DE POSTOS SAGUI LTDA;ATLÂNTICA;RUA EUCLIDES DA CUNHA, 421 - SAO DIOGO I;29163-265;SERRA;ES;SE;DIESEL S10, ETANOL, GASOLINA, GASOLINA ADITIVADA;6,99 / 4,99 / 6,49 / 6,70;"R$ / litro; R$ / litro; R$ / litro; R$ / litro";Caixa eletronico / Conveniencia;;;;
18/05/2026;2026-S21;CONCORRENTE; 10.331.576/0001-95;AUTO POSTO LINHARES LTDA;AUTO POSTO LINHARES LTDA;IPIRANGA;AVENIDA JOSE TESCH, 657 - SHELL;29901-500;LINHARES;ES;SE;DIESEL, GASOLINA, GASOLINA ADITIVADA;6,69 / 6,69 / 6,69;"R$ / litro; R$ / litro; R$ / litro";Conveniencia,Caixa eletronico,Troca de oleo,Borracharia;;;;
18/05/2026;2026-S21;PROPRIO; 11.222.333/0002-62;REDE MARE COMBUSTIVEIS LTDA;REDE MARE;BRANCA;RODOVIA DARLY SANTOS, S/N - KM    2 5 - POSTO - POLO EMPRESARIAL NOVO MEXICO;29104-360;VILA VELHA;ES;SE;DIESEL, DIESEL S10, ETANOL, GASOLINA, GASOLINA ADITIVADA, GNV;6,69 / 6,79 / 4,99 / 6,39 / 6,59 / 3,99;"R$ / litro; R$ / litro; R$ / litro; R$ / litro; R$ / litro; R$ / m³";Conveniencia / Caixa eletronico / Troca de oleo;Juliana Rocha;(27) 99702-3355;"15.010.530/0001-98; 04.145.589/0011-49; 10.569.345/0001-14";
18/05/2026;2026-S21;CONCORRENTE; 13.602.147/0001-01;AUTO POSTO LAGOA DO MEIO LTDA;AUTO POSTO LAGOA DO MEIO LTDA;IPIRANGA;RUA GUAICURUS, 18 - LAGOA DO MEIO;29904-010;LINHARES;ES;SE;GASOLINA;6,69;R$ / litro;"Borracharia; Caixa eletronico";;;;
18/05/2026;2026-S21;CONCORRENTE; 14.096.313/0001-08;AUTO POSTO GUARAPARI LTDA;AUTO POSTO GUARAPARI LTDA;RAIZEN;AVENIDA GOVERNADOR JONES DOS SANTOS NEVES, 15 - VARZEA NOVA;29211-630;GUARAPARI;ES;SE;DIESEL, ETANOL, GASOLINA, GASOLINA ADITIVADA;6,99 / 5,89 / 6,89 / 7,09;"R$ / litro; R$ / litro; R$ / litro; R$ / litro";Conveniencia;;;;
18/05/2026;2026-S21;CONCORRENTE; 15.010.530/0001-98;AUTO POSTO R M LTDA;AUTO POSTO R M LTDA;RAIZEN;"RODOVIA DO SOL, 3701 - LOTE: 11; QUADRA: 64; - PRAIA DE ITAPARICA";29102-023;VILA VELHA;ES;SE;DIESEL S10, ETANOL, GASOLINA, GASOLINA ADITIVADA;6,79 / 4,89 / 6,42 / 6,82;"R$ / litro; R$ / litro; R$ / litro; R$ / litro";Conveniencia;;;;
18/05/2026;2026-S21;CONCORRENTE; 17.375.525/0001-04;AUTO POSTO LUCAS - EPP.;AUTO POSTO LUCAS - EPP.;ALE;AVENIDA ROMULO CASTELLO, 791 - LOTES 20 A 23 - CASTELANDIA;29172-620;SERRA;ES;SE;DIESEL S10, ETANOL, GASOLINA, GASOLINA ADITIVADA;6,88 / 4,69 / 6,85 / 7,05;"R$ / litro; R$ / litro; R$ / litro; R$ / litro";Troca de oleo / Calibragem / Borracharia / Caixa eletronico;;;;
18/05/2026;2026-S21;CONCORRENTE; 17.753.176/0001-17;AUTO POSTO BOULEVARD LTDA.;AUTO POSTO BOULEVARD LTDA;ALE;"RODOVIA DO SOL, S/N - LOTE: 08 E 09; QUADRA: 59; - PRAIA DE ITAPARICA";29102-020;VILA VELHA;ES;SE;DIESEL S10, ETANOL, GASOLINA, GASOLINA ADITIVADA;6,79 / 4,79 / 6,42 / 6,82;"R$ / litro; R$ / litro; R$ / litro; R$ / litro";"Troca de oleo; Conveniencia; Calibragem; Lava-jato";;;;
18/05/2026;2026-S21;CONCORRENTE; 23.238.396/0001-05;CAPIXABA COMERCIO DE PRODUTOS AUTOMOTIVOS LTDA;CAPIXABA COMERCIO DE PRODUTOS AUTOMOTIVOS LTDA;ATLÂNTICA;RUA PROFESSOR MELCHIADES PEREIRA MARTINS, 15 - CENTRO;29200-480;GUARAPARI;ES;SE;DIESEL S10, ETANOL, GASOLINA, GASOLINA ADITIVADA;7,39 / 5,39 / 6,69 / 6,84;"R$ / litro; R$ / litro; R$ / litro; R$ / litro";Caixa eletronico;;;;
18/05/2026;2026-S21;CONCORRENTE; 23.305.603/0001-05;POSTO MARLIM BRANCO LTDA - ME;POSTO MARLIM BRANCO LTDA - ME;VIBRA;AVENIDA ROMULO CASTELLO, 161 - LOTE  16 17 18 - CASTELANDIA;29172-620;SERRA;ES;SE;GASOLINA, GASOLINA ADITIVADA;6,85 / 7,15;"R$ / litro; R$ / litro";Borracharia;;;;
18/05/2026;2026-S21;CONCORRENTE; 27.020.445/0001-90;Guarave Guarapari Veiculos Ltda;GUARAVE GUARAPARI VEICULOS LTDA;VIBRA;AVENIDA EWERSON DE ABREU SODRE, 300 - MUQUICABA;29215-010;GUARAPARI;ES;SE;GASOLINA, GASOLINA ADITIVADA;6,99 / 7,19;"R$ / litro; R$ / litro";Calibragem / Conveniencia;;;;
18/05/2026;2026-S21;CONCORRENTE; 27.020.445/0005-13;GUARAVE GUARAPARI VEICULOS LTDA;GUARAVE GUARAPARI VEICULOS LTDA;VIBRA;RODOVIA DO SOL, S/N - MUQUICABA;29215-005;GUARAPARI;ES;SE;GASOLINA, GASOLINA ADITIVADA;6,99 / 7,19;"R$ / litro; R$ / litro";"Caixa eletronico; Borracharia";;;;
18/05/2026;2026-S21;CONCORRENTE; 27.316.819/0001-19;BECAR PETROLEO LTDA;BECAR PETROLEO LTDA;RAIZEN;AVENIDA GOVERNADOR JONES DOS SANTOS NEVES, S/N - CONFLUENCIA COM RODOVIA DO SOL - MUQUICABA;29215-002;GUARAPARI;ES;SE;GASOLINA, GASOLINA ADITIVADA;6,99 / 7,09;"R$ / litro; R$ / litro";Lava-jato / Conveniencia;;;;
18/05/2026;2026-S21;CONCORRENTE;29937036000188;LOCVAN TRANSPORTE E TURISMO LTDA;LOCVAN TRANSPORTE E TURISMO LTDA;BRANCA;RODOVIA GOVERNADOR MARIO COVAS, 573 - VILA NOVA;29941-010;SAO MATEUS;ES;SE;DIESEL S10, ETANOL, GASOLINA;7,19 / 5,50 / 6,79;"R$ / litro; R$ / litro; R$ / litro";"Calibragem; Conveniencia";;;;
18/05/2026;2026-S21;CONCORRENTE; 30.869.047/0001-57;ABT COMERCIO DE COMBUSTIVEIS LTDA;ABT COMERCIO DE COMBUSTIVEIS LTDA;BRANCA;RODOVIA GOVERNADOR MARIO COVAS, 1874 - KM    65 - BOA VISTA;29931-200;SAO MATEUS;ES;SE;DIESEL, DIESEL S10, ETANOL, GASOLINA;6,89 / 6,99 / 4,99 / 6,79;"R$ / litro; R$ / litro; R$ / litro; R$ / litro";"Lava-jato; Troca de oleo; Caixa eletronico";;;;
18/05/2026;2026-S21;CONCORRENTE; 32.248.017/0001-59;AUTO POSTO ALDEIA DA PRAIA LTDA;AUTO POSTO ALDEIA DA PRAIA LTDA;IPIRANGA;AVENIDA PARIS, S/N - PRAIA DO MORRO;29216-570;GUARAPARI;ES;SE;DIESEL S10, ETANOL, GASOLINA, GASOLINA ADITIVADA;7,39 / 5,89 / 6,99 / 7,39;"R$ / litro; R$ / litro; R$ / litro; R$ / litro";Caixa eletronico / Lava-jato;;;;
18/05/2026;2026-S21;CONCORRENTE; 34.387.806/0001-04;POSTO SATURNINO RANGEL MAURO LTDA;POSTO SATURNINO RANGEL MAURO LTDA;ALE;RUA PROFESSOR AUGUSTO RUSCH, 121 - PRAIA DE ITAPARICA;29102-080;VILA VELHA;ES;SE;DIESEL S10, ETANOL, GASOLINA;6,97 / 4,97 / 6,46;"R$ / litro; R$ / litro; R$ / litro";Conveniencia,Lava-jato,Caixa eletronico,Calibragem;;;;
18/05/2026;2026-S21;CONCORRENTE; 36.675.989/0001-80;COMERCIO DE COMBUSTIVEIS COQUEIRAL DE ITAPARICA LTDA;COMERCIO DE COMBUSTIVEIS COQUEIRAL DE ITAPARICA LTDA;BRANCA;AVENIDA SANTA LEOPOLDINA, 635 - COQUEIRAL DE ITAPARICA;29102-320;VILA VELHA;ES;SE;DIESEL S10, ETANOL, GASOLINA, GASOLINA ADITIVADA;6,99 / 4,65 / 6,42 / 6,45;"R$ / litro; R$ / litro; R$ / litro; R$ / litro";Lava-jato / Troca de oleo / Calibragem;;;;
18/05/2026;2026-S21;CONCORRENTE; 38.530.950/0001-09;POSTO CAPUABA LTDA;POSTO CAPUABA LTDA;BRANCA;ESTRADA CAPUABA, 21 - ATAIDE;29119-060;VILA VELHA;ES;SE;DIESEL, DIESEL S10, ETANOL, GASOLINA, GASOLINA ADITIVADA;6,79 / 6,89 / 4,99 / 6,49 / 6,79;"R$ / litro; R$ / litro; R$ / litro; R$ / litro; R$ / litro";Caixa eletronico / Borracharia / Lava-jato;;;;
19/05/2026;2026-S21;CONCORRENTE; 01.283.262/0001-73;POSTO CARIOQUINHA LTDA;POSTO CARIOQUINHA LTDA;BRANCA;AVENIDA FRANCISCO MARDEGAN, 90 - BOA VISTA;29315-477;CACHOEIRO DE ITAPEMIRIM;ES;SE;DIESEL, ETANOL, GASOLINA;6,69 / 4,89 / 7,08;"R$ / litro; R$ / litro; R$ / litro";Caixa eletronico;;;;
19/05/2026;2026-S21;CONCORRENTE; 01.823.633/0001-62;POSTO METROPOLITANO LTDA;POSTO METROPOLITANO LTDA;IPIRANGA;VIA DOIS, 226 - ANEXO QUADRA 03 MODULO 03 - TIMS;29161-373;SERRA;ES;SE;DIESEL, DIESEL S10, ETANOL, GASOLINA, GASOLINA ADITIVADA;6,69 / 6,79 / 4,59 / 6,29 / 6,49;"R$ / litro; R$ / litro; R$ / litro; R$ / litro; R$ / litro";"Borracharia; Calibragem";;;;
19/05/2026;2026-S21;CONCORRENTE; 02.567.214/0001-70;POSTO DE COMBUSTIVEL IDEAL LTDA;POSTO DE COMBUSTIVEL IDEAL LTDA;IPIRANGA;AVENIDA VITORIA, 3031 - GURIGICA;29027-080;VITORIA;ES;SE;ETANOL, GASOLINA, GASOLINA ADITIVADA;4,85 / 6,45 / 6,59;"R$ / litro; R$ / litro; R$ / litro";Conveniencia, Borracharia, Calibragem;;;;
19/05/2026;2026-S21;CONCORRENTE; 03.408.609/0001-92;POSTO FREEWAY LTDA;POSTO FREEWAY LTDA;IPIRANGA;AVENIDA FRANCISCO MARDEGAN, 535 - MARBRASA;29313-690;CACHOEIRO DE ITAPEMIRIM;ES;SE;DIESEL, DIESEL S10, ETANOL, GASOLINA, GASOLINA ADITIVADA;6,65 / 6,79 / 4,69 / 7,25 / 7,31;"R$ / litro; R$ / litro; R$ / litro; R$ / litro; R$ / litro";"Conveniencia; Calibragem";;;;
19/05/2026;2026-S21;CONCORRENTE;04228463000166;AUTO POSTO MARLIN LTDA;AUTO POSTO MARLIN LTDA;ATLÂNTICA;RUA JUIZ ALEXANDRE MARTINS DE CASTRO FILHO, 285 - SANTA LUCIA;29056-295;VITORIA;ES;SE;DIESEL S10, ETANOL, GASOLINA, GASOLINA ADITIVADA;6,99 / 4,99 / 6,47 / 6,67;"R$ / litro; R$ / litro; R$ / litro; R$ / litro";Caixa eletronico, Troca de oleo;;;;
19/05/2026;2026-S21;CONCORRENTE; 04.361.389/0001-51;AUTO POSTO WAVE LTDA;AUTO POSTO WAVE LTDA;ALE;AVENIDA TALMA RODRIGUES RIBEIRO, 5416 A - PORTAL DE JACARAIPE;29173-795;SERRA;ES;SE;DIESEL, DIESEL S10, ETANOL, GASOLINA;6,78 / 6,88 / 4,99 / 6,39;"R$ / litro; R$ / litro; R$ / litro; R$ / litro";Calibragem / Borracharia;;;;
19/05/2026;2026-S21;CONCORRENTE; 04.411.606/0001-70;AUTO POSTO VALAO LTDA;AUTO POSTO VALAO LTDA;BRANCA;RUA JOSE AMARAL, 232 - ELPIDIO VOLPINI;29309-760;CACHOEIRO DE ITAPEMIRIM;ES;SE;DIESEL S10, ETANOL, GASOLINA;6,79 / 4,79 / 7,09;"R$ / litro; R$ / litro; R$ / litro";"Conveniencia; Troca de oleo; Borracharia";;;;
19/05/2026;2026-S21;CONCORRENTE; 04.960.337/0001-00;RENOVA COMERCIO COMBUSTIVEL E SERVICOS LTDA;RENOVA COMERCIO COMBUSTIVEL E SERVICOS LTDA;BRANCA;AVENIDA LEITAO DA SILVA, 1150 - SANTA LUCIA;29056-184;VITORIA;ES;SE;ETANOL, GASOLINA, GASOLINA ADITIVADA;4,81 / 6,45 / 6,45;"R$ / litro; R$ / litro; R$ / litro";Borracharia / Calibragem;;;;
19/05/2026;2026-S21;CONCORRENTE; 05.349.237/0001-04;POSTO IRMAOS CAMATTA LTDA;POSTO IRMAOS CAMATTA LTDA;VIBRA;RODOVIA BR 101, KM 143, S/N - CANIVETE;29909-010;LINHARES;ES;SE;DIESEL, GASOLINA, GASOLINA ADITIVADA;6,69 / 6,69 / 6,69;"R$ / litro; R$ / litro; R$ / litro";Troca de oleo,Caixa eletronico;;;;
19/05/2026;2026-S21;CONCORRENTE; 05.738.923/0001-69;GEGEL AUTO POSTO LTDA.;GEGEL AUTO POSTO LTDA;RAIZEN;AVENIDA CENTRAL B, S/N - QUADRAEC VII - CIVIT II;29168-071;SERRA;ES;SE;DIESEL, ETANOL, GASOLINA, GASOLINA ADITIVADA;6,89 / 5,09 / 6,39 / 6,89;"R$ / litro; R$ / litro; R$ / litro; R$ / litro";Conveniencia,Borracharia,Caixa eletronico,Calibragem;;;;
19/05/2026;2026-S21;CONCORRENTE; 07.571.908/0001-02;AUTO POSTO CORAL LTDA;AUTO POSTO CORAL LTDA;VIBRA;AVENIDA NORTE SUL, 259 - N.S.DO ROSARIO DE FATIMA;29176-798;SERRA;ES;SE;GASOLINA, GASOLINA ADITIVADA;6,39 / 6,69;"R$ / litro; R$ / litro";Borracharia,Lava-jato,Conveniencia;;;;
2026-05-19;2026-S21;CONCORRENTE; 08.788.618/0001-70;J. S. PETROLEO E COMERCIO LTDA.;J. S. PETROLEO E COMERCIO LTDA.;RAIZEN;AVENIDA DANTE MICHELINI, 2461 - MATA DA PRAIA;29066-430;VITORIA;ES;SE;ETANOL, GASOLINA, GASOLINA ADITIVADA, GNV;4,99 / 6,49 / 6,89 / 3,99;"R$/l; R$/l; R$/l; R$ / m³";Borracharia,Caixa eletronico,Troca de oleo;;;;ATUALIZAR!!
19/05/2026;2026-S21;CONCORRENTE; 09.167.931/0001-53;POSTO CHAMPAGNAT LTDA;POSTO CHAMPAGNAT LTDA;IPIRANGA;RUA HUGO MUSSO, 550 - PRAIA DA COSTA;29101-280;VILA VELHA;ES;SE;DIESEL S10, ETANOL, GASOLINA, GASOLINA ADITIVADA;6,99 / 4,99 / 6,49 / 6,79;"R$ / litro; R$ / litro; R$ / litro; R$ / litro";Calibragem,Conveniencia,Caixa eletronico;;;;
19/05/2026;2026-S21;CONCORRENTE; 10.569.345/0001-14;POSTO CRISTOVAO COLOMBO LTDA;POSTO CRISTOVAO COLOMBO LTDA;VIBRA;RUA CRISTOVAO COLOMBO, 582 - CRISTOVAO COLOMBO;29106-595;VILA VELHA;ES;SE;GASOLINA, GASOLINA ADITIVADA;6,39 / 6,69;"R$ / litro; R$ / litro";Caixa eletronico,Troca de oleo,Lava-jato,Calibragem;;;;
19/05/2026;2026-S21;CONCORRENTE; 10.813.831/0001-36;AUTO POSTO E SERVICOS ARACRUZ - COLINA DE BELA VISTA LTDA.;AUTO POSTO E SERVICOS ARACRUZ - COLINA DE BELA VISTA LTDA;RAIZEN;AVENIDA CASTELO BRANCO, 14 - QUADRARC 06 -                   LOTEAMENTO COLINA - BELA VISTA;29192-066;ARACRUZ;ES;SE;DIESEL, DIESEL S10, GASOLINA, GASOLINA ADITIVADA;6,99 / 7,09 / 6,69 / 6,99;"R$ / litro; R$ / litro; R$ / litro; R$ / litro";Troca de oleo,Caixa eletronico,Borracharia,Lava-jato;;;;
19/05/2026;2026-S21;PROPRIO; 11.222.333/0003-43;REDE MARE COMBUSTIVEIS LTDA;REDE MARE;BRANCA;AVENIDA VITORIA, 2667 - HORTO;29027-080;VITORIA;ES;SE;DIESEL S10, ETANOL, GASOLINA, GASOLINA ADITIVADA;6,89 / 4,75 / 6,45 / 6,45;"R$ / litro; R$ / litro; R$ / litro; R$ / litro";Conveniencia / Borracharia;Paulo Ferraz;(27) 99945-7810 / (27) 3226-4410;"02.567.214/0001-70; 14.806.977/0001-05; 26.980.450/0001-81";
19/05/2026;2026-S21;CONCORRENTE; 11.942.147/0001-17;POSTO PARADA VITORIA LTDA;POSTO PARADA VITORIA LTDA;ALE;AVENIDA MARECHALCAMPOS, 370 - CONSOLACAO;29045-460;VITORIA;ES;SE;DIESEL S10, ETANOL, GASOLINA, GASOLINA ADITIVADA;6,98 / 4,98 / 6,45 / 6,60;"R$ / litro; R$ / litro; R$ / litro; R$ / litro";Conveniencia, Caixa eletronico, Troca de oleo;;;;
19/05/2026;2026-S21;CONCORRENTE; 12.535.572/0001-54;AUTO POSTO MORADA;AUTO POSTO MORADA LTDA;IPIRANGA;AVENIDA PAULO PEREIRA GOMES, S/N - LOTE  03C                 QUADRAUE IV               SETOR II - MORADA DE LARANJEIRAS;29166-828;SERRA;ES;SE;DIESEL S10, ETANOL, GASOLINA, GASOLINA ADITIVADA;6,89 / 4,89 / 6,35 / 6,65;"R$ / litro; R$ / litro; R$ / litro; R$ / litro";Borracharia,Calibragem,Troca de oleo;;;;
19/05/2026;2026-S21;CONCORRENTE; 14.806.977/0001-05;AUTO POSTO SILVARES LTDA;AUTO POSTO SILVARES LTDA;IPIRANGA;AVENIDA   NAIR AZEVEDO SILVA, 430 - ILHA DO PRINCIPE;29020-240;VITORIA;ES;SE;ETANOL, GASOLINA, GASOLINA ADITIVADA;4,99 / 6,49 / 6,69;"R$ / litro; R$ / litro; R$ / litro";Borracharia;;;;
19/05/2026;2026-S21;CONCORRENTE; 16.577.742/0001-14;AUTO POSTO ESCOLA COMERCIO DE COMBUSTIVEIS, LUBRIFICANTES E SERVICOS LTDA;AUTO POSTO ESCOLA COMERCIO DE COMBUSTIVEIS, LUBRIFICANTES E SERVICOS LTDA;VIBRA;"AVENIDA AMERICO BUAIZ, 1 - : POSTO; - ENSEADA DO SUA";29050-463;VITORIA;ES;SE;GASOLINA, GASOLINA ADITIVADA;6,49 / 6,69;"R$ / litro; R$ / litro";"Troca de oleo; Caixa eletronico";;;;
19/05/2026;2026-S21;CONCORRENTE;21931941000119;AUTO POSTO INDEPENDENCIA LTDA;AUTO POSTO INDEPENDENCIA LTDA;IPIRANGA;"AVENIDA MAURO MIRANDA MADUREIRA, 1662 - : 1662 A 1720; - CENTRAL PARQUE";29313-162;CACHOEIRO DE ITAPEMIRIM;ES;SE;DIESEL, DIESEL S10, ETANOL, GASOLINA, GASOLINA ADITIVADA;6,84 / 6,94 / 5,39 / 7,39 / 7,69;"R$ / litro; R$ / litro; R$ / litro; R$ / litro; R$ / litro";Lava-jato,Calibragem,Borracharia,Troca de oleo;;;;
19/05/2026;2026-S21;CONCORRENTE; 22.356.015/0001-20;CENTRAL COMERCIO DE COMBUSTIVEIS LTDA;CENTRAL COMERCIO DE COMBUSTIVEIS LTDA;IPIRANGA;"AVENIDA ELDES SCHERRER SOUZA, 2100 - : POSTO; - CIVIT II";29168-060;SERRA;ES;SE;DIESEL, DIESEL S10, ETANOL, GASOLINA, GASOLINA ADITIVADA, GNV;6,79 / 6,89 / 4,99 / 6,49 / 6,69 / 3,99;"R$ / litro; R$ / litro; R$ / litro; R$ / litro; R$ / litro; R$ / m³";Troca de oleo / Borracharia / Lava-jato / Conveniencia;;;;preco conferido por telefone
19/05/2026;2026-S21;CONCORRENTE; 26.980.450/0001-81;AUTO POSTO VITORIA COMERCIO DE COMBUSTIVEIS LTDA;AUTO POSTO VITORIA COMERCIO DE COMBUSTIVEIS LTDA;VIBRA;RUA OLYMPIO RODRIGUES PASSOS, 14 - LOJA  01 - JABOUR;29072-290;VITORIA;ES;SE;ETANOL, GASOLINA, GASOLINA ADITIVADA;4,99 / 6,47 / 6,77;"R$ / litro; R$ / litro; R$ / litro";Caixa eletronico;;;;
19/05/2026;2026-S21;CONCORRENTE; 27.066.273/0002-76;POSTO ARVOREDO LTDA;POSTO ARVOREDO LTDA;BRANCA;AVENIDA VITORIA, 1600 - POSTO - ILHA DE SANTA MARIA;29051-040;VITORIA;ES;SE;ETANOL, GASOLINA, GASOLINA ADITIVADA;4,75 / 6,45 / 6,45;"R$ / litro; R$ / litro; R$ / litro";Lava-jato / Troca de oleo / Borracharia;;;;
19/05/2026;2026-S21;CONCORRENTE; 27.179.654/0003-42;ITAPEMIRIM ORGANIZACAO DE PETROLEO LTDA;ITAPEMIRIM ORGANIZACAO DE PETROLEO LTDA;ATLÂNTICA;AVENIDA JONES DOS SANTOS NEVES, 1196 - CAICARA;29310-376;CACHOEIRO DE ITAPEMIRIM;ES;SE;DIESEL, ETANOL, GASOLINA, GASOLINA ADITIVADA, GNV;6,89 / 5,39 / 7,29 / 7,34 / 4,59;"R$ / litro; R$ / litro; R$ / litro; R$ / litro; R$ / m³";Lava-jato / Conveniencia / Caixa eletronico / Troca de oleo;;;;
19/05/2026;2026-S21;CONCORRENTE; 27.303.411/0003-74;AUTO POSTO DADINHO LTDA;AUTO POSTO DADINHO LTDA;ALE;AVENIDA VEREADOR WILMO VITORIO GUIZANI, 12 - SAO JOSE;29905-080;LINHARES;ES;SE;DIESEL S10, GASOLINA, GASOLINA ADITIVADA;6,74 / 6,69 / 6,79;"R$ / litro; R$ / litro; R$ / litro";Caixa eletronico, Lava-jato;;;;
19/05/2026;2026-S21;CONCORRENTE; 27.734.094/0001-89;POSTO ATLANTICO LTDA;POSTO ATLANTICO LTDA;RAIZEN;AVENIDA DANTE MICHELINI, 4655 - POSTO - JARDIM CAMBURI;29090-070;VITORIA;ES;SE;DIESEL S10, ETANOL, GASOLINA, GASOLINA ADITIVADA;6,79 / 5,19 / 6,49 / 6,84;"R$ / litro; R$ / litro; R$ / litro; R$ / litro";Borracharia / Calibragem;;;;
19/05/2026;2026-S21;CONCORRENTE; 28.059.632/0001-40;A.B.C. AUTO SERVICOS LTDA;A.B.C. AUTO SERVICOS LTDA;RAIZEN;AVENIDA ROBERT KENNEDY, 21 - A - SAO TORQUATO;29114-000;VILA VELHA;ES;SE;DIESEL, DIESEL S10, GASOLINA, GASOLINA ADITIVADA;6,89 / 6,89 / 6,39 / 6,79;"R$ / litro; R$ / litro; R$ / litro; R$ / litro";Caixa eletronico,Borracharia,Troca de oleo;;;;
2026-05-19;2026-S21;CONCORRENTE;28413219000131;COMERCIAL NORTE SUL LTDA;COMERCIAL NORTE SUL LTDA;VIBRA;AVENIDA MARUIPE, 2757 - SANTA LUIZA;29045-230;VITORIA;ES;SE;DIESEL S10, GASOLINA, GASOLINA ADITIVADA;6,99 / 6,49 / 6,79;"R$ / litro; R$ / litro; R$ / litro";Lava-jato;;;;
19/05/2026;2026-S21;CONCORRENTE; 31.465.040/0001-32;POSTO ITAPOA LTDA;POSTO ITAPOA LTDA;IPIRANGA;AVENIDA FRANCELINA SETUBAL, 333 - ITAPOAN;29100-000;VILA VELHA;ES;SE;DIESEL S10, ETANOL, GASOLINA, GASOLINA ADITIVADA;6,78 / 4,77 / 6,39 / 6,59;"R$ / litro; R$ / litro; R$ / litro; R$ / litro";"Calibragem; Lava-jato";;;;
19/05/2026;2026-S21;CONCORRENTE; 36.336.386/0001-54;POSTO TRES COQUEIROS LTDA;POSTO TRES COQUEIROS LTDA;IPIRANGA;RODOVIA CARLOS LINDEMBERG, SN - ALVORADA;29123-600;VILA VELHA;ES;SE;DIESEL, DIESEL S10, ETANOL, GASOLINA, GASOLINA ADITIVADA;6,66 / 6,78 / 4,62 / 6,37 / 6,57;"R$ / litro; R$ / litro; R$ / litro; R$ / litro; R$ / litro";Caixa eletronico, Borracharia;;;;
19/05/2026;2026-S21;CONCORRENTE;37361618000197;AUTO POSTO MAX COMBUSTIVEIS E DERIVADOS LTDA;AUTO POSTO MAX COMBUSTIVEIS E DERIVADOS LTDA;BRANCA;AVENIDA CEREJEIRA, 694 - LOTE  01                  QUADRA12 - MOVELAR;29906-014;LINHARES;ES;SE;ETANOL, GASOLINA, GASOLINA ADITIVADA;4,74 / 6,69 / 6,69;"R$/l; R$/l; R$/l";Caixa eletronico / Calibragem;;;;
20/05/2026;2026-S21;CONCORRENTE; 00.345.721/0001-33;RUBENS SCHUENG FILHO;RUBENS SCHUENG FILHO;IPIRANGA;RUA DOUTOR RAIMUNDO GUILHERME SOBRINHO, 605 - FRENTE - SERNAMBY;29930-480;SAO MATEUS;ES;SE;DIESEL S10, GASOLINA;6,99 / 6,79;"R$ / litro; R$ / litro";Conveniencia;;;;
20/05/2026;2026-S21;CONCORRENTE; 02.583.872/0001-55;SANTA CLARA COMERCIO DE COMBUSTIVEIS LTDA;SANTA CLARA COMERCIO DE COMBUSTIVEIS LTDA;VIBRA;"RODOVIA ENGENHEIRO FABIANO VIVACQUA, 1414 - : A 1452; - MORRO GRANDE";29318-400;CACHOEIRO DE ITAPEMIRIM;ES;SE;DIESEL, DIESEL S10, ETANOL, GASOLINA, GASOLINA ADITIVADA;6,69 / 6,79 / 4,99 / 7,29 / 7,49;"R$ / litro; R$ / litro; R$ / litro; R$ / litro; R$ / litro";Caixa eletronico, Lava-jato, Conveniencia;;;;
20/05/2026;2026-S21;CONCORRENTE; 04.361.389/0002-32;AUTO POSTO WAVE LTDA;AUTO POSTO WAVE LTDA;ALE;AVENIDA MARTIN PESCADOR, 12 - PORTO CANOA;29168-460;SERRA;ES;SE;DIESEL S10, ETANOL, GASOLINA, GASOLINA ADITIVADA;6,99 / 4,99 / 6,49 / 6,49;"R$ / litro; R$ / litro; R$ / litro; R$ / litro";"Borracharia; Caixa eletronico; Troca de oleo";;;;
20/05/2026;2026-S21;CONCORRENTE; 04.994.796/0001-04;POSTO SB LTDA;POSTO SB LTDA;VIBRA;AVENIDA BRASILIA, 1360 - PLANICIE DA SERRA;29168-710;SERRA;ES;SE;GASOLINA, GASOLINA ADITIVADA;6,59 / 6,74;"R$ / litro; R$ / litro";Borracharia, Calibragem, Troca de oleo, Caixa eletronico;;;;
20/05/2026;2026-S21;CONCORRENTE; 05.393.247/0001-39;POSTO CANOA DERIVADOS DE PETROLEO LTDA;POSTO CANOA DERIVADOS DE PETROLEO LTDA;ALE;AVENIDA BRASILIA, 575 - PORTO CANOA;29168-600;SERRA;ES;SE;DIESEL S10, ETANOL, GASOLINA, GASOLINA ADITIVADA;6,99 / 4,99 / 6,49 / 6,49;"R$ / litro; R$ / litro; R$ / litro; R$ / litro";Borracharia, Caixa eletronico, Calibragem;;;;
20/05/2026;2026-S21;CONCORRENTE; 07.830.414/0001-97;REVENDA DE COMBUSTIVEIS BKR LTDA;REVENDA DE COMBUSTIVEIS BKR LTDA;RAIZEN;RODOVIA GOVERNADOR MARIO COVAS, 122 - BARCELONA;29166-095;SERRA;ES;SE;DIESEL, ETANOL, GASOLINA, GASOLINA ADITIVADA;6,89 / 4,99 / 6,80 / 6,80;"R$ / litro; R$ / litro; R$ / litro; R$ / litro";"Calibragem; Troca de oleo; Borracharia";;;;
20/05/2026;2026-S21;CONCORRENTE; 08.022.304/0001-61;AUTO POSTO DE COMBUSTIVEL RTT LTDA;AUTO POSTO DE COMBUSTIVEL RTT LTDA;IPIRANGA;RUA MOEMA, 38 - DIVINO ESPIRITO SANTO;29107-250;VILA VELHA;ES;SE;DIESEL S10, ETANOL, GASOLINA, GASOLINA ADITIVADA;6,99 / 5,09 / 6,45 / 6,65;"R$ / litro; R$ / litro; R$ / litro; R$ / litro";Borracharia;;;;
20/05/2026;2026-S21;CONCORRENTE; 21.246.940/0001-35;AUTO POSTO GASCROMA COMERCIO DE COMBUSTIVEIS, LUBRIFICANTES E SERVICOS LTDA;AUTO POSTO GASCROMA COMERCIO DE COMBUSTIVEIS, LUBRIFICANTES E SERVICOS LTDA;VIBRA;AVENIDA JERONIMO MONTEIRO, 840 - JABURUNA;29100-600;VILA VELHA;ES;SE;GASOLINA, GASOLINA ADITIVADA;6,89 / 7,09;"R$ / litro; R$ / litro";"Calibragem; Conveniencia";;;;
20/05/2026;2026-S21;CONCORRENTE; 31.284.466/0001-90;POSTO DUAS BARRAS LTDA;POSTO DUAS BARRAS LTDA;RAIZEN;RODOVIA BR -482 CACHOEIRO X ALEGRE, 8 - WALDIR F. DE AMORIM;29313-760;CACHOEIRO DE ITAPEMIRIM;ES;SE;DIESEL, DIESEL S10, ETANOL, GASOLINA, GASOLINA ADITIVADA;6,69 / 6,79 / 5,05 / 7,26 / 7,56;"R$ / litro; R$ / litro; R$ / litro; R$ / litro; R$ / litro";Borracharia;;;;
20/05/2026;2026-S21;CONCORRENTE; 32.467.417/0001-55;J C RODRIGUES NETO E FILHOS LTDA;J C RODRIGUES NETO E FILHOS LTDA;VIBRA;RUA CEARA, S/N - LOTES 01/04  Q.01 - PRAIA DA COSTA;29101-290;VILA VELHA;ES;SE;ETANOL, GASOLINA, GASOLINA ADITIVADA;4,89 / 6,38 / 6,38;"R$ / litro; R$ / litro; R$ / litro";Lava-jato, Borracharia, Calibragem, Caixa eletronico;;;;
21/05/2026;2026-S21;CONCORRENTE; 00.580.488/0001-73;POSTO DE GASOLINA MARACANA LTDA;POSTO DE GASOLINA MARACANA LTDA;IPIRANGA;AVENIDA ALICE COUTINHO SANTOS, 2101 - POSTO DE GASOLINA - MARACANA;29142-887;CARIACICA;ES;SE;DIESEL, DIESEL S10, ETANOL, GASOLINA, GASOLINA ADITIVADA;6,65 / 6,89 / 4,89 / 6,39 / 6,59;"R$ / litro; R$ / litro; R$ / litro; R$ / litro; R$ / litro";Troca de oleo,Borracharia,Caixa eletronico;;;;
21/05/2026;2026-S21;CONCORRENTE; 02.582.857/0001-92;POSTO CAMPO GRANDE LTDA;POSTO CAMPO GRANDE LTDA;ATLÂNTICA;AVENIDA EXPEDITO GARCIA, 222 - CAMPO GRANDE;29157-405;CARIACICA;ES;SE;ETANOL, GASOLINA, GASOLINA ADITIVADA;4,99 / 6,34 / 6,39;"R$ / litro; R$ / litro; R$ / litro";Lava-jato;;;;
21/05/2026;2026-S21;CONCORRENTE; 03.948.877/0003-69;Auto Posto Santa Ana Ltda;AUTO POSTO SANTA ANA LTDA;ALE;RODOVIA DO CAFE, 1871 - CARLOS GERMANO NAUMANN;29705-200;COLATINA;ES;SE;DIESEL, DIESEL S10, GASOLINA, GASOLINA ADITIVADA;6,89 / 6,99 / 6,55 / 6,75;"R$ / litro; R$ / litro; R$ / litro; R$ / litro";Calibragem, Lava-jato, Troca de oleo;;;;
21/05/2026;2026-S21;CONCORRENTE; 04.814.652/0001-10;Posto Motocap Ltda;POSTO MOTOCAP LTDA;VIBRA;PRACA ALMIRANTE BARROSO, 52 - LETRA A - LACE;29703-055;COLATINA;ES;SE;GASOLINA;6,69;R$ / litro;Calibragem, Lava-jato, Conveniencia;;;;
21/05/2026;2026-S21;CONCORRENTE; 07.381.843/0001-24;POSTO DE COMBUSTIVEIS BRUNO LTDA;POSTO DE COMBUSTIVEIS BRUNO LTDA;ALE;RUA FIORAVANTE ROSSI, 738 - SAO BRAZ;29704-700;COLATINA;ES;SE;GASOLINA, GASOLINA ADITIVADA;6,59 / 6,59;"R$ / litro; R$ / litro";Borracharia;;;;
21/05/2026;2026-S21;CONCORRENTE; 08.519.545/0001-10;SAO FRANCISCO DE ASSIS COMERCIO DE COMBUSTIVEIS LTDA;SAO FRANCISCO DE ASSIS COMERCIO DE COMBUSTIVEIS LTDA;VIBRA;PRACA FIDELIS FERRARI, 35 - LACE;29703-030;COLATINA;ES;SE;GASOLINA, GASOLINA ADITIVADA;6,98 / 6,99;"R$ / litro; R$ / litro";"Caixa eletronico; Troca de oleo; Conveniencia";;;;
21/05/2026;2026-S21;CONCORRENTE; 08.971.375/0001-00;BRAX COMBUSTIVEIS LTDA;BRAX COMBUSTIVEIS LTDA;IPIRANGA;RODOVIA CONEGO JOAO GUILHERME, 1516 - MARIO GIURIZATTO;29706-557;COLATINA;ES;SE;DIESEL, DIESEL S10, ETANOL, GASOLINA, GASOLINA ADITIVADA;6,78 / 6,84 / 4,99 / 6,63 / 6,79;"R$ / litro; R$ / litro; R$ / litro; R$ / litro; R$ / litro";Lava-jato, Troca de oleo;;;;
21/05/2026;2026-S21;PROPRIO; 11.222.333/0001-81;REDE MARE COMBUSTIVEIS LTDA;REDE MARE;BRANCA;AVENIDA MARIO GURGEL, 1092 - ITAQUARI;29151-570;CARIACICA;ES;SE;DIESEL, DIESEL S10, ETANOL, GASOLINA, GASOLINA ADITIVADA, GNV;6,76 / 6,82 / 4,87 / 6,59 / 6,59 / 4,09;"R$/l; R$/l; R$/l; R$/l; R$/l; R$ / m³";"Conveniencia; Troca de oleo; Caixa eletronico; Borracharia";Fernanda Castro;(27) 99720-4488;"00.580.488/0001-73; 13.814.642/0001-76; 15.226.314/0001-84";
21/05/2026;2026-S21;PROPRIO; 11.222.333/0005-05;REDE MARE COMBUSTIVEIS LTDA;REDE MARE;BRANCA;AVENIDA MARIO GURGEL, 3127 - FUNDOSCOM A AV EXPEDITO GA - CAMPO GRANDE;29146-012;CARIACICA;ES;SE;DIESEL S10, ETANOL, GASOLINA, GASOLINA ADITIVADA, GNV;6,99 / 4,89 / 6,39 / 6,39 / 4,09;"R$ / litro; R$ / litro; R$ / litro; R$ / litro; R$ / m³";Conveniencia;Marcos Lyrio;(27) 99890-1276 / (27) 3345-0098;"00.580.488/0001-73; 13.814.642/0001-76; 15.226.314/0001-84";
21/05/2026;2026-S21;CONCORRENTE; 13.814.642/0001-76;POSTO BR 31 AUTO SERVICOS LTDA;POSTO BR 31 AUTO SERVICOS LTDA;RAIZEN;AVENIDA MARIO GURGEL, 2844 - ALTO LAJE;29151-026;CARIACICA;ES;SE;DIESEL S10, ETANOL, GASOLINA;6,89 / 4,79 / 6,39;"R$ / litro; R$ / litro; R$ / litro";Troca de oleo / Calibragem / Caixa eletronico / Conveniencia;;;;promo fim de semana?
21/05/2026;2026-S21;CONCORRENTE; 15.226.314/0001-84;MAIS COMERCIO DE COMBUSTIVEL CARIACICA LTDA.;MAIS COMERCIO DE COMBUSTIVEL CARIACICA LTDA;BRANCA;AVENIDA MARIO GURGEL, 4935 - VILA PALESTINA;29145-711;CARIACICA;ES;SE;ETANOL, GASOLINA;4,69 / 6,39;"R$ / litro; R$ / litro";Borracharia / Lava-jato / Conveniencia / Calibragem;;;;
21/05/2026;2026-S21;CONCORRENTE; 20.246.670/0001-08;POSTO DE COMBUSTIVEIS COLATINA LTDA;POSTO DE COMBUSTIVEIS COLATINA LTDA;BRANCA;RODOVIA DO CAFE, 606 - CARLOS GERMANO NAUMANN;29705-200;COLATINA;ES;SE;DIESEL, DIESEL S10, ETANOL, GASOLINA;6,89 / 6,99 / 4,69 / 6,55;"R$ / litro; R$ / litro; R$ / litro; R$ / litro";Troca de oleo / Calibragem;;;;
21/05/2026;2026-S21;CONCORRENTE;24145665000151;C.R.B. DEZAN E CIA LTDA;C.R.B. DEZAN E CIA LTDA;ATLÂNTICA;AVENIDA MARIO GURGEL, 5913 - AUTO POSTO - SAO FRANCISCO;29145-409;CARIACICA;ES;SE;DIESEL S10, ETANOL, GASOLINA;6,89 / 4,69 / 6,39;"R$ / litro; R$ / litro; R$ / litro";"Conveniencia; Caixa eletronico";;;;
21/05/2026;2026-S21;CONCORRENTE; 27.016.518/0001-70;AUTO POSTO CONTORNO;AUTO POSTO CONTORNO LTDA;BRANCA;RODOVIA GOVERNADOR MARIO COVAS, 11282 - SERRA DO ANIL;29147-030;CARIACICA;ES;SE;DIESEL, DIESEL S10, ETANOL, GASOLINA, GASOLINA ADITIVADA;6,69 / 6,79 / 4,69 / 6,39 / 6,49;"R$ / litro; R$ / litro; R$ / litro; R$ / litro; R$ / litro";Borracharia;;;;
21/05/2026;2026-S21;CONCORRENTE; 27.085.240/0001-92;POSTO DE GASOLINA SANTO ANTONIO LTDA;POSTO DE GASOLINA SANTO ANTONIO LTDA;ALE;AVENIDA SILVIO AVIDOS, 3251 - SANTO ANTONIO;29704-053;COLATINA;ES;SE;DIESEL, DIESEL S10, GASOLINA, GASOLINA ADITIVADA;6,89 / 6,99 / 6,69 / 6,79;"R$ / litro; R$ / litro; R$ / litro; R$ / litro";"Lava-jato; Calibragem";;;;
21/05/2026;2026-S21;CONCORRENTE; 27.124.023/0001-64;POSTO NOGUEIRA LTDA;POSTO NOGUEIRA LTDA;BRANCA;RUA CORONEL FRANCISCO BRAGA, 2 - 02 A 08 - CENTRO;29300-220;CACHOEIRO DE ITAPEMIRIM;ES;SE;DIESEL, DIESEL S10, GASOLINA;7,39 / 7,49 / 7,25;"R$ / litro; R$ / litro; R$ / litro";Borracharia,Lava-jato;;;;
21/05/2026;2026-S21;CONCORRENTE; 27.394.378/0001-73;POSTO DE PRODUTOS DE PETROLEO OASIS LTDA;POSTO DE PRODUTOS DE PETROLEO OASIS LTDA;IPIRANGA;AVENIDA MARIO GURGEL, 297 - JARDIM AMERICA;29140-261;CARIACICA;ES;SE;DIESEL S10, GASOLINA, GASOLINA ADITIVADA, GNV;6,79 / 6,39 / 6,69 / 3,99;"R$ / litro; R$ / litro; R$ / litro; R$ / m³";"Calibragem; Caixa eletronico";;;;
21/05/2026;2026-S21;CONCORRENTE; 27.396.415/0001-82;AUTO SERVICO SAO CRISTOVAO LTDA;AUTO SERVICO SAO CRISTOVAO LTDA;VIBRA;AVENIDA MARIO GURGEL, 4 - KM    4 5  BR 262 - DOM BOSCO;29147-345;CARIACICA;ES;SE;ETANOL, GASOLINA, GASOLINA ADITIVADA, GNV;4,89 / 6,48 / 6,59 / 3,98;"R$ / litro; R$ / litro; R$ / litro; R$ / m³";Caixa eletronico,Borracharia,Conveniencia;;;;
21/05/2026;2026-S21;CONCORRENTE; 27.926.384/0001-24;PETROVERA - POSTO DE PRODUTOS DE PETROLEO E TRANSPORTES LTDA - ME;PETROVERA - POSTO DE PRODUTOS DE PETROLEO E TRANSPORTES LTDA - ME;IPIRANGA;RODOVIA GOVERNADOR JOSE HENRIQUE SETTE, 906 - PAVMTO01 - ALTO LAGE;29151-055;CARIACICA;ES;SE;DIESEL, DIESEL S10, ETANOL, GASOLINA, GASOLINA ADITIVADA;6,89 / 6,99 / 4,79 / 6,39 / 6,39;"R$ / litro; R$ / litro; R$ / litro; R$ / litro; R$ / litro";Caixa eletronico,Conveniencia,Borracharia,Calibragem;;;;
2026-05-21;2026-S21;CONCORRENTE; 28.344.206/0001-58;POSTO DE COMBUSTIVEIS ITACIBA LTDA;POSTO DE COMBUSTIVEIS ITACIBA LTDA;BRANCA;RUA MANOEL JOAQUIM DOS SANTOS, 317 - ITACIBA;29150-270;CARIACICA;ES;SE;ETANOL, GASOLINA, GASOLINA ADITIVADA;4,75 / 6,39 / 6,39;"R$ / litro; R$ / litro; R$ / litro";Troca de oleo / Conveniencia / Lava-jato / Borracharia;;;;
21/05/2026;2026-S21;CONCORRENTE; 36.411.940/0002-00;VESCOVI & BITTI LTDA;VESCOVI & BITTI LTDA;VIBRA;AVENIDA FLORESTAL, 838 - SEGATTO;29192-154;ARACRUZ;ES;SE;DIESEL, DIESEL S10, ETANOL, GASOLINA, GASOLINA ADITIVADA;6,89 / 6,99 / 5,09 / 6,64 / 6,94;"R$ / litro; R$ / litro; R$ / litro; R$ / litro; R$ / litro";"Calibragem; Caixa eletronico; Conveniencia";;;;
21/05/2026;2026-S21;CONCORRENTE; 39.814.835/0001-10;PNEUMAX LTDA.;PNEUMAX LTDA;VIBRA;AVENIDA SILVIO AVIDOS, 1358 - SAO SILVANO;29703-100;COLATINA;ES;SE;DIESEL, DIESEL S10, ETANOL, GASOLINA, GASOLINA ADITIVADA;6,89 / 6,99 / 4,99 / 6,69 / 6,79;"R$ / litro; R$ / litro; R$ / litro; R$ / litro; R$ / litro";Conveniencia;;;;ATUALIZAR!!
25/05/2026;2026-S22;CONCORRENTE; 01.283.262/0001-73;POSTO CARIOQUINHA LTDA;POSTO CARIOQUINHA LTDA;BRANCA;AVENIDA FRANCISCO MARDEGAN, 90 - BOA VISTA;29315-477;CACHOEIRO DE ITAPEMIRIM;ES;SE;DIESEL, ETANOL, GASOLINA;6,69 / 4,89 / 7,08;"R$ / litro; R$ / litro; R$ / litro";Caixa eletronico;;;;
25/05/2026;2026-S22;CONCORRENTE; 01.496.517/0001-86;POSTO PERIM LTDA;POSTO PERIM LTDA;VIBRA;RUA SANTA LEOPOLDINA, 1650 - ITAPARICA;29102-040;VILA VELHA;ES;SE;DIESEL S10, ETANOL, GASOLINA, GASOLINA ADITIVADA;6,99 / 5,19 / 6,49 / 6,69;"R$ / litro; R$ / litro; R$ / litro; R$ / litro";Conveniencia / Borracharia / Caixa eletronico / Calibragem;;;;
25/05/2026;2026-S22;CONCORRENTE; 01.557.127/0001-79;AUTO POSTO ILHA DAS GARCAS LTDA;AUTO POSTO ILHA DAS GARCAS LTDA;VIBRA;RUA MARIA DE OLIVEIRA MARES GUIA, 40 - PRAIA DAS GAIVOTAS;29102-567;VILA VELHA;ES;SE;GASOLINA, GASOLINA ADITIVADA;6,39 / 6,79;"R$ / litro; R$ / litro";Borracharia,Caixa eletronico;;;;
25/05/2026;2026-S22;CONCORRENTE; 01.823.633/0001-62;POSTO METROPOLITANO LTDA;POSTO METROPOLITANO LTDA;IPIRANGA;VIA DOIS, 226 - ANEXO QUADRA 03 MODULO 03 - TIMS;29161-373;SERRA;ES;SE;DIESEL, DIESEL S10, ETANOL, GASOLINA, GASOLINA ADITIVADA;6,69 / 6,79 / 4,55 / 6,25 / 6,45;"R$ / litro; R$ / litro; R$ / litro; R$ / litro; R$ / litro";Borracharia, Calibragem;;;;
25/05/2026;2026-S22;CONCORRENTE; 02.567.214/0001-70;POSTO DE COMBUSTIVEL IDEAL LTDA;POSTO DE COMBUSTIVEL IDEAL LTDA;IPIRANGA;AVENIDA VITORIA, 3031 - GURIGICA;29027-080;VITORIA;ES;SE;ETANOL, GASOLINA, GASOLINA ADITIVADA;4,69 / 6,38 / 6,52;"R$/l; R$/l; R$/l";"Conveniencia; Borracharia; Calibragem";;;;
25/05/2026;2026-S22;CONCORRENTE; 02.583.872/0001-55;SANTA CLARA COMERCIO DE COMBUSTIVEIS LTDA.;SANTA CLARA COMERCIO DE COMBUSTIVEIS LTDA;VIBRA;"RODOVIA ENGENHEIRO FABIANO VIVACQUA, 1414 - : A 1452; - MORRO GRANDE";29318-400;CACHOEIRO DE ITAPEMIRIM;ES;SE;DIESEL, DIESEL S10, ETANOL, GASOLINA, GASOLINA ADITIVADA;6,69 / 6,79 / 4,99 / 7,29 / 7,49;"R$ / litro; R$ / litro; R$ / litro; R$ / litro; R$ / litro";Caixa eletronico / Lava-jato / Conveniencia;;;;
25/05/2026;2026-S22;CONCORRENTE; 03.408.609/0001-92;POSTO FREEWAY LTDA;POSTO FREEWAY LTDA;IPIRANGA;AVENIDA FRANCISCO MARDEGAN, 535 - MARBRASA;29313-690;CACHOEIRO DE ITAPEMIRIM;ES;SE;DIESEL, DIESEL S10, ETANOL, GASOLINA, GASOLINA ADITIVADA;6,65 / 6,79 / 4,59 / 7,25 / 7,31;"R$ / litro; R$ / litro; R$ / litro; R$ / litro; R$ / litro";"Conveniencia; Calibragem";;;;
25/05/2026;2026-S22;CONCORRENTE; 04.145.589/0011-49;ARARA AZUL REDE DE POSTOS LTDA;ARARA AZUL REDE DE POSTOS LTDA;BRANCA;RODOVIA RODOVIA DO SOL, 530 - PRAIA DE ITAPARICA;29102-020;VILA VELHA;ES;SE;DIESEL S10, ETANOL, GASOLINA, GASOLINA ADITIVADA;6,98 / 5,09 / 6,69 / 6,69;"R$ / litro; R$ / litro; R$ / litro; R$ / litro";Lava-jato,Troca de oleo,Borracharia;;;;
25/05/2026;2026-S22;CONCORRENTE; 04.228.463/0001-66;AUTO POSTO MARLIN LTDA;AUTO POSTO MARLIN LTDA;ATLÂNTICA;RUA JUIZ ALEXANDRE MARTINS DE CASTRO FILHO, 285 - SANTA LUCIA;29056-295;VITORIA;ES;SE;DIESEL S10, ETANOL, GASOLINA, GASOLINA ADITIVADA;6,99 / 4,99 / 6,47 / 6,67;"R$ / litro; R$ / litro; R$ / litro; R$ / litro";"Caixa eletronico; Troca de oleo";;;;
25/05/2026;2026-S22;CONCORRENTE; 04.361.389/0001-51;AUTO POSTO WAVE LTDA;AUTO POSTO WAVE LTDA;ALE;AVENIDA TALMA RODRIGUES RIBEIRO, 5416 A - PORTAL DE JACARAIPE;29173-795;SERRA;ES;SE;DIESEL, DIESEL S10, ETANOL, GASOLINA;6,78 / 6,88 / 4,99 / 6,39;"R$ / litro; R$ / litro; R$ / litro; R$ / litro";Calibragem,Borracharia;;;;
25/05/2026;2026-S22;CONCORRENTE; 04.960.337/0001-00;RENOVA COMERCIO COMBUSTIVEL E SERVICOS LTDA;RENOVA COMERCIO COMBUSTIVEL E SERVICOS LTDA;BRANCA;AVENIDA LEITAO DA SILVA, 1150 - SANTA LUCIA;29056-184;VITORIA;ES;SE;ETANOL, GASOLINA, GASOLINA ADITIVADA;4,69 / 6,38 / 6,38;"R$ / litro; R$ / litro; R$ / litro";Borracharia,Calibragem;;;;
25/05/2026;2026-S22;CONCORRENTE; 05.738.923/0001-69;GEGEL AUTO POSTO LTDA;GEGEL AUTO POSTO LTDA;RAIZEN;AVENIDA CENTRAL B, S/N - QUADRAEC VII - CIVIT II;29168-071;SERRA;ES;SE;DIESEL, ETANOL, GASOLINA, GASOLINA ADITIVADA;6,89 / 5,09 / 6,39 / 6,89;"R$ / litro; R$ / litro; R$ / litro; R$ / litro";Conveniencia / Borracharia / Caixa eletronico / Calibragem;;;;
25/05/2026;2026-S22;CONCORRENTE; 07.571.908/0001-02;AUTO POSTO CORAL LTDA;AUTO POSTO CORAL LTDA;VIBRA;AVENIDA NORTE SUL, 259 - N.S.DO ROSARIO DE FATIMA;29176-798;SERRA;ES;SE;GASOLINA, GASOLINA ADITIVADA;6,39 / 6,69;"R$ / litro; R$ / litro";"Borracharia; Lava-jato; Conveniencia";;;;
25/05/2026;2026-S22;CONCORRENTE;08788618000170;J. S. PETROLEO E COMERCIO LTDA.;J. S. PETROLEO E COMERCIO LTDA.;RAIZEN;AVENIDA DANTE MICHELINI, 2461 - MATA DA PRAIA;29066-430;VITORIA;ES;SE;ETANOL, GASOLINA, GASOLINA ADITIVADA, GNV;4,99 / 6,45 / 6,75 / 3,99;"R$ / litro; R$ / litro; R$ / litro; R$ / m³";Borracharia,Caixa eletronico,Troca de oleo;;;;
25/05/2026;2026-S22;PROPRIO; 11.222.333/0003-43;REDE MARE COMBUSTIVEIS LTDA;REDE MARE;BRANCA;AVENIDA VITORIA, 2667 - HORTO;29027-080;VITORIA;ES;SE;DIESEL S10, ETANOL, GASOLINA, GASOLINA ADITIVADA;6,89 / 4,69 / 6,38 / 6,38;"R$ / litro; R$ / litro; R$ / litro; R$ / litro";"Conveniencia; Borracharia";Paulo Ferraz;(27) 99945-7810 / (27) 3226-4410;02.567.214/0001-70 / 14.806.977/0001-05 / 26.980.450/0001-81;
25/05/2026;2026-S22;CONCORRENTE; 11.942.147/0001-17;POSTO PARADA VITORIA LTDA;POSTO PARADA VITORIA LTDA;ALE;AVENIDA MARECHALCAMPOS, 370 - CONSOLACAO;29045-460;VITORIA;ES;SE;DIESEL S10, ETANOL, GASOLINA, GASOLINA ADITIVADA;6,98 / 4,98 / 6,45 / 6,79;"R$ / litro; R$ / litro; R$ / litro; R$ / litro";Conveniencia, Caixa eletronico, Troca de oleo;;;;
25/05/2026;2026-S22;CONCORRENTE; 12.535.572/0001-54;AUTO POSTO MORADA LTDA;AUTO POSTO MORADA LTDA;IPIRANGA;AVENIDA PAULO PEREIRA GOMES, S/N - LOTE  03C                 QUADRAUE IV               SETOR II - MORADA DE LARANJEIRAS;29166-828;SERRA;ES;SE;DIESEL S10, ETANOL, GASOLINA, GASOLINA ADITIVADA;6,89 / 4,89 / 6,35 / 6,65;"R$/l; R$/l; R$/l; R$/l";Borracharia / Calibragem / Troca de oleo;;;;
25/05/2026;2026-S22;CONCORRENTE; 14.806.977/0001-05;AUTO POSTO SILVARES LTDA;AUTO POSTO SILVARES LTDA;IPIRANGA;AVENIDA   NAIR AZEVEDO SILVA, 430 - ILHA DO PRINCIPE;29020-240;VITORIA;ES;SE;ETANOL, GASOLINA, GASOLINA ADITIVADA;4,99 / 6,49 / 6,69;"R$ / litro; R$ / litro; R$ / litro";Borracharia;;;;
25/05/2026;2026-S22;CONCORRENTE; 15.010.530/0001-98;AUTO POSTO R M LTDA;AUTO POSTO R M LTDA;RAIZEN;"RODOVIA DO SOL, 3701 - LOTE: 11; QUADRA: 64; - PRAIA DE ITAPARICA";29102-023;VILA VELHA;ES;SE;DIESEL S10, ETANOL, GASOLINA, GASOLINA ADITIVADA;6,79 / 4,75 / 6,39 / 6,79;"R$ / litro; R$ / litro; R$ / litro; R$ / litro";Conveniencia;;;;
25/05/2026;2026-S22;CONCORRENTE; 16.577.742/0001-14;AUTO POSTO ESCOLA COMERCIO DE COMBUSTIVEIS, LUBRIFICANTES E SERVICOS LTDA;AUTO POSTO ESCOLA COMERCIO DE COMBUSTIVEIS, LUBRIFICANTES E SERVICOS LTDA;VIBRA;"AVENIDA AMERICO BUAIZ, 1 - : POSTO; - ENSEADA DO SUA";29050-463;VITORIA;ES;SE;GASOLINA, GASOLINA ADITIVADA;6,49 / 6,69;"R$ / litro; R$ / litro";Troca de oleo, Caixa eletronico;;;;
25/05/2026;2026-S22;CONCORRENTE; 17.753.176/0001-17;AUTO POSTO BOULEVARD LTDA;AUTO POSTO BOULEVARD LTDA;ALE;"RODOVIA DO SOL, S/N - LOTE: 08 E 09; QUADRA: 59; - PRAIA DE ITAPARICA";29102-020;VILA VELHA;ES;SE;DIESEL S10, ETANOL, GASOLINA, GASOLINA ADITIVADA;6,79 / 4,75 / 6,39 / 6,79;"R$ / litro; R$ / litro; R$ / litro; R$ / litro";Troca de oleo, Conveniencia, Calibragem, Lava-jato;;;;
25/05/2026;2026-S22;CONCORRENTE; 21.931.941/0001-19;AUTO POSTO INDEPENDENCIA LTDA;AUTO POSTO INDEPENDENCIA LTDA;IPIRANGA;"AVENIDA MAURO MIRANDA MADUREIRA, 1662 - : 1662 A 1720; - CENTRAL PARQUE";29313-162;CACHOEIRO DE ITAPEMIRIM;ES;SE;DIESEL, DIESEL S10, ETANOL, GASOLINA, GASOLINA ADITIVADA;6,69 / 6,79 / 5,39 / 7,39 / 7,69;"R$ / litro; R$ / litro; R$ / litro; R$ / litro; R$ / litro";Lava-jato,Calibragem,Borracharia,Troca de oleo;;;;ATUALIZAR!!
25/05/2026;2026-S22;CONCORRENTE; 22.356.015/0001-20;CENTRAL COMERCIO DE COMBUSTIVEIS LTDA;CENTRAL COMERCIO DE COMBUSTIVEIS LTDA;IPIRANGA;"AVENIDA ELDES SCHERRER SOUZA, 2100 - : POSTO; - CIVIT II";29168-060;SERRA;ES;SE;DIESEL, DIESEL S10, ETANOL, GASOLINA, GASOLINA ADITIVADA, GNV;6,79 / 6,89 / 4,99 / 6,49 / 6,69 / 3,99;"R$ / litro; R$ / litro; R$ / litro; R$ / litro; R$ / litro; R$ / m³";Troca de oleo,Borracharia,Lava-jato,Conveniencia;;;;
25/05/2026;2026-S22;CONCORRENTE; 26.980.450/0001-81;AUTO POSTO VITORIA COMERCIO DE COMBUSTIVEIS LTDA;AUTO POSTO VITORIA COMERCIO DE COMBUSTIVEIS LTDA;VIBRA;RUA OLYMPIO RODRIGUES PASSOS, 14 - LOJA  01 - JABOUR;29072-290;VITORIA;ES;SE;ETANOL, GASOLINA, GASOLINA ADITIVADA;4,99 / 6,47 / 6,77;"R$ / litro; R$ / litro; R$ / litro";Caixa eletronico;;;;
25/05/2026;2026-S22;CONCORRENTE; 27.066.273/0002-76;POSTO ARVOREDO LTDA;POSTO ARVOREDO LTDA;BRANCA;AVENIDA VITORIA, 1600 - POSTO - ILHA DE SANTA MARIA;29051-040;VITORIA;ES;SE;ETANOL, GASOLINA, GASOLINA ADITIVADA;4,69 / 6,38 / 6,38;"R$ / litro; R$ / litro; R$ / litro";Lava-jato, Troca de oleo, Borracharia;;;;
25/05/2026;2026-S22;CONCORRENTE; 27.734.094/0001-89;POSTO ATLANTICO LTDA;POSTO ATLANTICO LTDA;RAIZEN;AVENIDA DANTE MICHELINI, 4655 - POSTO - JARDIM CAMBURI;29090-070;VITORIA;ES;SE;DIESEL S10, ETANOL, GASOLINA, GASOLINA ADITIVADA;6,79 / 5,19 / 6,49 / 6,84;"R$ / litro; R$ / litro; R$ / litro; R$ / litro";"Borracharia; Calibragem";;;;
25/05/2026;2026-S22;CONCORRENTE; 28.059.632/0001-40;A.B.C. AUTO SERVICOS LTDA;A.B.C. AUTO SERVICOS LTDA;RAIZEN;AVENIDA ROBERT KENNEDY, 21 - A - SAO TORQUATO;29114-000;VILA VELHA;ES;SE;DIESEL, DIESEL S10, ETANOL, GASOLINA, GASOLINA ADITIVADA;6,89 / 6,89 / 4,89 / 6,39 / 6,79;"R$ / litro; R$ / litro; R$ / litro; R$ / litro; R$ / litro";Caixa eletronico, Borracharia, Troca de oleo;;;;
25/05/2026;2026-S22;CONCORRENTE; 28.413.219/0001-31;COMERCIAL NORTE SUL LTDA;COMERCIAL NORTE SUL LTDA;VIBRA;AVENIDA MARUIPE, 2757 - SANTA LUIZA;29045-230;VITORIA;ES;SE;GASOLINA, GASOLINA ADITIVADA;6,49 / 6,79;"R$ / litro; R$ / litro";Lava-jato;;;;
25/05/2026;2026-S22;CONCORRENTE; 31.284.466/0001-90;POSTO DUAS BARRAS LTDA;POSTO DUAS BARRAS LTDA;RAIZEN;RODOVIA BR -482 CACHOEIRO X ALEGRE, 8 - WALDIR F. DE AMORIM;29313-760;CACHOEIRO DE ITAPEMIRIM;ES;SE;DIESEL, DIESEL S10, ETANOL, GASOLINA, GASOLINA ADITIVADA;6,69 / 6,79 / 5,05 / 7,26 / 7,56;"R$ / litro; R$ / litro; R$ / litro; R$ / litro; R$ / litro";Borracharia;;;;
26/05/2026;2026-S22;CONCORRENTE; 02.665.124/0001-11;AUTO POSTO SENNA LTDA.;AUTO POSTO SENNA LTDA.;RAIZEN;AVENIDA FRANCISCO LACERDA DE AGUIAR, 350 - GILBERTO MACHADO;29303-384;CACHOEIRO DE ITAPEMIRIM;ES;SE;DIESEL S10, ETANOL, GASOLINA, GASOLINA ADITIVADA;7,39 / 5,39 / 7,30 / 7,60;"R$ / litro; R$ / litro; R$ / litro; R$ / litro";Caixa eletronico, Conveniencia, Calibragem, Borracharia;;;;
26/05/2026;2026-S22;CONCORRENTE; 04.361.389/0002-32;AUTO POSTO WAVE;AUTO POSTO WAVE LTDA;ALE;AVENIDA MARTIN PESCADOR, 12 - PORTO CANOA;29168-460;SERRA;ES;SE;DIESEL S10, ETANOL, GASOLINA, GASOLINA ADITIVADA;6,99 / 4,99 / 6,29 / 6,29;"R$ / litro; R$ / litro; R$ / litro; R$ / litro";Borracharia,Caixa eletronico,Troca de oleo;;;;
26/05/2026;2026-S22;CONCORRENTE; 04.411.606/0001-70;AUTO POSTO VALAO LTDA;AUTO POSTO VALAO LTDA;BRANCA;RUA JOSE AMARAL, 232 - ELPIDIO VOLPINI;29309-760;CACHOEIRO DE ITAPEMIRIM;ES;SE;DIESEL S10, ETANOL, GASOLINA;6,79 / 4,69 / 7,09;"R$ / litro; R$ / litro; R$ / litro";Conveniencia,Troca de oleo,Borracharia;;;;
26/05/2026;2026-S22;CONCORRENTE; 04.850.382/0001-01;POSTO ARIBIRI DO GAS LTDA;POSTO ARIBIRI DO GAS LTDA;VIBRA;AVENIDA CARLOS LINDEMBERG, 1944 - SANTA INEZ;29108-075;VILA VELHA;ES;SE;GASOLINA, GASOLINA ADITIVADA, GNV;6,39 / 6,59 / 3,99;"R$ / litro; R$ / litro; R$ / m³";"Caixa eletronico; Lava-jato";;;;
26/05/2026;2026-S22;CONCORRENTE; 04.994.796/0001-04;POSTO SB LTDA;POSTO SB LTDA;VIBRA;AVENIDA BRASILIA, 1360 - PLANICIE DA SERRA;29168-710;SERRA;ES;SE;GASOLINA, GASOLINA ADITIVADA;6,59 / 6,74;"R$ / litro; R$ / litro";Borracharia, Calibragem, Troca de oleo, Caixa eletronico;;;;
26/05/2026;2026-S22;CONCORRENTE; 05.393.247/0001-39;POSTO CANOA DERIVADOS DE PETROLEO LTDA;POSTO CANOA DERIVADOS DE PETROLEO LTDA;ALE;AVENIDA BRASILIA, 575 - PORTO CANOA;29168-600;SERRA;ES;SE;DIESEL S10, ETANOL, GASOLINA, GASOLINA ADITIVADA;6,99 / 4,99 / 6,29 / 6,29;"R$ / litro; R$ / litro; R$ / litro; R$ / litro";"Borracharia; Caixa eletronico; Calibragem";;;;conferir bandeira
26/05/2026;2026-S22;CONCORRENTE; 07.470.392/0001-00;POSTO DE COMBUSTIVEIS OTAVIO EIRELI;POSTO DE COMBUSTIVEIS OTAVIO EIRELI;RAIZEN;AVENIDA ABDO SAAD, 833 - JACARAIPE;29173-510;SERRA;ES;SE;DIESEL, ETANOL, GASOLINA, GASOLINA ADITIVADA;6,89 / 4,99 / 6,45 / 6,80;"R$ / litro; R$ / litro; R$ / litro; R$ / litro";Borracharia;;;;
26/05/2026;2026-S22;CONCORRENTE; 07.830.414/0001-97;REVENDA DE COMBUSTIVEIS BKR LTDA;REVENDA DE COMBUSTIVEIS BKR LTDA;RAIZEN;RODOVIA GOVERNADOR MARIO COVAS, 122 - BARCELONA;29166-095;SERRA;ES;SE;DIESEL, ETANOL, GASOLINA, GASOLINA ADITIVADA;6,89 / 4,99 / 6,64 / 6,64;"R$ / litro; R$ / litro; R$ / litro; R$ / litro";"Calibragem; Troca de oleo; Borracharia";;;;
26/05/2026;2026-S22;CONCORRENTE; 08.022.304/0001-61;AUTO POSTO DE COMBUSTIVEL RTT LTDA;AUTO POSTO DE COMBUSTIVEL RTT LTDA;IPIRANGA;RUA MOEMA, 38 - DIVINO ESPIRITO SANTO;29107-250;VILA VELHA;ES;SE;DIESEL S10, ETANOL, GASOLINA, GASOLINA ADITIVADA;6,99 / 4,99 / 6,37 / 6,57;"R$ / litro; R$ / litro; R$ / litro; R$ / litro";Borracharia;;;;
26/05/2026;2026-S22;CONCORRENTE; 10.197.775/0001-52;REDE DE POSTOS SAGUI LTDA;REDE DE POSTOS SAGUI LTDA;ATLÂNTICA;RUA EUCLIDES DA CUNHA, 421 - SAO DIOGO I;29163-265;SERRA;ES;SE;DIESEL S10, ETANOL, GASOLINA, GASOLINA ADITIVADA;6,99 / 4,99 / 6,39 / 6,59;"R$ / litro; R$ / litro; R$ / litro; R$ / litro";Caixa eletronico,Conveniencia;;;;
26/05/2026;2026-S22;CONCORRENTE; 10.569.345/0001-14;POSTO CRISTOVAO COLOMBO LTDA;POSTO CRISTOVAO COLOMBO LTDA;VIBRA;RUA CRISTOVAO COLOMBO, 582 - CRISTOVAO COLOMBO;29106-595;VILA VELHA;ES;SE;GASOLINA, GASOLINA ADITIVADA;6,39 / 6,69;"R$ / litro; R$ / litro";"Caixa eletronico; Troca de oleo; Lava-jato; Calibragem";;;;
26/05/2026;2026-S22;CONCORRENTE; 17.375.525/0001-04;AUTO POSTO LUCAS - EPP.;AUTO POSTO LUCAS - EPP.;ALE;AVENIDA ROMULO CASTELLO, 791 - LOTES 20 A 23 - CASTELANDIA;29172-620;SERRA;ES;SE;DIESEL S10, ETANOL, GASOLINA, GASOLINA ADITIVADA;6,88 / 4,65 / 6,28 / 6,49;"R$ / litro; R$ / litro; R$ / litro; R$ / litro";Troca de oleo / Calibragem / Borracharia / Caixa eletronico;;;;
26/05/2026;2026-S22;CONCORRENTE; 17.375.525/0001-04;AUTO POSTO LUCAS - EPP.;AUTO POSTO LUCAS - EPP.;ALE;AVENIDA ROMULO CASTELLO, 791 - LOTES 20 A 23 - CASTELANDIA;29172-620;SERRA;ES;SE;DIESEL S10, ETANOL, GASOLINA, GASOLINA ADITIVADA;6,88 / 4,65 / 6,28 / 6,49;"R$ / litro; R$ / litro; R$ / litro; R$ / litro";Troca de oleo / Calibragem / Borracharia / Caixa eletronico;;;;
26/05/2026;2026-S22;CONCORRENTE; 21.246.940/0001-35;AUTO POSTO GASCROMA COMERCIO DE COMBUSTIVEIS, LUBRIFICANTES E SERVICOS LTDA;AUTO POSTO GASCROMA COMERCIO DE COMBUSTIVEIS, LUBRIFICANTES E SERVICOS LTDA;VIBRA;AVENIDA JERONIMO MONTEIRO, 840 - JABURUNA;29100-600;VILA VELHA;ES;SE;GASOLINA, GASOLINA ADITIVADA;6,89 / 7,09;"R$ / litro; R$ / litro";"Calibragem; Conveniencia";;;;
26/05/2026;2026-S22;CONCORRENTE; 23.305.603/0001-05;POSTO MARLIM BRANCO LTDA - ME;POSTO MARLIM BRANCO LTDA - ME;VIBRA;AVENIDA ROMULO CASTELLO, 161 - LOTE  16 17 18 - CASTELANDIA;29172-620;SERRA;ES;SE;GASOLINA, GASOLINA ADITIVADA;6,29 / 6,59;"R$ / litro; R$ / litro";Borracharia;;;;
26/05/2026;2026-S22;CONCORRENTE; 23.314.250/0001-00;COMERCIO DE COMBUSTIVEIS LINDENBERG LTDA;COMERCIO DE COMBUSTIVEIS LINDENBERG LTDA;BRANCA;AVENIDA CARLOS LINDENBERG, 5718 - LOTE  2. 3. 14 E 15       QUADRAD - SANTA INES;29108-075;VILA VELHA;ES;SE;DIESEL S10, ETANOL, GASOLINA;6,75 / 4,61 / 6,36;"R$ / litro; R$ / litro; R$ / litro";"Conveniencia; Borracharia; Calibragem";;;;
26/05/2026;2026-S22;CONCORRENTE; 31.465.040/0001-32;POSTO ITAPOA LTDA;POSTO ITAPOA LTDA;IPIRANGA;AVENIDA FRANCELINA SETUBAL, 333 - ITAPOAN;29100-000;VILA VELHA;ES;SE;DIESEL S10, ETANOL, GASOLINA, GASOLINA ADITIVADA;6,78 / 4,67 / 6,39 / 6,59;"R$ / litro; R$ / litro; R$ / litro; R$ / litro";Calibragem / Lava-jato;;;;
27/05/2026;2026-S22;CONCORRENTE; 00.345.721/0001-33;RUBENS SCHUENG FILHO;RUBENS SCHUENG FILHO;IPIRANGA;RUA DOUTOR RAIMUNDO GUILHERME SOBRINHO, 605 - FRENTE - SERNAMBY;29930-480;SAO MATEUS;ES;SE;DIESEL S10, GASOLINA;6,99 / 6,79;"R$ / litro; R$ / litro";Conveniencia;;;;
27/05/2026;2026-S22;CONCORRENTE; 00.580.488/0001-73;POSTO DE GASOLINA MARACANA LTDA;POSTO DE GASOLINA MARACANA LTDA;IPIRANGA;AVENIDA ALICE COUTINHO SANTOS, 2101 - POSTO DE GASOLINA - MARACANA;29142-887;CARIACICA;ES;SE;DIESEL, DIESEL S10, ETANOL, GASOLINA, GASOLINA ADITIVADA;6,65 / 6,89 / 4,89 / 6,39 / 6,59;"R$ / litro; R$ / litro; R$ / litro; R$ / litro; R$ / litro";Troca de oleo, Borracharia, Caixa eletronico;;;;conferir bandeira
27/05/2026;2026-S22;CONCORRENTE; 02.582.857/0001-92;POSTO CAMPO GRANDE LTDA;POSTO CAMPO GRANDE LTDA;ATLÂNTICA;AVENIDA EXPEDITO GARCIA, 222 - CAMPO GRANDE;29157-405;CARIACICA;ES;SE;ETANOL, GASOLINA, GASOLINA ADITIVADA;4,79 / 6,34 / 6,36;"R$ / litro; R$ / litro; R$ / litro";Lava-jato;;;;
27/05/2026;2026-S22;CONCORRENTE; 02.802.986/0001-49;A S SALES JUNIOR LTDA;A S SALES JUNIOR LTDA;ATLÂNTICA;RUA DAVINO MATOS, S/N - PARQUE AREIA PRETA;29200-615;GUARAPARI;ES;SE;DIESEL S10, ETANOL, GASOLINA, GASOLINA ADITIVADA;7,09 / 5,24 / 6,68 / 6,80;"R$ / litro; R$ / litro; R$ / litro; R$ / litro";Borracharia, Caixa eletronico, Lava-jato;;;;
27/05/2026;2026-S22;CONCORRENTE; 03.948.877/0003-69;AUTO POSTO SANTA ANA LTDA;AUTO POSTO SANTA ANA LTDA;ALE;RODOVIA DO CAFE, 1871 - CARLOS GERMANO NAUMANN;29705-200;COLATINA;ES;SE;DIESEL, DIESEL S10, GASOLINA, GASOLINA ADITIVADA;6,89 / 6,99 / 6,55 / 6,75;"R$ / litro; R$ / litro; R$ / litro; R$ / litro";Calibragem, Lava-jato, Troca de oleo;;;;
27/05/2026;2026-S22;CONCORRENTE;04814652000110;POSTO MOTOCAP LTDA;POSTO MOTOCAP LTDA;VIBRA;PRACA ALMIRANTE BARROSO, 52 - LETRA A - LACE;29703-055;COLATINA;ES;SE;GASOLINA;6,69;R$ / litro;Calibragem,Lava-jato,Conveniencia;;;;
27/05/2026;2026-S22;CONCORRENTE; 05.892.261/0001-87;AUTO POSTO VALE ENCANTADO LTDA.;AUTO POSTO VALE ENCANTADO LTDA.;VIBRA;RUA SOBREIRO, 395 - RIO MARINHO;29112-112;VILA VELHA;ES;SE;DIESEL, DIESEL S10, GASOLINA, GASOLINA ADITIVADA;6,89 / 6,99 / 6,59 / 6,79;"R$ / litro; R$ / litro; R$ / litro; R$ / litro";Calibragem;;;;
27/05/2026;2026-S22;CONCORRENTE; 06.073.382/0001-60;AUTO POSTO SUCESSO LTDA.;AUTO POSTO SUCESSO LTDA;BRANCA;AVENIDA JOAO FRANCISCO GONCALVES, 746 - COBILANDIA;29111-300;VILA VELHA;ES;SE;DIESEL S10, ETANOL, GASOLINA;6,69 / 4,59 / 6,36;"R$ / litro; R$ / litro; R$ / litro";Caixa eletronico,Calibragem,Lava-jato,Borracharia;;;;
27/05/2026;2026-S22;CONCORRENTE; 08.519.545/0001-10;SAO FRANCISCO DE ASSIS COMERCIO DE COMBUSTIVEIS LTDA;SAO FRANCISCO DE ASSIS COMERCIO DE COMBUSTIVEIS LTDA;VIBRA;PRACA FIDELIS FERRARI, 35 - LACE;29703-030;COLATINA;ES;SE;GASOLINA, GASOLINA ADITIVADA;6,89 / 6,99;"R$ / litro; R$ / litro";"Caixa eletronico; Troca de oleo; Conveniencia";;;;
27/05/2026;2026-S22;CONCORRENTE; 09.076.862/0001-72;VALOR POSTOS PRAIA DO MORRO LTDA;VALOR POSTOS PRAIA DO MORRO LTDA;VIBRA;RODOVIA RODOVIA DO SOL, S/ NR - KM    41 - AEROPORTO;29216-705;GUARAPARI;ES;SE;GASOLINA, GASOLINA ADITIVADA;6,99 / 7,39;"R$ / litro; R$ / litro";Caixa eletronico;;;;
27/05/2026;2026-S22;PROPRIO; 11.222.333/0001-81;REDE MARE COMBUSTIVEIS LTDA;REDE MARE;BRANCA;AVENIDA MARIO GURGEL, 1092 - ITAQUARI;29151-570;Cariacica;ES;SE;DIESEL, DIESEL S10, ETANOL, GASOLINA, GASOLINA ADITIVADA, GNV;6,76 / 6,82 / 4,87 / 6,59 / 6,59 / 4,09;"R$ / litro; R$ / litro; R$ / litro; R$ / litro; R$ / litro; R$ / m³";Conveniencia / Troca de oleo / Caixa eletronico / Borracharia;Carlos Menezes;(27) 99811-2041 / (27) 3334-1100;"00.580.488/0001-73; 13.814.642/0001-76; 15.226.314/0001-84";
27/05/2026;2026-S22;PROPRIO; 11.222.333/0002-62;REDE MARE COMBUSTIVEIS LTDA;REDE MARE;BRANCA;RODOVIA DARLY SANTOS, S/N - KM    2 5 - POSTO - POLO EMPRESARIAL NOVO MEXICO;29104-360;VILA VELHA;ES;SE;DIESEL, DIESEL S10, ETANOL, GASOLINA, GASOLINA ADITIVADA, GNV;6,69 / 6,79 / 4,69 / 6,39 / 6,59 / 3,99;"R$ / litro; R$ / litro; R$ / litro; R$ / litro; R$ / litro; R$ / m³";"Conveniencia; Caixa eletronico; Troca de oleo";Juliana Rocha;(27) 99702-3355;"15.010.530/0001-98; 04.145.589/0011-49; 10.569.345/0001-14";
27/05/2026;2026-S22;PROPRIO; 11.222.333/0005-05;REDE MARE COMBUSTIVEIS LTDA;REDE MARE;BRANCA;AVENIDA MARIO GURGEL, 3127 - FUNDOSCOM A AV EXPEDITO GA - CAMPO GRANDE;29146-012;CARIACICA;ES;SE;DIESEL S10, ETANOL, GASOLINA, GASOLINA ADITIVADA, GNV;6,99 / 4,79 / 6,39 / 6,39 / 4,09;"R$ / litro; R$ / litro; R$ / litro; R$ / litro; R$ / m³";Conveniencia;Marcos Lyrio;(27) 99890-1276 / (27) 3345-0098;00.580.488/0001-73 / 13.814.642/0001-76 / 15.226.314/0001-84;
27/05/2026;2026-S22;CONCORRENTE; 13.814.642/0001-76;POSTO BR 31 AUTO SERVICOS LTDA;POSTO BR 31 AUTO SERVICOS LTDA;RAIZEN;AVENIDA MARIO GURGEL, 2844 - ALTO LAJE;29151-026;CARIACICA;ES;SE;DIESEL S10, ETANOL, GASOLINA, GASOLINA ADITIVADA;6,89 / 4,69 / 6,39 / 6,79;"R$ / litro; R$ / litro; R$ / litro; R$ / litro";Troca de oleo,Calibragem,Caixa eletronico,Conveniencia;;;;
27/05/2026;2026-S22;CONCORRENTE; 14.096.313/0001-08;AUTO POSTO GUARAPARI LTDA;AUTO POSTO GUARAPARI LTDA;RAIZEN;AVENIDA GOVERNADOR JONES DOS SANTOS NEVES, 15 - VARZEA NOVA;29211-630;GUARAPARI;ES;SE;DIESEL, ETANOL, GASOLINA, GASOLINA ADITIVADA;7,09 / 5,09 / 6,89 / 7,09;"R$ / litro; R$ / litro; R$ / litro; R$ / litro";Conveniencia;;;;
27/05/2026;2026-S22;CONCORRENTE; 15.226.314/0001-84;MAIS COMERCIO DE COMBUSTIVEL CARIACICA LTDA;MAIS COMERCIO DE COMBUSTIVEL CARIACICA LTDA;BRANCA;AVENIDA MARIO GURGEL, 4935 - VILA PALESTINA;29145-711;CARIACICA;ES;SE;ETANOL, GASOLINA;4,69 / 6,39;"R$ / litro; R$ / litro";Borracharia, Lava-jato, Conveniencia, Calibragem;;;;
27/05/2026;2026-S22;CONCORRENTE; 18.366.697/0001-84;POSTO RIO MARINHO COMERCIO DE DERIVADOS DE PETROLEO EIRELI - EPP;POSTO RIO MARINHO COMERCIO DE DERIVADOS DE PETROLEO EIRELI - EPP;VIBRA;AVENIDA RIO MARINHO, S/N - RIO MARINHO;29112-690;V. VELHA;ES;SE;DIESEL, DIESEL S10, ETANOL, GASOLINA, GASOLINA ADITIVADA;6,59 / 6,89 / 4,59 / 6,37 / 6,67;"R$ / litro; R$ / litro; R$ / litro; R$ / litro; R$ / litro";Conveniencia;;;;
27/05/2026;2026-S22;CONCORRENTE; 20.863.591/0001-38;AUTO POSTO ZAMPIROLO LTDA;AUTO POSTO ZAMPIROLO LTDA;VIBRA;RODOVIA GOVERNADOR LACERDA DE AGUIAR, SN - CORONEL BORGES;29306-095;CACHOEIRO DE ITAPEMIRIM;ES;SE;DIESEL, GASOLINA, GASOLINA ADITIVADA;6,89 / 6,99 / 7,14;"R$ / litro; R$ / litro; R$ / litro";"Calibragem; Troca de oleo; Borracharia; Conveniencia";;;;
27/05/2026;2026-S22;CONCORRENTE; 23.238.396/0001-05;CAPIXABA COMERCIO DE PRODUTOS AUTOMOTIVOS LTDA;CAPIXABA COMERCIO DE PRODUTOS AUTOMOTIVOS LTDA;ATLÂNTICA;RUA PROFESSOR MELCHIADES PEREIRA MARTINS, 15 - CENTRO;29200-480;GUARAPARI;ES;SE;DIESEL S10, ETANOL, GASOLINA, GASOLINA ADITIVADA;7,09 / 5,24 / 6,68 / 6,83;"R$ / litro; R$ / litro; R$ / litro; R$ / litro";Caixa eletronico;;;;
27/05/2026;2026-S22;CONCORRENTE; 24.145.665/0001-51;C.R.B. DEZAN E CIA LTDA;C.R.B. DEZAN E CIA LTDA;ATLÂNTICA;AVENIDA MARIO GURGEL, 5913 - AUTO POSTO - SAO FRANCISCO;29145-409;CARIACICA;ES;SE;DIESEL S10, ETANOL, GASOLINA;6,89 / 4,69 / 6,39;"R$ / litro; R$ / litro; R$ / litro";Conveniencia,Caixa eletronico;;;;
27/05/2026;2026-S22;CONCORRENTE; 27.016.518/0001-70;AUTO POSTO CONTORNO LTDA;AUTO POSTO CONTORNO LTDA;BRANCA;RODOVIA GOVERNADOR MARIO COVAS, 11282 - SERRA DO ANIL;29147-030;CARIACICA;ES;SE;DIESEL, DIESEL S10, ETANOL, GASOLINA, GASOLINA ADITIVADA;6,69 / 6,79 / 4,69 / 6,39 / 6,49;"R$ / litro; R$ / litro; R$ / litro; R$ / litro; R$ / litro";Borracharia;;;;
27/05/2026;2026-S22;CONCORRENTE; 27.020.445/0001-90;GUARAVE GUARAPARI VEICULOS LTDA;GUARAVE GUARAPARI VEICULOS LTDA;VIBRA;AVENIDA EWERSON DE ABREU SODRE, 300 - MUQUICABA;29215-010;GUARAPARI;ES;SE;GASOLINA, GASOLINA ADITIVADA;6,99 / 7,39;"R$ / litro; R$ / litro";"Calibragem; Conveniencia";;;;
27/05/2026;2026-S22;CONCORRENTE; 27.085.240/0001-92;POSTO DE GASOLINA SANTO ANTONIO LTDA;POSTO DE GASOLINA SANTO ANTONIO LTDA;ALE;AVENIDA SILVIO AVIDOS, 3251 - SANTO ANTONIO;29704-053;COLATINA;ES;SE;DIESEL, DIESEL S10, GASOLINA, GASOLINA ADITIVADA;6,89 / 6,99 / 6,69 / 6,79;"R$ / litro; R$ / litro; R$ / litro; R$ / litro";Lava-jato / Calibragem;;;;
27/05/2026;2026-S22;CONCORRENTE; 27.124.023/0001-64;POSTO NOGUEIRA LTDA.;POSTO NOGUEIRA LTDA;BRANCA;RUA CORONEL FRANCISCO BRAGA, 2 - 02 A 08 - CENTRO;29300-220;CACHOEIRO DE ITAPEMIRIM;ES;SE;DIESEL, DIESEL S10, GASOLINA;7,39 / 7,49 / 7,45;"R$ / litro; R$ / litro; R$ / litro";Borracharia / Lava-jato;;;;
27/05/2026;2026-S22;CONCORRENTE; 27.316.819/0001-19;BECAR PETROLEO LTDA;BECAR PETROLEO LTDA;RAIZEN;AVENIDA GOVERNADOR JONES DOS SANTOS NEVES, S/N - CONFLUENCIA COM RODOVIA DO SOL - MUQUICABA;29215-002;GUARAPARI;ES;SE;GASOLINA, GASOLINA ADITIVADA;6,99 / 7,09;"R$ / litro; R$ / litro";Lava-jato,Conveniencia;;;;
27/05/2026;2026-S22;CONCORRENTE; 27.352.004/0001-95;POSTO DE COMBUSTIVEIS GIRASSOL LTDA;POSTO DE COMBUSTIVEIS GIRASSOL LTDA;VIBRA;AVENIDA DAS NACOES, 852 - COLATINA VELHA;29700-543;COLATINA;ES;SE;DIESEL, ETANOL, GASOLINA, GASOLINA ADITIVADA;6,89 / 4,99 / 6,69 / 6,79;"R$ / litro; R$ / litro; R$ / litro; R$ / litro";Lava-jato, Borracharia;;;;
27/05/2026;2026-S22;CONCORRENTE; 27.394.378/0001-73;POSTO DE PRODUTOS DE PETROLEO OASIS LTDA;POSTO DE PRODUTOS DE PETROLEO OASIS LTDA;IPIRANGA;AVENIDA MARIO GURGEL, 297 - JARDIM AMERICA;29140-261;CARIACICA;ES;SE;DIESEL S10, GASOLINA, GASOLINA ADITIVADA, GNV;6,79 / 6,39 / 6,69 / 3,99;"R$ / litro; R$ / litro; R$ / litro; R$ / m³";Calibragem,Caixa eletronico;;;;
27/05/2026;2026-S22;CONCORRENTE; 27.396.415/0001-82;AUTO SERVICO SAO CRISTOVAO LTDA;AUTO SERVICO SAO CRISTOVAO LTDA;VIBRA;AVENIDA MARIO GURGEL, 4 - KM    4 5  BR 262 - DOM BOSCO;29147-345;CARIACICA;ES;SE;ETANOL, GASOLINA, GNV;4,89 / 6,48 / 3,98;"R$ / litro; R$ / litro; R$ / m³";"Caixa eletronico; Borracharia; Conveniencia";;;;
27/05/2026;2026-S22;CONCORRENTE; 27.493.675/0001-76;POSTO RIO DOCE LTDA.;POSTO RIO DOCE LTDA.;BRANCA;R SEVERINO DAMIANI, 177 - CENTRO;29700-013;COLATINA;ES;SE;DIESEL S10, ETANOL, GASOLINA, GASOLINA ADITIVADA;7,38 / 5,38 / 6,98 / 6,98;"R$ / litro; R$ / litro; R$ / litro; R$ / litro";"Borracharia; Conveniencia; Troca de oleo";;;;
2026-05-27;2026-S22;CONCORRENTE; 27.495.696/0001-20;POSTO VIAFOR LTDA;POSTO VIAFOR LTDA;IPIRANGA;AVENIDA SILVIO AVIDOS, 2 - VILA AMELIA;29706-297;COLATINA;ES;SE;ETANOL, GASOLINA, GASOLINA ADITIVADA;5,29 / 6,79 / 6,89;"R$ / litro; R$ / litro; R$ / litro";Conveniencia, Borracharia, Troca de oleo;;;;
27/05/2026;2026-S22;CONCORRENTE; 27.926.384/0001-24;PETROVERA - POSTO DE PRODUTOS DE PETROLEO E TRANSPORTES LTDA - ME;PETROVERA - POSTO DE PRODUTOS DE PETROLEO E TRANSPORTES LTDA - ME;IPIRANGA;RODOVIA GOVERNADOR JOSE HENRIQUE SETTE, 906 - PAVMTO01 - ALTO LAGE;29151-055;CARIACICA;ES;SE;DIESEL, DIESEL S10, ETANOL, GASOLINA, GASOLINA ADITIVADA;6,89 / 6,99 / 4,79 / 6,39 / 6,39;"R$ / litro; R$ / litro; R$ / litro; R$ / litro; R$ / litro";"Caixa eletronico; Conveniencia; Borracharia; Calibragem";;;;
2026-05-27;2026-S22;CONCORRENTE; 28.344.206/0001-58;POSTO DE COMBUSTIVEIS ITACIBA LTDA;POSTO DE COMBUSTIVEIS ITACIBA LTDA;BRANCA;RUA MANOEL JOAQUIM DOS SANTOS, 317 - ITACIBA;29150-270;CARIACICA;ES;SE;ETANOL, GASOLINA, GASOLINA ADITIVADA;4,75 / 6,39 / 6,39;"R$ / litro; R$ / litro; R$ / litro";Troca de oleo,Conveniencia,Lava-jato,Borracharia;;;;
27/05/2026;2026-S22;CONCORRENTE; 30.538.318/0001-91;ZAM COMERCIO DE COMBUSTIVEIS LTDA;ZAM COMERCIO DE COMBUSTIVEIS LTDA;RAIZEN;AVENIDA SILVIO AVIDOS, 815 - SAO SILVANO;29703-100;COLATINA;ES;SE;DIESEL S10, ETANOL, GASOLINA;6,99 / 5,69 / 6,69;"R$ / litro; R$ / litro; R$ / litro";Calibragem;;;;
27/05/2026;2026-S22;CONCORRENTE; 30.869.047/0001-57;ABT COMERCIO DE COMBUSTIVEIS LTDA;ABT COMERCIO DE COMBUSTIVEIS LTDA;BRANCA;RODOVIA GOVERNADOR MARIO COVAS, 1874 - KM    65 - BOA VISTA;29931-200;SAO MATEUS;ES;SE;DIESEL, DIESEL S10, ETANOL, GASOLINA;6,89 / 6,99 / 4,99 / 6,69;"R$ / litro; R$ / litro; R$ / litro; R$ / litro";Lava-jato,Troca de oleo,Caixa eletronico;;;;
27/05/2026;2026-S22;CONCORRENTE; 34.034.823/0001-50;AUTO POSTO ROTA 22 LTDA;AUTO POSTO ROTA 22 LTDA;IPIRANGA;AVENIDA PADRE JOSE DE ANCHIETA, 2083 - LOTE  01 A 07 - PRAIA DO MORRO;29216-005;GUARAPARI;ES;SE;DIESEL S10, ETANOL, GASOLINA, GASOLINA ADITIVADA;7,39 / 5,85 / 6,99 / 7,29;"R$ / litro; R$ / litro; R$ / litro; R$ / litro";Conveniencia,Caixa eletronico,Troca de oleo,Calibragem;;;;
2026-05-27;2026-S22;CONCORRENTE; 36.751.443/0001-61;BOA VISTA SERVICO AUTOMOTIVO LTDA;BOA VISTA SERVICO AUTOMOTIVO LTDA;ALE;AVENIDA JOAO XXIII, 1339 - BOA VISTA;29931-225;SAO MATEUS;ES;SE;DIESEL S10, GASOLINA, GASOLINA ADITIVADA;6,59 / 6,89 / 6,99;"R$ / litro; R$ / litro; R$ / litro";Calibragem,Borracharia,Caixa eletronico;;;;
28/05/2026;2026-S22;CONCORRENTE; 03.348.196/0001-06;POSTO DAMIANI LTDA.;POSTO DAMIANI LTDA.;VIBRA;AVENIDA CENTRAL, 567 - CARAPINA;29933-210;SAO MATEUS;ES;SE;DIESEL, DIESEL S10, ETANOL, GASOLINA, GASOLINA ADITIVADA;6,99 / 7,09 / 5,49 / 6,79 / 6,89;"R$ / litro; R$ / litro; R$ / litro; R$ / litro; R$ / litro";"Lava-jato; Conveniencia";;;;
28/05/2026;2026-S22;CONCORRENTE;09369995000137;POSTO DE COMBUSTIVEIS FERRARI SAO MATEUS LTDA;POSTO DE COMBUSTIVEIS FERRARI SAO MATEUS LTDA;BRANCA;"RODOVIA BR-101 NORTE, 921 - KM: 63; - VILA NOVA";29941-010;SAO MATEUS;ES;SE;DIESEL S10, ETANOL, GASOLINA, GNV;6,89 / 4,99 / 6,89 / 4,98;"R$ / litro; R$ / litro; R$ / litro; R$ / m³";Lava-jato / Troca de oleo / Conveniencia;;;;
28/05/2026;2026-S22;CONCORRENTE; 27.179.654/0003-42;Itapemirim Organizacao De Petroleo Ltda;ITAPEMIRIM ORGANIZACAO DE PETROLEO LTDA;ATLÂNTICA;AVENIDA JONES DOS SANTOS NEVES, 1196 - CAICARA;29310-376;CACHOEIRO DE ITAPEMIRIM;ES;SE;DIESEL, ETANOL, GASOLINA, GASOLINA ADITIVADA;6,89 / 5,39 / 7,29 / 7,29;"R$ / litro; R$ / litro; R$ / litro; R$ / litro";Lava-jato / Conveniencia / Caixa eletronico / Troca de oleo;;;;
28/05/2026;2026-S22;CONCORRENTE; 29.937.036/0001-88;LOCVAN TRANSPORTE E TURISMO LTDA;LOCVAN TRANSPORTE E TURISMO LTDA;BRANCA;RODOVIA GOVERNADOR MARIO COVAS, 573 - VILA NOVA;29941-010;SAO MATEUS;ES;SE;DIESEL S10, ETANOL, GASOLINA;7,19 / 5,50 / 6,79;"R$ / litro; R$ / litro; R$ / litro";Calibragem / Conveniencia;;;;
28/05/2026;2026-S22;CONCORRENTE; 39.281.274/0001-31;UNIPOSTO DERIVADOS DE PETROLEO LTDA;UNIPOSTO DERIVADOS DE PETROLEO LTDA;VIBRA;RODOVIA ENGENHEIRO FABIANO VIVACQUA, 2114 - ANEXO 2162 - BR 482 - ALVARO TAVARES;29316-258;CACHOEIRO DE ITAPEMIRIM;ES;SE;DIESEL, DIESEL S10, ETANOL, GASOLINA, GASOLINA ADITIVADA, GNV;6,69 / 6,79 / 5,29 / 7,04 / 7,24 / 4,59;"R$ / litro; R$ / litro; R$ / litro; R$ / litro; R$ / litro; R$ / m³";Conveniencia;;;;
28/05/2026;2026-S22;CONCORRENTE; 47.674.687/0001-04;POSTO ATUAL SAO MATEUS LTDA;POSTO ATUAL SAO MATEUS LTDA;ATLÂNTICA;RUA MONSENHOR GUILHERME SCHIMITZ, 363 - SERNAMBY;29930-660;SAO MATEUS;ES;SE;DIESEL S10, ETANOL, GASOLINA;6,89 / 4,69 / 6,39;"R$ / litro; R$ / litro; R$ / litro";Calibragem,Caixa eletronico;;;;
29/05/2026;2026-S22;CONCORRENTE; 10.813.831/0001-36;AUTO POSTO E SERVICOS ARACRUZ - COLINA DE BELA VISTA LTDA;AUTO POSTO E SERVICOS ARACRUZ - COLINA DE BELA VISTA LTDA;RAIZEN;AVENIDA CASTELO BRANCO, 14 - QUADRARC 06 -                   LOTEAMENTO COLINA - BELA VISTA;29192-066;ARACRUZ;ES;SE;DIESEL, DIESEL S10, GASOLINA, GASOLINA ADITIVADA;6,99 / 7,09 / 6,69 / 6,99;"R$/l; R$/l; R$/l; R$/l";Troca de oleo / Caixa eletronico / Borracharia / Lava-jato;;;;
01/06/2026;2026-S23;CONCORRENTE; 01.496.517/0001-86;POSTO PERIM LTDA;POSTO PERIM LTDA;VIBRA;RUA SANTA LEOPOLDINA, 1650 - ITAPARICA;29102-040;VILA VELHA;ES;SE;DIESEL S10, ETANOL, GASOLINA, GASOLINA ADITIVADA;6,99 / 5,19 / 6,39 / 6,59;"R$ / litro; R$ / litro; R$ / litro; R$ / litro";Conveniencia,Borracharia,Caixa eletronico,Calibragem;;;;
01/06/2026;2026-S23;CONCORRENTE; 01.503.536/0001-92;POSTO MARCELA LTDA;POSTO MARCELA LTDA;VIBRA;RUA DO PESSEGUEIRO, S/N - DIVINO ESPÍRITO SANTO;29107-230;VILA VELHA;ES;SE;DIESEL S10, GASOLINA, GASOLINA ADITIVADA;6,89 / 6,39 / 6,59;"R$ / litro; R$ / litro; R$ / litro";Caixa eletronico, Borracharia;;;;preco conferido por telefone
01/06/2026;2026-S23;CONCORRENTE; 01.557.127/0001-79;AUTO POSTO ILHA DAS GARCAS LTDA;AUTO POSTO ILHA DAS GARCAS LTDA;VIBRA;RUA MARIA DE OLIVEIRA MARES GUIA, 40 - PRAIA DAS GAIVOTAS;29102-567;VILA VELHA;ES;SE;GASOLINA, GASOLINA ADITIVADA;6,39 / 6,79;"R$/l; R$/l";"Borracharia; Caixa eletronico";;;;
01/06/2026;2026-S23;CONCORRENTE; 01.823.633/0001-62;POSTO METROPOLITANO LTDA;POSTO METROPOLITANO LTDA;IPIRANGA;VIA DOIS, 226 - ANEXO QUADRA 03 MODULO 03 - TIMS;29161-373;SERRA;ES;SE;DIESEL, DIESEL S10, ETANOL, GASOLINA, GASOLINA ADITIVADA;6,59 / 6,69 / 4,55 / 6,25 / 6,45;"R$ / litro; R$ / litro; R$ / litro; R$ / litro; R$ / litro";"Borracharia; Calibragem";;;;
01/06/2026;2026-S23;CONCORRENTE; 02.567.214/0001-70;POSTO DE COMBUSTIVEL IDEAL LTDA;POSTO DE COMBUSTIVEL IDEAL LTDA;IPIRANGA;AVENIDA VITORIA, 3031 - GURIGICA;29027-080;VITORIA;ES;SE;ETANOL, GASOLINA, GASOLINA ADITIVADA;4,69 / 6,38 / 6,52;"R$ / litro; R$ / litro; R$ / litro";Conveniencia / Borracharia / Calibragem;;;;
01/06/2026;2026-S23;CONCORRENTE; 02.802.986/0001-49;A S SALES JUNIOR LTDA;A S SALES JUNIOR LTDA;ATLÂNTICA;RUA DAVINO MATOS, S/N - PARQUE AREIA PRETA;29200-615;GUARAPARI;ES;SE;DIESEL S10, ETANOL, GASOLINA, GASOLINA ADITIVADA;7,09 / 5,24 / 6,68 / 6,80;"R$ / litro; R$ / litro; R$ / litro; R$ / litro";"Borracharia; Caixa eletronico; Lava-jato";;;;
01/06/2026;2026-S23;CONCORRENTE; 04.228.463/0001-66;AUTO POSTO MARLIN LTDA;AUTO POSTO MARLIN LTDA;ATLÂNTICA;RUA JUIZ ALEXANDRE MARTINS DE CASTRO FILHO, 285 - SANTA LUCIA;29056-295;VITORIA;ES;SE;DIESEL S10, ETANOL, GASOLINA, GASOLINA ADITIVADA;6,99 / 4,99 / 6,47 / 6,67;"R$ / litro; R$ / litro; R$ / litro; R$ / litro";"Caixa eletronico; Troca de oleo";;;;
01/06/2026;2026-S23;CONCORRENTE; 04.960.337/0001-00;RENOVA COMERCIO COMBUSTIVEL E SERVICOS LTDA;RENOVA COMERCIO COMBUSTIVEL E SERVICOS LTDA;BRANCA;AVENIDA LEITAO DA SILVA, 1150 - SANTA LUCIA;29056-184;VITORIA;ES;SE;ETANOL, GASOLINA, GASOLINA ADITIVADA;4,69 / 6,38 / 6,38;"R$ / litro; R$ / litro; R$ / litro";Borracharia / Calibragem;;;;
01/06/2026;2026-S23;CONCORRENTE; 07.470.392/0001-00;POSTO DE COMBUSTIVEIS OTAVIO EIRELI;POSTO DE COMBUSTIVEIS OTAVIO EIRELI;RAIZEN;AVENIDA ABDO SAAD, 833 - JACARAIPE;29173-510;SERRA;ES;SE;DIESEL, ETANOL, GASOLINA, GASOLINA ADITIVADA;6,89 / 4,79 / 6,45 / 6,80;"R$ / litro; R$ / litro; R$ / litro; R$ / litro";Borracharia;;;;
01/06/2026;2026-S23;CONCORRENTE; 07.571.908/0001-02;AUTO POSTO CORAL LTDA;AUTO POSTO CORAL LTDA;VIBRA;AVENIDA NORTE SUL, 259 - N.S.DO ROSARIO DE FATIMA;29176-798;SERRA;ES;SE;GASOLINA, GASOLINA ADITIVADA;6,39 / 6,69;"R$/l; R$/l";Borracharia, Lava-jato, Conveniencia;;;;
01/06/2026;2026-S23;CONCORRENTE; 08.022.304/0001-61;AUTO POSTO DE COMBUSTIVEL RTT LTDA;AUTO POSTO DE COMBUSTIVEL RTT LTDA;IPIRANGA;RUA MOEMA, 38 - DIVINO ESPIRITO SANTO;29107-250;VILA VELHA;ES;SE;DIESEL S10, ETANOL, GASOLINA, GASOLINA ADITIVADA;7,29 / 4,99 / 6,37 / 6,57;"R$ / litro; R$ / litro; R$ / litro; R$ / litro";Borracharia;;;;
01/06/2026;2026-S23;CONCORRENTE; 08.788.618/0001-70;J. S. PETROLEO E COMERCIO LTDA.;J. S. PETROLEO E COMERCIO LTDA.;RAIZEN;AVENIDA DANTE MICHELINI, 2461 - MATA DA PRAIA;29066-430;VITORIA;ES;SE;ETANOL, GASOLINA, GASOLINA ADITIVADA, GNV;4,99 / 6,39 / 6,69 / 3,99;"R$ / litro; R$ / litro; R$ / litro; R$ / m³";Borracharia / Caixa eletronico / Troca de oleo;;;;
01/06/2026;2026-S23;CONCORRENTE; 09.076.862/0001-72;VALOR POSTOS PRAIA DO MORRO LTDA;VALOR POSTOS PRAIA DO MORRO LTDA;VIBRA;RODOVIA RODOVIA DO SOL, S/ NR - KM    41 - AEROPORTO;29216-705;GUARAPARI;ES;SE;GASOLINA, GASOLINA ADITIVADA;6,99 / 7,39;"R$ / litro; R$ / litro";Caixa eletronico;;;;
01/06/2026;2026-S23;CONCORRENTE; 10.197.775/0001-52;REDE DE POSTOS SAGUI;REDE DE POSTOS SAGUI LTDA;ATLÂNTICA;RUA EUCLIDES DA CUNHA, 421 - SAO DIOGO I;29163-265;SERRA;ES;SE;DIESEL S10, ETANOL, GASOLINA, GASOLINA ADITIVADA;6,99 / 4,99 / 6,39 / 6,59;"R$ / litro; R$ / litro; R$ / litro; R$ / litro";"Caixa eletronico; Conveniencia";;;;
01/06/2026;2026-S23;CONCORRENTE; 10.569.345/0001-14;POSTO CRISTOVAO COLOMBO LTDA;POSTO CRISTOVAO COLOMBO LTDA;VIBRA;RUA CRISTOVAO COLOMBO, 582 - CRISTOVAO COLOMBO;29106-595;VILA VELHA;ES;SE;GASOLINA, GASOLINA ADITIVADA;6,39 / 6,69;"R$ / litro; R$ / litro";"Caixa eletronico; Troca de oleo; Lava-jato; Calibragem";;;;
01/06/2026;2026-S23;PROPRIO; 11.222.333/0002-62;REDE MARE COMBUSTIVEIS LTDA;REDE MARE;BRANCA;RODOVIA DARLY SANTOS, S/N - KM    2 5 - POSTO - POLO EMPRESARIAL NOVO MEXICO;29104-360;VILA VELHA;ES;SE;DIESEL, DIESEL S10, ETANOL, GASOLINA, GASOLINA ADITIVADA, GNV;6,69 / 6,79 / 4,69 / 6,39 / 6,59 / 3,99;"R$ / litro; R$ / litro; R$ / litro; R$ / litro; R$ / litro; R$ / m³";Conveniencia,Caixa eletronico,Troca de oleo;Juliana Rocha;(27) 99702-3355;15.010.530/0001-98 / 04.145.589/0011-49 / 10.569.345/0001-14;
01/06/2026;2026-S23;PROPRIO; 11.222.333/0003-43;REDE MARE COMBUSTIVEIS LTDA;REDE MARE;BRANCA;AVENIDA VITORIA, 2667 - HORTO;29027-080;VITORIA;ES;SE;DIESEL S10, ETANOL, GASOLINA, GASOLINA ADITIVADA;6,89 / 4,69 / 6,38 / 6,38;"R$ / litro; R$ / litro; R$ / litro; R$ / litro";Conveniencia, Borracharia;Paulo Ferraz;(27) 99945-7810 / (27) 3226-4410;"02.567.214/0001-70; 14.806.977/0001-05; 26.980.450/0001-81";promo fim de semana?
01/06/2026;2026-S23;CONCORRENTE; 11.942.147/0001-17;POSTO PARADA VITORIA LTDA;POSTO PARADA VITORIA LTDA;ALE;AVENIDA MARECHALCAMPOS, 370 - CONSOLACAO;29045-460;VITORIA;ES;SE;DIESEL S10, ETANOL, GASOLINA, GASOLINA ADITIVADA;6,98 / 4,98 / 6,45 / 6,79;"R$ / litro; R$ / litro; R$ / litro; R$ / litro";Conveniencia,Caixa eletronico,Troca de oleo;;;;
01/06/2026;2026-S23;CONCORRENTE; 14.096.313/0001-08;AUTO POSTO GUARAPARI LTDA;AUTO POSTO GUARAPARI LTDA;RAIZEN;AVENIDA GOVERNADOR JONES DOS SANTOS NEVES, 15 - VARZEA NOVA;29211-630;GUARAPARI;ES;SE;DIESEL, ETANOL, GASOLINA, GASOLINA ADITIVADA;7,09 / 5,89 / 6,89 / 7,09;"R$ / litro; R$ / litro; R$ / litro; R$ / litro";Conveniencia;;;;
01/06/2026;2026-S23;CONCORRENTE; 14.806.977/0001-05;AUTO POSTO SILVARES LTDA;AUTO POSTO SILVARES LTDA;IPIRANGA;AVENIDA   NAIR AZEVEDO SILVA, 430 - ILHA DO PRINCIPE;29020-240;VITORIA;ES;SE;ETANOL, GASOLINA, GASOLINA ADITIVADA;4,99 / 6,49 / 6,69;"R$ / litro; R$ / litro; R$ / litro";Borracharia;;;;
01/06/2026;2026-S23;CONCORRENTE; 15.010.530/0001-98;AUTO POSTO R M LTDA;AUTO POSTO R M LTDA;RAIZEN;"RODOVIA DO SOL, 3701 - LOTE: 11; QUADRA: 64; - PRAIA DE ITAPARICA";29102-023;VILA VELHA;ES;SE;DIESEL S10, ETANOL, GASOLINA, GASOLINA ADITIVADA;6,79 / 4,75 / 6,39 / 6,79;"R$ / litro; R$ / litro; R$ / litro; R$ / litro";Conveniencia;;;;
01/06/2026;2026-S23;CONCORRENTE; 17.375.525/0001-04;AUTO POSTO LUCAS - EPP.;AUTO POSTO LUCAS - EPP.;ALE;AVENIDA ROMULO CASTELLO, 791 - LOTES 20 A 23 - CASTELANDIA;29172-620;SERRA;ES;SE;DIESEL S10, ETANOL, GASOLINA, GASOLINA ADITIVADA;6,88 / 4,55 / 6,25 / 6,45;"R$/l; R$/l; R$/l; R$/l";Troca de oleo,Calibragem,Borracharia,Caixa eletronico;;;;
01/06/2026;2026-S23;CONCORRENTE; 17.753.176/0001-17;AUTO POSTO BOULEVARD LTDA;AUTO POSTO BOULEVARD LTDA;ALE;"RODOVIA DO SOL, S/N - LOTE: 08 E 09; QUADRA: 59; - PRAIA DE ITAPARICA";29102-020;VILA VELHA;ES;SE;DIESEL S10, ETANOL, GASOLINA, GASOLINA ADITIVADA;6,79 / 4,75 / 6,39 / 6,79;"R$ / litro; R$ / litro; R$ / litro; R$ / litro";Troca de oleo, Conveniencia, Calibragem, Lava-jato;;;;
2026-06-01;2026-S23;CONCORRENTE; 23.238.396/0001-05;CAPIXABA COMERCIO DE PRODUTOS AUTOMOTIVOS LTDA;CAPIXABA COMERCIO DE PRODUTOS AUTOMOTIVOS LTDA;ATLÂNTICA;RUA PROFESSOR MELCHIADES PEREIRA MARTINS, 15 - CENTRO;29200-480;GUARAPARI;ES;SE;DIESEL S10, ETANOL, GASOLINA, GASOLINA ADITIVADA;7,09 / 5,24 / 6,68 / 6,83;"R$ / litro; R$ / litro; R$ / litro; R$ / litro";Caixa eletronico;;;;
01/06/2026;2026-S23;CONCORRENTE; 26.980.450/0001-81;AUTO POSTO VITORIA COMERCIO DE COMBUSTIVEIS LTDA;AUTO POSTO VITORIA COMERCIO DE COMBUSTIVEIS LTDA;VIBRA;RUA OLYMPIO RODRIGUES PASSOS, 14 - LOJA  01 - JABOUR;29072-290;Vitoria;ES;SE;ETANOL, GASOLINA, GASOLINA ADITIVADA;4,75 / 6,39 / 6,69;"R$ / litro; R$ / litro; R$ / litro";Caixa eletronico;;;;
01/06/2026;2026-S23;CONCORRENTE; 27.020.445/0001-90;GUARAVE GUARAPARI VEICULOS LTDA;GUARAVE GUARAPARI VEICULOS LTDA;VIBRA;AVENIDA EWERSON DE ABREU SODRE, 300 - MUQUICABA;29215-010;GUARAPARI;ES;SE;GASOLINA, GASOLINA ADITIVADA;6,99 / 7,39;"R$ / litro; R$ / litro";Calibragem / Conveniencia;;;;
01/06/2026;2026-S23;CONCORRENTE; 27.020.445/0005-13;GUARAVE GUARAPARI VEICULOS LTDA;GUARAVE GUARAPARI VEICULOS LTDA;VIBRA;RODOVIA DO SOL, S/N - MUQUICABA;29215-005;GUARAPARI;ES;SE;GASOLINA, GASOLINA ADITIVADA;6,99 / 7,39;"R$ / litro; R$ / litro";Caixa eletronico,Borracharia;;;;ATUALIZAR!!
01/06/2026;2026-S23;CONCORRENTE; 27.066.273/0002-76;POSTO ARVOREDO LTDA;POSTO ARVOREDO LTDA;BRANCA;AVENIDA VITORIA, 1600 - POSTO - ILHA DE SANTA MARIA;29051-040;VITORIA;ES;SE;ETANOL, GASOLINA, GASOLINA ADITIVADA;4,69 / 6,38 / 6,38;"R$ / litro; R$ / litro; R$ / litro";"Lava-jato; Troca de oleo; Borracharia";;;;
01/06/2026;2026-S23;CONCORRENTE; 27.316.819/0001-19;BECAR PETROLEO LTDA;BECAR PETROLEO LTDA;RAIZEN;AVENIDA GOVERNADOR JONES DOS SANTOS NEVES, S/N - CONFLUENCIA COM RODOVIA DO SOL - MUQUICABA;29215-002;GUARAPARI;ES;SE;GASOLINA, GASOLINA ADITIVADA;6,99 / 7,09;"R$ / litro; R$ / litro";Lava-jato,Conveniencia;;;;
01/06/2026;2026-S23;CONCORRENTE; 27.734.094/0001-89;POSTO ATLANTICO LTDA;POSTO ATLANTICO LTDA;RAIZEN;AVENIDA DANTE MICHELINI, 4655 - POSTO - JARDIM CAMBURI;29090-070;VITORIA;ES;SE;DIESEL S10, ETANOL, GASOLINA, GASOLINA ADITIVADA;6,79 / 5,19 / 6,39 / 6,74;"R$ / litro; R$ / litro; R$ / litro; R$ / litro";Borracharia,Calibragem;;;;
01/06/2026;2026-S23;CONCORRENTE; 28.059.632/0001-40;A.B.C. AUTO SERVICOS LTDA;A.B.C. AUTO SERVICOS LTDA;RAIZEN;AVENIDA ROBERT KENNEDY, 21 - A - SAO TORQUATO;29114-000;VILA VELHA;ES;SE;GASOLINA, GASOLINA ADITIVADA;6,39 / 6,79;"R$ / litro; R$ / litro";Caixa eletronico,Borracharia,Troca de oleo;;;;
01/06/2026;2026-S23;CONCORRENTE; 28.413.219/0001-31;COMERCIAL NORTE SUL LTDA;COMERCIAL NORTE SUL LTDA;VIBRA;AVENIDA MARUIPE, 2757 - SANTA LUIZA;29045-230;VITORIA;ES;SE;DIESEL S10, GASOLINA, GASOLINA ADITIVADA;6,99 / 6,49 / 6,79;"R$ / litro; R$ / litro; R$ / litro";Lava-jato;;;;
2026-06-01;2026-S23;CONCORRENTE; 28.761.038/0001-04;AUTO POSTO PORTO LTDA;AUTO POSTO PORTO LTDA;VIBRA;AVENIDA PRESIDENTE FLORENTINO AVIDOS, 190 - PARQUE MOSCOSO;29018-190;VITORIA;ES;SE;ETANOL, GASOLINA, GASOLINA ADITIVADA;4,59 / 6,38 / 6,69;"R$ / litro; R$ / litro; R$ / litro";Lava-jato;;;;
01/06/2026;2026-S23;CONCORRENTE; 31.465.040/0001-32;POSTO ITAPOA LTDA;POSTO ITAPOA LTDA;IPIRANGA;AVENIDA FRANCELINA SETUBAL, 333 - ITAPOAN;29100-000;VILA VELHA;ES;SE;DIESEL S10, ETANOL, GASOLINA, GASOLINA ADITIVADA;6,78 / 4,59 / 6,35 / 6,55;"R$ / litro; R$ / litro; R$ / litro; R$ / litro";Calibragem, Lava-jato;;;;
01/06/2026;2026-S23;CONCORRENTE; 32.248.017/0001-59;AUTO POSTO ALDEIA DA PRAIA LTDA;AUTO POSTO ALDEIA DA PRAIA LTDA;IPIRANGA;AVENIDA PARIS, S/N - PRAIA DO MORRO;29216-570;GUARAPARI;ES;SE;DIESEL S10, ETANOL, GASOLINA, GASOLINA ADITIVADA;7,39 / 5,85 / 6,99 / 7,29;"R$ / litro; R$ / litro; R$ / litro; R$ / litro";Caixa eletronico,Lava-jato;;;;
02/06/2026;2026-S23;CONCORRENTE; 04.145.589/0011-49;ARARA AZUL REDE DE POSTOS LTDA;ARARA AZUL REDE DE POSTOS LTDA;BRANCA;RODOVIA RODOVIA DO SOL, 530 - PRAIA DE ITAPARICA;29102-020;VILA VELHA;ES;SE;DIESEL S10, ETANOL, GASOLINA, GASOLINA ADITIVADA;6,74 / 4,68 / 6,69 / 6,69;"R$ / litro; R$ / litro; R$ / litro; R$ / litro";Lava-jato,Troca de oleo,Borracharia;;;;
02/06/2026;2026-S23;CONCORRENTE; 04.145.589/0014-91;ARARA AZUL REDE DE POSTOS LTDA;ARARA AZUL REDE DE POSTOS LTDA;VIBRA;RODOVIA GOVERNADOR MARIO COVAS, 5445 - KM    264 - PLANALTO DE CARAPINA;29162-703;SERRA;ES;SE;DIESEL S10, ETANOL, GASOLINA, GASOLINA ADITIVADA, GNV;6,89 / 4,99 / 6,29 / 6,59 / 3,99;"R$ / litro; R$ / litro; R$ / litro; R$ / litro; R$ / m³";Caixa eletronico;;;;
02/06/2026;2026-S23;CONCORRENTE; 04.361.389/0001-51;AUTO POSTO WAVE LTDA;AUTO POSTO WAVE LTDA;ALE;AVENIDA TALMA RODRIGUES RIBEIRO, 5416 A - PORTAL DE JACARAIPE;29173-795;SERRA;ES;SE;DIESEL, DIESEL S10, ETANOL, GASOLINA;6,78 / 6,88 / 4,55 / 6,25;"R$ / litro; R$ / litro; R$ / litro; R$ / litro";Calibragem / Borracharia;;;;ATUALIZAR!!
02/06/2026;2026-S23;CONCORRENTE; 04.361.389/0002-32;AUTO POSTO WAVE LTDA;AUTO POSTO WAVE LTDA;ALE;AVENIDA MARTIN PESCADOR, 12 - PORTO CANOA;29168-460;SERRA;ES;SE;DIESEL S10, ETANOL, GASOLINA, GASOLINA ADITIVADA;6,99 / 4,99 / 6,29 / 6,29;"R$ / litro; R$ / litro; R$ / litro; R$ / litro";Borracharia, Caixa eletronico, Troca de oleo;;;;
02/06/2026;2026-S23;CONCORRENTE; 04.850.382/0001-01;POSTO ARIBIRI DO GAS LTDA;POSTO ARIBIRI DO GAS LTDA;VIBRA;AVENIDA CARLOS LINDEMBERG, 1944 - SANTA INEZ;29108-075;VILA VELHA;ES;SE;GASOLINA, GASOLINA ADITIVADA, GNV;6,39 / 6,59 / 3,99;"R$ / litro; R$ / litro; R$ / m³";"Caixa eletronico; Lava-jato";;;;
02/06/2026;2026-S23;CONCORRENTE; 04.994.796/0001-04;POSTO SB LTDA;POSTO SB LTDA;VIBRA;AVENIDA BRASILIA, 1360 - PLANICIE DA SERRA;29168-710;Serra ;ES;SE;GASOLINA, GASOLINA ADITIVADA;6,39 / 6,54;"R$ / litro; R$ / litro";Borracharia / Calibragem / Troca de oleo / Caixa eletronico;;;;
02/06/2026;2026-S23;CONCORRENTE; 05.393.247/0001-39;POSTO CANOA DERIVADOS DE PETROLEO LTDA;POSTO CANOA DERIVADOS DE PETROLEO LTDA;ALE;AVENIDA BRASILIA, 575 - PORTO CANOA;29168-600;SERRA;ES;SE;DIESEL S10, ETANOL, GASOLINA, GASOLINA ADITIVADA;6,99 / 4,99 / 6,29 / 6,29;"R$ / litro; R$ / litro; R$ / litro; R$ / litro";Borracharia,Caixa eletronico,Calibragem;;;;
02/06/2026;2026-S23;CONCORRENTE; 05.738.923/0001-69;GEGEL AUTO POSTO LTDA;GEGEL AUTO POSTO LTDA;RAIZEN;AVENIDA CENTRAL B, S/N - QUADRAEC VII - CIVIT II;29168-071;SERRA;ES;SE;DIESEL, ETANOL, GASOLINA, GASOLINA ADITIVADA;6,89 / 5,09 / 6,39 / 6,89;"R$ / litro; R$ / litro; R$ / litro; R$ / litro";"Conveniencia; Borracharia; Caixa eletronico; Calibragem";;;;
02/06/2026;2026-S23;CONCORRENTE; 07.830.414/0001-97;REVENDA DE COMBUSTIVEIS BKR LTDA;REVENDA DE COMBUSTIVEIS BKR LTDA;RAIZEN;RODOVIA GOVERNADOR MARIO COVAS, 122 - BARCELONA;29166-095;SERRA;ES;SE;DIESEL, ETANOL, GASOLINA, GASOLINA ADITIVADA;6,89 / 4,99 / 6,64 / 6,64;"R$ / litro; R$ / litro; R$ / litro; R$ / litro";Calibragem,Troca de oleo,Borracharia;;;;
2026-06-02;2026-S23;CONCORRENTE; 09.167.931/0001-53;POSTO CHAMPAGNAT LTDA;POSTO CHAMPAGNAT LTDA;IPIRANGA;RUA HUGO MUSSO, 550 - PRAIA DA COSTA;29101-280;VILA VELHA;ES;SE;DIESEL S10, ETANOL, GASOLINA, GASOLINA ADITIVADA;6,99 / 4,99 / 6,49 / 6,79;"R$ / litro; R$ / litro; R$ / litro; R$ / litro";"Calibragem; Conveniencia; Caixa eletronico";;;;
02/06/2026;2026-S23;CONCORRENTE; 12.535.572/0001-54;AUTO POSTO MORADA LTDA;AUTO POSTO MORADA LTDA;IPIRANGA;AVENIDA PAULO PEREIRA GOMES, S/N - LOTE  03C                 QUADRAUE IV               SETOR II - MORADA DE LARANJEIRAS;29166-828;SERRA;ES;SE;DIESEL S10, ETANOL, GASOLINA, GASOLINA ADITIVADA;6,89 / 4,89 / 6,29 / 6,65;"R$ / litro; R$ / litro; R$ / litro; R$ / litro";Borracharia / Calibragem / Troca de oleo;;;;
02/06/2026;2026-S23;CONCORRENTE; 22.356.015/0001-20;CENTRAL COMERCIO DE COMBUSTIVEIS LTDA;CENTRAL COMERCIO DE COMBUSTIVEIS LTDA;IPIRANGA;"AVENIDA ELDES SCHERRER SOUZA, 2100 - : POSTO; - CIVIT II";29168-060;SERRA;ES;SE;DIESEL, DIESEL S10, ETANOL, GASOLINA, GASOLINA ADITIVADA, GNV;6,79 / 6,89 / 4,79 / 6,39 / 6,59 / 3,99;"R$ / litro; R$ / litro; R$ / litro; R$ / litro; R$ / litro; R$ / m³";Troca de oleo,Borracharia,Lava-jato,Conveniencia;;;;
02/06/2026;2026-S23;CONCORRENTE; 23.314.250/0001-00;COMERCIO DE COMBUSTIVEIS LINDENBERG LTDA;COMERCIO DE COMBUSTIVEIS LINDENBERG LTDA;BRANCA;AVENIDA CARLOS LINDENBERG, 5718 - LOTE  2. 3. 14 E 15       QUADRAD - SANTA INES;29108-075;VILA VELHA;ES;SE;DIESEL S10, ETANOL, GASOLINA;6,75 / 4,54 / 6,34;"R$ / litro; R$ / litro; R$ / litro";"Conveniencia; Borracharia; Calibragem";;;;
03/06/2026;2026-S23;CONCORRENTE; 00.345.721/0001-33;RUBENS SCHUENG FILHO;RUBENS SCHUENG FILHO;IPIRANGA;RUA DOUTOR RAIMUNDO GUILHERME SOBRINHO, 605 - FRENTE - SERNAMBY;29930-480;SAO MATEUS;ES;SE;DIESEL S10, GASOLINA;6,99 / 6,79;"R$ / litro; R$ / litro";Conveniencia;;;;
03/06/2026;2026-S23;CONCORRENTE; 00.580.488/0001-73;POSTO DE GASOLINA MARACANA LTDA;POSTO DE GASOLINA MARACANA LTDA;IPIRANGA;AVENIDA ALICE COUTINHO SANTOS, 2101 - POSTO DE GASOLINA - MARACANA;29142-887;CARIACICA;ES;SE;DIESEL, DIESEL S10, ETANOL, GASOLINA, GASOLINA ADITIVADA;6,65 / 6,89 / 4,89 / 6,39 / 6,59;"R$ / litro; R$ / litro; R$ / litro; R$ / litro; R$ / litro";Troca de oleo,Borracharia,Caixa eletronico;;;;
03/06/2026;2026-S23;CONCORRENTE; 01.283.262/0001-73;POSTO CARIOQUINHA LTDA;POSTO CARIOQUINHA LTDA;BRANCA;AVENIDA FRANCISCO MARDEGAN, 90 - BOA VISTA;29315-477;CACHOEIRO DE ITAPEMIRIM;ES;SE;DIESEL, ETANOL, GASOLINA;6,69 / 4,89 / 7,12;"R$ / litro; R$ / litro; R$ / litro";Caixa eletronico;;;;
03/06/2026;2026-S23;CONCORRENTE; 02.582.857/0001-92;POSTO CAMPO GRANDE LTDA;POSTO CAMPO GRANDE LTDA;ATLÂNTICA;AVENIDA EXPEDITO GARCIA, 222 - CAMPO GRANDE;29157-405;CARIACICA;ES;SE;ETANOL, GASOLINA, GASOLINA ADITIVADA;4,79 / 6,35 / 6,35;"R$ / litro; R$ / litro; R$ / litro";Lava-jato;;;;
2026-06-03;2026-S23;CONCORRENTE; 02.583.872/0001-55;SANTA CLARA COMERCIO DE COMBUSTIVEIS LTDA;SANTA CLARA COMERCIO DE COMBUSTIVEIS LTDA;VIBRA;"RODOVIA ENGENHEIRO FABIANO VIVACQUA, 1414 - : A 1452; - MORRO GRANDE";29318-400;CACHOEIRO DE ITAPEMIRIM;ES;SE;DIESEL, DIESEL S10, ETANOL, GASOLINA, GASOLINA ADITIVADA;6,59 / 6,69 / 4,99 / 7,29 / 7,49;"R$ / litro; R$ / litro; R$ / litro; R$ / litro; R$ / litro";Caixa eletronico,Lava-jato,Conveniencia;;;;conferir bandeira
03/06/2026;2026-S23;CONCORRENTE; 02.665.124/0001-11;AUTO POSTO SENNA LTDA.;AUTO POSTO SENNA LTDA.;RAIZEN;AVENIDA FRANCISCO LACERDA DE AGUIAR, 350 - GILBERTO MACHADO;29303-384;CACHOEIRO DE ITAPEMIRIM;ES;SE;DIESEL S10, ETANOL, GASOLINA, GASOLINA ADITIVADA;7,39 / 5,39 / 7,30 / 7,60;"R$ / litro; R$ / litro; R$ / litro; R$ / litro";"Caixa eletronico; Conveniencia; Calibragem; Borracharia";;;;
03/06/2026;2026-S23;CONCORRENTE; 03.348.196/0001-06;POSTO DAMIANI LTDA.;POSTO DAMIANI LTDA.;VIBRA;AVENIDA CENTRAL, 567 - CARAPINA;29933-210;SAO MATEUS;ES;SE;DIESEL, DIESEL S10, ETANOL, GASOLINA, GASOLINA ADITIVADA;6,99 / 7,09 / 5,49 / 6,79 / 6,99;"R$ / litro; R$ / litro; R$ / litro; R$ / litro; R$ / litro";Lava-jato / Conveniencia;;;;
03/06/2026;2026-S23;CONCORRENTE; 03.408.609/0001-92;POSTO FREEWAY LTDA;POSTO FREEWAY LTDA;IPIRANGA;AVENIDA FRANCISCO MARDEGAN, 535 - MARBRASA;29313-690;CACHOEIRO DE ITAPEMIRIM;ES;SE;DIESEL, DIESEL S10, ETANOL, GASOLINA, GASOLINA ADITIVADA;6,65 / 6,79 / 4,59 / 7,25 / 7,37;"R$ / litro; R$ / litro; R$ / litro; R$ / litro; R$ / litro";Conveniencia / Calibragem;;;;
03/06/2026;2026-S23;CONCORRENTE; 04.411.606/0001-70;AUTO POSTO VALAO LTDA;AUTO POSTO VALAO LTDA;BRANCA;RUA JOSE AMARAL, 232 - ELPIDIO VOLPINI;29309-760;CACHOEIRO DE ITAPEMIRIM;ES;SE;DIESEL S10, ETANOL, GASOLINA;6,79 / 4,69 / 7,09;"R$ / litro; R$ / litro; R$ / litro";"Conveniencia; Troca de oleo; Borracharia";;;;
03/06/2026;2026-S23;CONCORRENTE; 06.073.382/0001-60;AUTO POSTO SUCESSO LTDA;AUTO POSTO SUCESSO LTDA;BRANCA;AVENIDA JOAO FRANCISCO GONCALVES, 746 - COBILANDIA;29111-300;VILA VELHA;ES;SE;DIESEL S10, ETANOL, GASOLINA;6,59 / 4,52 / 6,32;"R$ / litro; R$ / litro; R$ / litro";"Caixa eletronico; Calibragem; Lava-jato; Borracharia";;;;
03/06/2026;2026-S23;CONCORRENTE; 09.369.995/0001-37;POSTO DE COMBUSTIVEIS FERRARI SAO MATEUS LTDA;POSTO DE COMBUSTIVEIS FERRARI SAO MATEUS LTDA;BRANCA;"RODOVIA BR-101 NORTE, 921 - KM: 63; - VILA NOVA";29941-010;SAO MATEUS;ES;SE;ETANOL, GASOLINA, GNV;4,99 / 6,89 / 4,98;"R$ / litro; R$ / litro; R$ / m³";Lava-jato / Troca de oleo / Conveniencia;;;;
03/06/2026;2026-S23;PROPRIO; 11.222.333/0001-81;REDE MARE COMBUSTIVEIS LTDA;REDE MARE;BRANCA;AVENIDA MARIO GURGEL, 1092 - ITAQUARI;29151-570;CARIACICA;ES;SE;DIESEL, DIESEL S10, ETANOL, GASOLINA, GASOLINA ADITIVADA, GNV;6,76 / 6,82 / 4,87 / 6,39 / 6,39 / 4,09;"R$ / litro; R$ / litro; R$ / litro; R$ / litro; R$ / litro; R$ / m³";Conveniencia, Troca de oleo, Caixa eletronico, Borracharia;Fernanda Castro;(27) 99720-4488;00.580.488/0001-73 / 13.814.642/0001-76 / 15.226.314/0001-84;
03/06/2026;2026-S23;PROPRIO; 11.222.333/0005-05;REDE MARE COMBUSTIVEIS LTDA;REDE MARE;BRANCA;AVENIDA MARIO GURGEL, 3127 - FUNDOSCOM A AV EXPEDITO GA - CAMPO GRANDE;29146-012;Cariacica;ES;SE;DIESEL S10, ETANOL, GASOLINA, GASOLINA ADITIVADA, GNV;6,99 / 4,69 / 6,39 / 6,39 / 4,09;"R$ / litro; R$ / litro; R$ / litro; R$ / litro; R$ / m³";Conveniencia;Marcos Lyrio;(27) 99890-1276 / (27) 3345-0098;"00.580.488/0001-73; 13.814.642/0001-76; 15.226.314/0001-84";ATUALIZAR!!
03/06/2026;2026-S23;CONCORRENTE; 13.814.642/0001-76;POSTO BR 31 AUTO SERVICOS LTDA;POSTO BR 31 AUTO SERVICOS LTDA;RAIZEN;AVENIDA MARIO GURGEL, 2844 - ALTO LAJE;29151-026;CARIACICA;ES;SE;DIESEL S10, ETANOL, GASOLINA, GASOLINA ADITIVADA;6,89 / 4,69 / 6,35 / 6,75;"R$ / litro; R$ / litro; R$ / litro; R$ / litro";"Troca de oleo; Calibragem; Caixa eletronico; Conveniencia";;;;
03/06/2026;2026-S23;CONCORRENTE; 15.226.314/0001-84;MAIS COMERCIO DE COMBUSTIVEL CARIACICA LTDA;MAIS COMERCIO DE COMBUSTIVEL CARIACICA LTDA;BRANCA;AVENIDA MARIO GURGEL, 4935 - VILA PALESTINA;29145-711;CARIACICA;ES;SE;ETANOL, GASOLINA;4,69 / 6,39;"R$ / litro; R$ / litro";Borracharia, Lava-jato, Conveniencia, Calibragem;;;;ATUALIZAR!!
03/06/2026;2026-S23;CONCORRENTE; 20.863.591/0001-38;AUTO POSTO ZAMPIROLO LTDA;AUTO POSTO ZAMPIROLO LTDA;VIBRA;RODOVIA GOVERNADOR LACERDA DE AGUIAR, SN - CORONEL BORGES;29306-095;CACHOEIRO DE ITAPEMIRIM;ES;SE;DIESEL, DIESEL S10, ETANOL, GASOLINA, GASOLINA ADITIVADA;6,89 / 6,99 / 5,19 / 6,99 / 7,14;"R$ / litro; R$ / litro; R$ / litro; R$ / litro; R$ / litro";Calibragem / Troca de oleo / Borracharia / Conveniencia;;;;
03/06/2026;2026-S23;CONCORRENTE; 21.246.940/0001-35;AUTO POSTO GASCROMA COMERCIO DE COMBUSTIVEIS, LUBRIFICANTES E SERVICOS LTDA;AUTO POSTO GASCROMA COMERCIO DE COMBUSTIVEIS, LUBRIFICANTES E SERVICOS LTDA;VIBRA;AVENIDA JERONIMO MONTEIRO, 840 - JABURUNA;29100-600;VILA VELHA;ES;SE;GASOLINA, GASOLINA ADITIVADA;6,89 / 7,09;"R$ / litro; R$ / litro";Calibragem, Conveniencia;;;;
03/06/2026;2026-S23;CONCORRENTE; 21.931.941/0001-19;AUTO POSTO INDEPENDENCIA LTDA;AUTO POSTO INDEPENDENCIA LTDA;IPIRANGA;"AVENIDA MAURO MIRANDA MADUREIRA, 1662 - : 1662 A 1720; - CENTRAL PARQUE";29313-162;CACHOEIRO DE ITAPEMIRIM;ES;SE;DIESEL, DIESEL S10, ETANOL, GASOLINA, GASOLINA ADITIVADA;7,29 / 7,39 / 5,39 / 7,39 / 7,69;"R$/l; R$/l; R$/l; R$/l; R$/l";Lava-jato,Calibragem,Borracharia,Troca de oleo;;;;
03/06/2026;2026-S23;CONCORRENTE; 24.145.665/0001-51;C.R.B. DEZAN E CIA LTDA;C.R.B. DEZAN E CIA LTDA;ATLÂNTICA;AVENIDA MARIO GURGEL, 5913 - AUTO POSTO - SAO FRANCISCO;29145-409;CARIACICA;ES;SE;DIESEL S10, ETANOL, GASOLINA;6,89 / 4,69 / 6,39;"R$ / litro; R$ / litro; R$ / litro";Conveniencia, Caixa eletronico;;;;
03/06/2026;2026-S23;CONCORRENTE; 27.016.518/0001-70;AUTO POSTO CONTORNO LTDA;AUTO POSTO CONTORNO LTDA;BRANCA;RODOVIA GOVERNADOR MARIO COVAS, 11282 - SERRA DO ANIL;29147-030;CARIACICA;ES;SE;DIESEL, DIESEL S10, ETANOL, GASOLINA, GASOLINA ADITIVADA;6,59 / 6,69 / 4,55 / 6,25 / 6,45;"R$/l; R$/l; R$/l; R$/l; R$/l";Borracharia;;;;
03/06/2026;2026-S23;CONCORRENTE; 27.124.023/0001-64;POSTO NOGUEIRA LTDA;POSTO NOGUEIRA LTDA;BRANCA;RUA CORONEL FRANCISCO BRAGA, 2 - 02 A 08 - CENTRO;29300-220;CACHOEIRO DE ITAPEMIRIM;ES;SE;DIESEL, DIESEL S10, GASOLINA;7,39 / 7,49 / 7,25;"R$ / litro; R$ / litro; R$ / litro";"Borracharia; Lava-jato";;;;
03/06/2026;2026-S23;CONCORRENTE; 27.179.654/0003-42;ITAPEMIRIM ORGANIZACAO DE PETROLEO LTDA;ITAPEMIRIM ORGANIZACAO DE PETROLEO LTDA;ATLÂNTICA;AVENIDA JONES DOS SANTOS NEVES, 1196 - CAICARA;29310-376;CACHOEIRO DE ITAPEMIRIM;ES;SE;DIESEL, ETANOL, GASOLINA, GASOLINA ADITIVADA, GNV;6,89 / 5,39 / 7,29 / 7,29 / 4,59;"R$ / litro; R$ / litro; R$ / litro; R$ / litro; R$ / m³";Lava-jato,Conveniencia,Caixa eletronico,Troca de oleo;;;;
03/06/2026;2026-S23;CONCORRENTE; 28.344.206/0001-58;POSTO DE COMBUSTIVEIS ITACIBA LTDA;POSTO DE COMBUSTIVEIS ITACIBA LTDA;BRANCA;RUA MANOEL JOAQUIM DOS SANTOS, 317 - ITACIBA;29150-270;CARIACICA;ES;SE;ETANOL, GASOLINA, GASOLINA ADITIVADA;4,75 / 6,36 / 6,39;"R$ / litro; R$ / litro; R$ / litro";Troca de oleo,Conveniencia,Lava-jato,Borracharia;;;;
03/06/2026;2026-S23;CONCORRENTE; 28.505.616/0001-33;SUDESTE  COMERCIO DE COMBUSTIVEIS LTDA;SUDESTE  COMERCIO DE COMBUSTIVEIS LTDA;VIBRA;FAZENDA NASSAU I, S/N - AREA RURAL DE CACHOEIRO DE ITAPEMIRIM;29320-899;CACHOEIRO DE ITAPEMIRIM;ES;SE;DIESEL, GASOLINA, GASOLINA ADITIVADA;7,19 / 6,89 / 7,19;"R$ / litro; R$ / litro; R$ / litro";Borracharia, Troca de oleo;;;;
03/06/2026;2026-S23;CONCORRENTE; 29.937.036/0001-88;LOCVAN TRANSPORTE E TURISMO LTDA.;LOCVAN TRANSPORTE E TURISMO LTDA;BRANCA;RODOVIA GOVERNADOR MARIO COVAS, 573 - VILA NOVA;29941-010;SAO MATEUS;ES;SE;DIESEL S10, ETANOL, GASOLINA;7,19 / 5,50 / 6,79;"R$ / litro; R$ / litro; R$ / litro";Calibragem, Conveniencia;;;;
03/06/2026;2026-S23;CONCORRENTE; 30.690.682/0001-72;MACPLAN AUTO POSTO SAO MATEUS LTDA;MACPLAN AUTO POSTO SAO MATEUS LTDA;IPIRANGA;RUA HUMBERTO CONDE RIOS, 39 - SERNAMBY;29930-580;SAO MATEUS;ES;SE;DIESEL S10, ETANOL, GASOLINA, GASOLINA ADITIVADA;6,99 / 5,49 / 6,79 / 6,99;"R$ / litro; R$ / litro; R$ / litro; R$ / litro";Troca de oleo / Calibragem;;;;
03/06/2026;2026-S23;CONCORRENTE; 30.869.047/0001-57;ABT COMERCIO DE COMBUSTIVEIS LTDA;ABT COMERCIO DE COMBUSTIVEIS LTDA;BRANCA;RODOVIA GOVERNADOR MARIO COVAS, 1874 - KM    65 - BOA VISTA;29931-200;SAO MATEUS;ES;SE;DIESEL, DIESEL S10, ETANOL, GASOLINA;6,89 / 6,99 / 4,89 / 6,59;"R$ / litro; R$ / litro; R$ / litro; R$ / litro";"Lava-jato; Troca de oleo; Caixa eletronico";;;;
03/06/2026;2026-S23;CONCORRENTE; 31.284.466/0001-90;POSTO DUAS BARRAS LTDA;POSTO DUAS BARRAS LTDA;RAIZEN;RODOVIA BR -482 CACHOEIRO X ALEGRE, 8 - WALDIR F. DE AMORIM;29313-760;CACHOEIRO DE ITAPEMIRIM;ES;SE;DIESEL, DIESEL S10, ETANOL, GASOLINA, GASOLINA ADITIVADA;6,69 / 6,79 / 5,05 / 7,26 / 7,56;"R$ / litro; R$ / litro; R$ / litro; R$ / litro; R$ / litro";Borracharia;;;;
2026-06-03;2026-S23;CONCORRENTE; 31.717.226/0001-31;POSTO CHEGADA LTDA;POSTO CHEGADA LTDA;BRANCA;AVENIDA MARIO GURGEL, 1701 - JARDIM AMERICA;29140-261;CARIACICA;ES;SE;DIESEL, DIESEL S10, ETANOL, GASOLINA, GASOLINA ADITIVADA, GNV;6,79 / 6,87 / 4,88 / 6,39 / 6,39 / 4,09;"R$ / litro; R$ / litro; R$ / litro; R$ / litro; R$ / litro; R$ / m³";"Conveniencia; Lava-jato; Caixa eletronico";;;;
03/06/2026;2026-S23;CONCORRENTE; 32.546.684/0001-18;VINICIUS C BRAUN;VINICIUS C BRAUN;ATLÂNTICA;RODOVIA BR-262, 2018 - ALTO LAJE;29151-026;CARIACICA;ES;SE;DIESEL, DIESEL S10, GASOLINA;6,69 / 6,79 / 6,39;"R$ / litro; R$ / litro; R$ / litro";Calibragem;;;;
03/06/2026;2026-S23;CONCORRENTE; 36.751.443/0001-61;BOA VISTA SERVICO AUTOMOTIVO LTDA;BOA VISTA SERVICO AUTOMOTIVO LTDA;ALE;AVENIDA JOAO XXIII, 1339 - BOA VISTA;29931-225;SAO MATEUS;ES;SE;DIESEL S10, GASOLINA, GASOLINA ADITIVADA;6,59 / 6,89 / 6,99;"R$ / litro; R$ / litro; R$ / litro";Calibragem / Borracharia / Caixa eletronico;;;;
03/06/2026;2026-S23;CONCORRENTE; 38.023.401/0001-30;COMERCIO VAREJISTA DE COMBUSTIVEIS PETROL'S LTDA;COMERCIO VAREJISTA DE COMBUSTIVEIS PETROL'S LTDA;ALE;RODOVIA LESTE-OESTE, 2668 - CAMPO BELO;29143-054;CARIACICA;ES;SE;DIESEL S10, ETANOL, GASOLINA;6,75 / 4,58 / 6,32;"R$ / litro; R$ / litro; R$ / litro";Borracharia,Conveniencia;;;;
03/06/2026;2026-S23;CONCORRENTE; 39.281.274/0001-31;UNIPOSTO DERIVADOS DE PETROLEO LTDA;UNIPOSTO DERIVADOS DE PETROLEO LTDA;VIBRA;RODOVIA ENGENHEIRO FABIANO VIVACQUA, 2114 - ANEXO 2162 - BR 482 - ALVARO TAVARES;29316-258;CACHOEIRO DE ITAPEMIRIM;ES;SE;DIESEL, DIESEL S10, ETANOL, GASOLINA, GASOLINA ADITIVADA, GNV;6,59 / 6,69 / 5,29 / 7,04 / 7,24 / 4,59;"R$ / litro; R$ / litro; R$ / litro; R$ / litro; R$ / litro; R$ / m³";Conveniencia;;;;
03/06/2026;2026-S23;CONCORRENTE; 47.674.687/0001-04;POSTO ATUAL SAO MATEUS LTDA;POSTO ATUAL SAO MATEUS LTDA;ATLÂNTICA;RUA MONSENHOR GUILHERME SCHIMITZ, 363 - SERNAMBY;29930-660;SAO MATEUS;ES;SE;DIESEL S10, ETANOL, GASOLINA;6,69 / 4,59 / 6,39;"R$ / litro; R$ / litro; R$ / litro";Calibragem, Caixa eletronico;;;;preco conferido por telefone
04/06/2026;2026-S23;CONCORRENTE; 03.948.877/0003-69;AUTO POSTO SANTA ANA LTDA;AUTO POSTO SANTA ANA LTDA;ALE;RODOVIA DO CAFE, 1871 - CARLOS GERMANO NAUMANN;29705-200;COLATINA;ES;SE;DIESEL, DIESEL S10, GASOLINA, GASOLINA ADITIVADA;6,89 / 6,99 / 6,55 / 6,75;"R$ / litro; R$ / litro; R$ / litro; R$ / litro";"Calibragem; Lava-jato; Troca de oleo";;;;
04/06/2026;2026-S23;CONCORRENTE; 04.814.652/0001-10;POSTO MOTOCAP LTDA;POSTO MOTOCAP LTDA;VIBRA;PRACA ALMIRANTE BARROSO, 52 - LETRA A - LACE;29703-055;COLATINA;ES;SE;GASOLINA;6,69;R$ / litro;"Calibragem; Lava-jato; Conveniencia";;;;
04/06/2026;2026-S23;CONCORRENTE; 05.791.319/0001-04;MOTOCAP COMBUSTIVEIS LTDA;MOTOCAP COMBUSTIVEIS LTDA;VIBRA;RODOVIA GETHER LOPES DE FARIAS, 2600 - CARLOS GERMANO NAUMANN;29705-390;COLATINA;ES;SE;DIESEL, GASOLINA, GASOLINA ADITIVADA;6,89 / 6,69 / 6,79;"R$ / litro; R$ / litro; R$ / litro";"Borracharia; Calibragem";;;;
04/06/2026;2026-S23;CONCORRENTE; 07.381.843/0001-24;POSTO DE COMBUSTIVEIS BRUNO LTDA;POSTO DE COMBUSTIVEIS BRUNO LTDA;ALE;RUA FIORAVANTE ROSSI, 738 - SAO BRAZ;29704-700;COLATINA;ES;SE;GASOLINA, GASOLINA ADITIVADA;6,69 / 6,69;"R$ / litro; R$ / litro";Borracharia;;;;
04/06/2026;2026-S23;CONCORRENTE; 08.519.545/0001-10;SAO FRANCISCO DE ASSIS COMERCIO DE COMBUSTIVEIS LTDA;SAO FRANCISCO DE ASSIS COMERCIO DE COMBUSTIVEIS LTDA;VIBRA;PRACA FIDELIS FERRARI, 35 - LACE;29703-030;COLATINA;ES;SE;GASOLINA, GASOLINA ADITIVADA;6,89 / 6,99;"R$ / litro; R$ / litro";Caixa eletronico / Troca de oleo / Conveniencia;;;;
04/06/2026;2026-S23;CONCORRENTE; 08.971.375/0001-00;BRAX COMBUSTIVEIS LTDA;BRAX COMBUSTIVEIS LTDA;IPIRANGA;RODOVIA CONEGO JOAO GUILHERME, 1516 - MARIO GIURIZATTO;29706-557;COLATINA;ES;SE;DIESEL, DIESEL S10, ETANOL, GASOLINA, GASOLINA ADITIVADA;6,78 / 6,84 / 4,98 / 6,63 / 6,79;"R$ / litro; R$ / litro; R$ / litro; R$ / litro; R$ / litro";"Lava-jato; Troca de oleo";;;;
04/06/2026;2026-S23;CONCORRENTE; 20.246.670/0001-08;POSTO DE COMBUSTIVEIS COLATINA LTDA;POSTO DE COMBUSTIVEIS COLATINA LTDA;BRANCA;RODOVIA DO CAFE, 606 - CARLOS GERMANO NAUMANN;29705-200;COLATINA;ES;SE;DIESEL, DIESEL S10, ETANOL, GASOLINA;6,89 / 6,99 / 4,69 / 6,55;"R$ / litro; R$ / litro; R$ / litro; R$ / litro";Troca de oleo / Calibragem;;;;
04/06/2026;2026-S23;CONCORRENTE; 27.085.240/0001-92;POSTO DE GASOLINA SANTO ANTONIO LTDA;POSTO DE GASOLINA SANTO ANTONIO LTDA;ALE;AVENIDA SILVIO AVIDOS, 3251 - SANTO ANTONIO;29704-053;COLATINA;ES;SE;DIESEL, DIESEL S10, GASOLINA, GASOLINA ADITIVADA;6,89 / 6,99 / 6,69 / 6,79;"R$ / litro; R$ / litro; R$ / litro; R$ / litro";Lava-jato / Calibragem;;;;
04/06/2026;2026-S23;CONCORRENTE; 36.411.940/0002-00;VESCOVI & BITTI LTDA;VESCOVI & BITTI LTDA;VIBRA;AVENIDA FLORESTAL, 838 - SEGATTO;29192-154;ARACRUZ;ES;SE;DIESEL, DIESEL S10, ETANOL, GASOLINA, GASOLINA ADITIVADA;6,89 / 6,99 / 5,09 / 6,64 / 6,94;"R$ / litro; R$ / litro; R$ / litro; R$ / litro; R$ / litro";Calibragem,Caixa eletronico,Conveniencia;;;;
08/06/2026;2026-S24;CONCORRENTE; 01.557.127/0001-79;AUTO POSTO ILHA DAS GARCAS LTDA;AUTO POSTO ILHA DAS GARCAS LTDA;VIBRA;RUA MARIA DE OLIVEIRA MARES GUIA, 40 - PRAIA DAS GAIVOTAS;29102-567;VILA VELHA;ES;SE;GASOLINA, GASOLINA ADITIVADA;6,39 / 6,79;"R$ / litro; R$ / litro";Borracharia / Caixa eletronico;;;;
08/06/2026;2026-S24;CONCORRENTE; 01.823.633/0001-62;POSTO METROPOLITANO LTDA;POSTO METROPOLITANO LTDA;IPIRANGA;VIA DOIS, 226 - ANEXO QUADRA 03 MODULO 03 - TIMS;29161-373;SERRA;ES;SE;DIESEL, DIESEL S10, ETANOL, GASOLINA, GASOLINA ADITIVADA;6,59 / 6,69 / 4,55 / 6,22 / 6,42;"R$ / litro; R$ / litro; R$ / litro; R$ / litro; R$ / litro";Borracharia,Calibragem;;;;
08/06/2026;2026-S24;CONCORRENTE; 04.145.589/0011-49;ARARA AZUL REDE DE POSTOS LTDA;ARARA AZUL REDE DE POSTOS LTDA;BRANCA;RODOVIA RODOVIA DO SOL, 530 - PRAIA DE ITAPARICA;29102-020;VILA VELHA;ES;SE;DIESEL S10, ETANOL, GASOLINA, GASOLINA ADITIVADA;6,74 / 4,68 / 6,69 / 6,69;"R$ / litro; R$ / litro; R$ / litro; R$ / litro";Lava-jato / Troca de oleo / Borracharia;;;;
08/06/2026;2026-S24;CONCORRENTE; 04.361.389/0001-51;AUTO POSTO WAVE LTDA;AUTO POSTO WAVE LTDA;ALE;AVENIDA TALMA RODRIGUES RIBEIRO, 5416 A - PORTAL DE JACARAIPE;29173-795;SERRA;ES;SE;DIESEL, DIESEL S10, ETANOL, GASOLINA;6,78 / 6,88 / 4,55 / 6,25;"R$ / litro; R$ / litro; R$ / litro; R$ / litro";Calibragem / Borracharia;;;;
08/06/2026;2026-S24;CONCORRENTE; 05.738.923/0001-69;GEGEL AUTO POSTO;GEGEL AUTO POSTO LTDA;RAIZEN;AVENIDA CENTRAL B, S/N - QUADRAEC VII - CIVIT II;29168-071;SERRA;ES;SE;DIESEL, ETANOL, GASOLINA, GASOLINA ADITIVADA;6,89 / 5,09 / 6,39 / 6,89;"R$ / litro; R$ / litro; R$ / litro; R$ / litro";Conveniencia, Borracharia, Caixa eletronico, Calibragem;;;;
08/06/2026;2026-S24;CONCORRENTE;08022304000161;AUTO POSTO DE COMBUSTIVEL RTT LTDA;AUTO POSTO DE COMBUSTIVEL RTT LTDA;IPIRANGA;RUA MOEMA, 38 - DIVINO ESPIRITO SANTO;29107-250;VILA VELHA;ES;SE;DIESEL S10, ETANOL, GASOLINA, GASOLINA ADITIVADA;6,99 / 4,99 / 6,37 / 6,57;"R$ / litro; R$ / litro; R$ / litro; R$ / litro";Borracharia;;;;
08/06/2026;2026-S24;CONCORRENTE; 10.569.345/0001-14;POSTO CRISTOVAO COLOMBO LTDA;POSTO CRISTOVAO COLOMBO LTDA;VIBRA;RUA CRISTOVAO COLOMBO, 582 - CRISTOVAO COLOMBO;29106-595;VILA VELHA;ES;SE;GASOLINA, GASOLINA ADITIVADA;6,39 / 6,69;"R$ / litro; R$ / litro";"Caixa eletronico; Troca de oleo; Lava-jato; Calibragem";;;;
2026-06-08;2026-S24;CONCORRENTE; 12.535.572/0001-54;AUTO POSTO MORADA LTDA;AUTO POSTO MORADA LTDA;IPIRANGA;AVENIDA PAULO PEREIRA GOMES, S/N - LOTE  03C                 QUADRAUE IV               SETOR II - MORADA DE LARANJEIRAS;29166-828;SERRA;ES;SE;DIESEL S10, ETANOL, GASOLINA, GASOLINA ADITIVADA;6,89 / 4,89 / 6,29 / 6,65;"R$ / litro; R$ / litro; R$ / litro; R$ / litro";"Borracharia; Calibragem; Troca de oleo";;;;
08/06/2026;2026-S24;CONCORRENTE; 15.010.530/0001-98;AUTO POSTO R M LTDA;AUTO POSTO R M LTDA;RAIZEN;"RODOVIA DO SOL, 3701 - LOTE: 11; QUADRA: 64; - PRAIA DE ITAPARICA";29102-023;VILA VELHA;ES;SE;DIESEL S10, ETANOL, GASOLINA, GASOLINA ADITIVADA;6,74 / 4,59 / 6,35 / 6,75;"R$ / litro; R$ / litro; R$ / litro; R$ / litro";Conveniencia;;;;
08/06/2026;2026-S24;CONCORRENTE; 17.753.176/0001-17;AUTO POSTO BOULEVARD LTDA;AUTO POSTO BOULEVARD LTDA;ALE;"RODOVIA DO SOL, S/N - LOTE: 08 E 09; QUADRA: 59; - PRAIA DE ITAPARICA";29102-020;VILA VELHA;ES;SE;DIESEL S10, ETANOL, GASOLINA, GASOLINA ADITIVADA;6,74 / 4,59 / 6,35 / 6,75;"R$ / litro; R$ / litro; R$ / litro; R$ / litro";"Troca de oleo; Conveniencia; Calibragem; Lava-jato";;;;
08/06/2026;2026-S24;CONCORRENTE; 22.356.015/0001-20;CENTRAL COMERCIO DE COMBUSTIVEIS LTDA;CENTRAL COMERCIO DE COMBUSTIVEIS LTDA;IPIRANGA;"AVENIDA ELDES SCHERRER SOUZA, 2100 - : POSTO; - CIVIT II";29168-060;SERRA;ES;SE;DIESEL, DIESEL S10, ETANOL, GASOLINA, GASOLINA ADITIVADA, GNV;6,79 / 6,89 / 4,79 / 6,39 / 6,59 / 4,29;"R$ / litro; R$ / litro; R$ / litro; R$ / litro; R$ / litro; R$ / m³";"Troca de oleo; Borracharia; Lava-jato; Conveniencia";;;;
08/06/2026;2026-S24;CONCORRENTE; 31.465.040/0001-32;POSTO ITAPOA LTDA;POSTO ITAPOA LTDA;IPIRANGA;AVENIDA FRANCELINA SETUBAL, 333 - ITAPOAN;29100-000;VILA VELHA;ES;SE;DIESEL S10, ETANOL, GASOLINA, GASOLINA ADITIVADA;6,78 / 4,59 / 6,35 / 6,55;"R$ / litro; R$ / litro; R$ / litro; R$ / litro";Calibragem / Lava-jato;;;;
08/06/2026;2026-S24;CONCORRENTE; 34.387.806/0001-04;POSTO SATURNINO RANGEL MAURO LTDA;POSTO SATURNINO RANGEL MAURO LTDA;ALE;RUA PROFESSOR AUGUSTO RUSCH, 121 - PRAIA DE ITAPARICA;29102-080;VILA VELHA;ES;SE;DIESEL S10, ETANOL, GASOLINA, GASOLINA ADITIVADA;6,97 / 4,97 / 6,39 / 6,69;"R$ / litro; R$ / litro; R$ / litro; R$ / litro";Conveniencia, Lava-jato, Caixa eletronico, Calibragem;;;;
09/06/2026;2026-S24;CONCORRENTE; 01.503.536/0001-92;POSTO MARCELA LTDA;POSTO MARCELA LTDA;VIBRA;RUA DO PESSEGUEIRO, S/N - DIVINO ESPÍRITO SANTO;29107-230;VILA VELHA;ES;SE;DIESEL S10, GASOLINA, GASOLINA ADITIVADA;6,89 / 6,39 / 6,59;"R$ / litro; R$ / litro; R$ / litro";"Caixa eletronico; Borracharia";;;;
09/06/2026;2026-S24;CONCORRENTE; 01.635.041/0002-06;ITAPARICA PETROLEO E COMERCIO LTDA;ITAPARICA PETROLEO E COMERCIO LTDA;RAIZEN;AVENIDA CARLOS LINDENBERG, 1395 - COBI DE CIMA;29117-730;VILA VELHA;ES;SE;DIESEL, ETANOL, GASOLINA, GASOLINA ADITIVADA;6,79 / 4,99 / 6,34 / 6,74;"R$ / litro; R$ / litro; R$ / litro; R$ / litro";Troca de oleo,Calibragem,Lava-jato,Conveniencia;;;;
09/06/2026;2026-S24;CONCORRENTE; 02.567.214/0001-70;POSTO DE COMBUSTIVEL IDEAL LTDA;POSTO DE COMBUSTIVEL IDEAL LTDA;IPIRANGA;AVENIDA VITORIA, 3031 - GURIGICA;29027-080;VITORIA;ES;SE;ETANOL, GASOLINA, GASOLINA ADITIVADA;4,69 / 6,38 / 6,52;"R$ / litro; R$ / litro; R$ / litro";Conveniencia, Borracharia, Calibragem;;;;
09/06/2026;2026-S24;CONCORRENTE; 04.228.463/0001-66;AUTO POSTO MARLIN LTDA;AUTO POSTO MARLIN LTDA;ATLÂNTICA;RUA JUIZ ALEXANDRE MARTINS DE CASTRO FILHO, 285 - SANTA LUCIA;29056-295;VITORIA;ES;SE;DIESEL S10, ETANOL, GASOLINA, GASOLINA ADITIVADA;6,99 / 4,99 / 6,47 / 6,67;"R$ / litro; R$ / litro; R$ / litro; R$ / litro";Caixa eletronico / Troca de oleo;;;;
09/06/2026;2026-S24;CONCORRENTE; 04.960.337/0001-00;RENOVA COMERCIO COMBUSTIVEL E SERVICOS LTDA;RENOVA COMERCIO COMBUSTIVEL E SERVICOS LTDA;BRANCA;AVENIDA LEITAO DA SILVA, 1150 - SANTA LUCIA;29056-184;VITORIA;ES;SE;ETANOL, GASOLINA, GASOLINA ADITIVADA;4,69 / 6,38 / 6,38;"R$ / litro; R$ / litro; R$ / litro";"Borracharia; Calibragem";;;;
09/06/2026;2026-S24;CONCORRENTE; 07.571.908/0001-02;AUTO POSTO CORAL LTDA;AUTO POSTO CORAL LTDA;VIBRA;AVENIDA NORTE SUL, 259 - N.S.DO ROSARIO DE FATIMA;29176-798;SERRA;ES;SE;GASOLINA, GASOLINA ADITIVADA;6,39 / 6,69;"R$ / litro; R$ / litro";Borracharia / Lava-jato / Conveniencia;;;;
09/06/2026;2026-S24;CONCORRENTE; 08.788.618/0001-70;J. S. PETROLEO E COMERCIO LTDA.;J. S. PETROLEO E COMERCIO LTDA.;RAIZEN;AVENIDA DANTE MICHELINI, 2461 - MATA DA PRAIA;29066-430;VITORIA;ES;SE;ETANOL, GASOLINA, GASOLINA ADITIVADA, GNV;4,99 / 6,39 / 6,69 / 3,99;"R$ / litro; R$ / litro; R$ / litro; R$ / m³";Borracharia, Caixa eletronico, Troca de oleo;;;;
09/06/2026;2026-S24;CONCORRENTE; 10.813.831/0001-36;AUTO POSTO E SERVICOS ARACRUZ - COLINA DE BELA VISTA LTDA;AUTO POSTO E SERVICOS ARACRUZ - COLINA DE BELA VISTA LTDA;RAIZEN;AVENIDA CASTELO BRANCO, 14 - QUADRARC 06 -                   LOTEAMENTO COLINA - BELA VISTA;29192-066;ARACRUZ;ES;SE;DIESEL, DIESEL S10, GASOLINA, GASOLINA ADITIVADA;6,99 / 7,09 / 6,69 / 6,99;"R$ / litro; R$ / litro; R$ / litro; R$ / litro";"Troca de oleo; Caixa eletronico; Borracharia; Lava-jato";;;;
09/06/2026;2026-S24;PROPRIO; 11.222.333/0003-43;REDE MARE COMBUSTIVEIS LTDA;REDE MARE;BRANCA;AVENIDA VITORIA, 2667 - HORTO;29027-080;VITORIA;ES;SE;DIESEL S10, ETANOL, GASOLINA, GASOLINA ADITIVADA;6,89 / 4,69 / 6,38 / 6,38;"R$ / litro; R$ / litro; R$ / litro; R$ / litro";Conveniencia / Borracharia;Paulo Ferraz;(27) 99945-7810 / (27) 3226-4410;02.567.214/0001-70 / 14.806.977/0001-05 / 26.980.450/0001-81;
09/06/2026;2026-S24;CONCORRENTE; 11.942.147/0001-17;POSTO PARADA VITORIA LTDA;POSTO PARADA VITORIA LTDA;ALE;AVENIDA MARECHALCAMPOS, 370 - CONSOLACAO;29045-460;VITORIA;ES;SE;DIESEL S10, ETANOL, GASOLINA, GASOLINA ADITIVADA;6,98 / 4,98 / 6,45 / 6,79;"R$ / litro; R$ / litro; R$ / litro; R$ / litro";Conveniencia / Caixa eletronico / Troca de oleo;;;;
09/06/2026;2026-S24;CONCORRENTE; 14.806.977/0001-05;AUTO POSTO SILVARES LTDA;AUTO POSTO SILVARES LTDA;IPIRANGA;AVENIDA   NAIR AZEVEDO SILVA, 430 - ILHA DO PRINCIPE;29020-240;VITORIA;ES;SE;ETANOL, GASOLINA, GASOLINA ADITIVADA;4,79 / 6,49 / 6,69;"R$ / litro; R$ / litro; R$ / litro";Borracharia;;;;
09/06/2026;2026-S24;CONCORRENTE; 16.577.742/0001-14;AUTO POSTO ESCOLA COMERCIO DE COMBUSTIVEIS, LUBRIFICANTES E SERVICOS LTDA;AUTO POSTO ESCOLA COMERCIO DE COMBUSTIVEIS, LUBRIFICANTES E SERVICOS LTDA;VIBRA;"AVENIDA AMERICO BUAIZ, 1 - : POSTO; - ENSEADA DO SUA";29050-463;VITORIA;ES;SE;GASOLINA, GASOLINA ADITIVADA;6,38 / 6,59;"R$ / litro; R$ / litro";Troca de oleo,Caixa eletronico;;;;
09/06/2026;2026-S24;CONCORRENTE; 26.980.450/0001-81;AUTO POSTO VITORIA COMERCIO DE COMBUSTIVEIS LTDA;AUTO POSTO VITORIA COMERCIO DE COMBUSTIVEIS LTDA;VIBRA;RUA OLYMPIO RODRIGUES PASSOS, 14 - LOJA  01 - JABOUR;29072-290;VITORIA;ES;SE;ETANOL, GASOLINA, GASOLINA ADITIVADA;4,75 / 6,39 / 6,39;"R$ / litro; R$ / litro; R$ / litro";Caixa eletronico;;;;
09/06/2026;2026-S24;CONCORRENTE; 27.066.273/0002-76;POSTO ARVOREDO LTDA;POSTO ARVOREDO LTDA;BRANCA;AVENIDA VITORIA, 1600 - POSTO - ILHA DE SANTA MARIA;29051-040;VITORIA;ES;SE;ETANOL, GASOLINA, GASOLINA ADITIVADA;4,69 / 6,38 / 6,38;"R$/l; R$/l; R$/l";"Lava-jato; Troca de oleo; Borracharia";;;;
09/06/2026;2026-S24;CONCORRENTE;27734094000189;POSTO ATLANTICO LTDA;POSTO ATLANTICO LTDA;RAIZEN;AVENIDA DANTE MICHELINI, 4655 - POSTO - JARDIM CAMBURI;29090-070;VITORIA;ES;SE;DIESEL S10, ETANOL, GASOLINA, GASOLINA ADITIVADA;6,79 / 5,19 / 6,39 / 6,74;"R$ / litro; R$ / litro; R$ / litro; R$ / litro";"Borracharia; Calibragem";;;;
09/06/2026;2026-S24;CONCORRENTE; 28.059.632/0001-40;A.B.C. AUTO SERVICOS LTDA;A.B.C. AUTO SERVICOS LTDA;RAIZEN;AVENIDA ROBERT KENNEDY, 21 - A - SAO TORQUATO;29114-000;VILA VELHA;ES;SE;DIESEL, DIESEL S10, GASOLINA, GASOLINA ADITIVADA;6,89 / 6,89 / 6,39 / 6,79;"R$ / litro; R$ / litro; R$ / litro; R$ / litro";Caixa eletronico,Borracharia,Troca de oleo;;;;
09/06/2026;2026-S24;CONCORRENTE; 28.413.219/0001-31;COMERCIAL NORTE SUL LTDA;COMERCIAL NORTE SUL LTDA;VIBRA;AVENIDA MARUIPE, 2757 - SANTA LUIZA;29045-230;VITORIA;ES;SE;GASOLINA, GASOLINA ADITIVADA;6,49 / 6,79;"R$ / litro; R$ / litro";Lava-jato;;;;
09/06/2026;2026-S24;CONCORRENTE; 36.336.386/0001-54;POSTO TRES COQUEIROS LTDA;POSTO TRES COQUEIROS LTDA;IPIRANGA;RODOVIA CARLOS LINDEMBERG, SN - ALVORADA;29123-600;VILA VELHA;ES;SE;DIESEL, DIESEL S10, ETANOL, GASOLINA, GASOLINA ADITIVADA;6,66 / 6,78 / 4,52 / 6,32 / 6,52;"R$ / litro; R$ / litro; R$ / litro; R$ / litro; R$ / litro";Caixa eletronico, Borracharia;;;;
10/06/2026;2026-S24;CONCORRENTE;03948877000369;AUTO POSTO SANTA ANA LTDA;AUTO POSTO SANTA ANA LTDA;ALE;RODOVIA DO CAFE, 1871 - CARLOS GERMANO NAUMANN;29705-200;COLATINA;ES;SE;DIESEL, DIESEL S10, GASOLINA, GASOLINA ADITIVADA;6,89 / 6,99 / 6,55 / 6,75;"R$ / litro; R$ / litro; R$ / litro; R$ / litro";Calibragem, Lava-jato, Troca de oleo;;;;
10/06/2026;2026-S24;CONCORRENTE; 04.145.589/0014-91;ARARA AZUL REDE DE POSTOS LTDA;ARARA AZUL REDE DE POSTOS LTDA;VIBRA;RODOVIA GOVERNADOR MARIO COVAS, 5445 - KM    264 - PLANALTO DE CARAPINA;29162-703;SERRA;ES;SE;DIESEL S10, ETANOL, GASOLINA, GASOLINA ADITIVADA, GNV;6,89 / 4,99 / 6,29 / 6,59 / 4,29;"R$ / litro; R$ / litro; R$ / litro; R$ / litro; R$ / m³";Caixa eletronico;;;;
10/06/2026;2026-S24;CONCORRENTE; 04.361.389/0002-32;AUTO POSTO WAVE LTDA;AUTO POSTO WAVE LTDA;ALE;AVENIDA MARTIN PESCADOR, 12 - PORTO CANOA;29168-460;SERRA;ES;SE;ETANOL, GASOLINA, GASOLINA ADITIVADA;4,85 / 6,29 / 6,29;"R$ / litro; R$ / litro; R$ / litro";"Borracharia; Caixa eletronico; Troca de oleo";;;;
10/06/2026;2026-S24;CONCORRENTE; 04.994.796/0001-04;POSTO SB LTDA.;POSTO SB LTDA;VIBRA;AVENIDA BRASILIA, 1360 - PLANICIE DA SERRA;29168-710;SERRA;ES;SE;GASOLINA, GASOLINA ADITIVADA;6,34 / 6,54;"R$ / litro; R$ / litro";Borracharia,Calibragem,Troca de oleo,Caixa eletronico;;;;
10/06/2026;2026-S24;CONCORRENTE; 05.393.247/0001-39;POSTO CANOA DERIVADOS DE PETROLEO LTDA;POSTO CANOA DERIVADOS DE PETROLEO LTDA;ALE;AVENIDA BRASILIA, 575 - PORTO CANOA;29168-600;SERRA;ES;SE;DIESEL S10, ETANOL, GASOLINA, GASOLINA ADITIVADA;6,99 / 4,85 / 6,29 / 6,29;"R$ / litro; R$ / litro; R$ / litro; R$ / litro";Borracharia, Caixa eletronico, Calibragem;;;;
10/06/2026;2026-S24;CONCORRENTE; 07.381.843/0001-24;POSTO DE COMBUSTIVEIS BRUNO LTDA;POSTO DE COMBUSTIVEIS BRUNO LTDA;ALE;RUA FIORAVANTE ROSSI, 738 - SAO BRAZ;29704-700;COLATINA;ES;SE;GASOLINA, GASOLINA ADITIVADA;6,69 / 6,69;"R$ / litro; R$ / litro";Borracharia;;;;
10/06/2026;2026-S24;CONCORRENTE; 07.470.392/0001-00;POSTO DE COMBUSTIVEIS OTAVIO EIRELI;POSTO DE COMBUSTIVEIS OTAVIO EIRELI;RAIZEN;AVENIDA ABDO SAAD, 833 - JACARAIPE;29173-510;SERRA;ES;SE;DIESEL, ETANOL, GASOLINA, GASOLINA ADITIVADA;6,89 / 4,59 / 6,25 / 6,60;"R$ / litro; R$ / litro; R$ / litro; R$ / litro";Borracharia;;;;
10/06/2026;2026-S24;CONCORRENTE; 07.830.414/0001-97;REVENDA DE COMBUSTIVEIS BKR LTDA;REVENDA DE COMBUSTIVEIS BKR LTDA;RAIZEN;RODOVIA GOVERNADOR MARIO COVAS, 122 - BARCELONA;29166-095;SERRA;ES;SE;DIESEL, ETANOL, GASOLINA, GASOLINA ADITIVADA;6,89 / 4,99 / 6,64 / 6,64;"R$ / litro; R$ / litro; R$ / litro; R$ / litro";Calibragem, Troca de oleo, Borracharia;;;;
10/06/2026;2026-S24;CONCORRENTE; 08.519.545/0001-10;SAO FRANCISCO DE ASSIS COMERCIO DE COMBUSTIVEIS LTDA;SAO FRANCISCO DE ASSIS COMERCIO DE COMBUSTIVEIS LTDA;VIBRA;PRACA FIDELIS FERRARI, 35 - LACE;29703-030;COLATINA;ES;SE;GASOLINA, GASOLINA ADITIVADA;6,89 / 6,99;"R$ / litro; R$ / litro";Caixa eletronico / Troca de oleo / Conveniencia;;;;
10/06/2026;2026-S24;CONCORRENTE; 08.971.375/0001-00;BRAX COMBUSTIVEIS LTDA;BRAX COMBUSTIVEIS LTDA;IPIRANGA;RODOVIA CONEGO JOAO GUILHERME, 1516 - MARIO GIURIZATTO;29706-557;COLATINA;ES;SE;DIESEL, DIESEL S10, ETANOL, GASOLINA, GASOLINA ADITIVADA;6,78 / 6,84 / 4,98 / 6,63 / 6,79;"R$ / litro; R$ / litro; R$ / litro; R$ / litro; R$ / litro";Lava-jato / Troca de oleo;;;;
10/06/2026;2026-S24;CONCORRENTE; 09.167.931/0001-53;POSTO CHAMPAGNAT LTDA;POSTO CHAMPAGNAT LTDA;IPIRANGA;RUA HUGO MUSSO, 550 - PRAIA DA COSTA;29101-280;VILA VELHA;ES;SE;DIESEL S10, ETANOL, GASOLINA, GASOLINA ADITIVADA;6,99 / 4,99 / 6,49 / 6,79;"R$ / litro; R$ / litro; R$ / litro; R$ / litro";Calibragem / Conveniencia / Caixa eletronico;;;;
10/06/2026;2026-S24;CONCORRENTE; 20.246.670/0001-08;POSTO DE COMBUSTIVEIS COLATINA LTDA;POSTO DE COMBUSTIVEIS COLATINA LTDA;BRANCA;RODOVIA DO CAFE, 606 - CARLOS GERMANO NAUMANN;29705-200;COLATINA;ES;SE;DIESEL, DIESEL S10, ETANOL, GASOLINA;6,89 / 6,99 / 4,69 / 6,55;"R$ / litro; R$ / litro; R$ / litro; R$ / litro";Troca de oleo / Calibragem;;;;
10/06/2026;2026-S24;CONCORRENTE; 21.246.940/0001-35;AUTO POSTO GASCROMA COMERCIO DE COMBUSTIVEIS, LUBRIFICANTES E SERVICOS LTDA;AUTO POSTO GASCROMA COMERCIO DE COMBUSTIVEIS, LUBRIFICANTES E SERVICOS LTDA;VIBRA;AVENIDA JERONIMO MONTEIRO, 840 - JABURUNA;29100-600;VILA VELHA;ES;SE;GASOLINA, GASOLINA ADITIVADA;6,49 / 6,89;"R$ / litro; R$ / litro";Calibragem, Conveniencia;;;;
10/06/2026;2026-S24;CONCORRENTE; 26.058.218/0001-90;AUTO POSTO 5 ESTRELAS EIRELI;AUTO POSTO 5 ESTRELAS EIRELI;IPIRANGA;RODOVIA GOVERNADOR MARIO COVAS, S/N - KM    245.2 - CALOGI;29181-100;Serra ;ES;SE;DIESEL, DIESEL S10, ETANOL, GASOLINA, GASOLINA ADITIVADA;6,09 / 6,19 / 4,99 / 6,59 / 6,59;"R$ / litro; R$ / litro; R$ / litro; R$ / litro; R$ / litro";Troca de oleo;;;;
10/06/2026;2026-S24;CONCORRENTE; 27.023.308/0001-09;POSTO TRIANGULO LTDA;POSTO TRIANGULO LTDA;BRANCA;RODOVIA BR 101, S N - KM 9 - CARAPINA;29176-798;SERRA;ES;SE;DIESEL, DIESEL S10, ETANOL, GASOLINA, GASOLINA ADITIVADA, GNV;7,15 / 7,19 / 4,99 / 6,59 / 6,65 / 4,09;"R$ / litro; R$ / litro; R$ / litro; R$ / litro; R$ / litro; R$ / m³";Caixa eletronico;;;;
10/06/2026;2026-S24;CONCORRENTE; 27.085.240/0001-92;POSTO DE GASOLINA SANTO ANTONIO LTDA;POSTO DE GASOLINA SANTO ANTONIO LTDA;ALE;AVENIDA SILVIO AVIDOS, 3251 - SANTO ANTONIO;29704-053;COLATINA;ES;SE;DIESEL, DIESEL S10, GASOLINA, GASOLINA ADITIVADA;6,89 / 6,99 / 6,69 / 6,79;"R$ / litro; R$ / litro; R$ / litro; R$ / litro";Lava-jato,Calibragem;;;;
10/06/2026;2026-S24;CONCORRENTE; 27.352.004/0001-95;POSTO DE COMBUSTIVEIS GIRASSOL LTDA;POSTO DE COMBUSTIVEIS GIRASSOL LTDA;VIBRA;AVENIDA DAS NACOES, 852 - COLATINA VELHA;29700-543;COLATINA;ES;SE;DIESEL, ETANOL, GASOLINA, GASOLINA ADITIVADA;6,89 / 4,99 / 6,69 / 6,79;"R$ / litro; R$ / litro; R$ / litro; R$ / litro";"Lava-jato; Borracharia";;;;
10/06/2026;2026-S24;CONCORRENTE;27495696000120;POSTO VIAFOR LTDA;POSTO VIAFOR LTDA;IPIRANGA;AVENIDA SILVIO AVIDOS, 2 - VILA AMELIA;29706-297;COLATINA;ES;SE;ETANOL, GASOLINA, GASOLINA ADITIVADA;5,29 / 6,79 / 6,89;"R$ / litro; R$ / litro; R$ / litro";Conveniencia / Borracharia / Troca de oleo;;;;
10/06/2026;2026-S24;CONCORRENTE; 32.467.417/0001-55;J C Rodrigues Neto E Filhos Ltda;J C RODRIGUES NETO E FILHOS LTDA;VIBRA;RUA CEARA, S/N - LOTES 01/04  Q.01 - PRAIA DA COSTA;29101-290;VILA VELHA;ES;SE;ETANOL, GASOLINA, GASOLINA ADITIVADA;4,89 / 6,38 / 6,38;"R$ / litro; R$ / litro; R$ / litro";Lava-jato / Borracharia / Calibragem / Caixa eletronico;;;;
11/06/2026;2026-S24;CONCORRENTE; 00.580.488/0001-73;POSTO DE GASOLINA MARACANA LTDA;POSTO DE GASOLINA MARACANA LTDA;IPIRANGA;AVENIDA ALICE COUTINHO SANTOS, 2101 - POSTO DE GASOLINA - MARACANA;29142-887;CARIACICA;ES;SE;DIESEL, DIESEL S10, ETANOL, GASOLINA, GASOLINA ADITIVADA;6,65 / 6,89 / 4,59 / 6,39 / 6,59;"R$ / litro; R$ / litro; R$ / litro; R$ / litro; R$ / litro";Troca de oleo,Borracharia,Caixa eletronico;;;;
11/06/2026;2026-S24;CONCORRENTE; 02.582.857/0001-92;POSTO CAMPO GRANDE LTDA;POSTO CAMPO GRANDE LTDA;ATLÂNTICA;AVENIDA EXPEDITO GARCIA, 222 - CAMPO GRANDE;29157-405;CARIACICA;ES;SE;ETANOL, GASOLINA, GASOLINA ADITIVADA;4,79 / 6,35 / 6,35;"R$ / litro; R$ / litro; R$ / litro";Lava-jato;;;;
11/06/2026;2026-S24;CONCORRENTE; 02.802.986/0001-49;A S SALES JUNIOR LTDA;A S SALES JUNIOR LTDA;ATLÂNTICA;RUA DAVINO MATOS, S/N - PARQUE AREIA PRETA;29200-615;GUARAPARI;ES;SE;DIESEL S10, ETANOL, GASOLINA, GASOLINA ADITIVADA;7,09 / 5,24 / 6,68 / 6,83;"R$ / litro; R$ / litro; R$ / litro; R$ / litro";Borracharia, Caixa eletronico, Lava-jato;;;;ver com gerente
11/06/2026;2026-S24;CONCORRENTE; 09.076.862/0001-72;VALOR POSTOS PRAIA DO MORRO LTDA;VALOR POSTOS PRAIA DO MORRO LTDA;VIBRA;RODOVIA RODOVIA DO SOL, S/ NR - KM    41 - AEROPORTO;29216-705;GUARAPARI;ES;SE;GASOLINA, GASOLINA ADITIVADA;6,99 / 7,39;"R$ / litro; R$ / litro";Caixa eletronico;;;;
11/06/2026;2026-S24;PROPRIO; 11.222.333/0001-81;REDE MARE COMBUSTIVEIS LTDA;REDE MARE;BRANCA;AVENIDA MARIO GURGEL, 1092 - ITAQUARI;29151-570;CARIACICA;ES;SE;DIESEL, DIESEL S10, ETANOL, GASOLINA, GASOLINA ADITIVADA, GNV;6,76 / 6,82 / 4,87 / 6,39 / 6,39 / 4,29;"R$ / litro; R$ / litro; R$ / litro; R$ / litro; R$ / litro; R$ / m³";Conveniencia, Troca de oleo, Caixa eletronico, Borracharia;Fernanda Castro;(27) 99720-4488;"00.580.488/0001-73; 13.814.642/0001-76; 15.226.314/0001-84";
11/06/2026;2026-S24;PROPRIO; 11.222.333/0002-62;REDE MARE COMBUSTIVEIS LTDA;REDE MARE;BRANCA;RODOVIA DARLY SANTOS, S/N - KM    2 5 - POSTO - POLO EMPRESARIAL NOVO MEXICO;29104-360;VILA VELHA;ES;SE;DIESEL, DIESEL S10, ETANOL, GASOLINA, GASOLINA ADITIVADA, GNV;6,69 / 6,79 / 4,69 / 6,39 / 6,59 / 4,29;"R$ / litro; R$ / litro; R$ / litro; R$ / litro; R$ / litro; R$ / m³";"Conveniencia; Caixa eletronico; Troca de oleo";Juliana Rocha;(27) 99702-3355;15.010.530/0001-98 / 04.145.589/0011-49 / 10.569.345/0001-14;
11/06/2026;2026-S24;PROPRIO; 11.222.333/0005-05;REDE MARE COMBUSTIVEIS LTDA;REDE MARE;BRANCA;AVENIDA MARIO GURGEL, 3127 - FUNDOSCOM A AV EXPEDITO GA - CAMPO GRANDE;29146-012;CARIACICA;ES;SE;DIESEL S10, ETANOL, GASOLINA, GASOLINA ADITIVADA, GNV;6,99 / 4,69 / 6,39 / 6,39 / 4,27;"R$ / litro; R$ / litro; R$ / litro; R$ / litro; R$ / m³";Conveniencia;Marcos Lyrio;(27) 99890-1276 / (27) 3345-0098;00.580.488/0001-73 / 13.814.642/0001-76 / 15.226.314/0001-84;
11/06/2026;2026-S24;CONCORRENTE;13814642000176;POSTO BR 31 AUTO SERVICOS LTDA;POSTO BR 31 AUTO SERVICOS LTDA;RAIZEN;AVENIDA MARIO GURGEL, 2844 - ALTO LAJE;29151-026;CARIACICA;ES;SE;DIESEL S10, ETANOL, GASOLINA, GASOLINA ADITIVADA;6,89 / 4,69 / 6,35 / 6,75;"R$ / litro; R$ / litro; R$ / litro; R$ / litro";Troca de oleo, Calibragem, Caixa eletronico, Conveniencia;;;;
11/06/2026;2026-S24;CONCORRENTE; 14.096.313/0001-08;AUTO POSTO GUARAPARI LTDA;AUTO POSTO GUARAPARI LTDA;RAIZEN;AVENIDA GOVERNADOR JONES DOS SANTOS NEVES, 15 - VARZEA NOVA;29211-630;GUARAPARI;ES;SE;DIESEL, ETANOL, GASOLINA, GASOLINA ADITIVADA;7,09 / 5,89 / 6,89 / 7,09;"R$ / litro; R$ / litro; R$ / litro; R$ / litro";Conveniencia;;;;
11/06/2026;2026-S24;CONCORRENTE; 15.226.314/0001-84;MAIS COMERCIO DE COMBUSTIVEL CARIACICA LTDA;MAIS COMERCIO DE COMBUSTIVEL CARIACICA LTDA;BRANCA;AVENIDA MARIO GURGEL, 4935 - VILA PALESTINA;29145-711;CARIACICA;ES;SE;ETANOL, GASOLINA;4,69 / 6,39;"R$ / litro; R$ / litro";Borracharia,Lava-jato,Conveniencia,Calibragem;;;;
11/06/2026;2026-S24;CONCORRENTE; 23.238.396/0001-05;CAPIXABA COMERCIO DE PRODUTOS AUTOMOTIVOS LTDA;CAPIXABA COMERCIO DE PRODUTOS AUTOMOTIVOS LTDA;ATLÂNTICA;RUA PROFESSOR MELCHIADES PEREIRA MARTINS, 15 - CENTRO;29200-480;GUARAPARI;ES;SE;DIESEL S10, ETANOL, GASOLINA, GASOLINA ADITIVADA;7,09 / 5,24 / 6,68 / 6,83;"R$ / litro; R$ / litro; R$ / litro; R$ / litro";Caixa eletronico;;;;
11/06/2026;2026-S24;CONCORRENTE; 24.145.665/0001-51;C.R.B. DEZAN E CIA LTDA;C.R.B. DEZAN E CIA LTDA;ATLÂNTICA;AVENIDA MARIO GURGEL, 5913 - AUTO POSTO - SAO FRANCISCO;29145-409;CARIACICA;ES;SE;DIESEL S10, ETANOL, GASOLINA;6,89 / 4,69 / 6,39;"R$ / litro; R$ / litro; R$ / litro";Conveniencia,Caixa eletronico;;;;ATUALIZAR!!
11/06/2026;2026-S24;CONCORRENTE; 27.016.518/0001-70;AUTO POSTO CONTORNO LTDA;AUTO POSTO CONTORNO LTDA;VIBRA;RODOVIA GOVERNADOR MARIO COVAS, 11282 - SERRA DO ANIL;29147-030;CARIACICA;ES;SE;DIESEL, DIESEL S10, ETANOL, GASOLINA, GASOLINA ADITIVADA;6,59 / 6,69 / 4,55 / 6,25 / 6,45;"R$ / litro; R$ / litro; R$ / litro; R$ / litro; R$ / litro";Borracharia;;;;
11/06/2026;2026-S24;CONCORRENTE; 27.020.445/0001-90;GUARAVE GUARAPARI VEICULOS;GUARAVE GUARAPARI VEICULOS LTDA;VIBRA;AVENIDA EWERSON DE ABREU SODRE, 300 - MUQUICABA;29215-010;GUARAPARI;ES;SE;GASOLINA, GASOLINA ADITIVADA;6,99 / 7,39;"R$ / litro; R$ / litro";"Calibragem; Conveniencia";;;;
11/06/2026;2026-S24;CONCORRENTE; 27.020.445/0005-13;GUARAVE GUARAPARI VEICULOS LTDA;GUARAVE GUARAPARI VEICULOS LTDA;VIBRA;RODOVIA DO SOL, S/N - MUQUICABA;29215-005;GUARAPARI;ES;SE;GASOLINA, GASOLINA ADITIVADA;6,99 / 7,39;"R$ / litro; R$ / litro";Caixa eletronico, Borracharia;;;;
11/06/2026;2026-S24;CONCORRENTE; 27.316.819/0001-19;BECAR PETROLEO LTDA;BECAR PETROLEO LTDA;RAIZEN;AVENIDA GOVERNADOR JONES DOS SANTOS NEVES, S/N - CONFLUENCIA COM RODOVIA DO SOL - MUQUICABA;29215-002;GUARAPARI;ES;SE;GASOLINA, GASOLINA ADITIVADA;6,99 / 7,09;"R$ / litro; R$ / litro";"Lava-jato; Conveniencia";;;;
11/06/2026;2026-S24;CONCORRENTE; 27.394.378/0001-73;POSTO DE PRODUTOS DE PETROLEO OASIS LTDA;POSTO DE PRODUTOS DE PETROLEO OASIS LTDA;IPIRANGA;AVENIDA MARIO GURGEL, 297 - JARDIM AMERICA;29140-261;CARIACICA;ES;SE;DIESEL S10, GASOLINA, GASOLINA ADITIVADA, GNV;6,79 / 6,39 / 6,69 / 4,29;"R$ / litro; R$ / litro; R$ / litro; R$ / m³";Calibragem, Caixa eletronico;;;;
11/06/2026;2026-S24;CONCORRENTE; 27.396.415/0001-82;AUTO SERVICO SAO CRISTOVAO LTDA;AUTO SERVICO SAO CRISTOVAO LTDA;VIBRA;AVENIDA MARIO GURGEL, 4 - KM    4 5  BR 262 - DOM BOSCO;29147-345;CARIACICA;ES;SE;ETANOL, GASOLINA, GASOLINA ADITIVADA, GNV;4,89 / 6,48 / 6,59 / 4,28;"R$ / litro; R$ / litro; R$ / litro; R$ / m³";Caixa eletronico / Borracharia / Conveniencia;;;;
11/06/2026;2026-S24;CONCORRENTE; 27.926.384/0001-24;PETROVERA - POSTO DE PRODUTOS DE PETROLEO E TRANSPORTES LTDA - ME;PETROVERA - POSTO DE PRODUTOS DE PETROLEO E TRANSPORTES LTDA - ME;IPIRANGA;RODOVIA GOVERNADOR JOSE HENRIQUE SETTE, 906 - PAVMTO01 - ALTO LAGE;29151-055;CARIACICA;ES;SE;DIESEL, DIESEL S10, ETANOL, GASOLINA, GASOLINA ADITIVADA;6,89 / 6,99 / 4,69 / 6,36 / 6,39;"R$ / litro; R$ / litro; R$ / litro; R$ / litro; R$ / litro";Caixa eletronico / Conveniencia / Borracharia / Calibragem;;;;
11/06/2026;2026-S24;CONCORRENTE; 28.344.206/0001-58;POSTO DE COMBUSTIVEIS ITACIBA LTDA;POSTO DE COMBUSTIVEIS ITACIBA LTDA;BRANCA;RUA MANOEL JOAQUIM DOS SANTOS, 317 - ITACIBA;29150-270;CARIACICA;ES;SE;ETANOL, GASOLINA, GASOLINA ADITIVADA;4,75 / 6,36 / 6,39;"R$ / litro; R$ / litro; R$ / litro";"Troca de oleo; Conveniencia; Lava-jato; Borracharia";;;;preco conferido por telefone
11/06/2026;2026-S24;CONCORRENTE; 32.248.017/0001-59;AUTO POSTO ALDEIA DA PRAIA LTDA;AUTO POSTO ALDEIA DA PRAIA LTDA;IPIRANGA;AVENIDA PARIS, S/N - PRAIA DO MORRO;29216-570;GUARAPARI;ES;SE;DIESEL S10, ETANOL, GASOLINA, GASOLINA ADITIVADA;7,39 / 5,29 / 6,99 / 7,39;"R$ / litro; R$ / litro; R$ / litro; R$ / litro";"Caixa eletronico; Lava-jato";;;;
12/06/2026;2026-S24;CONCORRENTE; 00.345.721/0001-33;RUBENS SCHUENG FILHO;RUBENS SCHUENG FILHO;IPIRANGA;RUA DOUTOR RAIMUNDO GUILHERME SOBRINHO, 605 - FRENTE - SERNAMBY;29930-480;SAO MATEUS;ES;SE;DIESEL S10, GASOLINA;6,99 / 6,79;"R$ / litro; R$ / litro";Conveniencia;;;;
12/06/2026;2026-S24;CONCORRENTE; 30.869.047/0001-57;ABT COMERCIO DE COMBUSTIVEIS LTDA;ABT COMERCIO DE COMBUSTIVEIS LTDA;BRANCA;RODOVIA GOVERNADOR MARIO COVAS, 1874 - KM    65 - BOA VISTA;29931-200;SAO MATEUS;ES;SE;DIESEL, DIESEL S10, ETANOL, GASOLINA;6,89 / 6,99 / 4,89 / 6,59;"R$ / litro; R$ / litro; R$ / litro; R$ / litro";"Lava-jato; Troca de oleo; Caixa eletronico";;;;
12/06/2026;2026-S24;CONCORRENTE; 36.751.443/0001-61;BOA VISTA SERVICO AUTOMOTIVO LTDA;BOA VISTA SERVICO AUTOMOTIVO LTDA;ALE;AVENIDA JOAO XXIII, 1339 - BOA VISTA;29931-225;SAO MATEUS;ES;SE;DIESEL S10, GASOLINA, GASOLINA ADITIVADA;6,59 / 6,89 / 6,99;"R$ / litro; R$ / litro; R$ / litro";"Calibragem; Borracharia; Caixa eletronico";;;;
15/06/2026;2026-S25;CONCORRENTE; 01.496.517/0001-86;POSTO PERIM LTDA;POSTO PERIM LTDA;VIBRA;RUA SANTA LEOPOLDINA, 1650 - ITAPARICA;29102-040;VILA VELHA;ES;SE;DIESEL S10, ETANOL, GASOLINA, GASOLINA ADITIVADA;6,99 / 4,89 / 6,39 / 6,59;"R$ / litro; R$ / litro; R$ / litro; R$ / litro";Conveniencia / Borracharia / Caixa eletronico / Calibragem;;;;
15/06/2026;2026-S25;CONCORRENTE;01557127000179;AUTO POSTO ILHA DAS GARCAS LTDA;AUTO POSTO ILHA DAS GARCAS LTDA;VIBRA;RUA MARIA DE OLIVEIRA MARES GUIA, 40 - PRAIA DAS GAIVOTAS;29102-567;VILA VELHA;ES;SE;GASOLINA, GASOLINA ADITIVADA;6,39 / 6,79;"R$ / litro; R$ / litro";Borracharia,Caixa eletronico;;;;
15/06/2026;2026-S25;CONCORRENTE; 02.802.986/0001-49;A S SALES JUNIOR LTDA;A S SALES JUNIOR LTDA;ATLÂNTICA;RUA DAVINO MATOS, S/N - PARQUE AREIA PRETA;29200-615;GUARAPARI;ES;SE;DIESEL S10, ETANOL, GASOLINA, GASOLINA ADITIVADA;7,09 / 5,24 / 6,68 / 6,83;"R$ / litro; R$ / litro; R$ / litro; R$ / litro";Borracharia,Caixa eletronico,Lava-jato;;;;
15/06/2026;2026-S25;CONCORRENTE; 07.470.392/0001-00;POSTO DE COMBUSTIVEIS OTAVIO EIRELI;POSTO DE COMBUSTIVEIS OTAVIO EIRELI;RAIZEN;AVENIDA ABDO SAAD, 833 - JACARAIPE;29173-510;SERRA;ES;SE;DIESEL, ETANOL, GASOLINA, GASOLINA ADITIVADA;6,89 / 4,69 / 6,64 / 6,99;"R$ / litro; R$ / litro; R$ / litro; R$ / litro";Borracharia;;;;
15/06/2026;2026-S25;CONCORRENTE; 09.076.862/0001-72;VALOR POSTOS PRAIA DO MORRO LTDA;VALOR POSTOS PRAIA DO MORRO LTDA;VIBRA;RODOVIA RODOVIA DO SOL, S/ NR - KM    41 - AEROPORTO;29216-705;GUARAPARI;ES;SE;GASOLINA, GASOLINA ADITIVADA;6,99 / 7,39;"R$ / litro; R$ / litro";Caixa eletronico;;;;
15/06/2026;2026-S25;CONCORRENTE; 10.197.775/0001-52;REDE DE POSTOS SAGUI LTDA;REDE DE POSTOS SAGUI LTDA;ATLÂNTICA;RUA EUCLIDES DA CUNHA, 421 - SAO DIOGO I;29163-265;SERRA;ES;SE;DIESEL S10, ETANOL, GASOLINA, GASOLINA ADITIVADA;6,99 / 4,79 / 6,67 / 6,87;"R$ / litro; R$ / litro; R$ / litro; R$ / litro";Caixa eletronico, Conveniencia;;;;
15/06/2026;2026-S25;CONCORRENTE; 14.096.313/0001-08;AUTO POSTO GUARAPARI LTDA;AUTO POSTO GUARAPARI LTDA;RAIZEN;AVENIDA GOVERNADOR JONES DOS SANTOS NEVES, 15 - VARZEA NOVA;29211-630;GUARAPARI;ES;SE;DIESEL, ETANOL, GASOLINA, GASOLINA ADITIVADA;7,09 / 5,89 / 6,89 / 7,09;"R$ / litro; R$ / litro; R$ / litro; R$ / litro";Conveniencia;;;;
15/06/2026;2026-S25;CONCORRENTE;15010530000198;AUTO POSTO R M LTDA;AUTO POSTO R M LTDA;RAIZEN;"RODOVIA DO SOL, 3701 - LOTE: 11; QUADRA: 64; - PRAIA DE ITAPARICA";29102-023;VILA VELHA;ES;SE;DIESEL S10, ETANOL, GASOLINA, GASOLINA ADITIVADA;6,74 / 4,59 / 6,35 / 6,75;"R$ / litro; R$ / litro; R$ / litro; R$ / litro";Conveniencia;;;;
15/06/2026;2026-S25;CONCORRENTE; 17.375.525/0001-04;AUTO POSTO LUCAS - EPP.;AUTO POSTO LUCAS - EPP.;ALE;AVENIDA ROMULO CASTELLO, 791 - LOTES 20 A 23 - CASTELANDIA;29172-620;SERRA;ES;SE;DIESEL S10, ETANOL, GASOLINA, GASOLINA ADITIVADA;6,88 / 4,69 / 6,64 / 6,84;"R$ / litro; R$ / litro; R$ / litro; R$ / litro";Troca de oleo / Calibragem / Borracharia / Caixa eletronico;;;;
15/06/2026;2026-S25;CONCORRENTE; 17.753.176/0001-17;AUTO POSTO BOULEVARD LTDA;AUTO POSTO BOULEVARD LTDA;ALE;"RODOVIA DO SOL, S/N - LOTE: 08 E 09; QUADRA: 59; - PRAIA DE ITAPARICA";29102-020;VILA VELHA;ES;SE;DIESEL S10, ETANOL, GASOLINA, GASOLINA ADITIVADA;6,74 / 4,59 / 6,35 / 6,75;"R$ / litro; R$ / litro; R$ / litro; R$ / litro";Troca de oleo, Conveniencia, Calibragem, Lava-jato;;;;
2026-06-15;2026-S25;CONCORRENTE; 23.238.396/0001-05;CAPIXABA COMERCIO DE PRODUTOS AUTOMOTIVOS LTDA;CAPIXABA COMERCIO DE PRODUTOS AUTOMOTIVOS LTDA;ATLÂNTICA;RUA PROFESSOR MELCHIADES PEREIRA MARTINS, 15 - CENTRO;29200-480;GUARAPARI;ES;SE;DIESEL S10, ETANOL, GASOLINA, GASOLINA ADITIVADA;7,09 / 5,24 / 6,68 / 6,83;"R$ / litro; R$ / litro; R$ / litro; R$ / litro";Caixa eletronico;;;;
15/06/2026;2026-S25;CONCORRENTE; 27.020.445/0001-90;GUARAVE GUARAPARI VEICULOS LTDA;GUARAVE GUARAPARI VEICULOS LTDA;VIBRA;AVENIDA EWERSON DE ABREU SODRE, 300 - MUQUICABA;29215-010;GUARAPARI;ES;SE;GASOLINA, GASOLINA ADITIVADA;6,99 / 7,39;"R$ / litro; R$ / litro";"Calibragem; Conveniencia";;;;
15/06/2026;2026-S25;CONCORRENTE; 27.020.445/0005-13;GUARAVE GUARAPARI VEICULOS LTDA;GUARAVE GUARAPARI VEICULOS LTDA;VIBRA;RODOVIA DO SOL, S/N - MUQUICABA;29215-005;GUARAPARI;ES;SE;GASOLINA, GASOLINA ADITIVADA;6,99 / 7,39;"R$ / litro; R$ / litro";Caixa eletronico,Borracharia;;;;
15/06/2026;2026-S25;CONCORRENTE; 27.316.819/0001-19;BECAR PETROLEO LTDA;BECAR PETROLEO LTDA;RAIZEN;AVENIDA GOVERNADOR JONES DOS SANTOS NEVES, S/N - CONFLUENCIA COM RODOVIA DO SOL - MUQUICABA;29215-002;GUARAPARI;ES;SE;GASOLINA, GASOLINA ADITIVADA;6,99 / 7,09;"R$ / litro; R$ / litro";"Lava-jato; Conveniencia";;;;
15/06/2026;2026-S25;CONCORRENTE; 32.248.017/0001-59;AUTO POSTO ALDEIA DA PRAIA LTDA;AUTO POSTO ALDEIA DA PRAIA LTDA;IPIRANGA;AVENIDA PARIS, S/N - PRAIA DO MORRO;29216-570;GUARAPARI;ES;SE;DIESEL S10, ETANOL, GASOLINA, GASOLINA ADITIVADA;7,39 / 5,29 / 6,99 / 7,39;"R$/l; R$/l; R$/l; R$/l";"Caixa eletronico; Lava-jato";;;;
16/06/2026;2026-S25;CONCORRENTE; 01.635.041/0002-06;ITAPARICA PETROLEO E COMERCIO LTDA;ITAPARICA PETROLEO E COMERCIO LTDA;RAIZEN;AVENIDA CARLOS LINDENBERG, 1395 - COBI DE CIMA;29117-730;VILA VELHA;ES;SE;DIESEL, ETANOL, GASOLINA, GASOLINA ADITIVADA;6,78 / 4,59 / 6,32 / 6,72;"R$ / litro; R$ / litro; R$ / litro; R$ / litro";Troca de oleo / Calibragem / Lava-jato / Conveniencia;;;;
16/06/2026;2026-S25;CONCORRENTE; 01.823.633/0001-62;POSTO METROPOLITANO LTDA;POSTO METROPOLITANO LTDA;IPIRANGA;VIA DOIS, 226 - ANEXO QUADRA 03 MODULO 03 - TIMS;29161-373;SERRA;ES;SE;DIESEL, DIESEL S10, ETANOL, GASOLINA, GASOLINA ADITIVADA;6,59 / 6,69 / 4,69 / 6,64 / 6,84;"R$/l; R$/l; R$/l; R$/l; R$/l";Borracharia,Calibragem;;;;
16/06/2026;2026-S25;CONCORRENTE; 02.567.214/0001-70;POSTO DE COMBUSTIVEL IDEAL LTDA;POSTO DE COMBUSTIVEL IDEAL LTDA;IPIRANGA;AVENIDA VITORIA, 3031 - GURIGICA;29027-080;VITORIA;ES;SE;ETANOL, GASOLINA, GASOLINA ADITIVADA;4,69 / 6,38 / 6,52;"R$ / litro; R$ / litro; R$ / litro";"Conveniencia; Borracharia; Calibragem";;;;
16/06/2026;2026-S25;CONCORRENTE; 03.348.196/0001-06;POSTO DAMIANI LTDA.;POSTO DAMIANI LTDA.;VIBRA;AVENIDA CENTRAL, 567 - CARAPINA;29933-210;SAO MATEUS;ES;SE;DIESEL, DIESEL S10, ETANOL, GASOLINA, GASOLINA ADITIVADA;6,99 / 7,09 / 5,49 / 6,79 / 6,89;"R$ / litro; R$ / litro; R$ / litro; R$ / litro; R$ / litro";"Lava-jato; Conveniencia";;;;
16/06/2026;2026-S25;CONCORRENTE; 04.228.463/0001-66;AUTO POSTO MARLIN LTDA;AUTO POSTO MARLIN LTDA;ATLÂNTICA;RUA JUIZ ALEXANDRE MARTINS DE CASTRO FILHO, 285 - SANTA LUCIA;29056-295;VITORIA;ES;SE;DIESEL S10, ETANOL, GASOLINA, GASOLINA ADITIVADA;6,99 / 4,99 / 6,39 / 6,59;"R$ / litro; R$ / litro; R$ / litro; R$ / litro";Caixa eletronico, Troca de oleo;;;;
16/06/2026;2026-S25;CONCORRENTE; 04.361.389/0001-51;AUTO POSTO WAVE LTDA;AUTO POSTO WAVE LTDA;ALE;AVENIDA TALMA RODRIGUES RIBEIRO, 5416 A - PORTAL DE JACARAIPE;29173-795;SERRA;ES;SE;DIESEL, DIESEL S10, ETANOL, GASOLINA;6,78 / 6,88 / 4,69 / 6,64;"R$ / litro; R$ / litro; R$ / litro; R$ / litro";Calibragem, Borracharia;;;;
16/06/2026;2026-S25;CONCORRENTE; 04.960.337/0001-00;RENOVA COMERCIO COMBUSTIVEL E SERVICOS LTDA;RENOVA COMERCIO COMBUSTIVEL E SERVICOS LTDA;BRANCA;AVENIDA LEITAO DA SILVA, 1150 - SANTA LUCIA;29056-184;VITORIA;ES;SE;ETANOL, GASOLINA, GASOLINA ADITIVADA;4,55 / 6,38 / 6,38;"R$ / litro; R$ / litro; R$ / litro";Borracharia,Calibragem;;;;
16/06/2026;2026-S25;CONCORRENTE; 05.738.923/0001-69;GEGEL AUTO POSTO LTDA;GEGEL AUTO POSTO LTDA;RAIZEN;AVENIDA CENTRAL B, S/N - QUADRAEC VII - CIVIT II;29168-071;SERRA;ES;SE;DIESEL, ETANOL, GASOLINA, GASOLINA ADITIVADA;6,89 / 5,09 / 6,64 / 7,14;"R$ / litro; R$ / litro; R$ / litro; R$ / litro";Conveniencia,Borracharia,Caixa eletronico,Calibragem;;;;
16/06/2026;2026-S25;CONCORRENTE; 07.571.908/0001-02;AUTO POSTO CORAL LTDA;AUTO POSTO CORAL LTDA;VIBRA;AVENIDA NORTE SUL, 259 - N.S.DO ROSARIO DE FATIMA;29176-798;Serra ;ES;SE;GASOLINA, GASOLINA ADITIVADA;6,67 / 6,97;"R$ / litro; R$ / litro";Borracharia / Lava-jato / Conveniencia;;;;
16/06/2026;2026-S25;CONCORRENTE; 08.788.618/0001-70;J. S. PETROLEO E COMERCIO LTDA.;J. S. PETROLEO E COMERCIO LTDA.;RAIZEN;AVENIDA DANTE MICHELINI, 2461 - MATA DA PRAIA;29066-430;VITORIA;ES;SE;ETANOL, GASOLINA, GASOLINA ADITIVADA, GNV;4,99 / 6,69 / 6,99 / 3,99;"R$ / litro; R$ / litro; R$ / litro; R$ / m³";Borracharia,Caixa eletronico,Troca de oleo;;;;
16/06/2026;2026-S25;CONCORRENTE; 09.167.931/0001-53;POSTO CHAMPAGNAT LTDA;POSTO CHAMPAGNAT LTDA;IPIRANGA;RUA HUGO MUSSO, 550 - PRAIA DA COSTA;29101-280;V. VELHA;ES;SE;DIESEL S10, ETANOL, GASOLINA, GASOLINA ADITIVADA;6,99 / 4,99 / 6,69 / 6,89;"R$ / litro; R$ / litro; R$ / litro; R$ / litro";Calibragem,Conveniencia,Caixa eletronico;;;;
16/06/2026;2026-S25;PROPRIO; 11.222.333/0003-43;REDE MARE COMBUSTIVEIS LTDA;REDE MARE;BRANCA;AVENIDA VITORIA, 2667 - HORTO;29027-080;VITORIA;ES;SE;DIESEL S10, ETANOL, GASOLINA, GASOLINA ADITIVADA;6,89 / 4,59 / 6,38 / 6,38;"R$ / litro; R$ / litro; R$ / litro; R$ / litro";Conveniencia / Borracharia;Paulo Ferraz;(27) 99945-7810 / (27) 3226-4410;"02.567.214/0001-70; 14.806.977/0001-05; 26.980.450/0001-81";
16/06/2026;2026-S25;CONCORRENTE; 11.942.147/0001-17;POSTO PARADA VITORIA LTDA;POSTO PARADA VITORIA LTDA;ALE;AVENIDA MARECHALCAMPOS, 370 - CONSOLACAO;29045-460;VITORIA;ES;SE;DIESEL S10, ETANOL, GASOLINA, GASOLINA ADITIVADA;6,87 / 4,68 / 6,37 / 6,74;"R$ / litro; R$ / litro; R$ / litro; R$ / litro";"Conveniencia; Caixa eletronico; Troca de oleo";;;;
16/06/2026;2026-S25;CONCORRENTE; 12.535.572/0001-54;AUTO POSTO MORADA LTDA;AUTO POSTO MORADA LTDA;IPIRANGA;AVENIDA PAULO PEREIRA GOMES, S/N - LOTE  03C                 QUADRAUE IV               SETOR II - MORADA DE LARANJEIRAS;29166-828;SERRA;ES;SE;DIESEL S10, ETANOL, GASOLINA, GASOLINA ADITIVADA;6,89 / 4,79 / 6,64 / 6,94;"R$ / litro; R$ / litro; R$ / litro; R$ / litro";Borracharia, Calibragem, Troca de oleo;;;;
16/06/2026;2026-S25;CONCORRENTE; 14.806.977/0001-05;AUTO POSTO SILVARES LTDA;AUTO POSTO SILVARES LTDA;IPIRANGA;AVENIDA   NAIR AZEVEDO SILVA, 430 - ILHA DO PRINCIPE;29020-240;VITORIA;ES;SE;ETANOL, GASOLINA, GASOLINA ADITIVADA;4,79 / 6,49 / 6,69;"R$ / litro; R$ / litro; R$ / litro";Borracharia;;;;
16/06/2026;2026-S25;CONCORRENTE; 16.577.742/0001-14;AUTO POSTO ESCOLA COMERCIO DE COMBUSTIVEIS, LUBRIFICANTES E SERVICOS LTDA;AUTO POSTO ESCOLA COMERCIO DE COMBUSTIVEIS, LUBRIFICANTES E SERVICOS LTDA;VIBRA;"AVENIDA AMERICO BUAIZ, 1 - : POSTO; - ENSEADA DO SUA";29050-463;VITORIA;ES;SE;GASOLINA, GASOLINA ADITIVADA;6,67 / 6,87;"R$ / litro; R$ / litro";Troca de oleo / Caixa eletronico;;;;
16/06/2026;2026-S25;CONCORRENTE; 21.246.940/0001-35;AUTO POSTO GASCROMA COMERCIO DE COMBUSTIVEIS, LUBRIFICANTES E SERVICOS LTDA;AUTO POSTO GASCROMA COMERCIO DE COMBUSTIVEIS, LUBRIFICANTES E SERVICOS LTDA;VIBRA;AVENIDA JERONIMO MONTEIRO, 840 - JABURUNA;29100-600;VILA VELHA;ES;SE;GASOLINA, GASOLINA ADITIVADA;6,49 / 6,89;"R$ / litro; R$ / litro";Calibragem,Conveniencia;;;;
16/06/2026;2026-S25;CONCORRENTE; 22.356.015/0001-20;CENTRAL COMERCIO DE COMBUSTIVEIS LTDA;CENTRAL COMERCIO DE COMBUSTIVEIS LTDA;IPIRANGA;"AVENIDA ELDES SCHERRER SOUZA, 2100 - : POSTO; - CIVIT II";29168-060;SERRA;ES;SE;DIESEL, DIESEL S10, ETANOL, GASOLINA, GASOLINA ADITIVADA, GNV;6,79 / 6,89 / 4,69 / 6,69 / 6,89 / 4,29;"R$ / litro; R$ / litro; R$ / litro; R$ / litro; R$ / litro; R$ / m³";Troca de oleo,Borracharia,Lava-jato,Conveniencia;;;;
16/06/2026;2026-S25;CONCORRENTE; 26.980.450/0001-81;AUTO POSTO VITORIA COMERCIO DE COMBUSTIVEIS LTDA;AUTO POSTO VITORIA COMERCIO DE COMBUSTIVEIS LTDA;VIBRA;RUA OLYMPIO RODRIGUES PASSOS, 14 - LOJA  01 - JABOUR;29072-290;VITORIA;ES;SE;ETANOL, GASOLINA, GASOLINA ADITIVADA;4,99 / 6,69 / 6,89;"R$ / litro; R$ / litro; R$ / litro";Caixa eletronico;;;;
16/06/2026;2026-S25;CONCORRENTE; 27.066.273/0002-76;POSTO ARVOREDO;POSTO ARVOREDO LTDA;BRANCA;AVENIDA VITORIA, 1600 - POSTO - ILHA DE SANTA MARIA;29051-040;VITORIA;ES;SE;GASOLINA, GASOLINA ADITIVADA;6,38 / 6,38;"R$ / litro; R$ / litro";Lava-jato, Troca de oleo, Borracharia;;;;
16/06/2026;2026-S25;CONCORRENTE; 27.734.094/0001-89;POSTO ATLANTICO LTDA.;POSTO ATLANTICO LTDA;RAIZEN;AVENIDA DANTE MICHELINI, 4655 - POSTO - JARDIM CAMBURI;29090-070;VITORIA;ES;SE;DIESEL S10, ETANOL, GASOLINA, GASOLINA ADITIVADA;6,79 / 5,19 / 6,69 / 7,04;"R$ / litro; R$ / litro; R$ / litro; R$ / litro";Borracharia,Calibragem;;;;
16/06/2026;2026-S25;CONCORRENTE; 28.059.632/0001-40;A.B.C. AUTO SERVICOS LTDA;A.B.C. AUTO SERVICOS LTDA;RAIZEN;AVENIDA ROBERT KENNEDY, 21 - A - SAO TORQUATO;29114-000;VILA VELHA;ES;SE;DIESEL, DIESEL S10, GASOLINA, GASOLINA ADITIVADA;6,89 / 6,89 / 6,39 / 6,79;"R$ / litro; R$ / litro; R$ / litro; R$ / litro";Caixa eletronico,Borracharia,Troca de oleo;;;;
16/06/2026;2026-S25;CONCORRENTE; 28.413.219/0001-31;COMERCIAL NORTE SUL LTDA;COMERCIAL NORTE SUL LTDA;VIBRA;AVENIDA MARUIPE, 2757 - SANTA LUIZA;29045-230;VITORIA;ES;SE;GASOLINA, GASOLINA ADITIVADA;6,69 / 6,99;"R$ / litro; R$ / litro";Lava-jato;;;;
16/06/2026;2026-S25;CONCORRENTE; 30.690.682/0001-72;MACPLAN AUTO POSTO SAO MATEUS LTDA;MACPLAN AUTO POSTO SAO MATEUS LTDA;IPIRANGA;RUA HUMBERTO CONDE RIOS, 39 - SERNAMBY;29930-580;SAO MATEUS;ES;SE;DIESEL S10, ETANOL, GASOLINA, GASOLINA ADITIVADA;6,99 / 5,49 / 6,79 / 6,99;"R$ / litro; R$ / litro; R$ / litro; R$ / litro";Troca de oleo, Calibragem;;;;
16/06/2026;2026-S25;CONCORRENTE; 31.465.040/0001-32;POSTO ITAPOA LTDA;POSTO ITAPOA LTDA;IPIRANGA;AVENIDA FRANCELINA SETUBAL, 333 - ITAPOAN;29100-000;VILA VELHA;ES;SE;DIESEL S10, ETANOL, GASOLINA, GASOLINA ADITIVADA;6,78 / 4,55 / 6,35 / 6,55;"R$ / litro; R$ / litro; R$ / litro; R$ / litro";"Calibragem; Lava-jato";;;;
16/06/2026;2026-S25;CONCORRENTE; 32.467.417/0001-55;J C RODRIGUES NETO E FILHOS LTDA;J C RODRIGUES NETO E FILHOS LTDA;VIBRA;RUA CEARA, S/N - LOTES 01/04  Q.01 - PRAIA DA COSTA;29101-290;VILA VELHA;ES;SE;ETANOL, GASOLINA, GASOLINA ADITIVADA;4,89 / 6,58 / 6,58;"R$ / litro; R$ / litro; R$ / litro";"Lava-jato; Borracharia; Calibragem; Caixa eletronico";;;;
16/06/2026;2026-S25;CONCORRENTE; 47.674.687/0001-04;POSTO ATUAL SAO MATEUS LTDA;POSTO ATUAL SAO MATEUS LTDA;ATLÂNTICA;RUA MONSENHOR GUILHERME SCHIMITZ, 363 - SERNAMBY;29930-660;SAO MATEUS;ES;SE;DIESEL S10, ETANOL, GASOLINA;6,69 / 4,59 / 6,69;"R$ / litro; R$ / litro; R$ / litro";Calibragem, Caixa eletronico;;;;
17/06/2026;2026-S25;CONCORRENTE; 01.503.536/0001-92;POSTO MARCELA LTDA;POSTO MARCELA LTDA;VIBRA;RUA DO PESSEGUEIRO, S/N - DIVINO ESPÍRITO SANTO;29107-230;VILA VELHA;ES;SE;DIESEL S10, GASOLINA, GASOLINA ADITIVADA;6,79 / 6,69 / 6,89;"R$ / litro; R$ / litro; R$ / litro";Caixa eletronico,Borracharia;;;;
17/06/2026;2026-S25;CONCORRENTE; 03.948.877/0003-69;AUTO POSTO SANTA ANA LTDA;AUTO POSTO SANTA ANA LTDA;ALE;RODOVIA DO CAFE, 1871 - CARLOS GERMANO NAUMANN;29705-200;COLATINA;ES;SE;DIESEL, DIESEL S10, GASOLINA, GASOLINA ADITIVADA;6,89 / 6,99 / 6,55 / 6,75;"R$/l; R$/l; R$/l; R$/l";Calibragem / Lava-jato / Troca de oleo;;;;
17/06/2026;2026-S25;CONCORRENTE; 04.145.589/0011-49;ARARA AZUL REDE DE POSTOS LTDA;ARARA AZUL REDE DE POSTOS LTDA;VIBRA;RODOVIA RODOVIA DO SOL, 530 - PRAIA DE ITAPARICA;29102-020;VILA VELHA;ES;SE;DIESEL S10, ETANOL, GASOLINA, GASOLINA ADITIVADA;6,74 / 4,59 / 6,34 / 6,59;"R$ / litro; R$ / litro; R$ / litro; R$ / litro";Lava-jato,Troca de oleo,Borracharia;;;;
17/06/2026;2026-S25;CONCORRENTE; 04.145.589/0014-91;ARARA AZUL REDE DE POSTOS LTDA;ARARA AZUL REDE DE POSTOS LTDA;VIBRA;RODOVIA GOVERNADOR MARIO COVAS, 5445 - KM    264 - PLANALTO DE CARAPINA;29162-703;SERRA;ES;SE;DIESEL S10, ETANOL, GASOLINA, GASOLINA ADITIVADA, GNV;6,89 / 4,99 / 6,69 / 6,94 / 4,29;"R$ / litro; R$ / litro; R$ / litro; R$ / litro; R$ / m³";Caixa eletronico;;;;
17/06/2026;2026-S25;CONCORRENTE; 04.361.389/0002-32;AUTO POSTO WAVE LTDA;AUTO POSTO WAVE LTDA;ALE;AVENIDA MARTIN PESCADOR, 12 - PORTO CANOA;29168-460;SERRA;ES;SE;DIESEL S10, ETANOL, GASOLINA, GASOLINA ADITIVADA;6,99 / 4,85 / 6,64 / 6,84;"R$ / litro; R$ / litro; R$ / litro; R$ / litro";Borracharia / Caixa eletronico / Troca de oleo;;;;
17/06/2026;2026-S25;CONCORRENTE; 04.814.652/0001-10;POSTO MOTOCAP LTDA;POSTO MOTOCAP LTDA;VIBRA;PRACA ALMIRANTE BARROSO, 52 - LETRA A - LACE;29703-055;COLATINA;ES;SE;GASOLINA;6,69;R$ / litro;Calibragem / Lava-jato / Conveniencia;;;;
17/06/2026;2026-S25;CONCORRENTE; 04.850.382/0001-01;POSTO ARIBIRI DO GAS LTDA;POSTO ARIBIRI DO GAS LTDA;VIBRA;AVENIDA CARLOS LINDEMBERG, 1944 - SANTA INEZ;29108-075;VILA VELHA;ES;SE;GASOLINA, GASOLINA ADITIVADA, GNV;6,69 / 6,89 / 4,29;"R$ / litro; R$ / litro; R$ / m³";Caixa eletronico, Lava-jato;;;;
17/06/2026;2026-S25;CONCORRENTE; 04.994.796/0001-04;POSTO SB LTDA;POSTO SB LTDA;VIBRA;AVENIDA BRASILIA, 1360 - PLANICIE DA SERRA;29168-710;SERRA;ES;SE;GASOLINA, GASOLINA ADITIVADA;6,39 / 6,54;"R$ / litro; R$ / litro";Borracharia, Calibragem, Troca de oleo, Caixa eletronico;;;;
17/06/2026;2026-S25;CONCORRENTE; 05.393.247/0001-39;POSTO CANOA DERIVADOS DE PETROLEO LTDA;POSTO CANOA DERIVADOS DE PETROLEO LTDA;ALE;AVENIDA BRASILIA, 575 - PORTO CANOA;29168-600;SERRA;ES;SE;DIESEL S10, ETANOL, GASOLINA, GASOLINA ADITIVADA;6,99 / 4,85 / 6,64 / 6,84;"R$ / litro; R$ / litro; R$ / litro; R$ / litro";Borracharia / Caixa eletronico / Calibragem;;;;
17/06/2026;2026-S25;CONCORRENTE; 05.791.319/0001-04;MOTOCAP COMBUSTIVEIS LTDA;MOTOCAP COMBUSTIVEIS LTDA;VIBRA;RODOVIA GETHER LOPES DE FARIAS, 2600 - CARLOS GERMANO NAUMANN;29705-390;COLATINA;ES;SE;DIESEL, GASOLINA, GASOLINA ADITIVADA, GNV;6,89 / 6,69 / 6,79 / 4,79;"R$ / litro; R$ / litro; R$ / litro; R$ / m³";Borracharia / Calibragem;;;;
17/06/2026;2026-S25;CONCORRENTE; 07.830.414/0001-97;REVENDA DE COMBUSTIVEIS BKR LTDA;REVENDA DE COMBUSTIVEIS BKR LTDA;RAIZEN;RODOVIA GOVERNADOR MARIO COVAS, 122 - BARCELONA;29166-095;SERRA;ES;SE;DIESEL, ETANOL, GASOLINA, GASOLINA ADITIVADA;6,77 / 4,99 / 6,99 / 6,99;"R$ / litro; R$ / litro; R$ / litro; R$ / litro";"Calibragem; Troca de oleo; Borracharia";;;;
17/06/2026;2026-S25;CONCORRENTE;08022304000161;AUTO POSTO DE COMBUSTIVEL RTT LTDA;AUTO POSTO DE COMBUSTIVEL RTT LTDA;IPIRANGA;RUA MOEMA, 38 - DIVINO ESPIRITO SANTO;29107-250;V. VELHA;ES;SE;DIESEL S10, ETANOL, GASOLINA, GASOLINA ADITIVADA;6,99 / 4,99 / 6,69 / 6,99;"R$ / litro; R$ / litro; R$ / litro; R$ / litro";Borracharia;;;;promo fim de semana?
17/06/2026;2026-S25;CONCORRENTE; 08.519.545/0001-10;SAO FRANCISCO DE ASSIS COMERCIO DE COMBUSTIVEIS LTDA;SAO FRANCISCO DE ASSIS COMERCIO DE COMBUSTIVEIS LTDA;VIBRA;PRACA FIDELIS FERRARI, 35 - LACE;29703-030;COLATINA;ES;SE;GASOLINA, GASOLINA ADITIVADA;6,89 / 6,99;"R$ / litro; R$ / litro";Caixa eletronico / Troca de oleo / Conveniencia;;;;
17/06/2026;2026-S25;CONCORRENTE; 10.569.345/0001-14;POSTO CRISTOVAO COLOMBO LTDA;POSTO CRISTOVAO COLOMBO LTDA;VIBRA;RUA CRISTOVAO COLOMBO, 582 - CRISTOVAO COLOMBO;29106-595;VILA VELHA;ES;SE;GASOLINA, GASOLINA ADITIVADA;6,69 / 6,99;"R$ / litro; R$ / litro";Caixa eletronico / Troca de oleo / Lava-jato / Calibragem;;;;
17/06/2026;2026-S25;CONCORRENTE; 20.246.670/0001-08;POSTO DE COMBUSTIVEIS COLATINA LTDA;POSTO DE COMBUSTIVEIS COLATINA LTDA;BRANCA;RODOVIA DO CAFE, 606 - CARLOS GERMANO NAUMANN;29705-200;COLATINA;ES;SE;DIESEL, DIESEL S10, ETANOL, GASOLINA;6,89 / 6,99 / 4,69 / 6,65;"R$ / litro; R$ / litro; R$ / litro; R$ / litro";Troca de oleo, Calibragem;;;;
17/06/2026;2026-S25;CONCORRENTE; 23.314.250/0001-00;COMERCIO DE COMBUSTIVEIS LINDENBERG LTDA;COMERCIO DE COMBUSTIVEIS LINDENBERG LTDA;BRANCA;AVENIDA CARLOS LINDENBERG, 5718 - LOTE  2. 3. 14 E 15       QUADRAD - SANTA INES;29108-075;VILA VELHA;ES;SE;DIESEL S10, ETANOL, GASOLINA;6,59 / 4,49 / 6,69;"R$ / litro; R$ / litro; R$ / litro";Conveniencia,Borracharia,Calibragem;;;;
17/06/2026;2026-S25;CONCORRENTE; 27.085.240/0001-92;POSTO DE GASOLINA SANTO ANTONIO LTDA;POSTO DE GASOLINA SANTO ANTONIO LTDA;ALE;AVENIDA SILVIO AVIDOS, 3251 - SANTO ANTONIO;29704-053;COLATINA;ES;SE;DIESEL, DIESEL S10, GASOLINA, GASOLINA ADITIVADA;6,89 / 6,99 / 6,69 / 6,79;"R$ / litro; R$ / litro; R$ / litro; R$ / litro";Lava-jato, Calibragem;;;;
17/06/2026;2026-S25;CONCORRENTE; 27.495.696/0001-20;POSTO VIAFOR LTDA;POSTO VIAFOR LTDA;IPIRANGA;AVENIDA SILVIO AVIDOS, 2 - VILA AMELIA;29706-297;COLATINA;ES;SE;ETANOL, GASOLINA, GASOLINA ADITIVADA;5,29 / 6,79 / 6,89;"R$ / litro; R$ / litro; R$ / litro";"Conveniencia; Borracharia; Troca de oleo";;;;
17/06/2026;2026-S25;CONCORRENTE; 39.814.835/0001-10;PNEUMAX LTDA;PNEUMAX LTDA;VIBRA;AVENIDA SILVIO AVIDOS, 1358 - SAO SILVANO;29703-100;COLATINA;ES;SE;DIESEL, ETANOL, GASOLINA, GASOLINA ADITIVADA;6,89 / 4,99 / 6,69 / 6,79;"R$ / litro; R$ / litro; R$ / litro; R$ / litro";Conveniencia;;;;
18/06/2026;2026-S25;CONCORRENTE; 00.345.721/0001-33;RUBENS SCHUENG FILHO;RUBENS SCHUENG FILHO;IPIRANGA;RUA DOUTOR RAIMUNDO GUILHERME SOBRINHO, 605 - FRENTE - SERNAMBY;29930-480;SAO MATEUS;ES;SE;DIESEL S10, GASOLINA;6,99 / 6,79;"R$ / litro; R$ / litro";Conveniencia;;;;
18/06/2026;2026-S25;CONCORRENTE; 00.580.488/0001-73;POSTO DE GASOLINA MARACANA LTDA;POSTO DE GASOLINA MARACANA LTDA;IPIRANGA;AVENIDA ALICE COUTINHO SANTOS, 2101 - POSTO DE GASOLINA - MARACANA;29142-887;CARIACICA;ES;SE;DIESEL, DIESEL S10, ETANOL, GASOLINA, GASOLINA ADITIVADA;6,65 / 6,89 / 4,49 / 6,29 / 6,59;"R$ / litro; R$ / litro; R$ / litro; R$ / litro; R$ / litro";Troca de oleo, Borracharia, Caixa eletronico;;;;
18/06/2026;2026-S25;CONCORRENTE; 01.283.262/0001-73;POSTO CARIOQUINHA LTDA;POSTO CARIOQUINHA LTDA;BRANCA;AVENIDA FRANCISCO MARDEGAN, 90 - BOA VISTA;29315-477;CACHOEIRO DE ITAPEMIRIM;ES;SE;DIESEL, ETANOL, GASOLINA;6,75 / 4,89 / 7,16;"R$ / litro; R$ / litro; R$ / litro";Caixa eletronico;;;;
18/06/2026;2026-S25;CONCORRENTE; 02.582.857/0001-92;POSTO CAMPO GRANDE LTDA;POSTO CAMPO GRANDE LTDA;ATLÂNTICA;AVENIDA EXPEDITO GARCIA, 222 - CAMPO GRANDE;29157-405;CARIACICA;ES;SE;ETANOL, GASOLINA, GASOLINA ADITIVADA;4,79 / 6,35 / 6,35;"R$ / litro; R$ / litro; R$ / litro";Lava-jato;;;;
18/06/2026;2026-S25;CONCORRENTE; 02.583.872/0001-55;SANTA CLARA COMERCIO DE COMBUSTIVEIS LTDA;SANTA CLARA COMERCIO DE COMBUSTIVEIS LTDA;VIBRA;"RODOVIA ENGENHEIRO FABIANO VIVACQUA, 1414 - : A 1452; - MORRO GRANDE";29318-400;CACHOEIRO DE ITAPEMIRIM;ES;SE;DIESEL, DIESEL S10, ETANOL, GASOLINA, GASOLINA ADITIVADA;6,59 / 6,69 / 4,99 / 7,29 / 7,49;"R$ / litro; R$ / litro; R$ / litro; R$ / litro; R$ / litro";Caixa eletronico, Lava-jato, Conveniencia;;;;
18/06/2026;2026-S25;CONCORRENTE; 02.665.124/0001-11;AUTO POSTO SENNA LTDA.;AUTO POSTO SENNA LTDA.;RAIZEN;AVENIDA FRANCISCO LACERDA DE AGUIAR, 350 - GILBERTO MACHADO;29303-384;CACHOEIRO DE ITAPEMIRIM;ES;SE;DIESEL S10, ETANOL, GASOLINA, GASOLINA ADITIVADA;7,39 / 5,39 / 7,30 / 7,60;"R$ / litro; R$ / litro; R$ / litro; R$ / litro";"Caixa eletronico; Conveniencia; Calibragem; Borracharia";;;;
18/06/2026;2026-S25;CONCORRENTE; 03.408.609/0001-92;POSTO FREEWAY LTDA;POSTO FREEWAY LTDA;IPIRANGA;AVENIDA FRANCISCO MARDEGAN, 535 - MARBRASA;29313-690;CACHOEIRO DE ITAPEMIRIM;ES;SE;DIESEL, DIESEL S10, ETANOL, GASOLINA, GASOLINA ADITIVADA;6,65 / 6,79 / 4,71 / 7,25 / 7,37;"R$ / litro; R$ / litro; R$ / litro; R$ / litro; R$ / litro";"Conveniencia; Calibragem";;;;
18/06/2026;2026-S25;CONCORRENTE; 04.411.606/0001-70;AUTO POSTO VALAO LTDA;AUTO POSTO VALAO LTDA;BRANCA;RUA JOSE AMARAL, 232 - ELPIDIO VOLPINI;29309-760;CACHOEIRO DE ITAPEMIRIM;ES;SE;DIESEL S10, ETANOL, GASOLINA;6,79 / 4,59 / 7,09;"R$ / litro; R$ / litro; R$ / litro";Conveniencia, Troca de oleo, Borracharia;;;;
18/06/2026;2026-S25;PROPRIO; 11.222.333/0001-81;REDE MARE COMBUSTIVEIS LTDA;REDE MARE;BRANCA;AVENIDA MARIO GURGEL, 1092 - ITAQUARI;29151-570;CARIACICA;ES;SE;DIESEL, DIESEL S10, ETANOL, GASOLINA, GASOLINA ADITIVADA, GNV;6,76 / 6,82 / 4,87 / 6,59 / 6,59 / 4,29;"R$ / litro; R$ / litro; R$ / litro; R$ / litro; R$ / litro; R$ / m³";"Conveniencia; Troca de oleo; Caixa eletronico; Borracharia";Fernanda Castro;(27) 99720-4488;00.580.488/0001-73 / 13.814.642/0001-76 / 15.226.314/0001-84;
18/06/2026;2026-S25;PROPRIO; 11.222.333/0005-05;REDE MARE COMBUSTIVEIS LTDA;REDE MARE;BRANCA;AVENIDA MARIO GURGEL, 3127 - FUNDOSCOM A AV EXPEDITO GA - CAMPO GRANDE;29146-012;CARIACICA;ES;SE;DIESEL S10, ETANOL, GASOLINA, GASOLINA ADITIVADA, GNV;6,99 / 4,69 / 6,39 / 6,59 / 4,27;"R$ / litro; R$ / litro; R$ / litro; R$ / litro; R$ / m³";Conveniencia;Marcos Lyrio;(27) 99890-1276 / (27) 3345-0098;"00.580.488/0001-73; 13.814.642/0001-76; 15.226.314/0001-84";
18/06/2026;2026-S25;CONCORRENTE; 13.814.642/0001-76;POSTO BR 31 AUTO SERVICOS LTDA;POSTO BR 31 AUTO SERVICOS LTDA;RAIZEN;AVENIDA MARIO GURGEL, 2844 - ALTO LAJE;29151-026;CARIACICA;ES;SE;DIESEL S10, ETANOL, GASOLINA, GASOLINA ADITIVADA;6,89 / 4,69 / 6,35 / 6,75;"R$ / litro; R$ / litro; R$ / litro; R$ / litro";Troca de oleo, Calibragem, Caixa eletronico, Conveniencia;;;;
18/06/2026;2026-S25;CONCORRENTE; 15.226.314/0001-84;MAIS COMERCIO DE COMBUSTIVEL CARIACICA LTDA.;MAIS COMERCIO DE COMBUSTIVEL CARIACICA LTDA;BRANCA;AVENIDA MARIO GURGEL, 4935 - VILA PALESTINA;29145-711;CARIACICA;ES;SE;ETANOL, GASOLINA;4,69 / 6,39;"R$ / litro; R$ / litro";"Borracharia; Lava-jato; Conveniencia; Calibragem";;;;
18/06/2026;2026-S25;CONCORRENTE; 20.863.591/0001-38;AUTO POSTO ZAMPIROLO LTDA;AUTO POSTO ZAMPIROLO LTDA;VIBRA;RODOVIA GOVERNADOR LACERDA DE AGUIAR, SN - CORONEL BORGES;29306-095;CACHOEIRO DE ITAPEMIRIM;ES;SE;DIESEL, DIESEL S10, ETANOL, GASOLINA, GASOLINA ADITIVADA;6,89 / 6,99 / 5,19 / 6,99 / 7,14;"R$ / litro; R$ / litro; R$ / litro; R$ / litro; R$ / litro";Calibragem, Troca de oleo, Borracharia, Conveniencia;;;;
2026-06-18;2026-S25;CONCORRENTE; 21.931.941/0001-19;AUTO POSTO INDEPENDENCIA LTDA;AUTO POSTO INDEPENDENCIA LTDA;IPIRANGA;"AVENIDA MAURO MIRANDA MADUREIRA, 1662 - : 1662 A 1720; - CENTRAL PARQUE";29313-162;CACHOEIRO DE ITAPEMIRIM;ES;SE;DIESEL, DIESEL S10, ETANOL, GASOLINA, GASOLINA ADITIVADA;6,69 / 6,79 / 5,05 / 7,26 / 7,56;"R$ / litro; R$ / litro; R$ / litro; R$ / litro; R$ / litro";"Lava-jato; Calibragem; Borracharia; Troca de oleo";;;;
18/06/2026;2026-S25;CONCORRENTE; 24.145.665/0001-51;C.R.B. DEZAN E CIA LTDA;C.R.B. DEZAN E CIA LTDA;ATLÂNTICA;AVENIDA MARIO GURGEL, 5913 - AUTO POSTO - SAO FRANCISCO;29145-409;CARIACICA;ES;SE;DIESEL S10, ETANOL, GASOLINA;6,89 / 4,69 / 6,39;"R$ / litro; R$ / litro; R$ / litro";Conveniencia, Caixa eletronico;;;;
18/06/2026;2026-S25;CONCORRENTE; 27.016.518/0001-70;AUTO POSTO CONTORNO LTDA;AUTO POSTO CONTORNO LTDA;VIBRA;RODOVIA GOVERNADOR MARIO COVAS, 11282 - SERRA DO ANIL;29147-030;CARIACICA;ES;SE;DIESEL, DIESEL S10, ETANOL, GASOLINA, GASOLINA ADITIVADA;6,59 / 6,69 / 4,59 / 6,29 / 6,49;"R$ / litro; R$ / litro; R$ / litro; R$ / litro; R$ / litro";Borracharia;;;;
18/06/2026;2026-S25;CONCORRENTE; 27.124.023/0001-64;POSTO NOGUEIRA LTDA;POSTO NOGUEIRA LTDA;BRANCA;RUA CORONEL FRANCISCO BRAGA, 2 - 02 A 08 - CENTRO;29300-220;CACHOEIRO DE ITAPEMIRIM;ES;SE;DIESEL, DIESEL S10, GASOLINA;7,39 / 7,49 / 7,45;"R$ / litro; R$ / litro; R$ / litro";"Borracharia; Lava-jato";;;;
18/06/2026;2026-S25;CONCORRENTE; 27.179.654/0003-42;ITAPEMIRIM ORGANIZACAO DE PETROLEO LTDA;ITAPEMIRIM ORGANIZACAO DE PETROLEO LTDA;ATLÂNTICA;AVENIDA JONES DOS SANTOS NEVES, 1196 - CAICARA;29310-376;CACHOEIRO DE ITAPEMIRIM;ES;SE;DIESEL, ETANOL, GASOLINA, GASOLINA ADITIVADA, GNV;6,89 / 5,19 / 7,29 / 7,29 / 4,59;"R$ / litro; R$ / litro; R$ / litro; R$ / litro; R$ / m³";Lava-jato,Conveniencia,Caixa eletronico,Troca de oleo;;;;
18/06/2026;2026-S25;CONCORRENTE; 27.394.378/0001-73;POSTO DE PRODUTOS DE PETROLEO OASIS LTDA;POSTO DE PRODUTOS DE PETROLEO OASIS LTDA;IPIRANGA;AVENIDA MARIO GURGEL, 297 - JARDIM AMERICA;29140-261;CARIACICA;ES;SE;DIESEL S10, GASOLINA, GASOLINA ADITIVADA, GNV;6,79 / 6,64 / 6,84 / 4,29;"R$ / litro; R$ / litro; R$ / litro; R$ / m³";Calibragem / Caixa eletronico;;;;
18/06/2026;2026-S25;CONCORRENTE; 27.396.415/0001-82;AUTO SERVICO SAO CRISTOVAO LTDA;AUTO SERVICO SAO CRISTOVAO LTDA;VIBRA;AVENIDA MARIO GURGEL, 4 - KM    4 5  BR 262 - DOM BOSCO;29147-345;CARIACICA;ES;SE;ETANOL, GASOLINA, GNV;4,89 / 6,48 / 4,28;"R$ / litro; R$ / litro; R$ / m³";Caixa eletronico,Borracharia,Conveniencia;;;;promo fim de semana?
18/06/2026;2026-S25;CONCORRENTE; 27.926.384/0001-24;PETROVERA - POSTO DE PRODUTOS DE PETROLEO E TRANSPORTES LTDA - ME;PETROVERA - POSTO DE PRODUTOS DE PETROLEO E TRANSPORTES LTDA - ME;IPIRANGA;RODOVIA GOVERNADOR JOSE HENRIQUE SETTE, 906 - PAVMTO01 - ALTO LAGE;29151-055;CARIACICA;ES;SE;DIESEL, DIESEL S10, ETANOL, GASOLINA, GASOLINA ADITIVADA;6,89 / 6,99 / 4,69 / 6,36 / 6,39;"R$ / litro; R$ / litro; R$ / litro; R$ / litro; R$ / litro";Caixa eletronico,Conveniencia,Borracharia,Calibragem;;;;
18/06/2026;2026-S25;CONCORRENTE; 28.344.206/0001-58;POSTO DE COMBUSTIVEIS ITACIBA LTDA;POSTO DE COMBUSTIVEIS ITACIBA LTDA;BRANCA;RUA MANOEL JOAQUIM DOS SANTOS, 317 - ITACIBA;29150-270;CARIACICA;ES;SE;ETANOL, GASOLINA, GASOLINA ADITIVADA;4,49 / 6,36 / 6,36;"R$ / litro; R$ / litro; R$ / litro";Troca de oleo / Conveniencia / Lava-jato / Borracharia;;;;
18/06/2026;2026-S25;CONCORRENTE; 28.505.616/0001-33;SUDESTE  COMERCIO DE COMBUSTIVEIS LTDA;SUDESTE  COMERCIO DE COMBUSTIVEIS LTDA;VIBRA;FAZENDA NASSAU I, S/N - AREA RURAL DE CACHOEIRO DE ITAPEMIRIM;29320-899;CACHOEIRO DE ITAPEMIRIM;ES;SE;DIESEL, DIESEL S10, GASOLINA, GASOLINA ADITIVADA;7,19 / 7,29 / 6,89 / 7,19;"R$/l; R$/l; R$/l; R$/l";Borracharia, Troca de oleo;;;;
18/06/2026;2026-S25;CONCORRENTE; 30.869.047/0001-57;ABT COMERCIO DE COMBUSTIVEIS LTDA;ABT COMERCIO DE COMBUSTIVEIS LTDA;BRANCA;RODOVIA GOVERNADOR MARIO COVAS, 1874 - KM    65 - BOA VISTA;29931-200;SAO MATEUS;ES;SE;DIESEL, DIESEL S10, ETANOL, GASOLINA;6,89 / 6,99 / 4,79 / 6,99;"R$ / litro; R$ / litro; R$ / litro; R$ / litro";Lava-jato,Troca de oleo,Caixa eletronico;;;;
18/06/2026;2026-S25;CONCORRENTE; 31.284.466/0001-90;POSTO DUAS BARRAS LTDA;POSTO DUAS BARRAS LTDA;RAIZEN;RODOVIA BR -482 CACHOEIRO X ALEGRE, 8 - WALDIR F. DE AMORIM;29313-760;CACHOEIRO DE ITAPEMIRIM;ES;SE;DIESEL, DIESEL S10, ETANOL, GASOLINA, GASOLINA ADITIVADA;6,69 / 6,79 / 5,05 / 7,26 / 7,56;"R$ / litro; R$ / litro; R$ / litro; R$ / litro; R$ / litro";Borracharia;;;;
18/06/2026;2026-S25;CONCORRENTE; 39.281.274/0001-31;UNIPOSTO DERIVADOS DE PETROLEO LTDA;UNIPOSTO DERIVADOS DE PETROLEO LTDA;VIBRA;RODOVIA ENGENHEIRO FABIANO VIVACQUA, 2114 - ANEXO 2162 - BR 482 - ALVARO TAVARES;29316-258;CACHOEIRO DE ITAPEMIRIM;ES;SE;DIESEL, DIESEL S10, ETANOL, GASOLINA, GASOLINA ADITIVADA, GNV;6,59 / 6,69 / 4,99 / 7,04 / 7,24 / 4,59;"R$ / litro; R$ / litro; R$ / litro; R$ / litro; R$ / litro; R$ / m³";Conveniencia;;;;
19/06/2026;2026-S25;CONCORRENTE; 36.411.940/0002-00;VESCOVI & BITTI LTDA;VESCOVI & BITTI LTDA;VIBRA;AVENIDA FLORESTAL, 838 - SEGATTO;29192-154;ARACRUZ;ES;SE;DIESEL, DIESEL S10, ETANOL, GASOLINA, GASOLINA ADITIVADA;6,89 / 6,99 / 5,09 / 6,64 / 6,94;"R$ / litro; R$ / litro; R$ / litro; R$ / litro; R$ / litro";Calibragem,Caixa eletronico,Conveniencia;;;;
22/06/2026;2026-S26;CONCORRENTE; 01.496.517/0001-86;POSTO PERIM;POSTO PERIM LTDA;VIBRA;RUA SANTA LEOPOLDINA, 1650 - ITAPARICA;29102-040;VILA VELHA;ES;SE;DIESEL S10, ETANOL, GASOLINA, GASOLINA ADITIVADA;6,99 / 4,89 / 6,69 / 6,89;"R$ / litro; R$ / litro; R$ / litro; R$ / litro";Conveniencia,Borracharia,Caixa eletronico,Calibragem;;;;
22/06/2026;2026-S26;CONCORRENTE; 01.635.041/0002-06;ITAPARICA PETROLEO E COMERCIO LTDA;ITAPARICA PETROLEO E COMERCIO LTDA;RAIZEN;AVENIDA CARLOS LINDENBERG, 1395 - COBI DE CIMA;29117-730;VILA VELHA;ES;SE;DIESEL, ETANOL, GASOLINA, GASOLINA ADITIVADA;6,79 / 4,59 / 6,69 / 7,09;"R$/l; R$/l; R$/l; R$/l";Troca de oleo / Calibragem / Lava-jato / Conveniencia;;;;
22/06/2026;2026-S26;CONCORRENTE; 01.823.633/0001-62;POSTO METROPOLITANO LTDA;POSTO METROPOLITANO LTDA;IPIRANGA;VIA DOIS, 226 - ANEXO QUADRA 03 MODULO 03 - TIMS;29161-373;SERRA;ES;SE;DIESEL S10, ETANOL;6,69 / 4,69;"R$ / litro; R$ / litro";"Borracharia; Calibragem";;;;
22/06/2026;2026-S26;CONCORRENTE; 02.567.214/0001-70;POSTO DE COMBUSTIVEL IDEAL LTDA.;POSTO DE COMBUSTIVEL IDEAL LTDA;IPIRANGA;AVENIDA VITORIA, 3031 - GURIGICA;29027-080;VITORIA;ES;SE;ETANOL, GASOLINA, GASOLINA ADITIVADA;4,55 / 6,38 / 6,52;"R$ / litro; R$ / litro; R$ / litro";"Conveniencia; Borracharia; Calibragem";;;;
22/06/2026;2026-S26;CONCORRENTE; 04.145.589/0011-49;ARARA AZUL REDE DE POSTOS LTDA;ARARA AZUL REDE DE POSTOS LTDA;VIBRA;RODOVIA RODOVIA DO SOL, 530 - PRAIA DE ITAPARICA;29102-020;VILA VELHA;ES;SE;DIESEL S10, ETANOL, GASOLINA, GASOLINA ADITIVADA;6,74 / 4,59 / 6,67 / 6,92;"R$ / litro; R$ / litro; R$ / litro; R$ / litro";Lava-jato, Troca de oleo, Borracharia;;;;
22/06/2026;2026-S26;CONCORRENTE; 04.228.463/0001-66;AUTO POSTO MARLIN LTDA;AUTO POSTO MARLIN LTDA;ATLÂNTICA;RUA JUIZ ALEXANDRE MARTINS DE CASTRO FILHO, 285 - SANTA LUCIA;29056-295;VITORIA;ES;SE;DIESEL S10, ETANOL, GASOLINA, GASOLINA ADITIVADA;6,99 / 4,99 / 6,69 / 6,89;"R$ / litro; R$ / litro; R$ / litro; R$ / litro";Caixa eletronico,Troca de oleo;;;;
2026-06-22;2026-S26;CONCORRENTE; 04.361.389/0001-51;AUTO POSTO WAVE LTDA;AUTO POSTO WAVE LTDA;ALE;AVENIDA TALMA RODRIGUES RIBEIRO, 5416 A - PORTAL DE JACARAIPE;29173-795;Serra ;ES;SE;DIESEL, DIESEL S10, ETANOL, GASOLINA;6,78 / 6,88 / 4,69 / 6,64;"R$ / litro; R$ / litro; R$ / litro; R$ / litro";Calibragem / Borracharia;;;;
22/06/2026;2026-S26;CONCORRENTE; 04.960.337/0001-00;RENOVA COMERCIO COMBUSTIVEL E SERVICOS LTDA;RENOVA COMERCIO COMBUSTIVEL E SERVICOS LTDA;BRANCA;AVENIDA LEITAO DA SILVA, 1150 - SANTA LUCIA;29056-184;VITORIA;ES;SE;ETANOL, GASOLINA, GASOLINA ADITIVADA;4,55 / 6,65 / 6,65;"R$ / litro; R$ / litro; R$ / litro";Borracharia,Calibragem;;;;
22/06/2026;2026-S26;CONCORRENTE; 05.738.923/0001-69;GEGEL AUTO POSTO LTDA;GEGEL AUTO POSTO LTDA;RAIZEN;AVENIDA CENTRAL B, S/N - QUADRAEC VII - CIVIT II;29168-071;SERRA;ES;SE;DIESEL, ETANOL, GASOLINA, GASOLINA ADITIVADA;6,89 / 5,09 / 6,64 / 7,14;"R$ / litro; R$ / litro; R$ / litro; R$ / litro";Conveniencia, Borracharia, Caixa eletronico, Calibragem;;;;
22/06/2026;2026-S26;CONCORRENTE; 08.788.618/0001-70;J. S. PETROLEO E COMERCIO LTDA.;J. S. PETROLEO E COMERCIO LTDA.;RAIZEN;AVENIDA DANTE MICHELINI, 2461 - MATA DA PRAIA;29066-430;VITORIA;ES;SE;ETANOL, GASOLINA, GASOLINA ADITIVADA, GNV;4,99 / 6,69 / 6,99 / 4,29;"R$ / litro; R$ / litro; R$ / litro; R$ / m³";Borracharia, Caixa eletronico, Troca de oleo;;;;
22/06/2026;2026-S26;CONCORRENTE; 10.569.345/0001-14;POSTO CRISTOVAO COLOMBO LTDA;POSTO CRISTOVAO COLOMBO LTDA;VIBRA;RUA CRISTOVAO COLOMBO, 582 - CRISTOVAO COLOMBO;29106-595;VILA VELHA;ES;SE;GASOLINA, GASOLINA ADITIVADA;6,69 / 6,99;"R$ / litro; R$ / litro";Caixa eletronico, Troca de oleo, Lava-jato, Calibragem;;;;
22/06/2026;2026-S26;PROPRIO; 11.222.333/0003-43;REDE MARE COMBUSTIVEIS LTDA;REDE MARE;BRANCA;AVENIDA VITORIA, 2667 - HORTO;29027-080;VITORIA;ES;SE;DIESEL S10, ETANOL, GASOLINA, GASOLINA ADITIVADA;6,89 / 4,55 / 6,38 / 6,38;"R$ / litro; R$ / litro; R$ / litro; R$ / litro";"Conveniencia; Borracharia";Paulo Ferraz;(27) 99945-7810 / (27) 3226-4410;02.567.214/0001-70 / 14.806.977/0001-05 / 26.980.450/0001-81;
22/06/2026;2026-S26;CONCORRENTE; 11.942.147/0001-17;POSTO PARADA VITORIA LTDA;POSTO PARADA VITORIA LTDA;ALE;AVENIDA MARECHALCAMPOS, 370 - CONSOLACAO;29045-460;VITORIA;ES;SE;DIESEL S10, ETANOL, GASOLINA, GASOLINA ADITIVADA;6,87 / 4,68 / 6,64 / 6,74;"R$ / litro; R$ / litro; R$ / litro; R$ / litro";Conveniencia, Caixa eletronico, Troca de oleo;;;;
22/06/2026;2026-S26;CONCORRENTE; 12.535.572/0001-54;AUTO POSTO MORADA LTDA;AUTO POSTO MORADA LTDA;IPIRANGA;AVENIDA PAULO PEREIRA GOMES, S/N - LOTE  03C                 QUADRAUE IV               SETOR II - MORADA DE LARANJEIRAS;29166-828;SERRA;ES;SE;DIESEL S10, ETANOL, GASOLINA, GASOLINA ADITIVADA;6,85 / 4,79 / 6,64 / 6,94;"R$ / litro; R$ / litro; R$ / litro; R$ / litro";Borracharia, Calibragem, Troca de oleo;;;;
22/06/2026;2026-S26;CONCORRENTE; 14.806.977/0001-05;AUTO POSTO SILVARES LTDA;AUTO POSTO SILVARES LTDA;IPIRANGA;AVENIDA   NAIR AZEVEDO SILVA, 430 - ILHA DO PRINCIPE;29020-240;VITORIA;ES;SE;ETANOL, GASOLINA, GASOLINA ADITIVADA;4,79 / 6,69 / 6,89;"R$ / litro; R$ / litro; R$ / litro";Borracharia;;;;
22/06/2026;2026-S26;CONCORRENTE; 15.010.530/0001-98;AUTO POSTO R M LTDA;AUTO POSTO R M LTDA;RAIZEN;"RODOVIA DO SOL, 3701 - LOTE: 11; QUADRA: 64; - PRAIA DE ITAPARICA";29102-023;VILA VELHA;ES;SE;DIESEL S10, ETANOL, GASOLINA, GASOLINA ADITIVADA;6,74 / 4,54 / 6,67 / 7,07;"R$ / litro; R$ / litro; R$ / litro; R$ / litro";Conveniencia;;;;
22/06/2026;2026-S26;CONCORRENTE; 16.577.742/0001-14;AUTO POSTO ESCOLA COMERCIO DE COMBUSTIVEIS, LUBRIFICANTES E SERVICOS LTDA;AUTO POSTO ESCOLA COMERCIO DE COMBUSTIVEIS, LUBRIFICANTES E SERVICOS LTDA;VIBRA;"AVENIDA AMERICO BUAIZ, 1 - : POSTO; - ENSEADA DO SUA";29050-463;Vitória;ES;SE;GASOLINA, GASOLINA ADITIVADA;6,67 / 6,87;"R$ / litro; R$ / litro";Troca de oleo / Caixa eletronico;;;;
22/06/2026;2026-S26;CONCORRENTE; 17.753.176/0001-17;AUTO POSTO BOULEVARD LTDA;AUTO POSTO BOULEVARD LTDA;ALE;"RODOVIA DO SOL, S/N - LOTE: 08 E 09; QUADRA: 59; - PRAIA DE ITAPARICA";29102-020;VILA VELHA;ES;SE;DIESEL S10, ETANOL, GASOLINA, GASOLINA ADITIVADA;6,74 / 4,54 / 6,67 / 7,07;"R$ / litro; R$ / litro; R$ / litro; R$ / litro";Troca de oleo,Conveniencia,Calibragem,Lava-jato;;;;
22/06/2026;2026-S26;CONCORRENTE; 22.356.015/0001-20;CENTRAL COMERCIO DE COMBUSTIVEIS LTDA;CENTRAL COMERCIO DE COMBUSTIVEIS LTDA;IPIRANGA;"AVENIDA ELDES SCHERRER SOUZA, 2100 - : POSTO; - CIVIT II";29168-060;SERRA;ES;SE;DIESEL, DIESEL S10, ETANOL, GASOLINA, GASOLINA ADITIVADA, GNV;6,79 / 6,89 / 4,69 / 6,69 / 6,89 / 4,29;"R$/l; R$/l; R$/l; R$/l; R$/l; R$ / m³";Troca de oleo / Borracharia / Lava-jato / Conveniencia;;;;
22/06/2026;2026-S26;CONCORRENTE; 26.980.450/0001-81;AUTO POSTO VITORIA COMERCIO DE COMBUSTIVEIS LTDA;AUTO POSTO VITORIA COMERCIO DE COMBUSTIVEIS LTDA;VIBRA;RUA OLYMPIO RODRIGUES PASSOS, 14 - LOJA  01 - JABOUR;29072-290;VITORIA;ES;SE;ETANOL, GASOLINA, GASOLINA ADITIVADA;4,75 / 6,69 / 6,89;"R$ / litro; R$ / litro; R$ / litro";Caixa eletronico;;;;
22/06/2026;2026-S26;CONCORRENTE; 27.066.273/0002-76;POSTO ARVOREDO LTDA;POSTO ARVOREDO LTDA;BRANCA;AVENIDA VITORIA, 1600 - POSTO - ILHA DE SANTA MARIA;29051-040;VITORIA;ES;SE;ETANOL, GASOLINA, GASOLINA ADITIVADA;4,55 / 6,38 / 6,38;"R$/l; R$/l; R$/l";Lava-jato,Troca de oleo,Borracharia;;;;
22/06/2026;2026-S26;CONCORRENTE; 27.734.094/0001-89;POSTO ATLANTICO LTDA;POSTO ATLANTICO LTDA;RAIZEN;AVENIDA DANTE MICHELINI, 4655 - POSTO - JARDIM CAMBURI;29090-070;VITORIA;ES;SE;GASOLINA, GASOLINA ADITIVADA;6,69 / 7,04;"R$ / litro; R$ / litro";Borracharia, Calibragem;;;;
22/06/2026;2026-S26;CONCORRENTE; 28.059.632/0001-40;A.B.C. AUTO SERVICOS LTDA;A.B.C. AUTO SERVICOS LTDA;RAIZEN;AVENIDA ROBERT KENNEDY, 21 - A - SAO TORQUATO;29114-000;VILA VELHA;ES;SE;DIESEL, DIESEL S10, GASOLINA, GASOLINA ADITIVADA;6,89 / 6,89 / 6,67 / 7,07;"R$ / litro; R$ / litro; R$ / litro; R$ / litro";Caixa eletronico,Borracharia,Troca de oleo;;;;
22/06/2026;2026-S26;CONCORRENTE; 28.413.219/0001-31;COMERCIAL NORTE SUL LTDA;COMERCIAL NORTE SUL LTDA;VIBRA;AVENIDA MARUIPE, 2757 - SANTA LUIZA;29045-230;VITORIA;ES;SE;GASOLINA, GASOLINA ADITIVADA;6,69 / 6,99;"R$ / litro; R$ / litro";Lava-jato;;;;
22/06/2026;2026-S26;CONCORRENTE; 31.465.040/0001-32;POSTO ITAPOA LTDA;POSTO ITAPOA LTDA;IPIRANGA;AVENIDA FRANCELINA SETUBAL, 333 - ITAPOAN;29100-000;VILA VELHA;ES;SE;DIESEL S10, ETANOL, GASOLINA, GASOLINA ADITIVADA;6,78 / 4,55 / 6,67 / 6,87;"R$ / litro; R$ / litro; R$ / litro; R$ / litro";Calibragem / Lava-jato;;;;
23/06/2026;2026-S26;CONCORRENTE; 01.503.536/0001-92;POSTO MARCELA LTDA;POSTO MARCELA LTDA;VIBRA;RUA DO PESSEGUEIRO, S/N - DIVINO ESPÍRITO SANTO;29107-230;VILA VELHA;ES;SE;DIESEL S10, GASOLINA, GASOLINA ADITIVADA;6,79 / 6,69 / 6,89;"R$ / litro; R$ / litro; R$ / litro";Caixa eletronico / Borracharia;;;;
23/06/2026;2026-S26;CONCORRENTE; 02.582.857/0001-92;POSTO CAMPO GRANDE LTDA;POSTO CAMPO GRANDE LTDA;ATLÂNTICA;AVENIDA EXPEDITO GARCIA, 222 - CAMPO GRANDE;29157-405;CARIACICA;ES;SE;ETANOL, GASOLINA, GASOLINA ADITIVADA;4,79 / 6,35 / 6,35;"R$ / litro; R$ / litro; R$ / litro";Lava-jato;;;;
23/06/2026;2026-S26;CONCORRENTE; 04.145.589/0014-91;ARARA AZUL REDE DE POSTOS LTDA;ARARA AZUL REDE DE POSTOS LTDA;VIBRA;RODOVIA GOVERNADOR MARIO COVAS, 5445 - KM    264 - PLANALTO DE CARAPINA;29162-703;SERRA;ES;SE;DIESEL S10, ETANOL, GASOLINA, GASOLINA ADITIVADA, GNV;6,89 / 4,99 / 6,69 / 6,94 / 4,29;"R$/l; R$/l; R$/l; R$/l; R$ / m³";Caixa eletronico;;;;
23/06/2026;2026-S26;CONCORRENTE; 04.361.389/0002-32;AUTO POSTO WAVE LTDA;AUTO POSTO WAVE LTDA;ALE;AVENIDA MARTIN PESCADOR, 12 - PORTO CANOA;29168-460;SERRA;ES;SE;DIESEL S10, ETANOL, GASOLINA, GASOLINA ADITIVADA;6,99 / 4,85 / 6,64 / 6,84;"R$ / litro; R$ / litro; R$ / litro; R$ / litro";Borracharia, Caixa eletronico, Troca de oleo;;;;
23/06/2026;2026-S26;CONCORRENTE; 04.994.796/0001-04;POSTO SB LTDA;POSTO SB LTDA;VIBRA;AVENIDA BRASILIA, 1360 - PLANICIE DA SERRA;29168-710;SERRA;ES;SE;GASOLINA, GASOLINA ADITIVADA;6,39 / 6,54;"R$ / litro; R$ / litro";Borracharia / Calibragem / Troca de oleo / Caixa eletronico;;;;
23/06/2026;2026-S26;CONCORRENTE; 05.393.247/0001-39;POSTO CANOA DERIVADOS DE PETROLEO LTDA;POSTO CANOA DERIVADOS DE PETROLEO LTDA;ALE;AVENIDA BRASILIA, 575 - PORTO CANOA;29168-600;SERRA;ES;SE;DIESEL S10, ETANOL, GASOLINA, GASOLINA ADITIVADA;6,99 / 4,85 / 6,64 / 6,84;"R$ / litro; R$ / litro; R$ / litro; R$ / litro";"Borracharia; Caixa eletronico; Calibragem";;;;
23/06/2026;2026-S26;CONCORRENTE; 05.892.261/0001-87;AUTO POSTO VALE ENCANTADO LTDA.;AUTO POSTO VALE ENCANTADO LTDA.;VIBRA;RUA SOBREIRO, 395 - RIO MARINHO;29112-112;VILA VELHA;ES;SE;DIESEL, DIESEL S10, ETANOL, GASOLINA, GASOLINA ADITIVADA;6,59 / 6,89 / 4,59 / 6,69 / 6,89;"R$/l; R$/l; R$/l; R$/l; R$/l";Calibragem;;;;
23/06/2026;2026-S26;CONCORRENTE; 06.073.382/0001-60;AUTO POSTO SUCESSO LTDA;AUTO POSTO SUCESSO LTDA;BRANCA;AVENIDA JOAO FRANCISCO GONCALVES, 746 - COBILANDIA;29111-300;VILA VELHA;ES;SE;DIESEL S10, ETANOL, GASOLINA;6,86 / 4,45 / 6,55;"R$ / litro; R$ / litro; R$ / litro";Caixa eletronico, Calibragem, Lava-jato, Borracharia;;;;
23/06/2026;2026-S26;CONCORRENTE; 07.470.392/0001-00;POSTO DE COMBUSTIVEIS OTAVIO EIRELI;POSTO DE COMBUSTIVEIS OTAVIO EIRELI;RAIZEN;AVENIDA ABDO SAAD, 833 - JACARAIPE;29173-510;SERRA;ES;SE;DIESEL, ETANOL, GASOLINA, GASOLINA ADITIVADA;6,89 / 4,69 / 6,64 / 6,99;"R$ / litro; R$ / litro; R$ / litro; R$ / litro";Borracharia;;;;
23/06/2026;2026-S26;CONCORRENTE; 07.571.908/0001-02;AUTO POSTO CORAL LTDA;AUTO POSTO CORAL LTDA;VIBRA;AVENIDA NORTE SUL, 259 - N.S.DO ROSARIO DE FATIMA;29176-798;SERRA;ES;SE;GASOLINA, GASOLINA ADITIVADA;6,67 / 6,97;"R$ / litro; R$ / litro";Borracharia, Lava-jato, Conveniencia;;;;
23/06/2026;2026-S26;CONCORRENTE; 08.022.304/0001-61;AUTO POSTO DE COMBUSTIVEL RTT LTDA;AUTO POSTO DE COMBUSTIVEL RTT LTDA;IPIRANGA;RUA MOEMA, 38 - DIVINO ESPIRITO SANTO;29107-250;VILA VELHA;ES;SE;DIESEL S10, ETANOL, GASOLINA, GASOLINA ADITIVADA;6,99 / 4,99 / 6,65 / 6,95;"R$ / litro; R$ / litro; R$ / litro; R$ / litro";Borracharia;;;;
23/06/2026;2026-S26;CONCORRENTE; 09.167.931/0001-53;POSTO CHAMPAGNAT LTDA;POSTO CHAMPAGNAT LTDA;IPIRANGA;RUA HUGO MUSSO, 550 - PRAIA DA COSTA;29101-280;VILA VELHA;ES;SE;DIESEL S10, ETANOL, GASOLINA, GASOLINA ADITIVADA;6,99 / 4,99 / 6,69 / 6,89;"R$ / litro; R$ / litro; R$ / litro; R$ / litro";"Calibragem; Conveniencia; Caixa eletronico";;;;
23/06/2026;2026-S26;CONCORRENTE; 10.197.775/0001-52;REDE DE POSTOS SAGUI LTDA;REDE DE POSTOS SAGUI LTDA;ATLÂNTICA;RUA EUCLIDES DA CUNHA, 421 - SAO DIOGO I;29163-265;SERRA;ES;SE;DIESEL S10, ETANOL, GASOLINA, GASOLINA ADITIVADA;6,99 / 4,79 / 6,67 / 6,87;"R$ / litro; R$ / litro; R$ / litro; R$ / litro";Caixa eletronico / Conveniencia;;;;
23/06/2026;2026-S26;PROPRIO; 11.222.333/0001-81;REDE MARE COMBUSTIVEIS LTDA;REDE MARE;BRANCA;AVENIDA MARIO GURGEL, 1092 - ITAQUARI;29151-570;CARIACICA;ES;SE;DIESEL, DIESEL S10, ETANOL, GASOLINA, GASOLINA ADITIVADA, GNV;6,76 / 6,82 / 4,87 / 6,69 / 6,69 / 4,29;"R$ / litro; R$ / litro; R$ / litro; R$ / litro; R$ / litro; R$ / m³";Conveniencia,Troca de oleo,Caixa eletronico,Borracharia;Carlos Menezes;(27) 99811-2041 / (27) 3334-1100;"00.580.488/0001-73; 13.814.642/0001-76; 15.226.314/0001-84";
23/06/2026;2026-S26;PROPRIO; 11.222.333/0005-05;REDE MARE COMBUSTIVEIS LTDA;REDE MARE;BRANCA;AVENIDA MARIO GURGEL, 3127 - FUNDOSCOM A AV EXPEDITO GA - CAMPO GRANDE;29146-012;CARIACICA;ES;SE;DIESEL S10, ETANOL, GASOLINA, GASOLINA ADITIVADA, GNV;6,99 / 4,69 / 6,49 / 6,59 / 4,27;"R$ / litro; R$ / litro; R$ / litro; R$ / litro; R$ / m³";Conveniencia;Marcos Lyrio;(27) 99890-1276 / (27) 3345-0098;00.580.488/0001-73 / 13.814.642/0001-76 / 15.226.314/0001-84;
23/06/2026;2026-S26;CONCORRENTE; 13.814.642/0001-76;POSTO BR 31 AUTO SERVICOS LTDA;POSTO BR 31 AUTO SERVICOS LTDA;RAIZEN;AVENIDA MARIO GURGEL, 2844 - ALTO LAJE;29151-026;CARIACICA;ES;SE;DIESEL S10, ETANOL, GASOLINA, GASOLINA ADITIVADA;6,89 / 4,59 / 6,67 / 7,07;"R$ / litro; R$ / litro; R$ / litro; R$ / litro";Troca de oleo / Calibragem / Caixa eletronico / Conveniencia;;;;
23/06/2026;2026-S26;CONCORRENTE; 15.226.314/0001-84;MAIS COMERCIO DE COMBUSTIVEL CARIACICA LTDA;MAIS COMERCIO DE COMBUSTIVEL CARIACICA LTDA;BRANCA;AVENIDA MARIO GURGEL, 4935 - VILA PALESTINA;29145-711;CARIACICA;ES;SE;ETANOL, GASOLINA;4,69 / 6,39;"R$ / litro; R$ / litro";Borracharia / Lava-jato / Conveniencia / Calibragem;;;;
23/06/2026;2026-S26;CONCORRENTE; 17.375.525/0001-04;AUTO POSTO LUCAS - EPP.;AUTO POSTO LUCAS - EPP.;ALE;AVENIDA ROMULO CASTELLO, 791 - LOTES 20 A 23 - CASTELANDIA;29172-620;SERRA;ES;SE;DIESEL S10, ETANOL, GASOLINA, GASOLINA ADITIVADA;6,88 / 4,65 / 6,64 / 6,84;"R$ / litro; R$ / litro; R$ / litro; R$ / litro";Troca de oleo,Calibragem,Borracharia,Caixa eletronico;;;;
23/06/2026;2026-S26;CONCORRENTE; 18.366.697/0001-84;POSTO RIO MARINHO COMERCIO DE DERIVADOS DE PETROLEO EIRELI - EPP;POSTO RIO MARINHO COMERCIO DE DERIVADOS DE PETROLEO EIRELI - EPP;VIBRA;AVENIDA RIO MARINHO, S/N - RIO MARINHO;29112-690;VILA VELHA;ES;SE;DIESEL, DIESEL S10, ETANOL, GASOLINA, GASOLINA ADITIVADA;6,47 / 6,65 / 4,55 / 6,49 / 6,79;"R$ / litro; R$ / litro; R$ / litro; R$ / litro; R$ / litro";Conveniencia;;;;
23/06/2026;2026-S26;CONCORRENTE; 21.246.940/0001-35;AUTO POSTO GASCROMA COMERCIO DE COMBUSTIVEIS, LUBRIFICANTES E SERVICOS LTDA;AUTO POSTO GASCROMA COMERCIO DE COMBUSTIVEIS, LUBRIFICANTES E SERVICOS LTDA;VIBRA;AVENIDA JERONIMO MONTEIRO, 840 - JABURUNA;29100-600;VILA VELHA;ES;SE;GASOLINA, GASOLINA ADITIVADA;6,69 / 6,89;"R$ / litro; R$ / litro";Calibragem / Conveniencia;;;;
23/06/2026;2026-S26;CONCORRENTE; 23.305.603/0001-05;POSTO MARLIM BRANCO - ME;POSTO MARLIM BRANCO LTDA - ME;VIBRA;AVENIDA ROMULO CASTELLO, 161 - LOTE  16 17 18 - CASTELANDIA;29172-620;SERRA;ES;SE;GASOLINA, GASOLINA ADITIVADA;6,64 / 6,99;"R$ / litro; R$ / litro";Borracharia;;;;
23/06/2026;2026-S26;CONCORRENTE; 24.145.665/0001-51;C.R.B. DEZAN E CIA LTDA;C.R.B. DEZAN E CIA LTDA;ATLÂNTICA;AVENIDA MARIO GURGEL, 5913 - AUTO POSTO - SAO FRANCISCO;29145-409;CARIACICA;ES;SE;DIESEL S10, ETANOL, GASOLINA;6,89 / 4,69 / 6,39;"R$ / litro; R$ / litro; R$ / litro";Conveniencia,Caixa eletronico;;;;
23/06/2026;2026-S26;CONCORRENTE; 27.394.378/0001-73;POSTO DE PRODUTOS DE PETROLEO OASIS LTDA;POSTO DE PRODUTOS DE PETROLEO OASIS LTDA;IPIRANGA;AVENIDA MARIO GURGEL, 297 - JARDIM AMERICA;29140-261;CARIACICA;ES;SE;DIESEL S10, GASOLINA, GASOLINA ADITIVADA, GNV;6,79 / 6,69 / 6,89 / 4,29;"R$ / litro; R$ / litro; R$ / litro; R$ / m³";"Calibragem; Caixa eletronico";;;;
23/06/2026;2026-S26;CONCORRENTE; 27.396.415/0001-82;AUTO SERVICO SAO CRISTOVAO LTDA;AUTO SERVICO SAO CRISTOVAO LTDA;VIBRA;AVENIDA MARIO GURGEL, 4 - KM    4 5  BR 262 - DOM BOSCO;29147-345;CARIACICA;ES;SE;ETANOL, GASOLINA, GNV;4,89 / 6,61 / 4,28;"R$ / litro; R$ / litro; R$ / m³";Caixa eletronico,Borracharia,Conveniencia;;;;
23/06/2026;2026-S26;CONCORRENTE; 29.986.296/0001-43;EDEPEL EQUIPAMENTOS E DERIVADOS DE PETROLEO LTDA;EDEPEL EQUIPAMENTOS E DERIVADOS DE PETROLEO LTDA;RAIZEN;AVENIDA MARIO GURGEL, 4338 - LOJA  POSTO - VILA CAPIXABA;29148-022;CARIACICA;ES;SE;ETANOL, GASOLINA, GASOLINA ADITIVADA;4,89 / 6,59 / 6,99;"R$ / litro; R$ / litro; R$ / litro";Borracharia,Lava-jato;;;;
24/06/2026;2026-S26;CONCORRENTE; 00.580.488/0001-73;POSTO DE GASOLINA MARACANA LTDA;POSTO DE GASOLINA MARACANA LTDA;IPIRANGA;AVENIDA ALICE COUTINHO SANTOS, 2101 - POSTO DE GASOLINA - MARACANA;29142-887;CARIACICA;ES;SE;DIESEL, DIESEL S10, ETANOL, GASOLINA, GASOLINA ADITIVADA;6,65 / 6,89 / 4,49 / 6,29 / 6,59;"R$ / litro; R$ / litro; R$ / litro; R$ / litro; R$ / litro";Troca de oleo / Borracharia / Caixa eletronico;;;;
24/06/2026;2026-S26;CONCORRENTE; 27.016.518/0001-70;AUTO POSTO CONTORNO LTDA;AUTO POSTO CONTORNO LTDA;VIBRA;RODOVIA GOVERNADOR MARIO COVAS, 11282 - SERRA DO ANIL;29147-030;CARIACICA;ES;SE;DIESEL, DIESEL S10, ETANOL, GASOLINA, GASOLINA ADITIVADA;6,59 / 6,69 / 4,59 / 6,29 / 6,49;"R$ / litro; R$ / litro; R$ / litro; R$ / litro; R$ / litro";Borracharia;;;;
24/06/2026;2026-S26;CONCORRENTE; 27.926.384/0001-24;PETROVERA - POSTO DE PRODUTOS DE PETROLEO E TRANSPORTES LTDA - ME;PETROVERA - POSTO DE PRODUTOS DE PETROLEO E TRANSPORTES LTDA - ME;IPIRANGA;RODOVIA GOVERNADOR JOSE HENRIQUE SETTE, 906 - PAVMTO01 - ALTO LAGE;29151-055;CARIACICA;ES;SE;DIESEL, DIESEL S10, ETANOL, GASOLINA, GASOLINA ADITIVADA;6,69 / 6,79 / 4,59 / 6,35 / 6,35;"R$ / litro; R$ / litro; R$ / litro; R$ / litro; R$ / litro";Caixa eletronico / Conveniencia / Borracharia / Calibragem;;;;
25/06/2026;2026-S26;CONCORRENTE; 00.345.721/0001-33;RUBENS SCHUENG FILHO;RUBENS SCHUENG FILHO;IPIRANGA;RUA DOUTOR RAIMUNDO GUILHERME SOBRINHO, 605 - FRENTE - SERNAMBY;29930-480;SAO MATEUS;ES;SE;DIESEL S10, GASOLINA;6,99 / 6,79;"R$ / litro; R$ / litro";Conveniencia;;;;
25/06/2026;2026-S26;CONCORRENTE; 01.283.262/0001-73;POSTO CARIOQUINHA LTDA;POSTO CARIOQUINHA LTDA;BRANCA;AVENIDA FRANCISCO MARDEGAN, 90 - BOA VISTA;29315-477;CACHOEIRO DE ITAPEMIRIM;ES;SE;DIESEL, ETANOL, GASOLINA;6,75 / 4,89 / 7,16;"R$ / litro; R$ / litro; R$ / litro";Caixa eletronico;;;;
25/06/2026;2026-S26;CONCORRENTE; 02.583.872/0001-55;SANTA CLARA COMERCIO DE COMBUSTIVEIS LTDA;SANTA CLARA COMERCIO DE COMBUSTIVEIS LTDA;VIBRA;"RODOVIA ENGENHEIRO FABIANO VIVACQUA, 1414 - : A 1452; - MORRO GRANDE";29318-400;CACHOEIRO DE ITAPEMIRIM;ES;SE;DIESEL, DIESEL S10, ETANOL, GASOLINA, GASOLINA ADITIVADA;6,59 / 6,69 / 4,99 / 7,29 / 7,49;"R$ / litro; R$ / litro; R$ / litro; R$ / litro; R$ / litro";Caixa eletronico, Lava-jato, Conveniencia;;;;
25/06/2026;2026-S26;CONCORRENTE; 02.665.124/0001-11;AUTO POSTO SENNA LTDA.;AUTO POSTO SENNA LTDA.;RAIZEN;AVENIDA FRANCISCO LACERDA DE AGUIAR, 350 - GILBERTO MACHADO;29303-384;CACHOEIRO DE ITAPEMIRIM;ES;SE;DIESEL S10, ETANOL, GASOLINA, GASOLINA ADITIVADA;7,39 / 5,39 / 7,30 / 7,60;"R$ / litro; R$ / litro; R$ / litro; R$ / litro";Caixa eletronico / Conveniencia / Calibragem / Borracharia;;;;
25/06/2026;2026-S26;CONCORRENTE; 02.802.986/0001-49;A S SALES JUNIOR LTDA;A S SALES JUNIOR LTDA;ATLÂNTICA;RUA DAVINO MATOS, S/N - PARQUE AREIA PRETA;29200-615;GUARAPARI;ES;SE;DIESEL S10, ETANOL, GASOLINA, GASOLINA ADITIVADA;7,09 / 5,15 / 6,68 / 6,83;"R$ / litro; R$ / litro; R$ / litro; R$ / litro";Borracharia,Caixa eletronico,Lava-jato;;;;
25/06/2026;2026-S26;CONCORRENTE; 03.408.609/0001-92;POSTO FREEWAY LTDA;POSTO FREEWAY LTDA;IPIRANGA;AVENIDA FRANCISCO MARDEGAN, 535 - MARBRASA;29313-690;CACHOEIRO DE ITAPEMIRIM;ES;SE;DIESEL, DIESEL S10, ETANOL, GASOLINA, GASOLINA ADITIVADA;6,65 / 6,79 / 4,71 / 7,25 / 7,37;"R$ / litro; R$ / litro; R$ / litro; R$ / litro; R$ / litro";Conveniencia, Calibragem;;;;
25/06/2026;2026-S26;CONCORRENTE; 03.948.877/0003-69;AUTO POSTO SANTA ANA LTDA;AUTO POSTO SANTA ANA LTDA;ALE;RODOVIA DO CAFE, 1871 - CARLOS GERMANO NAUMANN;29705-200;COLATINA;ES;SE;DIESEL, DIESEL S10, GASOLINA, GASOLINA ADITIVADA;6,89 / 6,99 / 6,55 / 6,75;"R$ / litro; R$ / litro; R$ / litro; R$ / litro";Calibragem, Lava-jato, Troca de oleo;;;;
25/06/2026;2026-S26;CONCORRENTE; 04.411.606/0001-70;AUTO POSTO VALAO LTDA;AUTO POSTO VALAO LTDA;BRANCA;RUA JOSE AMARAL, 232 - ELPIDIO VOLPINI;29309-760;CACHOEIRO DE ITAPEMIRIM;ES;SE;DIESEL S10, ETANOL, GASOLINA;6,79 / 4,59 / 7,09;"R$ / litro; R$ / litro; R$ / litro";Conveniencia,Troca de oleo,Borracharia;;;;
25/06/2026;2026-S26;CONCORRENTE; 04.814.652/0001-10;POSTO MOTOCAP LTDA;POSTO MOTOCAP LTDA;VIBRA;PRACA ALMIRANTE BARROSO, 52 - LETRA A - LACE;29703-055;COLATINA;ES;SE;GASOLINA;6,69;R$ / litro;Calibragem, Lava-jato, Conveniencia;;;;
25/06/2026;2026-S26;CONCORRENTE; 07.381.843/0001-24;POSTO DE COMBUSTIVEIS BRUNO LTDA;POSTO DE COMBUSTIVEIS BRUNO LTDA;ALE;RUA FIORAVANTE ROSSI, 738 - SAO BRAZ;29704-700;COLATINA;ES;SE;GASOLINA, GASOLINA ADITIVADA;6,69 / 6,69;"R$ / litro; R$ / litro";Borracharia;;;;
25/06/2026;2026-S26;CONCORRENTE; 08.519.545/0001-10;SAO FRANCISCO DE ASSIS COMERCIO DE COMBUSTIVEIS LTDA;SAO FRANCISCO DE ASSIS COMERCIO DE COMBUSTIVEIS LTDA;VIBRA;PRACA FIDELIS FERRARI, 35 - LACE;29703-030;COLATINA;ES;SE;GASOLINA, GASOLINA ADITIVADA;6,89 / 6,99;"R$ / litro; R$ / litro";Caixa eletronico, Troca de oleo, Conveniencia;;;;
2026-06-25;2026-S26;CONCORRENTE; 08.971.375/0001-00;BRAX COMBUSTIVEIS LTDA.;BRAX COMBUSTIVEIS LTDA;IPIRANGA;RODOVIA CONEGO JOAO GUILHERME, 1516 - MARIO GIURIZATTO;29706-557;COLATINA;ES;SE;DIESEL, DIESEL S10, ETANOL, GASOLINA, GASOLINA ADITIVADA;6,78 / 6,84 / 4,98 / 6,63 / 6,77;"R$ / litro; R$ / litro; R$ / litro; R$ / litro; R$ / litro";Lava-jato / Troca de oleo;;;;
25/06/2026;2026-S26;CONCORRENTE; 09.076.862/0001-72;VALOR POSTOS PRAIA DO MORRO LTDA;VALOR POSTOS PRAIA DO MORRO LTDA;VIBRA;RODOVIA RODOVIA DO SOL, S/ NR - KM    41 - AEROPORTO;29216-705;GUARAPARI;ES;SE;GASOLINA, GASOLINA ADITIVADA;6,79 / 7,39;"R$ / litro; R$ / litro";Caixa eletronico;;;;
25/06/2026;2026-S26;CONCORRENTE; 10.813.831/0001-36;AUTO POSTO E SERVICOS ARACRUZ - COLINA DE BELA VISTA LTDA;AUTO POSTO E SERVICOS ARACRUZ - COLINA DE BELA VISTA LTDA;RAIZEN;AVENIDA CASTELO BRANCO, 14 - QUADRARC 06 -                   LOTEAMENTO COLINA - BELA VISTA;29192-066;ARACRUZ;ES;SE;DIESEL, DIESEL S10, GASOLINA, GASOLINA ADITIVADA;6,99 / 7,09 / 6,69 / 6,99;"R$ / litro; R$ / litro; R$ / litro; R$ / litro";Troca de oleo,Caixa eletronico,Borracharia,Lava-jato;;;;
25/06/2026;2026-S26;PROPRIO;11222333000262;REDE MARE COMBUSTIVEIS LTDA;REDE MARE;BRANCA;RODOVIA DARLY SANTOS, S/N - KM    2 5 - POSTO - POLO EMPRESARIAL NOVO MEXICO;29104-360;VILA VELHA;ES;SE;DIESEL, DIESEL S10, ETANOL, GASOLINA, GASOLINA ADITIVADA, GNV;6,69 / 6,79 / 4,69 / 6,69 / 6,89 / 4,29;"R$/l; R$/l; R$/l; R$/l; R$/l; R$ / m³";Conveniencia, Caixa eletronico, Troca de oleo;Juliana Rocha;(27) 99702-3355;15.010.530/0001-98 / 04.145.589/0011-49 / 10.569.345/0001-14;
25/06/2026;2026-S26;CONCORRENTE; 14.096.313/0001-08;AUTO POSTO GUARAPARI LTDA;AUTO POSTO GUARAPARI LTDA;RAIZEN;AVENIDA GOVERNADOR JONES DOS SANTOS NEVES, 15 - VARZEA NOVA;29211-630;GUARAPARI;ES;SE;DIESEL, ETANOL, GASOLINA, GASOLINA ADITIVADA;7,09 / 5,19 / 6,69 / 7,09;"R$ / litro; R$ / litro; R$ / litro; R$ / litro";Conveniencia;;;;
25/06/2026;2026-S26;CONCORRENTE; 20.246.670/0001-08;POSTO DE COMBUSTIVEIS COLATINA LTDA;POSTO DE COMBUSTIVEIS COLATINA LTDA;BRANCA;RODOVIA DO CAFE, 606 - CARLOS GERMANO NAUMANN;29705-200;COLATINA;ES;SE;DIESEL, DIESEL S10, ETANOL, GASOLINA;6,89 / 6,99 / 4,69 / 6,65;"R$ / litro; R$ / litro; R$ / litro; R$ / litro";Troca de oleo,Calibragem;;;;
25/06/2026;2026-S26;CONCORRENTE; 20.863.591/0001-38;Auto Posto Zampirolo Ltda;AUTO POSTO ZAMPIROLO LTDA;VIBRA;RODOVIA GOVERNADOR LACERDA DE AGUIAR, SN - CORONEL BORGES;29306-095;CACHOEIRO DE ITAPEMIRIM;ES;SE;DIESEL, ETANOL, GASOLINA;6,89 / 5,19 / 6,99;"R$ / litro; R$ / litro; R$ / litro";Calibragem / Troca de oleo / Borracharia / Conveniencia;;;;
25/06/2026;2026-S26;CONCORRENTE; 21.931.941/0001-19;AUTO POSTO INDEPENDENCIA LTDA;AUTO POSTO INDEPENDENCIA LTDA;IPIRANGA;"AVENIDA MAURO MIRANDA MADUREIRA, 1662 - : 1662 A 1720; - CENTRAL PARQUE";29313-162;CACHOEIRO DE ITAPEMIRIM;ES;SE;DIESEL, DIESEL S10, ETANOL, GASOLINA, GASOLINA ADITIVADA;6,69 / 6,79 / 5,05 / 7,26 / 7,56;"R$ / litro; R$ / litro; R$ / litro; R$ / litro; R$ / litro";Lava-jato / Calibragem / Borracharia / Troca de oleo;;;;
25/06/2026;2026-S26;CONCORRENTE; 23.238.396/0001-05;CAPIXABA COMERCIO DE PRODUTOS AUTOMOTIVOS LTDA;CAPIXABA COMERCIO DE PRODUTOS AUTOMOTIVOS LTDA;ATLÂNTICA;RUA PROFESSOR MELCHIADES PEREIRA MARTINS, 15 - CENTRO;29200-480;GUARAPARI;ES;SE;DIESEL S10, ETANOL, GASOLINA, GASOLINA ADITIVADA;7,29 / 5,17 / 6,68 / 6,83;"R$ / litro; R$ / litro; R$ / litro; R$ / litro";Caixa eletronico;;;;
25/06/2026;2026-S26;CONCORRENTE; 27.020.445/0001-90;GUARAVE GUARAPARI VEICULOS LTDA;GUARAVE GUARAPARI VEICULOS LTDA;VIBRA;AVENIDA EWERSON DE ABREU SODRE, 300 - MUQUICABA;29215-010;GUARAPARI;ES;SE;GASOLINA, GASOLINA ADITIVADA;6,79 / 7,39;"R$ / litro; R$ / litro";Calibragem,Conveniencia;;;;
25/06/2026;2026-S26;CONCORRENTE; 27.020.445/0005-13;GUARAVE GUARAPARI VEICULOS LTDA;GUARAVE GUARAPARI VEICULOS LTDA;VIBRA;RODOVIA DO SOL, S/N - MUQUICABA;29215-005;GUARAPARI;ES;SE;GASOLINA, GASOLINA ADITIVADA;6,79 / 7,39;"R$ / litro; R$ / litro";Caixa eletronico,Borracharia;;;;
25/06/2026;2026-S26;CONCORRENTE; 27.085.240/0001-92;POSTO DE GASOLINA SANTO ANTONIO LTDA;POSTO DE GASOLINA SANTO ANTONIO LTDA;ALE;AVENIDA SILVIO AVIDOS, 3251 - SANTO ANTONIO;29704-053;COLATINA;ES;SE;DIESEL, DIESEL S10, GASOLINA, GASOLINA ADITIVADA;6,89 / 6,99 / 6,69 / 6,79;"R$ / litro; R$ / litro; R$ / litro; R$ / litro";"Lava-jato; Calibragem";;;;
25/06/2026;2026-S26;CONCORRENTE; 27.124.023/0001-64;POSTO NOGUEIRA LTDA;POSTO NOGUEIRA LTDA;BRANCA;RUA CORONEL FRANCISCO BRAGA, 2 - 02 A 08 - CENTRO;29300-220;CACHOEIRO DE ITAPEMIRIM;ES;SE;DIESEL, DIESEL S10, GASOLINA;7,39 / 7,49 / 7,45;"R$ / litro; R$ / litro; R$ / litro";Borracharia / Lava-jato;;;;
25/06/2026;2026-S26;CONCORRENTE; 27.179.654/0003-42;ITAPEMIRIM ORGANIZACAO DE PETROLEO LTDA;ITAPEMIRIM ORGANIZACAO DE PETROLEO LTDA;ATLÂNTICA;AVENIDA JONES DOS SANTOS NEVES, 1196 - CAICARA;29310-376;CACHOEIRO DE ITAPEMIRIM;ES;SE;DIESEL, ETANOL, GASOLINA, GASOLINA ADITIVADA, GNV;6,89 / 5,19 / 7,29 / 7,29 / 4,59;"R$ / litro; R$ / litro; R$ / litro; R$ / litro; R$ / m³";Lava-jato,Conveniencia,Caixa eletronico,Troca de oleo;;;;
25/06/2026;2026-S26;CONCORRENTE; 27.316.819/0001-19;BECAR PETROLEO LTDA;BECAR PETROLEO LTDA;RAIZEN;AVENIDA GOVERNADOR JONES DOS SANTOS NEVES, S/N - CONFLUENCIA COM RODOVIA DO SOL - MUQUICABA;29215-002;GUARAPARI;ES;SE;GASOLINA, GASOLINA ADITIVADA;6,79 / 7,09;"R$ / litro; R$ / litro";Lava-jato / Conveniencia;;;;
25/06/2026;2026-S26;CONCORRENTE; 28.505.616/0001-33;SUDESTE  COMERCIO DE COMBUSTIVEIS LTDA;SUDESTE  COMERCIO DE COMBUSTIVEIS LTDA;VIBRA;FAZENDA NASSAU I, S/N - AREA RURAL DE CACHOEIRO DE ITAPEMIRIM;29320-899;CACHOEIRO DE ITAPEMIRIM;ES;SE;DIESEL, DIESEL S10, GASOLINA, GASOLINA ADITIVADA;7,19 / 7,29 / 6,89 / 7,19;"R$ / litro; R$ / litro; R$ / litro; R$ / litro";Borracharia / Troca de oleo;;;;
25/06/2026;2026-S26;CONCORRENTE; 31.284.466/0001-90;POSTO DUAS BARRAS LTDA;POSTO DUAS BARRAS LTDA;RAIZEN;RODOVIA BR -482 CACHOEIRO X ALEGRE, 8 - WALDIR F. DE AMORIM;29313-760;CACHOEIRO DE ITAPEMIRIM;ES;SE;DIESEL, DIESEL S10, ETANOL, GASOLINA, GASOLINA ADITIVADA;6,69 / 6,79 / 5,05 / 7,26 / 7,56;"R$ / litro; R$ / litro; R$ / litro; R$ / litro; R$ / litro";Borracharia;;;;
25/06/2026;2026-S26;CONCORRENTE; 32.248.017/0001-59;AUTO POSTO ALDEIA DA PRAIA LTDA;AUTO POSTO ALDEIA DA PRAIA LTDA;IPIRANGA;AVENIDA PARIS, S/N - PRAIA DO MORRO;29216-570;GUARAPARI;ES;SE;DIESEL S10, ETANOL, GASOLINA, GASOLINA ADITIVADA;7,39 / 5,19 / 6,79 / 7,19;"R$ / litro; R$ / litro; R$ / litro; R$ / litro";"Caixa eletronico; Lava-jato";;;;
25/06/2026;2026-S26;CONCORRENTE; 39.281.274/0001-31;UNIPOSTO DERIVADOS DE PETROLEO LTDA;UNIPOSTO DERIVADOS DE PETROLEO LTDA;VIBRA;RODOVIA ENGENHEIRO FABIANO VIVACQUA, 2114 - ANEXO 2162 - BR 482 - ALVARO TAVARES;29316-258;CACHOEIRO DE ITAPEMIRIM;ES;SE;DIESEL, DIESEL S10, ETANOL, GASOLINA, GASOLINA ADITIVADA, GNV;6,59 / 6,69 / 4,99 / 7,04 / 7,24 / 4,59;"R$ / litro; R$ / litro; R$ / litro; R$ / litro; R$ / litro; R$ / m³";Conveniencia;;;;
25/06/2026;2026-S26;CONCORRENTE; 39.814.835/0001-10;PNEUMAX LTDA;PNEUMAX LTDA;VIBRA;AVENIDA SILVIO AVIDOS, 1358 - SAO SILVANO;29703-100;COLATINA;ES;SE;DIESEL, DIESEL S10, ETANOL, GASOLINA, GASOLINA ADITIVADA;6,89 / 6,99 / 4,99 / 6,69 / 6,79;"R$ / litro; R$ / litro; R$ / litro; R$ / litro; R$ / litro";Conveniencia;;;;
29/06/2026;2026-S27;CONCORRENTE; 01.496.517/0001-86;POSTO PERIM LTDA;POSTO PERIM LTDA;VIBRA;RUA SANTA LEOPOLDINA, 1650 - ITAPARICA;29102-040;VILA VELHA;ES;SE;DIESEL S10, ETANOL, GASOLINA, GASOLINA ADITIVADA;6,99 / 4,89 / 6,69 / 6,89;"R$ / litro; R$ / litro; R$ / litro; R$ / litro";Conveniencia / Borracharia / Caixa eletronico / Calibragem;;;;
2026-06-29;2026-S27;CONCORRENTE; 01.557.127/0001-79;AUTO POSTO ILHA DAS GARCAS;AUTO POSTO ILHA DAS GARCAS LTDA;VIBRA;RUA MARIA DE OLIVEIRA MARES GUIA, 40 - PRAIA DAS GAIVOTAS;29102-567;VILA VELHA;ES;SE;GASOLINA, GASOLINA ADITIVADA;6,49 / 6,89;"R$ / litro; R$ / litro";Borracharia,Caixa eletronico;;;;
29/06/2026;2026-S27;CONCORRENTE; 01.635.041/0002-06;ITAPARICA PETROLEO E COMERCIO LTDA;ITAPARICA PETROLEO E COMERCIO LTDA;RAIZEN;AVENIDA CARLOS LINDENBERG, 1395 - COBI DE CIMA;29117-730;VILA VELHA;ES;SE;DIESEL, ETANOL, GASOLINA, GASOLINA ADITIVADA;6,79 / 4,59 / 6,56 / 6,96;"R$ / litro; R$ / litro; R$ / litro; R$ / litro";"Troca de oleo; Calibragem; Lava-jato; Conveniencia";;;;
29/06/2026;2026-S27;CONCORRENTE; 01.823.633/0001-62;POSTO METROPOLITANO LTDA;POSTO METROPOLITANO LTDA;IPIRANGA;VIA DOIS, 226 - ANEXO QUADRA 03 MODULO 03 - TIMS;29161-373;SERRA;ES;SE;DIESEL, DIESEL S10, ETANOL, GASOLINA, GASOLINA ADITIVADA;6,59 / 6,69 / 4,49 / 6,59 / 6,79;"R$ / litro; R$ / litro; R$ / litro; R$ / litro; R$ / litro";Borracharia,Calibragem;;;;
29/06/2026;2026-S27;CONCORRENTE; 02.567.214/0001-70;POSTO DE COMBUSTIVEL IDEAL LTDA;POSTO DE COMBUSTIVEL IDEAL LTDA;IPIRANGA;AVENIDA VITORIA, 3031 - GURIGICA;29027-080;VITORIA;ES;SE;ETANOL, GASOLINA, GASOLINA ADITIVADA;4,55 / 6,37 / 6,49;"R$ / litro; R$ / litro; R$ / litro";"Conveniencia; Borracharia; Calibragem";;;;
29/06/2026;2026-S27;CONCORRENTE; 02.802.986/0001-49;A S SALES JUNIOR LTDA;A S SALES JUNIOR LTDA;ATLÂNTICA;RUA DAVINO MATOS, S/N - PARQUE AREIA PRETA;29200-615;GUARAPARI;ES;SE;DIESEL S10, ETANOL, GASOLINA, GASOLINA ADITIVADA;7,09 / 5,15 / 6,68 / 6,83;"R$ / litro; R$ / litro; R$ / litro; R$ / litro";Borracharia,Caixa eletronico,Lava-jato;;;;
29/06/2026;2026-S27;CONCORRENTE; 04.145.589/0011-49;ARARA AZUL REDE DE POSTOS LTDA;ARARA AZUL REDE DE POSTOS LTDA;VIBRA;RODOVIA RODOVIA DO SOL, 530 - PRAIA DE ITAPARICA;29102-020;VILA VELHA;ES;SE;DIESEL S10, ETANOL, GASOLINA, GASOLINA ADITIVADA;6,74 / 4,59 / 6,67 / 6,92;"R$ / litro; R$ / litro; R$ / litro; R$ / litro";Lava-jato,Troca de oleo,Borracharia;;;;
29/06/2026;2026-S27;CONCORRENTE; 04.228.463/0001-66;AUTO POSTO MARLIN LTDA;AUTO POSTO MARLIN LTDA;ATLÂNTICA;RUA JUIZ ALEXANDRE MARTINS DE CASTRO FILHO, 285 - SANTA LUCIA;29056-295;VITORIA;ES;SE;DIESEL S10, ETANOL, GASOLINA, GASOLINA ADITIVADA;6,99 / 4,59 / 6,65 / 6,85;"R$ / litro; R$ / litro; R$ / litro; R$ / litro";Caixa eletronico, Troca de oleo;;;;
29/06/2026;2026-S27;CONCORRENTE; 04.960.337/0001-00;RENOVA COMERCIO COMBUSTIVEL E SERVICOS LTDA;RENOVA COMERCIO COMBUSTIVEL E SERVICOS LTDA;BRANCA;AVENIDA LEITAO DA SILVA, 1150 - SANTA LUCIA;29056-184;VITORIA;ES;SE;ETANOL, GASOLINA, GASOLINA ADITIVADA;4,48 / 6,37 / 6,37;"R$ / litro; R$ / litro; R$ / litro";Borracharia, Calibragem;;;;
29/06/2026;2026-S27;CONCORRENTE;07470392000100;POSTO DE COMBUSTIVEIS OTAVIO EIRELI;POSTO DE COMBUSTIVEIS OTAVIO EIRELI;RAIZEN;AVENIDA ABDO SAAD, 833 - JACARAIPE;29173-510;SERRA;ES;SE;DIESEL, ETANOL, GASOLINA, GASOLINA ADITIVADA;6,89 / 4,69 / 6,64 / 6,99;"R$ / litro; R$ / litro; R$ / litro; R$ / litro";Borracharia;;;;
29/06/2026;2026-S27;CONCORRENTE; 07.571.908/0001-02;AUTO POSTO CORAL LTDA;AUTO POSTO CORAL LTDA;VIBRA;AVENIDA NORTE SUL, 259 - N.S.DO ROSARIO DE FATIMA;29176-798;SERRA;ES;SE;GASOLINA, GASOLINA ADITIVADA;6,59 / 6,89;"R$ / litro; R$ / litro";Borracharia / Lava-jato / Conveniencia;;;;
29/06/2026;2026-S27;CONCORRENTE; 08.788.618/0001-70;J. S. PETROLEO E COMERCIO LTDA.;J. S. PETROLEO E COMERCIO LTDA.;RAIZEN;AVENIDA DANTE MICHELINI, 2461 - MATA DA PRAIA;29066-430;VITORIA;ES;SE;ETANOL, GASOLINA, GASOLINA ADITIVADA, GNV;4,99 / 6,69 / 6,99 / 4,29;"R$ / litro; R$ / litro; R$ / litro; R$ / m³";Borracharia / Caixa eletronico / Troca de oleo;;;;
29/06/2026;2026-S27;CONCORRENTE; 09.076.862/0001-72;VALOR POSTOS PRAIA DO MORRO LTDA;VALOR POSTOS PRAIA DO MORRO LTDA;VIBRA;RODOVIA RODOVIA DO SOL, S/ NR - KM    41 - AEROPORTO;29216-705;GUARAPARI;ES;SE;GASOLINA, GASOLINA ADITIVADA;6,79 / 7,39;"R$ / litro; R$ / litro";Caixa eletronico;;;;
29/06/2026;2026-S27;CONCORRENTE; 10.197.775/0001-52;REDE DE POSTOS SAGUI LTDA;REDE DE POSTOS SAGUI LTDA;ATLÂNTICA;RUA EUCLIDES DA CUNHA, 421 - SAO DIOGO I;29163-265;SERRA;ES;SE;DIESEL S10, ETANOL, GASOLINA, GASOLINA ADITIVADA;6,99 / 4,79 / 6,59 / 6,79;"R$ / litro; R$ / litro; R$ / litro; R$ / litro";Caixa eletronico,Conveniencia;;;;
29/06/2026;2026-S27;CONCORRENTE; 14.096.313/0001-08;AUTO POSTO GUARAPARI LTDA;AUTO POSTO GUARAPARI LTDA;RAIZEN;AVENIDA GOVERNADOR JONES DOS SANTOS NEVES, 15 - VARZEA NOVA;29211-630;GUARAPARI;ES;SE;DIESEL, ETANOL, GASOLINA, GASOLINA ADITIVADA;7,09 / 5,19 / 6,69 / 7,09;"R$ / litro; R$ / litro; R$ / litro; R$ / litro";Conveniencia;;;;
29/06/2026;2026-S27;CONCORRENTE; 14.806.977/0001-05;AUTO POSTO SILVARES LTDA;AUTO POSTO SILVARES LTDA;IPIRANGA;AVENIDA   NAIR AZEVEDO SILVA, 430 - ILHA DO PRINCIPE;29020-240;VITORIA;ES;SE;ETANOL, GASOLINA, GASOLINA ADITIVADA;4,79 / 6,69 / 6,89;"R$ / litro; R$ / litro; R$ / litro";Borracharia;;;;
29/06/2026;2026-S27;CONCORRENTE; 15.010.530/0001-98;AUTO POSTO R M LTDA;AUTO POSTO R M LTDA;RAIZEN;"RODOVIA DO SOL, 3701 - LOTE: 11; QUADRA: 64; - PRAIA DE ITAPARICA";29102-023;VILA VELHA;ES;SE;DIESEL S10, ETANOL, GASOLINA, GASOLINA ADITIVADA;6,74 / 4,54 / 6,67 / 7,07;"R$ / litro; R$ / litro; R$ / litro; R$ / litro";Conveniencia;;;;
29/06/2026;2026-S27;CONCORRENTE; 16.577.742/0001-14;AUTO POSTO ESCOLA COMERCIO DE COMBUSTIVEIS, LUBRIFICANTES E SERVICOS LTDA;AUTO POSTO ESCOLA COMERCIO DE COMBUSTIVEIS, LUBRIFICANTES E SERVICOS LTDA;VIBRA;"AVENIDA AMERICO BUAIZ, 1 - : POSTO; - ENSEADA DO SUA";29050-463;VITORIA;ES;SE;GASOLINA, GASOLINA ADITIVADA;6,49 / 6,69;"R$ / litro; R$ / litro";Troca de oleo / Caixa eletronico;;;;
29/06/2026;2026-S27;CONCORRENTE; 17.375.525/0001-04;AUTO POSTO LUCAS - EPP.;AUTO POSTO LUCAS - EPP.;ALE;AVENIDA ROMULO CASTELLO, 791 - LOTES 20 A 23 - CASTELANDIA;29172-620;SERRA;ES;SE;DIESEL S10, ETANOL, GASOLINA, GASOLINA ADITIVADA;6,78 / 4,65 / 6,59 / 6,79;"R$ / litro; R$ / litro; R$ / litro; R$ / litro";Troca de oleo, Calibragem, Borracharia, Caixa eletronico;;;;
29/06/2026;2026-S27;CONCORRENTE; 17.753.176/0001-17;AUTO POSTO BOULEVARD LTDA;AUTO POSTO BOULEVARD LTDA;ALE;"RODOVIA DO SOL, S/N - LOTE: 08 E 09; QUADRA: 59; - PRAIA DE ITAPARICA";29102-020;VILA VELHA;ES;SE;DIESEL S10, ETANOL, GASOLINA, GASOLINA ADITIVADA;6,74 / 4,54 / 6,67 / 7,07;"R$ / litro; R$ / litro; R$ / litro; R$ / litro";Troca de oleo / Conveniencia / Calibragem / Lava-jato;;;;
29/06/2026;2026-S27;CONCORRENTE; 21.246.940/0001-35;AUTO POSTO GASCROMA COMERCIO DE COMBUSTIVEIS, LUBRIFICANTES E SERVICOS LTDA;AUTO POSTO GASCROMA COMERCIO DE COMBUSTIVEIS, LUBRIFICANTES E SERVICOS LTDA;VIBRA;AVENIDA JERONIMO MONTEIRO, 840 - JABURUNA;29100-600;VILA VELHA;ES;SE;GASOLINA, GASOLINA ADITIVADA;6,69 / 6,89;"R$ / litro; R$ / litro";Calibragem,Conveniencia;;;;
29/06/2026;2026-S27;CONCORRENTE; 23.238.396/0001-05;CAPIXABA COMERCIO DE PRODUTOS AUTOMOTIVOS LTDA;CAPIXABA COMERCIO DE PRODUTOS AUTOMOTIVOS LTDA;ATLÂNTICA;RUA PROFESSOR MELCHIADES PEREIRA MARTINS, 15 - CENTRO;29200-480;GUARAPARI;ES;SE;DIESEL S10, ETANOL, GASOLINA, GASOLINA ADITIVADA;7,29 / 5,17 / 6,68 / 6,83;"R$ / litro; R$ / litro; R$ / litro; R$ / litro";Caixa eletronico;;;;
29/06/2026;2026-S27;CONCORRENTE; 26.980.450/0001-81;AUTO POSTO VITORIA COMERCIO DE COMBUSTIVEIS LTDA;AUTO POSTO VITORIA COMERCIO DE COMBUSTIVEIS LTDA;VIBRA;RUA OLYMPIO RODRIGUES PASSOS, 14 - LOJA  01 - JABOUR;29072-290;VITORIA;ES;SE;ETANOL, GASOLINA, GASOLINA ADITIVADA;4,75 / 6,69 / 6,89;"R$ / litro; R$ / litro; R$ / litro";Caixa eletronico;;;;promo fim de semana?
29/06/2026;2026-S27;CONCORRENTE; 27.020.445/0001-90;GUARAVE GUARAPARI VEICULOS;GUARAVE GUARAPARI VEICULOS LTDA;VIBRA;AVENIDA EWERSON DE ABREU SODRE, 300 - MUQUICABA;29215-010;GUARAPARI;ES;SE;GASOLINA, GASOLINA ADITIVADA;6,79 / 7,39;"R$ / litro; R$ / litro";Calibragem / Conveniencia;;;;
29/06/2026;2026-S27;CONCORRENTE; 27.020.445/0005-13;GUARAVE GUARAPARI VEICULOS LTDA;GUARAVE GUARAPARI VEICULOS LTDA;VIBRA;RODOVIA DO SOL, S/N - MUQUICABA;29215-005;GUARAPARI;ES;SE;GASOLINA, GASOLINA ADITIVADA;6,79 / 7,39;"R$ / litro; R$ / litro";"Caixa eletronico; Borracharia";;;;
29/06/2026;2026-S27;CONCORRENTE; 27.066.273/0002-76;POSTO ARVOREDO LTDA;POSTO ARVOREDO LTDA;BRANCA;AVENIDA VITORIA, 1600 - POSTO - ILHA DE SANTA MARIA;29051-040;VITORIA;ES;SE;ETANOL, GASOLINA, GASOLINA ADITIVADA;4,55 / 6,37 / 6,37;"R$ / litro; R$ / litro; R$ / litro";"Lava-jato; Troca de oleo; Borracharia";;;;
29/06/2026;2026-S27;CONCORRENTE; 27.316.819/0001-19;BECAR PETROLEO LTDA;BECAR PETROLEO LTDA;RAIZEN;AVENIDA GOVERNADOR JONES DOS SANTOS NEVES, S/N - CONFLUENCIA COM RODOVIA DO SOL - MUQUICABA;29215-002;GUARAPARI;ES;SE;ETANOL, GASOLINA, GASOLINA ADITIVADA;5,79 / 6,79 / 7,09;"R$ / litro; R$ / litro; R$ / litro";Lava-jato, Conveniencia;;;;
29/06/2026;2026-S27;CONCORRENTE; 27.734.094/0001-89;POSTO ATLANTICO LTDA;POSTO ATLANTICO LTDA;RAIZEN;AVENIDA DANTE MICHELINI, 4655 - POSTO - JARDIM CAMBURI;29090-070;VITORIA;ES;SE;DIESEL S10, ETANOL, GASOLINA, GASOLINA ADITIVADA;6,79 / 4,99 / 6,69 / 7,04;"R$ / litro; R$ / litro; R$ / litro; R$ / litro";"Borracharia; Calibragem";;;;
29/06/2026;2026-S27;CONCORRENTE; 28.413.219/0001-31;COMERCIAL NORTE SUL LTDA;COMERCIAL NORTE SUL LTDA;VIBRA;AVENIDA MARUIPE, 2757 - SANTA LUIZA;29045-230;VITORIA;ES;SE;GASOLINA, GASOLINA ADITIVADA;6,65 / 6,95;"R$ / litro; R$ / litro";Lava-jato;;;;
29/06/2026;2026-S27;CONCORRENTE; 28.761.038/0001-04;AUTO POSTO PORTO LTDA;AUTO POSTO PORTO LTDA;VIBRA;AVENIDA PRESIDENTE FLORENTINO AVIDOS, 190 - PARQUE MOSCOSO;29018-190;VITORIA;ES;SE;ETANOL, GASOLINA, GASOLINA ADITIVADA;4,59 / 6,37 / 6,57;"R$ / litro; R$ / litro; R$ / litro";Lava-jato;;;;
29/06/2026;2026-S27;CONCORRENTE; 29.326.587/0001-05;AUTO POSTO PRAIA DE CAMBURI LTDA;AUTO POSTO PRAIA DE CAMBURI LTDA;VIBRA;AVENIDA DANTE MICHELINI, 1187 - JARDIM DA PENHA;29060-235;VITORIA;ES;SE;GASOLINA, GASOLINA ADITIVADA, GNV;6,69 / 6,69 / 4,29;"R$ / litro; R$ / litro; R$ / m³";"Caixa eletronico; Troca de oleo; Borracharia; Conveniencia";;;;
29/06/2026;2026-S27;CONCORRENTE; 32.248.017/0001-59;AUTO POSTO ALDEIA DA PRAIA LTDA;AUTO POSTO ALDEIA DA PRAIA LTDA;IPIRANGA;AVENIDA PARIS, S/N - PRAIA DO MORRO;29216-570;GUARAPARI;ES;SE;DIESEL S10, ETANOL, GASOLINA, GASOLINA ADITIVADA;7,39 / 5,19 / 6,79 / 7,19;"R$ / litro; R$ / litro; R$ / litro; R$ / litro";"Caixa eletronico; Lava-jato";;;;
30/06/2026;2026-S27;CONCORRENTE;01283262000173;POSTO CARIOQUINHA LTDA;POSTO CARIOQUINHA LTDA;BRANCA;AVENIDA FRANCISCO MARDEGAN, 90 - BOA VISTA;29315-477;CACHOEIRO DE ITAPEMIRIM;ES;SE;DIESEL, ETANOL, GASOLINA;6,75 / 4,89 / 7,16;"R$ / litro; R$ / litro; R$ / litro";Caixa eletronico;;;;
30/06/2026;2026-S27;CONCORRENTE; 01.503.536/0001-92;POSTO MARCELA LTDA;POSTO MARCELA LTDA;VIBRA;RUA DO PESSEGUEIRO, S/N - DIVINO ESPÍRITO SANTO;29107-230;VILA VELHA;ES;SE;DIESEL S10, GASOLINA, GASOLINA ADITIVADA;6,79 / 6,56 / 6,76;"R$ / litro; R$ / litro; R$ / litro";Caixa eletronico / Borracharia;;;;
30/06/2026;2026-S27;CONCORRENTE; 02.583.872/0001-55;SANTA CLARA COMERCIO DE COMBUSTIVEIS LTDA;SANTA CLARA COMERCIO DE COMBUSTIVEIS LTDA;VIBRA;"RODOVIA ENGENHEIRO FABIANO VIVACQUA, 1414 - : A 1452; - MORRO GRANDE";29318-400;CACHOEIRO DE ITAPEMIRIM;ES;SE;DIESEL, DIESEL S10, ETANOL, GASOLINA, GASOLINA ADITIVADA;6,49 / 6,69 / 4,89 / 7,19 / 7,39;"R$ / litro; R$ / litro; R$ / litro; R$ / litro; R$ / litro";Caixa eletronico,Lava-jato,Conveniencia;;;;
30/06/2026;2026-S27;CONCORRENTE; 02.665.124/0001-11;AUTO POSTO SENNA LTDA.;AUTO POSTO SENNA LTDA.;RAIZEN;AVENIDA FRANCISCO LACERDA DE AGUIAR, 350 - GILBERTO MACHADO;29303-384;CACHOEIRO DE ITAPEMIRIM;ES;SE;DIESEL S10, ETANOL, GASOLINA, GASOLINA ADITIVADA;7,39 / 5,39 / 7,30 / 7,60;"R$ / litro; R$ / litro; R$ / litro; R$ / litro";Caixa eletronico, Conveniencia, Calibragem, Borracharia;;;;
30/06/2026;2026-S27;CONCORRENTE; 03.408.609/0001-92;POSTO FREEWAY LTDA;POSTO FREEWAY LTDA;IPIRANGA;AVENIDA FRANCISCO MARDEGAN, 535 - MARBRASA;29313-690;CACHOEIRO DE ITAPEMIRIM;ES;SE;DIESEL, DIESEL S10, ETANOL, GASOLINA, GASOLINA ADITIVADA;6,65 / 6,79 / 4,71 / 7,25 / 7,37;"R$ / litro; R$ / litro; R$ / litro; R$ / litro; R$ / litro";Conveniencia, Calibragem;;;;
30/06/2026;2026-S27;CONCORRENTE; 04.145.589/0014-91;ARARA AZUL REDE DE POSTOS LTDA;ARARA AZUL REDE DE POSTOS LTDA;VIBRA;RODOVIA GOVERNADOR MARIO COVAS, 5445 - KM    264 - PLANALTO DE CARAPINA;29162-703;SERRA;ES;SE;DIESEL S10, ETANOL, GASOLINA, GASOLINA ADITIVADA, GNV;6,89 / 4,99 / 6,64 / 6,89 / 4,29;"R$ / litro; R$ / litro; R$ / litro; R$ / litro; R$ / m³";Caixa eletronico;;;;
30/06/2026;2026-S27;CONCORRENTE; 04.361.389/0001-51;AUTO POSTO WAVE LTDA;AUTO POSTO WAVE LTDA;ALE;AVENIDA TALMA RODRIGUES RIBEIRO, 5416 A - PORTAL DE JACARAIPE;29173-795;SERRA;ES;SE;DIESEL, DIESEL S10, ETANOL, GASOLINA;6,78 / 6,88 / 4,69 / 6,64;"R$ / litro; R$ / litro; R$ / litro; R$ / litro";Calibragem / Borracharia;;;;
30/06/2026;2026-S27;CONCORRENTE; 04.361.389/0002-32;AUTO POSTO WAVE LTDA;AUTO POSTO WAVE LTDA;ALE;AVENIDA MARTIN PESCADOR, 12 - PORTO CANOA;29168-460;SERRA;ES;SE;DIESEL S10, ETANOL, GASOLINA, GASOLINA ADITIVADA;6,99 / 4,85 / 6,64 / 6,84;"R$ / litro; R$ / litro; R$ / litro; R$ / litro";Borracharia,Caixa eletronico,Troca de oleo;;;;
30/06/2026;2026-S27;CONCORRENTE; 04.411.606/0001-70;AUTO POSTO VALAO LTDA;AUTO POSTO VALAO LTDA;BRANCA;RUA JOSE AMARAL, 232 - ELPIDIO VOLPINI;29309-760;CACHOEIRO DE ITAPEMIRIM;ES;SE;DIESEL S10, ETANOL, GASOLINA;6,79 / 4,59 / 7,09;"R$ / litro; R$ / litro; R$ / litro";Conveniencia / Troca de oleo / Borracharia;;;;
30/06/2026;2026-S27;CONCORRENTE; 04.850.382/0001-01;POSTO ARIBIRI DO GAS LTDA;POSTO ARIBIRI DO GAS LTDA;VIBRA;AVENIDA CARLOS LINDEMBERG, 1944 - SANTA INEZ;29108-075;VILA VELHA;ES;SE;GASOLINA, GASOLINA ADITIVADA, GNV;6,49 / 6,69 / 4,29;"R$ / litro; R$ / litro; R$ / m³";Caixa eletronico,Lava-jato;;;;
30/06/2026;2026-S27;CONCORRENTE; 04.994.796/0001-04;POSTO SB LTDA;POSTO SB LTDA;VIBRA;AVENIDA BRASILIA, 1360 - PLANICIE DA SERRA;29168-710;SERRA;ES;SE;GASOLINA, GASOLINA ADITIVADA;6,39 / 6,54;"R$ / litro; R$ / litro";"Borracharia; Calibragem; Troca de oleo; Caixa eletronico";;;;
30/06/2026;2026-S27;CONCORRENTE; 04.994.796/0001-04;POSTO SB LTDA;POSTO SB LTDA;VIBRA;AVENIDA BRASILIA, 1360 - PLANICIE DA SERRA;29168-710;SERRA;ES;SE;GASOLINA, GASOLINA ADITIVADA;6,39 / 6,54;"R$ / litro; R$ / litro";"Borracharia; Calibragem; Troca de oleo; Caixa eletronico";;;;
30/06/2026;2026-S27;CONCORRENTE; 05.393.247/0001-39;POSTO CANOA DERIVADOS DE PETROLEO LTDA.;POSTO CANOA DERIVADOS DE PETROLEO LTDA;ALE;AVENIDA BRASILIA, 575 - PORTO CANOA;29168-600;SERRA;ES;SE;DIESEL S10, ETANOL, GASOLINA, GASOLINA ADITIVADA;6,99 / 4,85 / 6,64 / 6,64;"R$ / litro; R$ / litro; R$ / litro; R$ / litro";Borracharia, Caixa eletronico, Calibragem;;;;
30/06/2026;2026-S27;CONCORRENTE; 05.738.923/0001-69;Gegel Auto Posto Ltda;GEGEL AUTO POSTO LTDA;RAIZEN;AVENIDA CENTRAL B, S/N - QUADRAEC VII - CIVIT II;29168-071;Serra ;ES;SE;DIESEL, ETANOL, GASOLINA, GASOLINA ADITIVADA;6,89 / 4,69 / 6,64 / 7,14;"R$ / litro; R$ / litro; R$ / litro; R$ / litro";"Conveniencia; Borracharia; Caixa eletronico; Calibragem";;;;
30/06/2026;2026-S27;CONCORRENTE; 07.830.414/0001-97;REVENDA DE COMBUSTIVEIS BKR LTDA;REVENDA DE COMBUSTIVEIS BKR LTDA;RAIZEN;RODOVIA GOVERNADOR MARIO COVAS, 122 - BARCELONA;29166-095;SERRA;ES;SE;DIESEL, ETANOL, GASOLINA, GASOLINA ADITIVADA;6,69 / 4,99 / 6,94 / 6,94;"R$ / litro; R$ / litro; R$ / litro; R$ / litro";Calibragem, Troca de oleo, Borracharia;;;;
30/06/2026;2026-S27;CONCORRENTE; 08.022.304/0001-61;AUTO POSTO DE COMBUSTIVEL RTT LTDA;AUTO POSTO DE COMBUSTIVEL RTT LTDA;IPIRANGA;RUA MOEMA, 38 - DIVINO ESPIRITO SANTO;29107-250;VILA VELHA;ES;SE;DIESEL S10, ETANOL, GASOLINA, GASOLINA ADITIVADA;6,99 / 4,99 / 6,54 / 6,84;"R$/l; R$/l; R$/l; R$/l";Borracharia;;;;
30/06/2026;2026-S27;CONCORRENTE; 09.167.931/0001-53;POSTO CHAMPAGNAT LTDA;POSTO CHAMPAGNAT LTDA;IPIRANGA;RUA HUGO MUSSO, 550 - PRAIA DA COSTA;29101-280;VILA VELHA;ES;SE;DIESEL S10, ETANOL, GASOLINA, GASOLINA ADITIVADA;6,99 / 4,99 / 6,69 / 6,89;"R$ / litro; R$ / litro; R$ / litro; R$ / litro";Calibragem, Conveniencia, Caixa eletronico;;;;
30/06/2026;2026-S27;CONCORRENTE; 10.569.345/0001-14;POSTO CRISTOVAO COLOMBO LTDA;POSTO CRISTOVAO COLOMBO LTDA;VIBRA;RUA CRISTOVAO COLOMBO, 582 - CRISTOVAO COLOMBO;29106-595;VILA VELHA;ES;SE;GASOLINA, GASOLINA ADITIVADA;6,59 / 6,86;"R$ / litro; R$ / litro";Caixa eletronico,Troca de oleo,Lava-jato,Calibragem;;;;
30/06/2026;2026-S27;PROPRIO; 11.222.333/0001-81;REDE MARE COMBUSTIVEIS LTDA;REDE MARE;BRANCA;AVENIDA MARIO GURGEL, 1092 - ITAQUARI;29151-570;CARIACICA;ES;SE;DIESEL, DIESEL S10, ETANOL, GASOLINA, GASOLINA ADITIVADA, GNV;6,76 / 6,82 / 4,87 / 6,69 / 6,69 / 4,29;"R$ / litro; R$ / litro; R$ / litro; R$ / litro; R$ / litro; R$ / m³";Conveniencia,Troca de oleo,Caixa eletronico,Borracharia;Fernanda Castro;(27) 99720-4488;"00.580.488/0001-73; 13.814.642/0001-76; 15.226.314/0001-84";
30/06/2026;2026-S27;CONCORRENTE; 12.535.572/0001-54;AUTO POSTO MORADA LTDA;AUTO POSTO MORADA LTDA;IPIRANGA;AVENIDA PAULO PEREIRA GOMES, S/N - LOTE  03C                 QUADRAUE IV               SETOR II - MORADA DE LARANJEIRAS;29166-828;SERRA;ES;SE;DIESEL S10, ETANOL, GASOLINA, GASOLINA ADITIVADA;6,79 / 4,79 / 6,59 / 6,89;"R$ / litro; R$ / litro; R$ / litro; R$ / litro";"Borracharia; Calibragem; Troca de oleo";;;;
30/06/2026;2026-S27;CONCORRENTE; 13.814.642/0001-76;POSTO BR 31 AUTO SERVICOS LTDA;POSTO BR 31 AUTO SERVICOS LTDA;RAIZEN;AVENIDA MARIO GURGEL, 2844 - ALTO LAJE;29151-026;CARIACICA;ES;SE;DIESEL S10, ETANOL, GASOLINA, GASOLINA ADITIVADA;6,89 / 4,59 / 6,67 / 7,07;"R$ / litro; R$ / litro; R$ / litro; R$ / litro";Troca de oleo,Calibragem,Caixa eletronico,Conveniencia;;;;
30/06/2026;2026-S27;CONCORRENTE; 20.863.591/0001-38;AUTO POSTO ZAMPIROLO LTDA;AUTO POSTO ZAMPIROLO LTDA;VIBRA;RODOVIA GOVERNADOR LACERDA DE AGUIAR, SN - CORONEL BORGES;29306-095;CACHOEIRO DE ITAPEMIRIM;ES;SE;DIESEL, DIESEL S10, ETANOL, GASOLINA, GASOLINA ADITIVADA;6,79 / 6,89 / 5,19 / 6,99 / 7,14;"R$ / litro; R$ / litro; R$ / litro; R$ / litro; R$ / litro";Calibragem, Troca de oleo, Borracharia, Conveniencia;;;;
30/06/2026;2026-S27;CONCORRENTE; 21.931.941/0001-19;AUTO POSTO INDEPENDENCIA LTDA;AUTO POSTO INDEPENDENCIA LTDA;IPIRANGA;"AVENIDA MAURO MIRANDA MADUREIRA, 1662 - : 1662 A 1720; - CENTRAL PARQUE";29313-162;CACHOEIRO DE ITAPEMIRIM;ES;SE;DIESEL, DIESEL S10, ETANOL, GASOLINA, GASOLINA ADITIVADA;6,49 / 6,69 / 4,99 / 7,26 / 7,56;"R$ / litro; R$ / litro; R$ / litro; R$ / litro; R$ / litro";Lava-jato / Calibragem / Borracharia / Troca de oleo;;;;
30/06/2026;2026-S27;CONCORRENTE; 22.356.015/0001-20;CENTRAL COMERCIO DE COMBUSTIVEIS;CENTRAL COMERCIO DE COMBUSTIVEIS LTDA;IPIRANGA;"AVENIDA ELDES SCHERRER SOUZA, 2100 - : POSTO; - CIVIT II";29168-060;SERRA;ES;SE;DIESEL, DIESEL S10, ETANOL, GASOLINA, GASOLINA ADITIVADA, GNV;6,79 / 6,89 / 4,69 / 6,65 / 6,85 / 4,29;"R$ / litro; R$ / litro; R$ / litro; R$ / litro; R$ / litro; R$ / m³";"Troca de oleo; Borracharia; Lava-jato; Conveniencia";;;;
30/06/2026;2026-S27;CONCORRENTE; 23.314.250/0001-00;COMERCIO DE COMBUSTIVEIS LINDENBERG LTDA;COMERCIO DE COMBUSTIVEIS LINDENBERG LTDA;BRANCA;AVENIDA CARLOS LINDENBERG, 5718 - LOTE  2. 3. 14 E 15       QUADRAD - SANTA INES;29108-075;VILA VELHA;ES;SE;DIESEL S10, ETANOL, GASOLINA;6,59 / 4,45 / 6,49;"R$ / litro; R$ / litro; R$ / litro";"Conveniencia; Borracharia; Calibragem";;;;
30/06/2026;2026-S27;CONCORRENTE; 27.124.023/0001-64;POSTO NOGUEIRA LTDA;POSTO NOGUEIRA LTDA;BRANCA;RUA CORONEL FRANCISCO BRAGA, 2 - 02 A 08 - CENTRO;29300-220;CACHOEIRO DE ITAPEMIRIM;ES;SE;DIESEL, DIESEL S10, GASOLINA;7,39 / 7,49 / 7,25;"R$ / litro; R$ / litro; R$ / litro";"Borracharia; Lava-jato";;;;
30/06/2026;2026-S27;CONCORRENTE; 27.179.654/0003-42;ITAPEMIRIM ORGANIZACAO DE PETROLEO LTDA;ITAPEMIRIM ORGANIZACAO DE PETROLEO LTDA;ATLÂNTICA;AVENIDA JONES DOS SANTOS NEVES, 1196 - CAICARA;29310-376;CACHOEIRO DE ITAPEMIRIM;ES;SE;DIESEL, ETANOL, GASOLINA, GASOLINA ADITIVADA, GNV;6,89 / 4,89 / 7,19 / 7,19 / 4,59;"R$ / litro; R$ / litro; R$ / litro; R$ / litro; R$ / m³";"Lava-jato; Conveniencia; Caixa eletronico; Troca de oleo";;;;
30/06/2026;2026-S27;CONCORRENTE; 28.505.616/0001-33;SUDESTE  COMERCIO DE COMBUSTIVEIS LTDA;SUDESTE  COMERCIO DE COMBUSTIVEIS LTDA;VIBRA;FAZENDA NASSAU I, S/N - AREA RURAL DE CACHOEIRO DE ITAPEMIRIM;29320-899;CACHOEIRO DE ITAPEMIRIM;ES;SE;DIESEL, DIESEL S10, GASOLINA, GASOLINA ADITIVADA;7,09 / 7,29 / 6,89 / 7,19;"R$ / litro; R$ / litro; R$ / litro; R$ / litro";Borracharia, Troca de oleo;;;;
30/06/2026;2026-S27;CONCORRENTE; 30.690.682/0001-72;MACPLAN AUTO POSTO SAO MATEUS LTDA;MACPLAN AUTO POSTO SAO MATEUS LTDA;IPIRANGA;RUA HUMBERTO CONDE RIOS, 39 - SERNAMBY;29930-580;SAO MATEUS;ES;SE;DIESEL S10, ETANOL, GASOLINA, GASOLINA ADITIVADA;6,99 / 5,49 / 6,79 / 6,99;"R$ / litro; R$ / litro; R$ / litro; R$ / litro";"Troca de oleo; Calibragem";;;;
30/06/2026;2026-S27;CONCORRENTE;31284466000190;POSTO DUAS BARRAS LTDA;POSTO DUAS BARRAS LTDA;RAIZEN;RODOVIA BR -482 CACHOEIRO X ALEGRE, 8 - WALDIR F. DE AMORIM;29313-760;CACHOEIRO DE ITAPEMIRIM;ES;SE;DIESEL, DIESEL S10, ETANOL, GASOLINA, GASOLINA ADITIVADA;6,69 / 6,79 / 4,89 / 7,19 / 7,49;"R$ / litro; R$ / litro; R$ / litro; R$ / litro; R$ / litro";Borracharia;;;;
30/06/2026;2026-S27;CONCORRENTE; 39.281.274/0001-31;UNIPOSTO DERIVADOS DE PETROLEO LTDA;UNIPOSTO DERIVADOS DE PETROLEO LTDA;VIBRA;RODOVIA ENGENHEIRO FABIANO VIVACQUA, 2114 - ANEXO 2162 - BR 482 - ALVARO TAVARES;29316-258;CACHOEIRO DE ITAPEMIRIM;ES;SE;DIESEL, DIESEL S10, ETANOL, GASOLINA, GASOLINA ADITIVADA, GNV;6,59 / 6,69 / 4,99 / 7,04 / 7,24 / 4,59;"R$/l; R$/l; R$/l; R$/l; R$/l; R$ / m³";Conveniencia;;;;
30/06/2026;2026-S27;CONCORRENTE;47674687000104;POSTO ATUAL SAO MATEUS LTDA;POSTO ATUAL SAO MATEUS LTDA;ATLÂNTICA;RUA MONSENHOR GUILHERME SCHIMITZ, 363 - SERNAMBY;29930-660;SAO MATEUS;ES;SE;DIESEL S10, ETANOL, GASOLINA;6,69 / 4,59 / 6,63;"R$ / litro; R$ / litro; R$ / litro";Calibragem / Caixa eletronico;;;;
